time,E1C1,E1C2,E1C3,E1C4,E1C5,E1C6,E1C7,E1C8
0.0,-0.09278872338163253,-0.015537888212463047,-0.015569078680497133,-0.015579327604985215,-0.005586245193196324,-0.005779493477530882,-0.005810414030577178,-0.0026939825280028174
2.000080003200128e-06,-0.09278754842326506,-0.01553766746819499,-0.015568858981700068,-0.015579106418074756,-0.005586147281106038,-0.00577939894926532,-0.005810318437888374,-0.0026939319302288476
4.000160006400256e-06,-0.09279193108505786,-0.015538438122138851,-0.015569626971071464,-0.015579878491949806,-0.0055864588818300654,-0.005779705398322486,-0.005810627965264964,-0.002694084569132295
6.000240009600385e-06,-0.09279068314092673,-0.01553820486569912,-0.015569394796920846,-0.015579644770627565,-0.005586356107770085,-0.005779606048237579,-0.005810527504945995,-0.0026940316496463844
8.000320012800513e-06,-0.09279499276444313,-0.015538962998463687,-0.015570150301959055,-0.015580404301067451,-0.0055866628430159895,-0.005779907672001018,-0.00581083216118423,-0.0026941819651633706
1.000040001600064e-05,-0.09279367173074321,-0.015538717212046292,-0.015569905634704196,-0.01558015802749629,-0.0055865552000509315,-0.005779803493228717,-0.005810726826300264,-0.0026941267206553694
1.200048001920077e-05,-0.09279790821462043,-0.015539462806244358,-0.015570648638076107,-0.015580904997083398,-0.005586857063046428,-0.0057801002849919595,-0.005811026604628451,-0.002694274709553597
1.4000560022400898e-05,-0.09279651399243283,-0.015539204472881294,-0.015570391460801851,-0.015580646154265616,-0.005586744544567303,-0.005779991270987496,-0.0058109163885710045,-0.002694217136869142
1.6000640025601025e-05,-0.09280067724019679,-0.015539937511964304,-0.015571121946010343,-0.015581380546422458,-0.005587041528866757,-0.0057802832243675035,-0.005811211282544018,-0.0026943627960722178
1.8000720028801153e-05,-0.0927992097354964,-0.015539666615527066,-0.015570852242638343,-0.015581109118201422,-0.005586924128591563,-0.00578016936890989,-0.005811096179031615,-0.002694302892213019
2.000080003200128e-05,-0.09280329965557316,-0.015540387083786952,-0.015571570194024257,-0.015581830917192476,-0.005587216228076752,-0.005780456477847875,-0.005811386182531725,-0.002694446218800809
2.200088003520141e-05,-0.09280175877923615,-0.01554010360898779,-0.01557128794931432,-0.015581546888253651,-0.005587093940050938,-0.005780337775040408,-0.005811266185610287,-0.002694383980924849
2.400096003840154e-05,-0.09280577528495526,-0.015540811491557642,-0.015571993352056999,-0.015582256079186016,-0.0055873811489312196,-0.005780620033801984,-0.0058115512928473044,-0.0026945249721335813
2.6001040041601667e-05,-0.09280416095276821,-0.015540515423951087,-0.01557169855160856,-0.01558195943505868,-0.005587253967528307,-0.005780496478072835,-0.005811426396890816,-0.002694460397555439
2.8001120044801795e-05,-0.09280810396237317,-0.015541210706806852,-0.015572391391727542,-0.015582656003883776,-0.005587536280341371,-0.005780773881248735,-0.005811706602402872,-0.0026945990507780395
3.0001200048001923e-05,-0.09280641609503873,-0.015540902032790684,-0.015572084021980768,-0.015582346730941948,-0.0055874042002633335,-0.0057806454673513495,-0.0058115768021137345,-0.0026945321369690567
3.200128005120205e-05,-0.09281028553169397,-0.01554158470275245,-0.015572764286337177,-0.015583030664456878,-0.005587681611875637,-0.005780918009857907,-0.005811852100767687,-0.00269466844975536
3.400136005440218e-05,-0.09280852405483783,-0.015541263409568986,-0.015572444334574036,-0.01558270874992055,-0.005587544628153371,-0.005780784732871462,-0.005811717391177213,-0.002694599194343874
3.6001440057602306e-05,-0.09281231984663263,-0.015541933454301646,-0.015573112010871111,-0.015583380035768538,-0.0055878171337603874,-0.005781052409950834,-0.0058119877781689575,-0.0026947331644007763
3.800152006080244e-05,-0.0928104846908108,-0.015541599530038848,-0.015572779465216595,-0.015583045467704877,-0.005587675241754227,-0.005780914265280702,-0.005811848154637801,-0.0026946615651723222
4.000160006400256e-05,-0.09281420677076845,-0.015542256938053592,-0.015573434542001328,-0.015583704094377085,-0.005587942836881104,-0.005781177072501499,-0.005812113625492845,-0.002694793190364043
4.200168006720269e-05,-0.09281229787147272,-0.01554191037164609,-0.015573089391424497,-0.015583356861701364,-0.005587796032281079,-0.005781034055879612,-0.0058119690837114355,-0.002694719245261569
4.400176007040282e-05,-0.0928159461775542,-0.01554255513230112,-0.01557373185808813,-0.015584002818537397,-0.005588058712782872,-0.005781291989137145,-0.005812229634285142,-0.0026948485236097932
4.600184007360295e-05,-0.09281396347521634,-0.015542195913530961,-0.01557337409240286,-0.015583642911013787,-0.0055879069916091135,-0.0057811440966222885,-0.0058120801702739285,-0.0026947722307337626
4.800192007680308e-05,-0.09281753795032661,-0.01554282801703257,-0.015574003939182153,-0.015584276188202786,-0.005588164753671162,-0.005781397152138979,-0.0058123357967519735,-0.0026948991604178203
5.0002000080003204e-05,-0.09281548139032526,-0.015542456136530294,-0.015573633549048125,-0.015583903596445481,-0.005588008112274292,-0.005781244380117233,-0.005812181406861861,-0.0026948205180264495
5.2002080083203335e-05,-0.09281898198231806,-0.015543075573933566,-0.015574250767026029,-0.015584524185026899,-0.005588260952412621,-0.005781492554442917,-0.005812432105760527,-0.0026949450973834887
5.400216008640346e-05,-0.0928168515149831,-0.015542691023179074,-0.015573867743949633,-0.015584138900500881,-0.0055880993874740876,-0.005781334899627946,-0.005812272786673229,-0.002694864103892883
5.600224008960359e-05,-0.09282027817666473,-0.015543297786388703,-0.015574472325055993,-0.01558474679236527,-0.005588347302535549,-0.0057815781896401386,-0.005812518554839648,-0.002694986331417966
5.8002320092803715e-05,-0.09281807375727998,-0.015542900557711683,-0.015574076661390782,-0.015584348807386792,-0.005588180811067764,-0.005781415649073396,-0.005812354303567825,-0.0026949029854022033
6.0002400096003846e-05,-3.114950397131335,-0.5545101201724715,-0.5525270571085326,-0.5555638024317003,-0.22813443857582621,-0.22370565613257815,-0.22598702185072603,-0.1131175132833872
6.200248009920397e-05,-3.114948118720145,-0.5545097102590524,-0.5525266487974803,-0.5555633917394379,-0.228134267155173,-0.22370548870362922,-0.22598685266461374,-0.11311742758357855
6.40025601024041e-05,-3.114951397399454,-0.5545102916529904,-0.5525272280840242,-0.5555639742169475,-0.22813450521194634,-0.22370572221695909,-0.22598708856318192,-0.11311754510355732
6.600264010560423e-05,-3.1149490449616617,-0.5545098690488607,-0.5525268071196348,-0.5555635508114223,-0.22813432885978294,-0.22370554989732588,-0.22598691443990457,-0.11311745704884618
6.800272010880436e-05,-3.1149522495988347,-0.5545104377494233,-0.552527373750185,-0.5555641205729993,-0.22813456198400817,-0.22370577851894352,-0.2259871454002698,-0.11311757221342704
7.000280011200448e-05,-3.114949823104612,-0.554510002449466,-0.5525269401273575,-0.5555636844490852,-0.22813438069834155,-0.22370560130665232,-0.22598696633783458,-0.11311748180286219
7.200288011520461e-05,-3.1149529536723017,-0.5545105584519622,-0.5525274940972376,-0.5555642414900309,-0.2281346088881915,-0.22370582503474842,-0.22598719235816997,-0.11311759461117318
7.400296011840474e-05,-3.114950453096788,-0.5545101104519131,-0.552527047811721,-0.5555637926434563,-0.2281344226673607,-0.22370564292815448,-0.22598700835491597,-0.11311750184396187
7.600304012160487e-05,-3.1149535095726195,-0.5545106537525049,-0.5525275891171052,-0.5555643369599256,-0.2281346459213406,-0.22370586176124868,-0.22598722943372673,-0.11311761229528942
7.800312012480499e-05,-3.1149509348959215,-0.5545101930489515,-0.5525271301654976,-0.5555638753872725,-0.22813445476401664,-0.22370567475903572,-0.22598704048832505,-0.11311751717079732
8.000320012800512e-05,-3.1149539172624876,-0.5545107236446527,-0.5525276588034087,-0.5555644069762741,-0.2281346730809632,-0.22370588869597616,-0.22598725662444816,-0.11311762526458632
8.200328013120525e-05,-3.1149512684696843,-0.5545102502350356,-0.5525271871831586,-0.555563932674978,-0.228134476986149,-0.22370569679715702,-0.2259870627359019,-0.11311752778233759
8.400336013440539e-05,-3.114954176714551,-0.5545107681237138,-0.5525277031514708,-0.5555644515343757,-0.22813469036523168,-0.22370590583712116,-0.22598727392850673,-0.11311763351819161
8.600344013760552e-05,-3.1149514537956957,-0.5545102820063271,-0.5525272188608776,-0.5555639645027276,-0.22813448933226288,-0.22370570904103773,-0.22598707509615146,-0.11311753367786913
8.800352014080563e-05,-3.114954287911401,-0.5545107871867017,-0.5525277221583149,-0.555564470631239,-0.2281346977729831,-0.22370591318353186,-0.22598728134473955,-0.11311763705555018
9.000360014400577e-05,-3.1149514908615203,-0.5545102883606919,-0.5525272251965279,-0.5555639708683844,-0.22813449180152717,-0.22370571148985502,-0.225987077568243,-0.11311753485699524
9.20036801472059e-05,-3.1149542508455763,-0.5545107808323367,-0.5525277158226648,-0.5555644642655824,-0.2281346953037188,-0.22370591073471457,-0.22598727887264813,-0.11311763587642407
9.400376015040603e-05,-3.1149513796646686,-0.5545102692977038,-0.5525272061896837,-0.555563951771521,-0.22813448439377568,-0.22370570414344423,-0.22598707015201,-0.11311753131963664
9.600384015360616e-05,-3.114954065519565,-0.5545107490610456,-0.5525276841449458,-0.5555644324378326,-0.22813468295760495,-0.22370589849083383,-0.2259872665123985,-0.11311762998089256
9.800392015680628e-05,-3.114951120212607,-0.5545102248186429,-0.5525271618416217,-0.5555639072134195,-0.22813446710950733,-0.22370568700229934,-0.22598705284795156,-0.1131175230660314
0.00010000400016000641,-3.1149537319458034,-0.5545106918749615,-0.5525276271272846,-0.5555643751501271,-0.2281346607354726,-0.2237058764527126,-0.22598724426482172,-0.11311761936935226
0.00010200408016320654,-3.1149507125227394,-0.554510154926495,-0.5525270921553179,-0.555563837197071,-0.22813443994988472,-0.2237056600675718,-0.22598702565723017,-0.11311751009673449
0.00010400416016640667,-3.11495325014667,-0.5545106092779231,-0.5525275447735083,-0.5555642924063111,-0.22813462863881676,-0.22370584462183135,-0.22598721213141265,-0.11311760404251685
0.00010600424016960679,-3.1149501566224225,-0.5545100596259525,-0.5525269971354507,-0.5555637417271763,-0.22813440291673567,-0.22370562334107166,-0.22598698858167346,-0.11311749241261827
0.00010800432017280692,-3.1149526201544933,-0.554510501275476,-0.5525274370891445,-0.55556418421194,-0.2281345866697975,-0.2237058030003292,-0.2259871701143312,-0.11311758400141715
0.00011000440017600705,-3.114949452548954,-0.5545099389234136,-0.552526876788398,-0.5555636208101447,-0.22813435601255225,-0.2237055768252667,-0.22598694162377325,-0.11311747001487216
0.00011200448017920718,-3.1149518420115423,-0.5545103678748704,-0.5525273040814218,-0.5555640505742767,-0.2281345348312388,-0.22370575159100262,-0.2259871182164011,-0.11311755924740108
0.00011400456018240731,-3.1149486003495714,-0.5545097928269804,-0.5525267311222369,-0.5555634744540926,-0.22813429924049036,-0.22370552052328213,-0.22598688478668524,-0.11311744290500232
0.00011600464018560743,-3.114950915770024,-0.5545102090850621,-0.5525271457592672,-0.5555638915022925,-0.22813447312662882,-0.223705690397306,-0.22598705644111028,-0.11311752978213348
0.00011800472018880756,-3.1149476000814538,-0.5545096213464616,-0.5525265601467453,-0.5555633026688456,-0.2281342326043702,-0.22370545443890122,-0.22598681807422935,-0.11311741108483225
0.00012000480019200769,-0.09282087080716082,-0.015543399383721542,-0.015574573623177941,-0.015584848570241495,-0.005588386782523706,-0.005781617342750261,-0.005812558080064458,-0.002695005183957154
0.00012200488019520782,-0.09281748112678376,-0.01554279896037882,-0.015573975363268823,-0.015584247029510544,-0.005588141331079613,-0.005781376495963274,-0.005812314778343021,-0.0026948841328630103
0.00012400496019840794,-0.09281964856486377,-0.01554318984918892,-0.015574364705736764,-0.015584638663355545,-0.005588305358930017,-0.005781536593304798,-0.005812476563169846,-0.00269496630244783
0.00012600504020160807,-0.09281618493243704,-0.015542576747923654,-0.015573753805238821,-0.015584024422172162,-0.005588054980956667,-0.005781290860766039,-0.005812228329263884,-0.002694842898828527
0.0001280051202048082,-0.09281827844020597,-0.015542954962540156,-0.015574130510835286,-0.01558440335930017,-0.005588214083730232,-0.005781446073794092,-0.005812385183358489,-0.002694922716581403
0.00013000520020800833,-0.0928147409004453,-0.015542329191022638,-0.015573506977394935,-0.015583776425348007,-0.005587958782215204,-0.005781195458462087,-0.005812132020255319,-0.002694796961862855
0.00013200528021120847,-0.09281676052509688,-0.015542694739540742,-0.015573871054189961,-0.015584142673868425,-0.005588112963065014,-0.005781345790299131,-0.005812283946770523,-0.0026948744292886987
0.0001340053602144086,-0.09281314912767322,-0.015542056306291265,-0.015573234896300964,-0.015583503055682698,-0.005587852741326933,-0.0057810902954602795,-0.005812025857788513,-0.0026947463250548364
0.00013600544021760873,-0.09281509492135319,-0.015542409197655895,-0.015573586353211604,-0.015583856624556016,-0.005588002003736997,-0.005781235749556454,-0.005812172860208037,-0.00269482144381651
0.00013800552022080883,-0.0928114097208875,-0.015541758112043714,-0.01557293758021413,-0.015583204331522407,-0.005587736865425165,-0.0057809753788246295,-0.005811909848996215,-0.0026946909918090915
0.00014000560022400896,-0.09281328174069159,-0.01554209835604872,-0.01557327642700376,-0.015583545230559596,-0.00558788121321017,-0.0057811159589575695,-0.005812051931134441,-0.0026947637637272804
0.0001420056802272091,-0.09280952279675204,-0.015541434628291852,-0.015572615049084014,-0.015582880272913898,-0.005587611162304486,-0.005780850716273992,-0.005811784001672353,-0.0026946309658458373
0.00014400576023040922,-0.09281132110471854,-0.015541762235578837,-0.015572941296361168,-0.015583208512775249,-0.005587750599609318,-0.005780986426548328,-0.005811921167673839,-0.002694701392898825
0.00014600584023360936,-0.09280748848181286,-0.01554108587674256,-0.015572267324549988,-0.015582530901602129,-0.00558747564041968,-0.005780716316181023,-0.00581164832427105,-0.0026945662512004023
0.0001480059202368095,-0.09280921314491969,-0.01554140085880055,-0.015572580983767943,-0.015582846493796687,-0.005587610171719282,-0.005780847161028222,-0.005811780578610376,-0.0026946343355240114
0.00015000600024000962,-0.09280530691249271,-0.015540711880797068,-0.015571894429940485,-0.015582156241029176,-0.005587330308885471,-0.005780572187571909,-0.005811502825906273,-0.0026944968522231044
0.00015200608024320975,-0.09280695800264868,-0.015541014249960879,-0.015572195513395667,-0.015582459197913293,-0.005587459938984223,-0.005780698171749672,-0.005811630173387414,-0.0026945625961103826
0.00015400616024640988,-0.09280297823507412,-0.015540312665547758,-0.015571496390269815,-0.015581756316331288,-0.005587175177475275,-0.005780418340125119,-0.005811347516350668,-0.0026944227735786266
0.00015600624024960998,-0.0928045558291167,-0.015540602434997615,-0.015571784911101427,-0.015582046651108293,-0.005587299911506862,-0.00578053946871726,-0.005811469962106893,-0.0026944861794797902
0.00015800632025281012,-0.0928005026056921,-0.015539888257777074,-0.015571073232237092,-0.015581331154337755,-0.005587010256620814,-0.005780254784171011,-0.0058111824060350795,-0.002694344020245855
0.00016000640025601025,-0.09280200678537742,-0.015540165441536956,-0.015571349204425518,-0.015581608881056143,-0.005587130100047508,-0.005780371062586771,-0.005811299955528262,-0.0026944050907679725
0.00016200648025921038,-0.09279788019031608,-0.015539438685954464,-0.015570624984223203,-0.015580880783567794,-0.005586835557410837,-0.005780081530690658,-0.005811007506047407,-0.0026942605975172735
0.0001640065602624105,-0.09279931104231307,-0.015539703298891058,-0.015570888422588905,-0.015581145917120212,-0.005586950516023205,-0.005780192964664323,-0.005811120165067592,-0.002694319335424078
0.00016600664026561064,-0.09279511116473889,-0.015538963980234403,-0.015570151676288864,-0.015580405234228586,-0.005586651091590458,-0.005779898591315056,-0.005810822828131785,-0.0026941725109986317
0.00016800672026881077,-0.09279646878062339,-0.015539216038056046,-0.015570402596491234,-0.015580657790350871,-0.00558676117150683,-0.005780005186905549,-0.005810930602796853,-0.002694228919210301
0.0001700068002720109,-0.09279219571456188,-0.015538464172453794,-0.015569653340171843,-0.015579904538212693,-0.005586456871560034,-0.0057797059783241365,-0.005810628384687599,-0.0026940797666084116
0.00017200688027521103,-0.09279348019080687,-0.015538703691708866,-0.015569891758707884,-0.01558014453348215,-0.0055865620792259945,-0.005779807741914405,-0.0058107312814425814,-0.002694133848201317
0.00017400696027841114,-0.09278913403517648,-0.015537939296128903,-0.015569130009284239,-0.015579378729095017,-0.005586252910374104,-0.005779503704645598,-0.00581042418876831,-0.002693982370577331
0.00017600704028161127,-0.09279034547314575,-0.015538166294204807,-0.015569355943487177,-0.01557960618092941,-0.005586353252561966,-0.0057796006429421745,-0.005810522214384989,-0.0026940341287837928
0.0001780071202848114,-0.09278592633175156,-0.01553738938645317,-0.015568581718709958,-0.015578827842130499,-0.0055860392217403874,-0.005779291783854015,-0.005810210254080545,-0.0026938803294478684
0.00018000720028801153,-0.09278706483768803,-0.015537603881574172,-0.015568795186747426,-0.015579042768785979,-0.005586134705548466,-0.00577938390388627,-0.005810303415656671,-0.002693929767655787
0.00018200728029121166,-0.09278257281921122,-0.015536814480293457,-0.01556800850520119,-0.015578251914250456,-0.005585815820018427,-0.00577907023016946,-0.005809986594982694,-0.0026937736500735835
0.0001840073602944118,-0.09278363850423134,-0.015537016491519782,-0.015568209526074041,-0.015578454334820536,-0.0055859064528705985,-0.0057791575392891655,-0.00581007489994157,-0.0026938207718262747
0.00018600744029761192,-0.0927790737222204,-0.015536214616187335,-0.015567410407175611,-0.015577650984059827,-0.00558558272021848,-0.005778839058456387,-0.005809753226483845,-0.0026936623396186504
0.00018800752030081206,-0.09278006670230346,-0.015536404163413365,-0.015567599000716394,-0.015577840918473706,-0.00558566850986357,-0.0057789215643370955,-0.005809836682573641,-0.0026937071486144697
0.0001900076003040122,-0.0927754292751649,-0.015535589834340013,-0.015566787464713322,-0.01557702509183409,-0.005585339938000354,-0.005778598284222494,-0.0058095101642425175,-0.002693546405557219
0.00019200768030721232,-0.09277634967114227,-0.01553576693829244,-0.01556696365158425,-0.0155772025608547,-0.00558542089251133,-0.0057786759948587774,-0.005809588779535586,-0.002693588905649291
0.00019400776031041242,-0.09277163972212983,-0.015534940176620332,-0.015566139719553,-0.015576374279515354,-0.005585087489671832,-0.0057783479236171815,-0.005809257424565226,-0.002693425855672737
0.00019600784031361255,-0.09277248765967554,-0.015535104858856468,-0.015566303521244355,-0.015576539304737713,-0.005585163617445231,-0.0057784208473239855,-0.005809331207457395,-0.002693466050868575
0.00019800792031681268,-0.09276770531688162,-0.015534265686557846,-0.015565467215088731,-0.015575698590709237,-0.005584825392187557,-0.005778087993430372,-0.005808995024405224,-0.0026933006980573763
0.00020000800032001282,-0.09276848092650122,-0.015534417969463898,-0.015565618653917026,-0.01557585119455863,-0.0055848967019426704,-0.005778156138842352,-0.005809063983615136,-0.002693338592518575
0.00020200808032321295,-0.0927636263228433,-0.015533566409338527,-0.015564769996365928,-0.015574998070680711,-0.005584553663147268,-0.005777818511090929,-0.005808722981360873,-0.0026931709411112214
0.00020400816032641308,-0.09276432973986361,-0.015533706316127608,-0.01556490909547211,-0.015575138276410869,-0.005584620163925563,-0.005777881887161693,-0.005808787125929272,-0.0026932065391531063
0.0002060082403296132,-0.09275940301307367,-0.015532842391801301,-0.015564048110077822,-0.015574272766350539,-0.005584272320794569,-0.005777539494665216,-0.005808441313674347,-0.0026930365935416358
0.00020800832033281334,-0.09276003437763104,-0.01553296994651152,-0.015564174893425224,-0.015574400598041658,-0.005584334021958807,-0.005777598110666604,-0.005808500652963238,-0.0026930698996329066
0.00021000840033601347,-0.09275503567024565,-0.01553209368243406,-0.015563301604561515,-0.015573522726291518,-0.00558398138401534,-0.005777250962855715,-0.005808150040230023,-0.0026928976643625477
0.00021200848033921357,-0.09275559512727273,-0.015532208909926331,-0.015563416096933643,-0.015573638208847886,-0.005584038295248726,-0.005777304828376895,-0.005808204583921846,-0.0026929286831248516
0.0002140085603424137,-0.09275052458661934,-0.015531320331369381,-0.015562530529793568,-0.015572748000723757,-0.005583680872336008,-0.005776952934999207,-0.005807849180552775,-0.002692754162893602
0.00021600864034561384,-0.09275101228583467,-0.015531423257325434,-0.01556263275679237,-0.015572851159872095,-0.005583733003641507,-0.005777002059945984,-0.005807898938649705,-0.0026927828991011923
0.00021800872034881397,-0.0927458700640189,-0.015530522390380297,-0.015561734937386005,-0.015571948641510878,-0.005583370805921981,-0.005776645431065231,-0.005807538754806425,-0.0026926060987594366
0.0002200088003520141,-0.09274628615991305,-0.015530613041300573,-0.015561824925429424,-0.01557203950379787,-0.005583418167621395,-0.005776689825659175,-0.005807583737629459,-0.0026926325573387293
0.00022200888035521423,-0.09274107241380676,-0.015529699912876031,-0.015560914880581922,-0.015571124702155421,-0.005583051205575934,-0.005776328471654463,-0.005807218783792019,-0.002692453481888821
0.00022400896035841436,-0.09274141706562965,-0.01552977831607723,-0.015560992656901688,-0.015571203294945577,-0.005583093808308993,-0.005776368146431985,-0.005807259001980059,-0.0026924776679180112
0.0002260090403616145,-0.09273613195685676,-0.015528852953897294,-0.015560070414250761,-0.015570276237794367,-0.005582722092735974,-0.005776002077996819,-0.005806889288945996,-0.0026922963225138328
0.00022800912036481462,-0.09273640532860304,-0.015528919137510044,-0.015560136006890046,-0.015570342589267493,-0.0055827599474594465,-0.005776037043808269,-0.005806924753454952,-0.0026923182412223984
0.00023000920036801473,-0.0927310490235273,-0.015527981570111761,-0.015559201594884007,-0.015569403305194462,-0.005582383489473937,-0.005775666271949771,-0.005806550292338443,-0.002692134631168997
0.00023200928037121486,-0.0927312512839244,-0.015528035563078526,-0.015559255032695205,-0.015569457444343624,-0.005582416607460782,-0.005775696539958638,-0.005806581014440378,-0.002692154287937337
0.000234009360374415,-0.09272582395363262,-0.01552708581980904,-0.015558308480589887,-0.015568505962747227,-0.00558203541849336,-0.005775321075996378,-0.0058062018166711304,-0.002691968418690355
0.00023600944037761512,-0.09272595527612493,-0.015527127651881413,-0.015558349793232054,-0.015568547919375997,-0.005582063811331672,-0.005775346657678255,-0.005806227807953277,-0.0026919858190492933
0.00023800952038081525,-0.09272045709641447,-0.015526165762895864,-0.015557391131088841,-0.015567584270464134,-0.005581677903127622,-0.005774966513243472,-0.0058058438852756486,-0.00269179769621456
0.00024000960038401538,-0.09272051765914906,-0.015526195464632098,-0.015557420349025169,-0.015567614075184208,-0.005581701582719727,-0.005774987420385058,-0.005805865157639345,-0.0026918128458448755
0.00024200968038721551,-0.09271494881051352,-0.015525221460891216,-0.015556449607708512,-0.015566638289971731,-0.005581310967338094,-0.005774602607419716,-0.005805476522111471,-0.002691622475177995
0.00024400976039041565,-0.09271493879632468,-0.015525239063653587,-0.015556466762203697,-0.0155666559742002,-0.005581329945899421,-0.005774618852117844,-0.00580549308777125,-0.002691635379909927
0.00024600984039361575,-0.0927092994639361,-0.01552425297692072,-0.015555483973378083,-0.015565668084505947,-0.005580934635711879,-0.005774229382873471,-0.005805099751763826,-0.002691442767315685
0.0002480099203968159,-0.09270921906033056,-0.015524258512872905,-0.015555489096495827,-0.01556567368046279,-0.0055809489257700245,-0.005774240977534103,-0.0058051116232463035,-0.002691453433128462
0.000250010000400016,-0.0927035094340255,-0.01552326037571138,-0.015554494292623303,-0.015564673718907041,-0.005580548933459818,-0.005773846864570797,-0.0058047135994416035,-0.0026912585846603754
0.00025201008040321614,-0.09270335883316556,-0.015523253877815725,-0.015554487417223385,-0.01556466725961221,-0.005580558547853437,-0.005773853821907916,-0.005804720789584452,-0.002691267017681675
0.0002540101604064163,-0.09269757910742868,-0.015522243723586203,-0.015553480631560873,-0.015563655259613925,-0.0055801538864143786,-0.0057734550780933125,-0.005804318090975275,-0.0026910699395414983
0.0002560102404096164,-0.09269735850611689,-0.01552222522560098,-0.01555346179129658,-0.01556363677888469,-0.005580158838292133,-0.005773457411127923,-0.005804320612926152,-0.00269107614604698
0.00025801032041281654,-0.09269150888006371,-0.0155212030884585,-0.015552443057892867,-0.015562612774658709,-0.005579749521027391,-0.005773054049636059,-0.005803913252814688,-0.0026908768445841075
0.00026001040041601667,-0.09269121847972542,-0.015521172624934947,-0.01555241228720793,-0.015562582307106674,-0.0055797498238468,-0.0057730517716950164,-0.005803911120030054,-0.0026908808309968283
0.0002620104804192168,-0.09268529915708655,-0.015520138539826178,-0.015551381640900998,-0.01556154633366073,-0.005579335864367927,-0.005772643806005252,-0.005803499112026789,-0.0026906793127078293
0.00026401056042241693,-0.09268493916375298,-0.015520096146105578,-0.01555133897502686,-0.015561503914689042,-0.0055793315318942325,-0.005772636930720135,-0.005803492338270853,-0.002690681085597723
0.00026601064042561706,-0.09267895035285652,-0.015519050148765793,-0.01555029645144084,-0.015560456007820831,-0.005578912944119909,-0.005772224374616039,-0.005803075696293391,-0.0026904773571257675
0.0002680107204288172,-0.09267852097714713,-0.015518995860976458,-0.015550241926393336,-0.015560401673620994,-0.005578903990424837,-0.005772212915921991,-0.0058030642956368355,-0.002690476923209064
0.0002700108004320173,-0.09267246289089988,-0.01551793798792637,-0.015549187561935348,-0.015559341869915111,-0.005578480788579644,-0.0057717957834900295,-0.005802643033908716,-0.002690270991343336
0.00027201088043521745,-0.09267196434800555,-0.015517871842980783,-0.015549121214512263,-0.015559275657464108,-0.005578467228040417,-0.005771779755624674,-0.005802627020727632,-0.002690268357482045
0.0002740109604384176,-0.0926658372038765,-0.0155168021315236,-0.015548055046369441,-0.015558203994288955,-0.005578039426653728,-0.005771358061253159,-0.005802201153777104,-0.0026900602291571774
0.00027601104044161766,-0.09266526971353943,-0.015516724167114946,-0.01554797691414667,-0.015558125941345868,-0.005578021273951558,-0.0057713374787552,-0.005802180542751632,-0.002690055402358436
0.0002780111204448178,-0.09265907373354017,-0.01551564265533311,-0.015546898980283072,-0.015557042456850575,-0.005577588887856251,-0.005770911237133037,-0.005801750085410461,-0.0026898450846539346
0.0002800112004480179,-0.09265843752003647,-0.015515552909932246,-0.015546809101611839,-0.01555695260195352,-0.005577566157975324,-0.0057708861148411845,-0.00580172489152363,-0.002689838072069439
0.00028201128045121806,-0.0926521729307032,-0.0155144596366843,-0.015545719440765162,-0.015555857335064502,-0.005577129202306527,-0.005770455340956573,-0.005801289858925827,-0.002689625572209079
0.0002840113604544182,-0.09265146822282411,-0.01551435814953664,-0.015545617854768755,-0.015555755717527472,-0.00557710191053263,-0.0057704256940082415,-0.005801260097462312,-0.002689616381134514
0.0002860114404576183,-0.09264513525519746,-0.015513253154453878,-0.015544516506447016,-0.015554648707945323,-0.0055766604007264665,-0.005769990403147453,-0.0058008205050428165,-0.0026894017064857147
0.00028801152046081845,-0.09264436228622885,-0.015513139965575741,-0.015544403253017394,-0.015554535367854694,-0.0055766285626457105,-0.005769956246977444,-0.005800786191587534,-0.0026893903443600876
0.0002900116004640186,-0.09263796117583499,-0.015512023289058758,-0.015543290257495507,-0.015553416656050647,-0.00557618251443791,-0.005769516454723477,-0.005800342055080933,-0.002689173502433271
0.0002920116804672187,-0.09263712018353827,-0.0155118984392342,-0.015543165377289826,-0.015553291634261735,-0.005576146145935379,-0.005769477805062682,-0.005800303205517803,-0.0026891599768383003
0.00029401176047041884,-0.09263065117036917,-0.01551077012244965,-0.01554204077560643,-0.015552161261474389,-0.00557569557536006,-0.005769033527294022,-0.005799854540957004,-0.0026889409752863043
0.000296011840473619,-0.09262974239696094,-0.015510633653226958,-0.015541904310043786,-0.015552024599608116,-0.005575654692618494,-0.005768990400168114,-0.0057998111714675765,-0.0026889252939457623
0.0002980119204768191,-0.09262320572545317,-0.015509493738103907,-0.015540768143997599,-0.015550882607839931,-0.005575199616006732,-0.005768541653057312,-0.005799357995182459,-0.00268870414056317
0.00030001200048001924,-0.09262222941758506,-0.015509345691792043,-0.015540620135255367,-0.015550734348279258,-0.005575154235505135,-0.005768494064785375,-0.005799310122244526,-0.0026886863113422393
0.00030201208048321937,-0.09261562533659982,-0.01550819422101853,-0.015539472447401583,-0.015549580780292794,-0.005574694669483556,-0.005768040864797684,-0.005798852450860483,-0.0026884630140646885
0.0003040121604864195,-0.09261458174533704,-0.015508034640683592,-0.015539312938411936,-0.01554942096617913,-0.0055746448079958735,-0.005767988831990835,-0.005798800091246737,-0.0026884430449693082
0.00030601224048961963,-0.09260791050813809,-0.015506871657702767,-0.015538153772058676,-0.01554825586549361,-0.0055741807694852565,-0.005767531195882818,-0.005798337941683333,-0.002688217611872831
0.00030801232049281976,-0.09260679988893813,-0.015506700587164291,-0.015537982806504856,-0.015548084540723062,-0.005574126444078823,-0.005767474735442731,-0.005798281112459863,-0.0026881955110489952
0.0003100124004960199,-0.09260006175317187,-0.015505526136171139,-0.015536812205709622,-0.015546907951610688,-0.005573657950292733,-0.005767012680260915,-0.0057978145019293905,-0.0026879679503493672
0.00031201248049921997,-0.09259888436586339,-0.015505343619998372,-0.01553662982802229,-0.015546725160830475,-0.00557359917832689,-0.005766951809378511,-0.005797753220454292,-0.0026879437260824376
0.0003140125605024201,-0.09259207959353452,-0.015504157745935465,-0.015535447837587967,-0.015545537128312416,-0.005573126246770103,-0.005766485352457757,-0.005797282166460263,-0.0026877140461344256
0.00031601264050562023,-0.09259083570229527,-0.015503963829443721,-0.015535254092941481,-0.015545342916917065,-0.005573063045894774,-0.00576642008861164,-0.005797216450382171,-0.002687687706848435
0.00031801272050882036,-0.09258396455974809,-0.015502766577997987,-0.015534060758412798,-0.015544143486760122,-0.005572585694361932,-0.005765949247573937,-0.0057967409707179365,-0.002687455916145168
0.0003200128005120205,-0.09258265443308171,-0.015502561307244546,-0.015533855692721305,-0.015543937900887466,-0.005572518082516035,-0.005765879608528956,-0.005796670837974476,-0.0026874274704021058
0.0003220128805152206,-0.09257571719097459,-0.015501352724842904,-0.015532651060380837,-0.015542727119599715,-0.005572036329089991,-0.005765404401281668,-0.005796190950721601,-0.002687193577574257
0.00032401296051842076,-0.0925743411016879,-0.015501136146623278,-0.015532434720294282,-0.015542510206127087,-0.00557196432449996,-0.005765330405087393,-0.005796116419537897,-0.002687163034073315
0.0003260130405216209,-0.09256733803497119,-0.015499916280428874,-0.015531218837158564,-0.015541288120954164,-0.005571478187550342,-0.005764850849821907,-0.005795632143064676,-0.0026869270478884415
0.000328013120524821,-0.09256589626015284,-0.015499688442272999,-0.015530991270059014,-0.015541059927494586,-0.005571401808728605,-0.005764772514811135,-0.005795553231951847,-0.0026868944154653566
0.00033001320052802115,-0.09255882764804613,-0.015498457340181236,-0.015529764183874487,-0.015539826586415664,-0.005570911306910224,-0.005764288630001264,-0.005795064584911773,-0.0026866563448271156
0.0003320132805312213,-0.09255732046904093,-0.01549821829034904,-0.015529525437871894,-0.015539587161313428,-0.005570830572653583,-0.005764205974788417,-0.005794981312665287,-0.0026866216324533134
0.0003340133605344214,-0.09255018659500867,-0.015496976000983546,-0.015528287197110998,-0.015538342613037154,-0.005570335724904851,-0.0057637177791888036,-0.005794488313995441,-0.002686381486400751
0.00033601344053762154,-0.09254861429739467,-0.01549672578846119,-0.015528037321039113,-0.015538092005364122,-0.00557025065429292,-0.005763630822668386,-0.005794400699693545,-0.0026863447031826534
0.0003380135205408217,-0.09254141544912324,-0.015495472361169736,-0.015526787974896138,-0.01553683629932448,-0.0055697514798342986,-0.005763138335313008,-0.005793903368613027,-0.0026861024908894087
0.0003400136005440218,-0.0925397783226878,-0.015495211035665354,-0.01552652701830859,-0.015536574558875698,-0.005569662092227882,-0.005763047096657993,-0.00579381143161518,-0.0026860636460676597
0.00034201368054722194,-0.09253251479205897,-0.015493946520515297,-0.015525266616695243,-0.015535307745227654,-0.005569158610560109,-0.00576255033685841,-0.0057933097876233545,-0.002685819376841145
0.00034401376055042207,-0.0925308131307742,-0.015493674132454853,-0.015524994629861179,-0.015535034922517238,-0.005569064925599618,-0.0057624548355186414,-0.005793213547568586,-0.0026857784797898183
0.0003460138405536222,-0.09252348521384328,-0.015492398580229534,-0.01552372322340288,-0.015533757052132925,-0.0055685571565022435,-0.005761953822862515,-0.005792707610443625,-0.002685532163070547
0.0003480139205568223,-0.09252171931584025,-0.015492115180752376,-0.015523440257302621,-0.01553347319838966,-0.005568459194105869,-0.0057618540785629915,-0.005792607087248763,-0.002685489223296318
0.0003500140005600224,-0.0925143273128087,-0.01549082864294627,-0.015522157897333763,-0.015532184322853582,-0.005567947157635434,-0.005761348832912306,-0.00579209687704583,-0.0026852408686569846
0.00035201408056322254,-0.0925124974803532,-0.015490534283900962,-0.015521864003654672,-0.015531889490016722,-0.005567844937997651,-0.005761244865651569,-0.005791992090903936,-0.0026851958957983778
0.00035401416056642267,-0.09250504169554419,-0.01548923681271561,-0.015520570742214386,-0.015530589661621652,-0.005567328654486055,-0.005760735407140993,-0.005791477627953514,-0.002684945512943115
0.0003560142405696228,-0.09250314823501048,-0.015488931546655505,-0.015520265973346433,-0.015530283902336387,-0.0055672221980757886,-0.005760627237189432,-0.005791368599332099,-0.002684898516769676
0.00035801432057282293,-0.09249562897684364,-0.01548762319499495,-0.015518961863174377,-0.015528973174078973,-0.005566701688128577,-0.005760113586224639,-0.0057908499042383516,-0.0026846461155332125
0.00036001440057602306,-0.09249367219868902,-0.015487307075173762,-0.015518646272205668,-0.015528656541692158,-0.005566591015687495,-0.005760001234122763,-0.0057907366538776945,-0.0026845971059446415
0.0003620144805792232,-0.09248608977965253,-0.015485987896640093,-0.015517331366737216,-0.015527334967268169,-0.005566066300182049,-0.005759483411378624,-0.005790213747516546,-0.002684342696291455
0.0003640145605824233,-0.0924840699983911,-0.015485660977007328,-0.01551700500744949,-0.015527007515823605,-0.005565951432722868,-0.005759366897935309,-0.005790096296427918,-0.0026842916833168286
0.00036601464058562346,-0.09247642473501763,-0.015484331025896324,-0.015515679360811644,-0.015525675149623795,-0.005565422532806723,-0.0057588449243542745,-0.005789569199945483,-0.002684035275340355
0.0003680147205888236,-0.09247434226919259,-0.015483993361092683,-0.015515342287675753,-0.015525336933857745,-0.00556530349161131,-0.005758724270644997,-0.005789447569409324,-0.0026839822691372087
0.0003700148005920237,-0.09246663448203059,-0.015482652692388969,-0.015514005954682181,-0.015523993830962897,-0.005564770428700294,-0.005758198167435196,-0.005788916304220003,-0.002683723873058923
0.00037201488059522385,-0.09246448965418927,-0.015482304337741852,-0.015513658222853475,-0.015523644906299506,-0.0055646472353179915,-0.005758073394800301,-0.00578879051578421,-0.0026836688839124655
0.000374014960598424,-0.0924567196677763,-0.015480953007114351,-0.015512311259000003,-0.01552229112247584,-0.005564110031094438,-0.005757543183433778,-0.005788255103568875,-0.0026834085100810438
0.0003760150406016241,-0.09245451280444097,-0.0154805940186331,-0.01551195292431377,-0.015521931545022478,-0.005563982707340167,-0.005757414313476641,-0.0057881251790469004,-0.002683351548403232
0.00037801512060482424,-0.09244668094727751,-0.015479232082430384,-0.015510595385773755,-0.01552056713671705,-0.005563441383751084,-0.005756880015687594,-0.005787585641751132,-0.0026830892072936944
0.0003800152006080244,-0.09244441237891861,-0.01547886251680155,-0.015510226504740238,-0.015520196963259309,-0.0055633099517034814,-0.005756747070272767,-0.005787451603220182,-0.0026830302836223724
0.0003820152806112245,-0.09243651898343835,-0.015477490032046947,-0.015508858448359766,-0.015518821987595273,-0.005562764530958741,-0.005756208708055662,-0.005786907963052333,-0.0026827659858351637
0.00038401536061442464,-0.09243418904444652,-0.015477109946629463,-0.015508479078159625,-0.015518441275592385,-0.005562629012958328,-0.005756071709307034,-0.0057867698328514594,-0.002682705110833153
0.0003860154406176247,-0.0924262344469895,-0.015475726971016283,-0.015507100561452618,-0.015517055790363847,-0.005562079517528639,-0.00575552930491475,-0.005786222112280804,-0.0026824388670932614
0.00038801552062082484,-0.09242384347564668,-0.015475336423836642,-0.015506710759931912,-0.015516664597943826,-0.005561939936175958,-0.00575538827521371,-0.005786079913009042,-0.0026823760515474913
0.000390015600624025,-0.09241582801643136,-0.015473943015723529,-0.01550532184107561,-0.015515268661611502,-0.005561386388791194,-0.005754841851155719,-0.00578552813476399,-0.002682107872703572
0.0003920156806272251,-0.09241337635488345,-0.015473542065470915,-0.01550492166674108,-0.01551486704756611,-0.005561242766944823,-0.005754696813139233,-0.005785381889278479,-0.0026820431275241478
0.00039401576063042524,-0.09240530037797534,-0.015472138283876351,-0.015503522404570482,-0.015513460719251724,-0.005560685190591839,-0.005754146392179526,-0.00578482607634438,-0.002681773024547527
0.00039601584063362537,-0.09240278837220287,-0.015471726989897782,-0.015503111916584678,-0.015513048743031771,-0.005560537551366564,-0.005753997368738287,-0.005784675807758399,-0.002681706360766823
0.0003980159206368255,-0.09239465222548868,-0.01547031289449564,-0.015501702370588179,-0.015511632082513535,-0.00555997596928747,-0.005753442973893652,-0.005784115983375877,-0.0026814343447506437
0.00040001600064002563,-0.09239208022527604,-0.015469891316790576,-0.015501281628763972,-0.015511209804223384,-0.005559824336052179,-0.005753289988169998,-0.005783961715056834,-0.0026813657735223185
0.00040201608064322576,-0.09238388426043243,-0.015468466967904942,-0.015499861859078135,-0.01550978287193089,-0.005559258771742274,-0.0057527316427079585,-0.00578339790271969,-0.002681091855680585
0.0004040161606464259,-0.0923812526193405,-0.015468035167120538,-0.015499430923874244,-0.01550935035232377,-0.005559103168118111,-0.00575257471809407,-0.005783239658287235,-0.002681021388278714
0.000406016240649626,-0.09237299719180439,-0.015466600625720419,-0.015498000991278526,-0.015507913209332628,-0.005558533645323878,-0.005752012445530927,-0.005782671881740462,-0.002680745579945308
0.00040801632065282615,-0.09237030626713941,-0.01546615866314639,-0.015497559923794096,-0.015507470509805407,-0.005558374095182218,-0.005751851605666793,-0.005782509685064459,-0.0026806732277633877
0.0004100164006560263,-0.09236199173607845,-0.015464713990840763,-0.015496119889705954,-0.01550602321783231,-0.0055578006378993435,-0.005751285429765674,-0.005781937968302269,-0.002680395540391146
0.0004120164806592264,-0.0923592418888623,-0.015464261928404036,-0.015495668751675433,-0.01550557040042026,-0.0055576371653597596,-0.005751120698537043,-0.005781771843500782,-0.0026803213149411195
0.00041401656066242655,-0.09235086861714527,-0.015462807187436686,-0.015494218678145207,-0.015504113021817863,-0.005557059797831207,-0.005750550643305921,-0.0057811962107646156,-0.002680041760100903
0.0004160166406656267,-0.09234806021208466,-0.01546234508769636,-0.015493757531933225,-0.015503650149189484,-0.005556892427259402,-0.005750382044842385,-0.005781026182201867,-0.002679965673012229
0.0004180167206688268,-0.09233962856624855,-0.015460880340940258,-0.015492297481638473,-0.015502182746940672,-0.005556311173973157,-0.005749808134531911,-0.005780446657978182,-0.0026796842623918273
0.00042001680067202694,-0.09233676197170426,-0.015460408267082172,-0.015491826390234435,-0.015501709882392271,-0.005556139929978944,-0.005749635693204773,-0.005780272750262478,-0.002679606325410451
0.000422016880675227,-0.09232827232192567,-0.015458933578034639,-0.01549035642647507,-0.01550023252010541,-0.005555554815666114,-0.0057490579523063814,-0.0057796893592808925,-0.002679323070813716
0.00042401696067842715,-0.09232534790988241,-0.015458451593866197,-0.01548987545348814,-0.015499749727556005,-0.005555379723101406,-0.005748881692726717,-0.005779511597262613,-0.0026792432958011466
0.0004260170406816273,-0.09231680062994531,-0.015456967026643278,-0.015488395640180888,-0.015498262469459272,-0.005554790772734061,-0.005748300145970499,-0.005778924364493711,-0.0026789582091469324
0.0004280171206848274,-0.09231381877597836,-0.015456475196587816,-0.015487904849834144,-0.015497769813444825,-0.005554611856690581,-0.005748120092986909,-0.00577874277326309,-0.0026788766080791367
0.00043001720068802754,-0.09230521424324241,-0.015454980815918895,-0.015486415251507268,-0.015496272724380849,-0.005554019095479681,-0.005747534765339524,-0.005778151723916298,-0.002678589701400328
0.0004320172806912277,-0.09230217532648735,-0.015454479205010422,-0.015485914708632547,-0.015495770270049091,-0.005553836381287028,-0.005747350944036135,-0.005777966328801385,-0.002678506286366795
0.0004340173606944278,-0.09229351392185683,-0.01545297507623283,-0.015484415390420291,-0.015494263415469422,-0.005553239834680254,-0.005746761860698729,-0.005777371488322881,-0.0026782175718092576
0.00043601744069762794,-0.09229041832497767,-0.01545246375011059,-0.015483905160452848,-0.015493751228574437,-0.005553053347903684,-0.00574657429639312,-0.0057771823148874656,-0.002678132355011983
0.00043801752070082807,-0.09228170043286772,-0.01545094993916399,-0.015482396188089935,-0.015492234674534077,-0.005552453041583307,-0.005745981482799119,-0.005776583708958005,-0.002677841844833543
0.0004400176007040282,-0.09227854854202414,-0.01545042896406679,-0.015481876337062722,-0.015491712821430467,-0.005552262808021571,-0.005745790201040118,-0.005776390782999331,-0.00267775483858596
0.00044201768070722833,-0.09226977455033024,-0.015448905537487774,-0.015480357776878933,-0.015490186634582332,-0.005551658767902331,-0.005745193682853191,-0.005775788437532137,-0.0026774625451554145
0.00044401776071042846,-0.0922665667551447,-0.015448374980248371,-0.015479828371417004,-0.01548965518221975,-0.005551464813585515,-0.005744998709418699,-0.005775591785078768,-0.0026773737618813707
0.0004460178407136286,-0.09225773705520887,-0.015446842005164614,-0.015478300290331424,-0.015488119429808956,-0.005550857065812305,-0.005744398512530502,-0.005774985726217243,-0.002677079697677364
0.0004480179207168287,-0.09225447374873473,-0.01544630193320432,-0.015477761397646594,-0.015487578445726659,-0.005550659416999679,-0.005744199873425435,-0.005774785373526957,-0.0026769891499100933
0.00045001800072002885,-0.09224558873531286,-0.01544475947732919,-0.015476223863162133,-0.015486033195584952,-0.005550047987945516,-0.005743596023953496,-0.0057741756276426205,-0.002676693327520154
0.000452018080723229,-0.09224227031400029,-0.015444209958651952,-0.015475675551046921,-0.015485482747905743,-0.005549846671123229,-0.0057433937454074374,-0.005773971601200031,-0.002676601027901179
0.0004540181607264291,-0.09223333038522842,-0.015442658090278526,-0.015474128631244448,-0.015483928068445674,-0.005549231587386873,-0.0057427862696929005,-0.00577335819489013,-0.0026763034600205847
0.00045601824072962925,-0.09222995724889174,-0.01544209919346526,-0.015473570968066754,-0.015483368225870485,-0.005549026629265789,-0.005742580378158033,-0.005773150521404644,-0.0026762094212986897
0.0004580183207328293,-0.09222096280625379,-0.015440537981460844,-0.015472014731599565,-0.01548180418607981,-0.0055484079176696165,-0.005741969302763514,-0.005772533481490065,-0.0026759101207294534
0.00046001840073602946,-0.0922175353580369,-0.015439969775663687,-0.015471447786296524,-0.01548123501788163,-0.005548199345183026,-0.005741759824912252,-0.005772322187893442,-0.0026758143557595823
0.0004620184807392296,-0.09220848680632898,-0.015438399289463806,-0.01546988230238437,-0.015479661687317247,-0.005547577032770697,-0.005741145176619493,-0.005771701541416337,-0.002675513335409322
0.0004640185607424297,-0.09220500545267231,-0.015437821844400202,-0.01546930614445687,-0.015479083263335532,-0.005547364873072053,-0.005740932139342362,-0.005771486654860547,-0.0026754158571515208
0.00046601864074562985,-0.09219590319997,-0.015436242154002819,-0.015467731482880193,-0.015477500712117837,-0.005546738987106246,-0.005740313945150032,-0.0057708624290821135,-0.0026751131300323974
0.00046801872074883,-0.09219236835057591,-0.015435655539949847,-0.015467146182386909,-0.015476913102752605,-0.005546523267566909,-0.005740097375553356,-0.005770643976937068,-0.002675013951550701
0.0004700188007520301,-0.09218321280819951,-0.015434066715909503,-0.015465562413481048,-0.015475321401559543,-0.005545893835527047,-0.005739475662674823,-0.005770016199335257,-0.0026747095307783474
0.00047201888075523024,-0.09217962487599729,-0.01543347100369763,-0.015464968041032376,-0.015474724677765042,-0.005545674583733914,-0.00573925558807835,-0.0057697942091863045,-0.0026746086652396626
0.0004740189607584304,-0.09217041645847729,-0.015431873117119506,-0.01546337523568149,-0.015473123897826182,-0.00554504163331384,-0.005738630383939326,-0.005769162907453491,-0.0026743025640320415
0.0004760190407616305,-0.09216677585958939,-0.015431268378126988,-0.01546277186243391,-0.015472518131105548,-0.005544818877067106,-0.005738406831874122,-0.005768937407099397,-0.0026742000247050968
0.00047801912076483064,-0.09215751498463111,-0.015429661500660753,-0.01546117009206515,-0.015470908344195919,-0.005544182436172723,-0.005737778164110334,-0.005768302609139982,-0.002673892256381389
0.00048001920076803077,-0.0921538221383375,-0.01542904780680746,-0.015460557789715005,-0.015470293606594748,-0.00554395620348344,-0.005737551162316286,-0.005768073626590343,-0.0026737880566355624
0.0004820192807712309,-0.09214450922678652,-0.015427432010641519,-0.015458947126292427,-0.015468674885028927,-0.005543316300230429,-0.005736919058771213,-0.005767435360518556,-0.002673478634615059
0.00048401936077443103,-0.0921407645554895,-0.015426809434382712,-0.015458325967069891,-0.015468051249129278,-0.005543086619318225,-0.005736688635194783,-0.0057672029239915264,-0.0026733727879192704
0.00048601944077763116,-0.09213140003129597,-0.015425184792237943,-0.015456706483088448,-0.01546642366575534,-0.005542443282029582,-0.005736053123917288,-0.0057665612181289185,-0.0026730617257202504
0.0004880195207808313,-0.09212760396048429,-0.015424553406558482,-0.01545607653975165,-0.015465791204669739,-0.005542210181320269,-0.005735819306709133,-0.005766325356048872,-0.002672954245641835
0.0004900196007840314,-0.09211818825066757,-0.015422919991682178,-0.015454448308231065,-0.01546415483286306,-0.005541563438524029,-0.005735180415951103,-0.005765680238922012,-0.002672641556880416
0.0004920196807872315,-0.09211434120888183,-0.015422279870090252,-0.015453809654059812,-0.015463513620228225,-0.0055413269466472225,-0.005734943233463755,-0.005765440979917113,-0.0026725324570839874
0.0004940197607904317,-0.09210487474349344,-0.015420637756249824,-0.015452172748538287,-0.015461868533885322,-0.005540676827073925,-0.0057343009916776795,-0.005764792480255121,-0.0026722181554729566
0.0004960198407936318,-0.0921009771622888,-0.015419988972770774,-0.015451525457327926,-0.015461218643856045,-0.005540436972860611,-0.005734060472463087,-0.005764549853154915,-0.0026721074497192405
0.000498019920796832,-0.09209146037437814,-0.015418338234247778,-0.015449879951856316,-0.015459564917388383,-0.005539783505441016,-0.005733414908299771,-0.005763897999887127,-0.0026717915490669583
0.000500020000800032,-0.09208751268828794,-0.015417680863417766,-0.015449224097911454,-0.015458906424631207,-0.005539540317921079,-0.0057331710811069055,-0.005763652033720086,-0.002671679251211622
0.0005020200808032322,-0.09207794601386485,-0.015416021575001633,-0.015447570067046801,-0.015457244132958955,-0.00553888353178371,-0.005732522223412985,-0.005762996855973599,-0.0026713617654208228
0.0005040201608064323,-0.09207394866036557,-0.015415355691861553,-0.015446905725175224,-0.015456577112646032,-0.005538637040183597,-0.005732275117185489,-0.0057627475799647675,-0.0026712478894133584
0.0005060202408096325,-0.09206433253836314,-0.015413687928843069,-0.015445243243974423,-0.015454906331191717,-0.005537976964652196,-0.005731622995000998,-0.005762089107061939,-0.0026709288324799738
0.0005080203208128325,-0.09206028595783625,-0.015413013608932158,-0.015444570489480728,-0.015454230858994457,-0.005537727198392415,-0.0057313726388747285,-0.005761836550630423,-0.002670813392362485
0.0005100204008160327,-0.09205062083007472,-0.015411337447097335,-0.015442899633494392,-0.015452551663676617,-0.005537063862983564,-0.005730717281430674,-0.005761174812086423,-0.0026704927783744907
0.0005120204808192328,-0.09204652546577041,-0.015410654766446895,-0.015442218542173676,-0.015451867815759223,-0.005536810851676177,-0.005730463704731215,-0.005760919004842893,-0.0026703757882805307
0.0005140205608224329,-0.09203681177692073,-0.015408970282070656,-0.015440539387439802,-0.015450180282986238,-0.005536144286096839,-0.005729805141447172,-0.00576025403036333,-0.002670053631416768
0.0005160206408256331,-0.09203266807492005,-0.015408279317197487,-0.015439850035571164,-0.01544948813599939,-0.005535888059543017,-0.005729548373687416,-0.005759995002107596,-0.00266993510557014
0.0005180207208288332,-0.09202290627246436,-0.015406586587037023,-0.015438162658608496,-0.015447792342662688,-0.005535218293687941,-0.005728886634168949,-0.0057593268215858145,-0.0026696114200990724
0.0005200208008320333,-0.09201871468164227,-0.015405887414937171,-0.015437465122948892,-0.015447091973737132,-0.005534958881875446,-0.005728626705046581,-0.005759064602304279,-0.002669491372812653
0.0005220208808352334,-0.09200890521583881,-0.015404186516225783,-0.015435769600750845,-0.015445387997205087,-0.005534285945824746,-0.005727961819082877,-0.005758393245819086,-0.00266916617309125
0.0005240209608384336,-0.09200466618782673,-0.01540347921436804,-0.015435063958528384,-0.015444679483945064,-0.005534023378925373,-0.005727698758477898,-0.0057581278656822004,-0.00266904461876575
0.0005260210408416337,-0.09199480951167043,-0.015401770224808417,-0.0154333603685563,-0.015442967402056284,-0.00553334730294199,-0.005727030756039187,-0.005757453363495171,-0.0026687179192382148
0.0005280211208448339,-0.09199052350081752,-0.015401054871127822,-0.01543264669746401,-0.015442250822533197,-0.005533081611309137,-0.005726764594011431,-0.005757184852854996,-0.0026685948723610257
0.0005300212008480339,-0.09198062007000286,-0.01539933786888565,-0.015430935117640848,-0.01544053071359014,-0.005532402425836234,-0.005726093505246517,-0.005756507235408005,-0.00266826668755762
0.0005320212808512341,-0.09197628753333886,-0.015398614541776918,-0.015430213495829955,-0.015439806146335824,-0.005532133640002271,-0.005725824272033101,-0.005756235624795602,-0.002668142162701564
0.0005340213608544342,-0.09196633780622097,-0.015396889605474317,-0.015428494004533612,-0.015438078089098112,-0.005531451375660749,-0.005725150127266767,-0.005755554922708221,-0.0026678125072373514
0.0005360214408576344,-0.09196195920341779,-0.015396158383785427,-0.015427764510607133,-0.015437345613098421,-0.005531179526334488,-0.005724877853279598,-0.0057552802428311066,-0.0026676865190594693
0.0005380215208608345,-0.09195196364097429,-0.015394425592494296,-0.015426037186663938,-0.015435609686776257,-0.005530494213920392,-0.005724200683010132,-0.005754596486898088,-0.0026673554076331253
0.0005400216008640346,-0.09194753943430581,-0.015393686555519424,-0.015425299899669918,-0.015434869381464121,-0.005530219331984434,-0.005723925398833235,-0.005754318768637613,-0.0026672279708734223
0.0005420216808672347,-0.09193749850009914,-0.015391945988754992,-0.015423564822348166,-0.015433125665711785,-0.0055295310024663985,-0.0057232452337298975,-0.0057536319898263385,-0.002666895418266013
0.0005440217608704349,-0.09193302915440485,-0.015391199216228443,-0.015422819821773247,-0.01543237761096102,-0.005529253118974697,-0.005722966970117004,-0.005753351264235156,-0.0026667665477462595
0.000546021840873635,-0.09192294331454151,-0.01538945095394232,-0.015421077070776232,-0.01543062618587003,-0.00552856180349128,-0.005722283841017329,-0.0057526614936829305,-0.002666432568819944
0.0005480219208768352,-0.09191842929718616,-0.01538869652603151,-0.015420324436538858,-0.015429870461988193,-0.005528280949666402,-0.005722002628889221,-0.005752377791982399,-0.002666302279442413
0.0005500220008800352,-0.09190829902027911,-0.015386940648605178,-0.0154185740919985,-0.015428111408080616,-0.005527586679523529,-0.005721316566796558,-0.005751685060993926,-0.00266596688913925
0.0005520220808832353,-0.09190374080111416,-0.015386178645903949,-0.015417813904442279,-0.015427348095802642,-0.005527302886754108,-0.005721032437238468,-0.00575139841457143,-0.002665835195885469
0.0005540221608864355,-0.09189356655824331,-0.015384415234142045,-0.015416056046912324,-0.015425581494024463,-0.005526605693422483,-0.005720343473319352,-0.0057507027546161785,-0.002665498409226169
0.0005560222408896356,-0.09188896460956673,-0.015383645737663995,-0.015415288386799262,-0.015424810674505572,-0.005526318993260529,-0.005720056457578384,-0.005750413195022563,-0.0026653653271556553
0.0005580223208928358,-0.09187874687423903,-0.0153818748727874,-0.01541352309724831,-0.015423036606219765,-0.005525618908372877,-0.005719364623159836,-0.005749714637732091,-0.0026650271592382614
0.0005600224008960358,-0.09187410167075778,-0.01538109796395927,-0.015412748045752349,-0.015422258361029166,-0.0055253293325313,-0.005719074752642449,-0.005749422196679054,-0.002664892703487331
0.000562022480899236,-0.09186384091886796,-0.015379319727598371,-0.015410975405557394,-0.01542047690800898,-0.005524626387879817,-0.005718380079209502,-0.0057487207738443884,-0.002664553169486006
0.0005640225609024361,-0.09185915293765508,-0.015378535488252708,-0.015410193044257009,-0.015419691319122327,-0.005524333968229506,-0.005718087385478616,-0.005748425483201666,-0.002664417355266387
0.0005660226409056363,-0.09184884964744605,-0.015376749962440778,-0.015408413135196593,-0.01541790256354446,-0.005523628195763214,-0.005717389904671584,-0.005747721226770684,-0.0026640764704301463
0.0005680227209088364,-0.09184411936790338,-0.015375958474809465,-0.015407623546068314,-0.015417109713337592,-0.005523332964330534,-0.005717094419444194,-0.00574742311856352,-0.002663939313027776
0.0005700228009120366,-0.09183377401992598,-0.015374165741975507,-0.015405836450315518,-0.015415313737775254,-0.005522624396152551,-0.005716394163056057,-0.0057467160606382035,-0.002663597092679197
0.0005720228809152366,-0.09182900192374305,-0.01537336708868299,-0.015405039715727282,-0.015414513709017095,-0.005522326385116704,-0.005716095918200457,-0.005746415167044656,-0.002663458607452967
0.0005740229609184368,-0.09181861500081595,-0.015371567231644996,-0.015403245515843003,-0.015412710596433182,-0.005521615053481571,-0.00571539291817421,-0.005745705339878466,-0.0026631150669869023
0.0005760230409216369,-0.09181380157192998,-0.015370761495701078,-0.015402441718546926,-0.015411903472278766,-0.0055213142951717545,-0.005715091945707375,-0.005745401693226692,-0.002662975269367306
0.0005780231209248371,-0.09180337355909912,-0.015368954597659102,-0.015400640497472896,-0.015410093306018837,-0.005520600232482764,-0.005714386234133316,-0.005744689129221815,-0.0026626304242496224
0.0005800232009280372,-0.0917985192836549,-0.015368141862452273,-0.015399829720598555,-0.015409279170002546,-0.005520296759375658,-0.005714082566218255,-0.005744382761987416,-0.002662489329737542
0.0005820232809312373,-0.09178805066815267,-0.015366328006981289,-0.015398021561650332,-0.015407462033787834,-0.005519579998182064,-0.005713374175331317,-0.00574366749369209,-0.002662143195503753
0.0005840233609344374,-0.0917831560344611,-0.015365508356271549,-0.015397203888697713,-0.01540664096981618,-0.005519273842898942,-0.005713067844274263,-0.005743358438495285,-0.0026620008196690946
0.0005860234409376375,-0.09177264730566692,-0.015363687627314845,-0.01539538887555801,-0.015404816947736847,-0.005518554415893385,-0.005712356806451373,-0.005742640498601106,-0.0026616534119231878
0.0005880235209408377,-0.09176771280416475,-0.01536286114522676,-0.015394564390390577,-0.015403989040081584,-0.0055182456111974604,-0.005712047844699202,-0.0057423287882041145,-0.002661509770403613
0.0005900236009440378,-0.09175716445356262,-0.015361033627088558,-0.015392742607101917,-0.01540215821658927,-0.005517523551213082,-0.005711334192456523,-0.0057416082095432305,-0.002661161104816622
0.000592023680947238,-0.09175219057677154,-0.01536020039810437,-0.01539191139393962,-0.015401323549880452,-0.005517212130006803,-0.005711022632594,-0.005741293876847511,-0.0026610162133162527
0.000594023760950438,-0.09174160309791017,-0.015358366175442993,-0.015390082924897535,-0.015399486009781653,-0.005516487470014617,-0.005710306398584206,-0.005740570692389967,-0.0026606663056250248
0.0005960238409536382,-0.09173659034039541,-0.015357526284395344,-0.015389245068309807,-0.015398644669000316,-0.00551617346533683,-0.005709992273331254,-0.00574025377043342,-0.0026605201799130983
0.0005980239209568383,-0.09172596422884648,-0.015355685442216152,-0.015387409998255785,-0.015396800497449079,-0.005515446238442912,-0.0057092734903408555,-0.005739528013284344,-0.00266016904591895
0.0006000240009600385,-0.09172091308717573,-0.015354838974281247,-0.015386565583154358,-0.01539595256792042,-0.0055151296834662225,-0.0057089568325498835,-0.005739208535238642,-0.002660021701828529
0.0006020240809632385,-0.09171024884049307,-0.01535299159792939,-0.015384723997168765,-0.015394101850411256,-0.0055143999229089555,-0.005708235533496456,-0.005738480238635512,-0.0026596693573959465
0.0006040241609664387,-0.09170515981319506,-0.015352138638619684,-0.015383873108800683,-0.015393247417797372,-0.005514080850936841,-0.005707916376149527,-0.005738158237803236,-0.002659520810822595
0.0006060242409696388,-0.0916944579308722,-0.015350284813773197,-0.015382025092295542,-0.015391390240158155,-0.005513348590084153,-0.005707192594078962,-0.0057374274351130955,-0.0026591672718778853
0.000608024320972839,-0.09168933151839585,-0.015349425448930355,-0.01538116781623617,-0.015390529390450974,-0.005513027034548293,-0.005706870970285121,-0.005737102944925061,-0.0026590175387783436
0.0006100244009760391,-0.09167859250182514,-0.015347565261592842,-0.015379313454948232,-0.015388665838835799,-0.005512292306894865,-0.00570614473836891,-0.005736369669641741,-0.0026586628213083325
0.0006120244809792393,-0.09167342920649628,-0.015346699577380682,-0.015378449877093915,-0.015387798658349758,-0.0055119683013522755,-0.005705820681361373,-0.005736042723654103,-0.0026585119176991668
0.0006140245609824393,-0.09166265355892729,-0.01534483311387423,-0.01537658925707735,-0.01538592881923178,-0.005511231140516757,-0.005705092032893802,-0.005735307009395433,-0.002658156037749845
0.0006160246409856395,-0.0916574538849085,-0.01534396119677143,-0.015375719463638427,-0.015385055394596942,-0.005510904718647037,-0.0057047655760272716,-0.005734977641287024,-0.0026580039797061586
0.0006180247209888396,-0.09164664211140593,-0.015342088543729508,-0.015373852671257866,-0.015383179354761165,-0.005510165158369271,-0.005704034544422685,-0.005734239521792048,-0.0026576469533813756
0.0006200248009920398,-0.09164140656465294,-0.01534121048052235,-0.015372976748751304,-0.015382299772915622,-0.005509836353971753,-0.005703705721170428,-0.005733907765361402,-0.0026574937570354035
0.0006220248809952399,-0.09163055917205384,-0.015339331724882287,-0.015371103870674328,-0.015380417619451496,-0.00550909442810987,-0.0057029723399603756,-0.005733167274487505,-0.002657135600495471
0.0006240249609984399,-0.09162528826027459,-0.015338447602657476,-0.01537022190591665,-0.015379531967634398,-0.005508763275100835,-0.00570264118391153,-0.005732833163650162,-0.0026569812820352824
0.0006260250410016401,-0.09161440575714738,-0.015336562831653645,-0.01536834302910694,-0.015377643787928915,-0.005508019017628567,-0.00570190548674208,-0.005732090335370366,-0.002656622011495701
0.0006280251210048402,-0.09160909998975966,-0.015335672737791262,-0.015367455109207015,-0.015376752153673135,-0.005507685550038429,-0.005701572031598895,-0.005731753904156045,-0.0026564665871638567
0.0006300252010080404,-0.09159818288636067,-0.01533378203894747,-0.015365570320916865,-0.015374858035403284,-0.005506938995042176,-0.005700834052227731,-0.005731008772556042,-0.0026561062188938927
0.0006320252810112405,-0.09159284277444958,-0.015332886061113377,-0.015364676533268614,-0.015373960506528148,-0.005506603247012641,-0.0057004983318026965,-0.005730670055105787,-0.0026559497049860725
0.0006340253610144406,-0.09158189158268146,-0.01533098952223585,-0.015362785921031729,-0.015372060537653729,-0.0055058544286886845,-0.005699758104096375,-0.005729922654381202,-0.0026555882553074652
0.0006360254410176407,-0.09157651763895659,-0.015330087748374636,-0.015361886353306918,-0.015371157202257693,-0.005505516434469917,-0.005699420152309406,-0.005729581684944524,-0.0026554306681711107
0.0006380255210208409,-0.09156553287232524,-0.01532818545754444,-0.015359990004931177,-0.015369251471013973,-0.005504765387121547,-0.005698677710240532,-0.005728832049398056,-0.0026550681534566792
0.000640025601024041,-0.09156012561107857,-0.01532727797587202,-0.015359084745071987,-0.015368342417467318,-0.005504425181069285,-0.005698337561116207,-0.0057284888623301035,-0.0026549095094896506
0.0006420256810272412,-0.09154910778465142,-0.015325370021438054,-0.015357182748632198,-0.015366431012357733,-0.005503671939104034,-0.005697592938760597,-0.005727737026368673,-0.00265454594616195
0.0006440257610304412,-0.09154366772171368,-0.015324456920434286,-0.01535627188484402,-0.015365516329295104,-0.005503329555676731,-0.005697250626425217,-0.005727391656127351,-0.0026543862618111282
0.0006460258410336414,-0.09153261735207517,-0.01532254339100566,-0.015354364328674396,-0.015363599339083869,-0.005502574153603347,-0.005696503857959053,-0.005726637654259173,-0.0026540216663410673
0.0006480259210368415,-0.09152714500477488,-0.015321624759407236,-0.015353447949418671,-0.015362679115397251,-0.005502229627359446,-0.00569615941663801,-0.005726290135402391,-0.0026538609581010673
0.0006500260010400417,-0.09151606260998521,-0.015319705743846128,-0.015351534922105774,-0.015360756629101958,-0.005501472099785177,-0.005695410536335029,-0.005725534002234229,-0.0026534953470065603
0.0006520260810432418,-0.09151055849710346,-0.015318781670638834,-0.01535061311609225,-0.015359830953932877,-0.0055011254653800365,-0.005695064000349733,-0.00572518436941684,-0.00265333363141826
0.000654026161046442,-0.09149944459665509,-0.015316857258052994,-0.01534869470646741,-0.0153579030608173,-0.0055003658470077045,-0.0056943130425784,-0.005724426139651053,-0.002652967021262846
0.000656026241049642,-0.09149390923838421,-0.015315927832464665,-0.015347767562647167,-0.015356972023549657,-0.005500017139190855,-0.005693964446343574,-0.005724074427622161,-0.0026528043149120855
0.0006580263210528422,-0.09148276435315846,-0.015313998112200088,-0.015345843859779263,-0.015355038813116074,-0.005499255464815974,-0.0056932114455641655,-0.005723314136053816,-0.0026524367223035488
0.0006600264010560423,-0.09147719827105802,-0.015313063423692987,-0.015344911467337114,-0.015354102503368777,-0.00549890471842819,-0.005692860823584952,-0.00572296037965379,-0.0026522730418197227
0.0006620264810592424,-0.09146602292328188,-0.015311128485326462,-0.015342982560525083,-0.015352164065350735,-0.005498141022936098,-0.005692105814346753,-0.005722198061167841,-0.0026519044834087263
0.0006640265610624426,-0.0914604266402363,-0.01531018862359007,-0.015342045008872318,-0.015351222572970164,-0.005497788272906519,-0.005691753201215897,-0.0057218422953254746,-0.0026517398454634273
0.0006660266410656426,-0.0914492213534396,-0.015308248556921696,-0.015340110987637816,-0.015349278997324932,-0.00549702259126942,-0.0056909962181543,-0.005721077984893788,-0.0026513703379421162
0.0006680267210688428,-0.09144359539361296,-0.015307303611864954,-0.015339168366404553,-0.015348332412377366,-0.005496667872612634,-0.005690641648549129,-0.005720720244623319,-0.0026512047592477
0.0006700268010720429,-0.09143236069258476,-0.01530535850691089,-0.015337229320484567,-0.015346383789278646,-0.005495900239886792,-0.005689882726382821,-0.005719953977301867,-0.0026508343193483498
0.0006720268810752431,-0.09142670558138018,-0.015304408568655196,-0.015336281719512738,-0.015345432202043225,-0.005495543587700005,-0.005689526235062613,-0.0057195942977002305,-0.0026506678166566327
0.0006740269610784432,-0.09141544199212505,-0.01530245851563998,-0.015334337738852007,-0.01534347862187339,-0.005494774039022759,-0.0056887654085906155,-0.005718826108626089,-0.0026502964611502026
0.0006760270410816433,-0.09140975825613813,-0.015301503674511264,-0.015333385248187411,-0.015342522122834082,-0.005494415488482743,-0.0056884070303934746,-0.005718464524869821,-0.002650129051250989
0.0006780271210848434,-0.09139846630583322,-0.015299548763860487,-0.015331436422931147,-0.015340563676177038,-0.00549364405906966,-0.0056876443344923405,-0.005717694449258341,-0.002649756796945813
0.0006800272010880436,-0.09139275447281144,-0.015298589110382165,-0.015330479132816602,-0.015339602356015704,-0.005493283645430043,-0.005687284104332534,-0.005717330996600887,-0.0026495884966655898
0.0006820272810912437,-0.09138143468976279,-0.01529662943271504,-0.015328525553303012,-0.015337639133649226,-0.005492510370571986,-0.005686519573953428,-0.005716559069742757,-0.0026492153604059277
0.0006840273610944439,-0.09137569528855921,-0.01529566505760008,-0.015327563554170151,-0.015336673083237601,-0.005492148129160104,-0.005686157526818282,-0.005716193783511305,-0.0026490461866063774
0.000686027441097644,-0.09136434820215716,-0.015293700703721795,-0.01532560531092289,-0.015334705176125776,-0.005491373044220271,-0.0056853911969841015,-0.005715420040769617,-0.0026486721852710437
0.0006880275211008441,-0.09135858176268871,-0.015292731697865642,-0.01532463869338538,-0.015333734486518369,-0.005491009010434441,-0.005685027367931293,-0.005715052956362378,-0.0026485021548477376
0.0006900276011040442,-0.09134720790336467,-0.01529076275875979,-0.015322675877106012,-0.015331761985804056,-0.005490232150845463,-0.0056842592737337055,-0.0057142774331696644,-0.0026481273053486696
0.0006920276811072444,-0.09134141495656731,-0.015289789213232638,-0.01532170473195171,-0.015330786748230471,-0.005489866360151976,-0.005683893697888283,-0.005713908586052878,-0.0026479564352296283
0.0006940277611104445,-0.09133001485575121,-0.01528781578005411,-0.015319737433512488,-0.015328809745228057,-0.005489087761413056,-0.005683123874484972,-0.005713131317908328,-0.0026475807545105674
0.0006960278411136445,-0.09132419593353598,-0.015286837786093318,-0.015318761851695919,-0.015327830051085308,-0.005488720249343186,-0.0056827565870364105,-0.005712760743613271,-0.0026474090616548365
0.0006980279211168447,-0.09131277012361012,-0.01528485995016031,-0.01531679016213196,-0.015325848637272843,-0.005487939947017071,-0.005681985069648016,-0.005711981766079636,-0.0026470325666898557
0.0007000280011200448,-0.09130692575882032,-0.015283877599163106,-0.015315810234767,-0.015324864578118125,-0.005487570749164293,-0.0056816161058474484,-0.005711609500199805,-0.002646860068086182
0.000702028081123245,-0.09129547477307706,-0.015281895451949752,-0.01531383424526896,-0.015322878845129895,-0.0054867887788743516,-0.005680842929754729,-0.005710828848900528,-0.0026464827758782973
0.0007040281611264451,-0.0912896054994432,-0.01528090883546545,-0.015312850063621151,-0.015321890512672744,-0.005486417930891257,-0.005680472324911865,-0.005710454927088627,-0.0026463094885436538
0.0007060282411296453,-0.09127812987203969,-0.015278922468594327,-0.01531086986552752,-0.015319900552291587,-0.0054856343283185335,-0.005679697525452808,-0.005709672637704872,-0.0026459314161234224
0.0007080283211328453,-0.09127223622413577,-0.015277931678316866,-0.015309881521006647,-0.015318908038386491,-0.005485261865913948,-0.005679325314933144,-0.005709297095669854,-0.0026457573571016333
0.0007100284011360455,-0.09126073649005169,-0.015275941183551436,-0.01530789720579657,-0.015316913942536566,-0.005484476666794327,-0.005678548927500009,-0.005708513203937661,-0.002645378521525799
0.0007120284811392456,-0.09125481900325048,-0.015274946311311715,-0.015306904789948917,-0.015315917339175115,-0.005484102625730339,-0.00567817514672181,-0.005708136077441808,-0.00264520370788611
0.0007140285611424458,-0.09124329569824272,-0.015272951780548712,-0.01530491644923423,-0.015313919199913961,-0.005483315865851463,-0.005677397206758244,-0.005707350619149047,-0.0026448241262361253
0.0007160286411456459,-0.0912373549086743,-0.015271952918307493,-0.015303920053735575,-0.015312918599217873,-0.005482940281940583,-0.005677021891189824,-0.005706971944005114,-0.002644648575071869
0.000718028721148846,-0.09122580856923233,-0.015269954443569364,-0.015301927779253603,-0.01531091650872903,-0.005482151997138962,-0.005676242434187913,-0.005706184954988562,-0.0026442682644525297
0.0007200288011520461,-0.0912198450137365,-0.015268951683409094,-0.015300927495900974,-0.015309912002941935,-0.0054817749062410276,-0.005675865619344469,-0.005705804767056692,-0.002644091992879642
0.0007220288811552463,-0.09120827617704029,-0.015266949356836448,-0.015298931379506836,-0.015307906053527333,-0.0054809851323991176,-0.005675084680841873,-0.00570501628319912,-0.0026437109704176656
0.0007240289611584464,-0.09120229039312407,-0.015265942790953873,-0.015297927300211348,-0.015306897735007373,-0.00548060657041838,-0.0056747064022826905,-0.005704634618383897,-0.002643533995573277
0.0007260290411616466,-0.09119069959699717,-0.01526393670479787,-0.0152959274338703,-0.015304888019079605,-0.005479815343461535,-0.0056739240178596,-0.005703844675611045,-0.002643152278415894
0.0007280291211648466,-0.09118469212279008,-0.0152629264254965,-0.015294919650649438,-0.01530387598029187,-0.005479435346343711,-0.005673544311185075,-0.005703461569858588,-0.002642974617456938
0.0007300292011680468,-0.0911730799056575,-0.015260916672111272,-0.015292916126429518,-0.01530186259036671,-0.0054786427022373236,-0.005672760516461405,-0.0057026702041362756,-0.0026425922227704813
0.0007320292811712469,-0.09116705127986827,-0.015259902771793935,-0.01529190473139983,-0.015300846923875762,-0.005478261305966699,-0.0056723794173101985,-0.00570228569343133,-0.002642413892872327
0.000734029361174447,-0.09115541818071114,-0.015257889443628898,-0.015289897641464007,-0.01529882995256454,-0.005477467280713154,-0.0056715942479425695,-0.005701492940762418,-0.0026420308378407955
0.0007360294411776472,-0.09114936894258302,-0.01525687201478995,-0.0152888827268333,-0.015297810751026637,-0.0054770845213095685,-0.005671211791988614,-0.005701107061125339,-0.0026418518561957816
0.0007380295211808472,-0.09113771550089494,-0.015254855204382496,-0.01528687216343223,-0.015295790291028628,-0.005476289150945393,-0.0056704252836675415,-0.005700312957546909,-0.0026414681580194856
0.0007400296011840474,-0.09113164619016106,-0.015253834339600347,-0.015285853821492144,-0.015294767647184298,-0.005475905064461298,-0.005670041506617145,-0.005699925745030724,-0.002641288541835529
0.0007420296811872475,-0.09111997294590361,-0.015251814139567964,-0.015283839876956452,-0.015292743791279222,-0.00547510838505414,-0.005669253695063973,-0.005699130326611005,-0.0026409042177296463
0.0007440297611904477,-0.09111388410274257,-0.015250789931497312,-0.015282818200074667,-0.015291717797945312,-0.005474723007571609,-0.005668868632652824,-0.0056987418172983915,-0.002640723984228805
0.0007460298411936478,-0.09110219159630079,-0.015248766434530079,-0.015280800966807331,-0.015289690638985472,-0.005473925055217228,-0.0056680795536168845,-0.005697945120133816,-0.002640339051421942
0.000748029921196848,-0.09109608376129283,-0.015247738975894423,-0.015279776047420097,-0.015288661389047843,-0.005473538422844993,-0.005667693241607181,-0.005697555350134206,-0.0026401582178390334
0.000750030001200048,-0.0910843725334303,-0.01524571227474729,-0.015277755617888803,-0.015286631019950571,-0.005472739233664339,-0.005666902930862773,-0.005696757410346418,-0.002639772693571822
0.0007520300812032482,-0.09107824624751254,-0.015244681658331366,-0.01527672754849347,-0.015285598606356353,-0.005472351382534865,-0.0056665154050402735,-0.005696366415793031,-0.0026395912771529765
0.0007540301612064483,-0.09106651683932873,-0.015242651845816815,-0.015274704015223267,-0.015283565120096645,-0.0054715509926711765,-0.005665723898383814,-0.0056955672695260424,-0.0026392051786767083
0.0007560302412096485,-0.09106037264375112,-0.015241618164458843,-0.015273672888370622,-0.015282529635846613,-0.005471161958937695,-0.005665335194554861,-0.005695175086572876,-0.0026390231966779876
0.0007580303212128486,-0.09104862559663618,-0.015239585333439163,-0.015271646343936088,-0.01528049312544931,-0.00547036040455346,-0.005664542527801977,-0.005694374769990015,-0.0026386365412531506
0.0007600304012160487,-0.09104246403291741,-0.015238548680023396,-0.015270612252222681,-0.015279454663590318,-0.005469970224386958,-0.005664152681790648,-0.0056939814348089465,-0.0026384540109391135
0.0007620304812192488,-0.09103069988850795,-0.015236512923402994,-0.01526858278924067,-0.015277415222122516,-0.005469167541660989,-0.005663358890773182,-0.005693179984089931,-0.002638066815834012
0.000764030561222449,-0.091024521498391,-0.015235473390852206,-0.015267545825301522,-0.015276373875740054,-0.005468776251247368,-0.0056629679384183115,-0.005692785532867778,-0.002637883754476325
0.0007660306412256491,-0.09101274079852495,-0.015233434801570023,-0.015265513536423135,-0.01527433159630341,-0.005467972476371828,-0.005662173058981321,-0.005691982984205694,-0.002637496036965601
0.0007680307212288493,-0.09100654612393254,-0.015232392482837556,-0.01526447379292384,-0.015273287458513547,-0.005467580111908747,-0.00566178103613358,-0.005691587453141109,-0.0026373124618415955
0.0007700308012320493,-0.09099474941060612,-0.015230351153859668,-0.01526243877082731,-0.015271242434236781,-0.0054667752810861605,-0.005660985104132584,-0.005690783842739525,-0.002636924239204919
0.0007720308812352494,-0.09098853899359619,-0.015229306141922078,-0.015261396340456507,-0.015270195598178915,-0.005466381878780271,-0.005660592046651478,-0.005690387268040186,-0.0026367401675961703
0.0007740309612384496,-0.0909767268089178,-0.015227262166233688,-0.015259358677839155,-0.015268147922210167,-0.0054655760282205645,-0.005659795097949303,-0.005689582632110081,-0.002636351457116705
0.0007760310412416497,-0.09097050119163991,-0.015226214554083227,-0.015258313653301197,-0.015267098481039363,-0.005465181624284438,-0.005659401041700366,-0.005689185049989677,-0.002636166906307676
0.0007780311212448499,-0.09095867407778872,-0.015224168024681402,-0.015256273442872285,-0.015265048246538456,-0.00546437479020205,-0.005658603112164416,-0.005688379424746653,-0.0026357777252707603
0.00078003120124805,-0.0909524338024391,-0.015223117905318162,-0.015255225916879445,-0.01526399629341763,-0.005463979420851196,-0.0056582080930162055,-0.0056879808714218865,-0.0026355927125473193
0.0007820312812512501,-0.09094059230161836,-0.015221068915204345,-0.01525318325135239,-0.01526194359354895,-0.005463171639462078,-0.00565740921851546,-0.005687174293083113,-0.0026352030782390468
0.0007840313612544502,-0.09093433791039693,-0.015220016381628959,-0.015252133316617412,-0.01526088922164149,-0.00546277534091214,-0.005657013272336596,-0.00568677480477085,-0.0026350176208871077
0.0007860314412576504,-0.09092248256479159,-0.015217965023801124,-0.015250088288702359,-0.015258834149565805,-0.005461966648430831,-0.005656213488738707,-0.005685967309552082,-0.0026346275505928886
0.0007880315212608505,-0.09091621459985588,-0.015216910169006975,-0.015249036037930772,-0.015257777452028031,-0.0054615694568944575,-0.005655816651395059,-0.005685566922466295,-0.002634441665897005
0.0007900316012640507,-0.0909043459515863,-0.015214856536452024,-0.01524698874032692,-0.015255720100895017,-0.005460759889531058,-0.005655015994563357,-0.0056847585465790215,-0.002634051176900137
0.0007920316812672507,-0.0908980649550095,-0.015213799453417836,-0.015245934266209718,-0.015254661170868456,-0.00546036184121508,-0.005654618301915067,-0.005684357296927888,-0.0026338648821420496
0.0007940317612704509,-0.09088618354608834,-0.015211743639104176,-0.015243884791597712,-0.01525260163380938,-0.005459551435172286,-0.005653816807705644,-0.005683548076576234,-0.0026334739917223435
0.000796031841273651,-0.09087989005981223,-0.015210684420786167,-0.01524282818680338,-0.015251540564412963,-0.005459152566274628,-0.005653418295604094,-0.005683146000559135,-0.0026332873041795823
0.0007980319212768512,-0.09086799643210126,-0.015208626517656136,-0.015240776627837979,-0.015249478934532932,-0.0054583413577449676,-0.005652615999863004,-0.005682335971937038,-0.002632896029611971
0.0008000320012800513,-0.09086169099789497,-0.015207565256980686,-0.015239717985005433,-0.015248415818855866,-0.0054579417044518285,-0.005652216704148073,-0.005681933105741691,-0.00263270896655646
0.0008020320812832514,-0.0908497856930591,-0.015205505357942755,-0.01523766443430767,-0.01524635218922601,-0.005457129729614416,-0.005651413642708251,-0.0056811223050298515,-0.002632317325109516
0.0008040321612864515,-0.0908434688524735,-0.015204442147798817,-0.015236603846038393,-0.01524528712031988,-0.005456729328097297,-0.0056510135992052825,-0.00568071868482931,-0.0026321299038061983
0.0008060322412896516,-0.09083155241193853,-0.015202380345720613,-0.01523454839618842,-0.01524322158397046,-0.005455916623115245,-0.005650209807883808,-0.0056799071481924346,-0.002631737912740854
0.0008080323212928518,-0.09082522470626327,-0.01520131527895217,-0.01523348595503922,-0.015242154654841838,-0.005455515509527961,-0.005649809052400794,-0.005679502810142168,-0.002631550150446228
0.0008100324012960519,-0.09081329767117079,-0.01519925166665218,-0.0152314286985685,-0.015240087304753892,-0.005454702110545115,-0.005649004566995801,-0.005678690573725807,-0.002631157827014245
0.000812032481299252,-0.09080695964138968,-0.015198184836050836,-0.015230364497043873,-0.015239018608356867,-0.005454300321020969,-0.005648603135320437,-0.005678285553960823,-0.002630969740975049
0.0008140325613024521,-0.0907950225525548,-0.0151961195062915,-0.015228305526427845,-0.015236949537455345,-0.0054534862641592175,-0.0056477979916083705,-0.00567747265388861,-0.0026305771024177065
0.0008160326413056523,-0.09078867473930077,-0.015195051004588435,-0.015227239656972157,-0.015235879166683494,-0.005453083834807853,-0.005647395919505045,-0.005677066988520367,-0.00263038870986939
0.0008180327213088524,-0.09077672813716518,-0.015192984050068256,-0.015225179064622589,-0.015233808467829187,-0.005452269156164021,-0.00564659015323764,-0.005676253460890935,-0.002629995773416032
0.0008200328013120526,-0.09077037108067851,-0.015191913969927244,-0.015224111619613004,-0.015232736515508636,-0.005451866123068695,-0.005646187476444656,-0.005675847186004536,-0.002629807091581461
0.0008220328813152526,-0.09075841550526914,-0.015189845483273288,-0.015222049497870486,-0.01523066428149086,-0.0054510508587116745,-0.005645381123346035,-0.005675033066888682,-0.0026294138744481052
0.0008240329613184528,-0.09075204974535302,-0.015188773917283052,-0.015220980569609362,-0.015229590840372438,-0.005450647257926256,-0.005644977877572706,-0.0056746262185399425,-0.002629224920536146
0.0008260330413216529,-0.09074008573623782,-0.015186703991043668,-0.015218917010736055,-0.015227517163901682,-0.0054498314438941545,-0.005644170973336605,-0.005673811543977739,-0.0026288314399241356
0.0008280331213248531,-0.09073371181221387,-0.015185631031710235,-0.015217846691443347,-0.015226442326653485,-0.005449427311440205,-0.005643767194260321,-0.005673404158190219,-0.0026286422311282286
0.0008300332013280532,-0.09072173990845779,-0.015183559758347422,-0.015215781787615292,-0.015224367300353633,-0.005448610983737325,-0.005642959774547088,-0.005672588964188008,-0.0026282485042228
0.0008320332813312534,-0.09071535835912332,-0.015182485498086784,-0.015214710169421258,-0.015223291159553504,-0.005448206355601165,-0.00564255549781043,-0.005672181076950113,-0.0026280590577195916
0.0008340333613344534,-0.0907033790992456,-0.015180412969968743,-0.015212644012721082,-0.015221214875954603,-0.0054473895501951685,-0.0056417475982442015,-0.005671365399477712,-0.0026276651016884753
0.0008360334413376536,-0.09069699046282984,-0.015179337501099396,-0.015211571187658745,-0.015220137524082711,-0.005446984462325025,-0.005641342859452081,-0.005670957046739807,-0.0026274754346364477
0.0008380335213408537,-0.09068500438475872,-0.015177263810492987,-0.015209503870068034,-0.015218060075613195,-0.005446167215143939,-0.005640534515617845,-0.005670140921727408,-0.0026270812666284943
0.0008400336013440539,-0.09067860919888013,-0.015176187225228543,-0.015208429930065945,-0.015216981605044753,-0.005445761703447065,-0.0056401293503347185,-0.005669732139398998,-0.002626891396166585
0.000842033681347254,-0.09066661683991144,-0.015174112464291933,-0.01520636154345795,-0.015214903084024246,-0.00544494405037648,-0.005639320597775504,-0.005668915602734462,-0.0026264970333103985
0.000844033761350454,-0.09066021564153151,-0.01517303485473321,-0.015205286580332216,-0.015213823587021332,-0.005444538150716011,-0.005638915041522232,-0.005668506426681,-0.0026263069765564964
0.0008460338413536542,-0.09064821753828378,-0.015170959115508378,-0.015203217216464447,-0.015211744085653074,-0.005443720127596102,-0.005638105915736176,-0.005667689514206851,-0.002625912435959021
0.0008480339213568543,-0.09064181086366657,-0.015169880573636555,-0.0152021413219119,-0.01521066365435805,-0.005443313875788477,-0.005637700003987423,-0.005667279980247138,-0.0026257222100087444
0.0008500340013600545,-0.09062980755203769,-0.01516780394804179,-0.01520007107241849,-0.015208583264721269,-0.005442495518411083,-0.005636890540424916,-0.005666462727757651,-0.00262532750875386
0.0008520340813632546,-0.090623395936706,-0.01516672456571064,-0.015198994338009121,-0.01520750199114882,-0.005442088950222957,-0.005636484308606166,-0.0056660528716608255,-0.0026251371306790965
0.0008540341613664547,-0.09061138795183304,-0.015164647145533595,-0.015196923294394062,-0.015205420805192002,-0.00544127029432892,-0.005635674542667142,-0.005665235314899343,-0.002624742285826362
0.0008560342413696548,-0.09060497193052489,-0.015163567014462333,-0.015195845811563519,-0.015204338781221991,-0.005440863445474393,-0.005635268026151911,-0.005664825172382032,-0.0026245517726739124
0.000858034321372855,-0.0905929598067364,-0.01516148889135186,-0.0151937740651925,-0.015202256890754565,-0.005440044526750358,-0.0056344579931827355,-0.005664007347037784,-0.0026241568012570424
0.0008600344013760551,-0.09058653991336202,-0.015160408103117562,-0.015192695925234938,-0.01520117420812451,-0.005439637432888041,-0.00563405122728967,-0.005663596953761242,-0.002623966170047231
0.0008620344813792553,-0.09057452418413889,-0.015158329368577084,-0.015190623567328611,-0.015199091704810224,-0.005438818286963833,-0.005633240962580554,-0.005662778895466709,-0.0026235710890728297
0.0008640345613824553,-0.09056810095173821,-0.015157248014607461,-0.01518954486138923,-0.015198008455108008,-0.005438410983693994,-0.005632833982570628,-0.005662368287033899,-0.002623380356798171
0.0008660346413856555,-0.09055608214966858,-0.015155168759987087,-0.015187471983015505,-0.015195925430456987,-0.005437591646139594,-0.005632023521352587,-0.005661550031361819,-0.0026229851832442986
0.0008680347213888556,-0.09054965611036767,-0.01515408693155298,-0.015186392802083204,-0.015194841705113404,-0.005437184169001286,-0.005631616362426219,-0.005661139243314568,-0.002622794366868084
0.0008700348013920558,-0.09053763476710522,-0.015152007248042491,-0.015184319494150111,-0.015192758250475204,-0.005436364675324089,-0.005630805739868372,-0.0056603208257751435,-0.002622399117682932
0.0008720348813952559,-0.09053120645207376,-0.01515092503625058,-0.015183239929050156,-0.015191674140756537,-0.005435957059792243,-0.005630398437162601,-0.005659909893591277,-0.0026222082341378823
0.0008740349613984561,-0.09051918309829467,-0.015148845014872016,-0.01518116628229862,-0.01518959034731264,-0.005435137445434157,-0.005629587688369317,-0.00565909134962934,-0.002621812926238408
0.0008760350414016561,-0.0905127530377051,-0.015147762510657907,-0.015180086423685693,-0.015188505944313804,-0.005434729726916939,-0.0056291802769551395,-0.005658680308719956,-0.002621621992425387
0.0008780351214048562,-0.0905007282030653,-0.015145682242258087,-0.01517801252868193,-0.0151864219030703,-0.0054339100272514885,-0.005628369436963158,-0.005657861673712032,-0.002621226642695924
0.0008800352014080564,-0.09049429692604799,-0.015144599536378388,-0.015176932467032389,-0.015185337297706962,-0.0054335022410872255,-0.0056279619518424945,-0.005657450559418477,-0.002621035675482472
0.0008820352814112565,-0.09048227113914159,-0.015142519111622071,-0.015174858414161203,-0.015183253099487433,-0.005432682491416841,-0.005627151055618257,-0.005656631868670054,-0.002620640300773445
0.0008840353614144567,-0.09047583917374293,-0.015141436294647542,-0.015173778239766077,-0.015182168382489017,-0.005432274672871261,-0.005626743531721259,-0.005656220716261219,-0.0026204493169924704
0.0008860354414176567,-0.0904638129620595,-0.015139355804009807,-0.015171704119223108,-0.015180084117927022,-0.005431454908424384,-0.0056259326141579755,-0.005655402005003878,-0.002620053934118996
0.0008880355214208569,-0.0904573808352011,-0.01513827296631797,-0.01517062392218094,-0.015178999379829517,-0.005431047092687883,-0.005625525086340253,-0.005654990849673318,-0.0026198629505674643
0.000890035601424057,-0.09044535472508339,-0.015136192500077111,-0.015168549823965788,-0.015176915139361629,-0.005430227348616117,-0.005624714182255209,-0.005654172153061949,-0.0026194675763080064
0.0008920356814272572,-0.09043892296251863,-0.015135109731845188,-0.015167469694175345,-0.0151758304705002,-0.00542981957080085,-0.005624306685294969,-0.005653761029925131,-0.0026192766097455594
0.0008940357614304573,-0.09042689747912054,-0.015133029380075434,-0.015165395708084171,-0.015173746344358476,-0.005428999882176218,-0.005623495829426695,-0.005652942383035063,-0.0026188812608406143
0.0008960358414336574,-0.09042046660539334,-0.015131946771273044,-0.015164315735237327,-0.015172661834860383,-0.005428592177313342,-0.005623088398022082,-0.005652531327126517,-0.002618690327988252
0.0008980359214368575,-0.09040844227263774,-0.01512986662383741,-0.015162241950855773,-0.015170577913065333,-0.00542777257912541,-0.005622277625027537,-0.005651712764950739,-0.0026182950211389683
0.0009000360014400577,-0.09040201281104007,-0.015128784264219226,-0.015161162224430187,-0.015169493652842581,-0.0054273649821622435,-0.0056218702937937065,-0.005651301811221237,-0.0026181041386776913
0.0009020360814432578,-0.09038999015157767,-0.015126704410762396,-0.015159088731126251,-0.015167410025196008,-0.0054265455093153855,-0.005621059638245616,-0.005650483368667641,-0.002617708890544582
0.000904036161446458,-0.09038356262410896,-0.015125622389861355,-0.015158009340378536,-0.015166326103938458,-0.005426138055112703,-0.005620652441712158,-0.005650072551981511,-0.0026175180751140947
0.000906036241449658,-0.09037154215927679,-0.015123542919802613,-0.015155936227295556,-0.015164242860016332,-0.005425318742423351,-0.0056198419380962044,-0.005649254263870107,-0.0026171229023157112
0.0009080363214528582,-0.0903651170866009,-0.015122461326922448,-0.015154857261253901,-0.015163159367184242,-0.005424911465752517,-0.00561943491070426,-0.005648843619002339,-0.002616932170513067
0.0009100364014560583,-0.09035309933638082,-0.01512038232944844,-0.015152784617303256,-0.015161076596329509,-0.0054240923479463255,-0.005618624593416386,-0.005648025520062468,-0.002616537089624651
0.0009120364814592585,-0.09034667723778657,-0.015119301253656878,-0.015151706164760586,-0.015159993621146742,-0.00542368528348661,-0.005618217769515928,-0.005647615081696084,-0.0026163464580029523
0.0009140365614624586,-0.09033466272076308,-0.01511722281771454,-0.015149634078614877,-0.015157911412462238,-0.005422866395195745,-0.005617407672859546,-0.005646797206563684,-0.0026159514855551447
0.0009160366414656586,-0.09032824411412099,-0.015116142347836013,-0.015148556228121512,-0.01515682904390885,-0.005422459577531479,-0.005617001086706715,-0.005646387009286803,-0.0026157609706222063
0.0009180367214688588,-0.09031623334744054,-0.015114064562125402,-0.015146484788207196,-0.015154747486250201,-0.005421640953291774,-0.005616191244889947,-0.00564556939250158,-0.0026153661230996794
0.0009200368014720589,-0.09030981874916262,-0.015112984786733955,-0.015145407628064036,-0.015153665813055517,-0.005421234416909632,-0.005615784930644257,-0.005645159470804799,-0.0026151757413167393
0.0009220368814752591,-0.09029781224849319,-0.01511090773970158,-0.015143336922554693,-0.015151584995024168,-0.00542041609115798,-0.005614975377777323,-0.005644342146807608,-0.002614781035156949
0.0009240369614784592,-0.09029140217349281,-0.015109828747114131,-0.015142260540806246,-0.015150504105659959,-0.005420009870444343,-0.005614569369499014,-0.005643932535081299,-0.0026145908029373555
0.0009260370414816594,-0.09027940045298233,-0.015107752526945498,-0.015140190657615503,-0.015148424115596025,-0.0054191918775158545,-0.005613760139591488,-0.005643115538211269,-0.002614196254529224
0.0009280371214848594,-0.09027299541463292,-0.015106674405214703,-0.015139115142042898,-0.015147344098269283,-0.005418786006753985,-0.005613354471238823,-0.005642706270742797,-0.002614006188237154
0.0009300372014880596,-0.09026099898686932,-0.015104599099827691,-0.015137046168817505,-0.015145265024244773,-0.005417968380879355,-0.005612545598196947,-0.005641889635234781,-0.0026136118139197615
0.0009320372814912597,-0.09025459949696286,-0.015103521936734877,-0.015135971606931418,-0.015144185966890692,-0.005417562894246686,-0.005612140303623459,-0.005641480746205751,-0.002613421929868878
0.0009340373614944599,-0.09024260887293313,-0.015101447633772675,-0.015133903631044323,-0.015142107896702445,-0.005416745669549465,-0.0056113318212474665,-0.005640664506187523,-0.0026130277459301865
0.00093603744149766,-0.0902362154416407,-0.01510037151682097,-0.015132830110078065,-0.015141029886977549,-0.005416340601114908,-0.005610926934199332,-0.005640256029671129,-0.0026128380603823898
0.0009380375215008601,-0.09022423113069035,-0.015098298303645038,-0.015130763218621442,-0.015138952908140168,-0.005415523811608746,-0.0056101188761807285,-0.00563944021916064,-0.002612444083057925
0.0009400376015040602,-0.09021784426652203,-0.015097223320052588,-0.015129690825524319,-0.015137876033415574,-0.005415119195330048,-0.005609714430294171,-0.005639032189119013,-0.0026122546122220726
0.0009420376815072604,-0.09020586677631535,-0.015095151283735845,-0.015127625105302737,-0.015135800233154736,-0.00541430287491606,-0.005608906830213119,-0.005638216842021838,-0.0026118608576936714
0.0009440377615104605,-0.0901994869860798,-0.015094077520428809,-0.015126553926733005,-0.015134724580508947,-0.005413898744637094,-0.0056085028590116505,-0.005637809292303297,-0.0026116716177242744
0.0009460378415136607,-0.0901875168225593,-0.01509200674774891,-0.015124489464256596,-0.015132650045754344,-0.005413082927101208,-0.0056076957503343496,-0.005636994442409845,-0.002611278102118801
0.0009480379215168607,-0.09018114461132351,-0.015090934291354588,-0.015123419586574592,-0.015131575701966582,-0.005412679316549253,-0.005607292287226131,-0.005636587406746243,-0.0026110891091147516
0.0009500380015200609,-0.09016918227867153,-0.015088864868787006,-0.015121356468052403,-0.01512950251934533,-0.005411864035559536,-0.005606485703302162,-0.0056357730877292095,-0.0026106958485028536
0.000952038081523261,-0.09016281814972198,-0.0150877938056272,-0.015120287977313945,-0.015128429570888719,-0.005411460978342718,-0.005606082781577483,-0.005635366599733331,-0.0026105071185061886
0.0009540381615264611,-0.0901508641503188,-0.015085725819338223,-0.015118226288646801,-0.015126357826718229,-0.0054106462674466844,-0.005605276755637129,-0.005634552845144913,-0.0026101141289009643
0.0009560382415296613,-0.09014450860512142,-0.015084656235422296,-0.015117159270596281,-0.01512528635975303,-0.005410243797051326,-0.005604874408465711,-0.005634146938307833,-0.0026099256778955916
0.0009580383215328613,-0.09013256343950839,-0.015082589771262662,-0.01511509909737042,-0.015123216140034581,-0.005409429689673357,-0.00560406897361745,-0.005633333781577231,-0.00260953297525142
0.0009600384015360615,-0.09012621697766927,-0.015081521752280941,-0.01511403363743424,-0.015122146240401306,-0.005409027839461262,-0.00560366723404588,-0.0056329284892656034,-0.002609344819161854
0.0009620384815392616,-0.09011428114450781,-0.0150794568957788,-0.015111975064914424,-0.015120077630813064,-0.005408214368899987,-0.00560286242327374,-0.005632115963696343,-0.002608952419373077
0.0009640385615424618,-0.09010794426373335,-0.01507839052709551,-0.015110911248193809,-0.01511900938402569,-0.005407813172105838,-0.005602461324222756,-0.0056317113191498005,-0.002608764574063166
0.0009660386415456619,-0.0900960182597661,-0.015076327363449825,-0.015108854361316624,-0.015116942469915958,-0.00540700037153144,-0.005601657170383689,-0.005630899457917069,-0.002608372492962859
0.0009680387215488621,-0.09008969145582607,-0.015075262730097039,-0.015107792272581898,-0.01511587596115566,-0.0054065998612603805,-0.005601256744645872,-0.005630495494245786,-0.0026081849742346287
0.0009700388015520621,-0.09007777577583899,-0.015073201344170936,-0.015105737155949114,-0.015113810827536453,-0.005405787763712096,-0.00560045328046726,-0.005629684330393934,-0.002607793227593394
0.0009720388815552623,-0.09007145954252604,-0.015072138530841241,-0.015104676879632139,-0.015112746141644413,-0.005405387972936857,-0.005600053560704173,-0.005629281080575809,-0.0026076060511857056
0.0009740389615584624,-0.09005955467930893,-0.015070079007155485,-0.0151026236175043,-0.015110682873184664,-0.0054045766113204165,-0.005599250818781257,-0.005628470647015738,-0.002607214654710417
0.0009760390415616626,-0.09005324950840067,-0.015069018098195993,-0.015101565237692476,-0.01510962009465591,-0.005404177572878967,-0.0055988518375211386,-0.005628068143893989,-0.00260702783629783
0.0009780391215648628,-0.0900413559527095,-0.015066960520922148,-0.015099513913982147,-0.015107558775674925,-0.005403366979963932,-0.005598049850314449,-0.00562725847340057,-0.0026066368056304095
0.0009800392015680628,-0.09003506233393006,-0.01506590160032747,-0.01509845751441157,-0.015106497988651326,-0.005402968726556788,-0.005597651639949493,-0.0056268567496810685,-0.0026064503608218977
0.000982039281571263,-0.09002318057444775,-0.015063846053281508,-0.015096408212676755,-0.015104438703112096,-0.005402158934974023,-0.005596850439782307,-0.005626047874890548,-0.002606059711538062
0.000984039361574463,-0.09001689899542961,-0.015062789204687349,-0.015095353876725755,-0.015103379991376132,-0.005401761499161804,-0.005596453032566254,-0.0056256469631393346,-0.0026058736558758257
0.0009860394415776633,-0.09000502951872862,-0.015060735771323188,-0.015093306680163524,-0.015101322822878882,-0.005400952541400942,-0.005595652651622117,-0.005624838916546877,-0.0026054834034839346
0.0009880395215808634,-0.0899987604649748,-0.015059681077999923,-0.015092254490846252,-0.015100266269846984,-0.00540055595560171,-0.005595256079667693,-0.005624438849187587,-0.002605297752442167
0.0009900396015840634,-0.08998690375548,-0.015057629841402891,-0.015090209482286366,-0.015098211301622838,-0.005399747864008724,-0.0055944565499879365,-0.005623631663144735,-0.0026049079123820033
0.0009920396815872635,-0.089980647710327,-0.015056577386249107,-0.015089159522246409,-0.015097156990339023,-0.005399352160495605,-0.005594060845264428,-0.005623232472456154,-0.0026047226813657445
0.0009940397615904636,-0.08996880425027658,-0.015054528429129362,-0.015087116784144573,-0.01509510430524322,-0.005398544967270117,-0.005593262198745624,-0.005622426179168259,-0.002604333269007283
0.000996039841593664,-0.08996256169485667,-0.015053478294665407,-0.015086069135648516,-0.01509405231837266,-0.005398150178168745,-0.005592867393076339,-0.005622027897281773,-0.002604148473351175
0.000998039921596864,-0.08995073196426644,-0.015051431699351737,-0.015084028750080393,-0.015092001998878498,-0.005397343915361697,-0.005592069661467886,-0.005621222528805578,-0.0026037595039934223
0.001000040001600064,-0.08994450337746875,-0.015050383967713188,-0.015082983495011134,-0.015090952418700773,-0.005396950072647642,-0.005591675786527652,-0.005620825187702592,-0.0026035751589605265
0.0010020400816032641,-0.08993268785409358,-0.015048339816146524,-0.015080945543665637,-0.015088904546892897,-0.005396144772158676,-0.00559087900142925,-0.00562002077594365,-0.0026031866478303024
0.0010040401616064644,-0.08992647371252938,-0.015047294569077996,-0.015079902763516548,-0.01508785745529612,-0.0053957519076550595,-0.0055904860887420705,-0.005619624407453305,-0.0026030027686109315
0.0010060402416096645,-0.08991467287182774,-0.015045252942805154,-0.015077867327689785,-0.015085812112864447,-0.005394947601230194,-0.005589690281601388,-0.0056188209841636525,-0.0026026147308617523
0.0010080403216128646,-0.089908473649793,-0.015044210261654098,-0.015076827103558262,-0.015084767591338828,-0.005394555746605288,-0.0055892983625379505,-0.005618425619960242,-0.0026024313325723122
0.0010100404016160646,-0.08989668796488891,-0.015042171241821443,-0.015074794264147158,-0.015082724859572069,-0.005393752465834363,-0.005588503564648096,-0.00561762321673585,-0.002602043783283169
0.001012040481619265,-0.08989050413432814,-0.0150411312075317,-0.015073756676728197,-0.015081682989203446,-0.005393361652599026,-0.00558811267042338,-0.005617228888336427,-0.002601860880964976
0.001014040561622465,-0.08987873407597624,-0.015039094874878969,-0.015071726514224436,-0.01507964294898309,-0.005392559428913334,-0.005587318912920577,-0.0056164275366148075,-0.002601473835139206
0.001016040641625665,-0.08987256610644413,-0.015038057567984474,-0.015070691643804524,-0.01507860381044674,-0.005392169688418616,-0.005586929074591383,-0.005616034275376702,-0.0026012914437573047
0.0010180407216288652,-0.08986081214299184,-0.01503602400283846,-0.015068664238288013,-0.015076566542240504,-0.005391368553088418,-0.005586136388452483,-0.0056152340064344565,-0.0026009049163214105
0.0010200408016320655,-0.08985466050161978,-0.015034989503457297,-0.01506763216473913,-0.015075530215795153,-0.005390979916523209,-0.005585747636915153,-0.005614841843552937,-0.002600723050763471
0.0010220408816352655,-0.08984292309897286,-0.01503295878572569,-0.015065607595872157,-0.015073495799650971,-0.005390179900655355,-0.005584956052955306,-0.005614042688503372,-0.0026003370565659814
0.0010240409616384656,-0.0898367882504322,-0.015031927173553866,-0.01506457839864547,-0.015072462365132466,-0.005389792399043957,-0.005584568418943294,-0.005613651655009259,-0.0026001557316411416
0.0010260410416416657,-0.08982506787201829,-0.015029899382719333,-0.015062556745666544,-0.015070430880672545,-0.0053889935335796006,-0.0055837779678136745,-0.005612853644800051,-0.0025997702854515083
0.0010280411216448658,-0.08981895027848419,-0.01502887073702452,-0.015061530503786315,-0.015069400417487664,-0.005388607197779315,-0.005583391481895142,-0.005612463771557227,-0.002599589515889204
0.001030041201648066,-0.08980724738521814,-0.015026845952138506,-0.015059511845504142,-0.01506737194390221,-0.005387809513491434,-0.00558260219408048,-0.005611666936968024,-0.0025992046323966337
0.0010320412816512661,-0.08980114750633515,-0.015025820351754178,-0.015058488637561804,-0.015066344531022846,-0.005387424374190271,-0.005582216886656109,-0.005611278254671223,-0.002599024432845546
0.0010340413616544662,-0.08978946255658206,-0.01502379865143064,-0.015056473052349004,-0.015064319147063784,-0.005386627901681253,-0.005581428792472333,-0.0056104826263111834,-0.0025986401266578484
0.0010360414416576663,-0.08978338084942865,-0.015022776174750067,-0.015055452956497158,-0.015063294863020816,-0.005386243989395568,-0.00558104469377287,-0.005610095165483572,-0.0025984605116847193
0.0010380415216608666,-0.08977171429897125,-0.015020757637159899,-0.01505344052228467,-0.015061272646996237,-0.005385448759095076,-0.005580257823364952,-0.005609300773789244,-0.00259807679732729
0.0010400416016640667,-0.0897656512180251,-0.015019738362130036,-0.015052423616231035,-0.015060251569873472,-0.005385066104167198,-0.005579874963448965,-0.005608914564780097,-0.002597897781415832
0.0010420416816672667,-0.08975400352002758,-0.015017723064994784,-0.015050414410501964,-0.015058232599641437,-0.005384272146329713,-0.005579089346788495,-0.005608121440012928,-0.002597514673330457
0.0010440417616704668,-0.08974795951713102,-0.01501670706911043,-0.015049400771503608,-0.015057214807069709,-0.005383890778925708,-0.005578707755540085,-0.005607736512995337,-0.002597336270880281
0.0010460418416736671,-0.08973633112210545,-0.015014695089696757,-0.015047394871287456,-0.015055199160032503,-0.005383098123628283,-0.005577923422423121,-0.00560694468523949,-0.0025969537834240938
0.0010480419216768672,-0.08973030664643128,-0.01501368244999463,-0.015046384576144755,-0.015054184729183781,-0.005382718073735583,-0.005577543129549625,-0.00560656107020804,-0.002596776008749554
0.0010500420016800673,-0.08971869800220252,-0.01501167386510791,-0.015044382058011379,-0.015052172482281712,-0.00538192675087551,-0.005576760109594246,-0.005605770569367996,-0.002596394156193903
0.0010520420816832673,-0.08971269350021953,-0.015010664658160873,-0.01504337518306232,-0.01505116148986334,-0.005381548048300693,-0.005576381144624003,-0.005605388296136546,-0.0025962170235230794
0.0010540421616864676,-0.08970110505189192,-0.015008659544139899,-0.015041376123116422,-0.015049152719569133,-0.005380758087593259,-0.005575599467268225,-0.005604599151934936,-0.002595835820052461
0.0010560422416896677,-0.08969512096733194,-0.015007653846051218,-0.015040372744230892,-0.01504814524181798,-0.005380380761959821,-0.005575221859548369,-0.005604218250134343,-0.0025956593435260485
0.0010580423216928678,-0.08968355315725657,-0.015005652278762275,-0.015038377218106138,-0.015046140024131236,-0.005379592192936145,-0.00557444155404792,-0.005603430492109686,-0.002595278803237091
0.0010600424016960679,-0.08967758993108084,-0.015004650165159722,-0.015037377410680145,-0.015045136136807927,-0.005379216273682205,-0.005574065332742166,-0.005603050991185569,-0.0025951029969073346
0.001062042481699268,-0.08966604319882074,-0.01500265221999078,-0.015035385493533433,-0.015043134547248998,-0.005378429125686906,-0.005573286428168184,-0.005602264648690038,-0.0025947231338076565
0.0010640425617024682,-0.08966010126918578,-0.015001653766021018,-0.015034389332483274,-0.01504213432563214,-0.005378054642062992,-0.005572911622254552,-0.005601886577900509,-0.002594548011637273
0.0010660426417056683,-0.08964857605148346,-0.014999659517876095,-0.015032401098989004,-0.015040136439236582,-0.005377268944251966,-0.005572134147491435,-0.005601101680097668,-0.002594168839644459
0.0010680427217088684,-0.08964265585370972,-0.014998664798199082,-0.015031408658745953,-0.015039139958117332,-0.005376895925318883,-0.0055717607857601785,-0.005600725068511244,-0.002593994415505643
0.0010700428017120685,-0.08963115258445431,-0.014996674321492631,-0.015029424183090655,-0.015037145849430267,-0.005376111706657206,-0.005570984769503442,-0.005599941644373931,-0.0025936159484461997
0.0010720428817152688,-0.08962525455099189,-0.014995683410276047,-0.015028435537595123,-0.015036153183106547,-0.005375740181283751,-0.005570612880554827,-0.005599566520867256,-0.0025934422361195393
0.0010740429617184688,-0.08961377366118772,-0.014993696778927501,-0.015026454893471888,-0.015034162926177331,-0.005374957470543519,-0.005569838351308992,-0.005598784599175427,-0.0025930644877278854
0.001076043041721669,-0.08960789822158621,-0.014992709749841121,-0.015025470116168053,-0.015033174148448335,-0.00537458746740445,-0.005569467963551216,-0.0055984109924311805,-0.002592891500901349
0.001078043121724869,-0.08959644013931829,-0.014990727037269152,-0.01502349337677061,-0.015031187816824582,-0.005373806293162443,-0.005568694949627544,-0.005597630601769649,-0.0025925144848187157
0.0010800432017280693,-0.08959058772019152,-0.014989743963479211,-0.015022512540600701,-0.01503020300098504,-0.005373437840736177,-0.005568326091274467,-0.005597258540274294,-0.002592342237086585
0.0010820432817312694,-0.08957915287059584,-0.014987765242596405,-0.015020539778618534,-0.015028220667707475,-0.0053726582313719596,-0.005567554620788996,-0.005596479709030717,-0.0025919659668600967
0.0010840433617344694,-0.0895733238955937,-0.014986786196760513,-0.015019562956017779,-0.015027239886542705,-0.005372291357938604,-0.005567187319858256,-0.005596109221072552,-0.002591794471722037
0.0010860434417376695,-0.08956191270082492,-0.014984811539967982,-0.01501759424363038,-0.0150252616241396,-0.005371513341632263,-0.005566417420729607,-0.005595331977435261,-0.0025914189608036166
0.0010880435217408698,-0.0895561075905991,-0.014983836594229388,-0.015016621506521237,-0.015024284949919621,-0.00537114807527141,-0.005566051705040354,-0.005594963091102153,-0.0025912482316636006
0.00109004360174407,-0.08954472046979896,-0.014981866073411251,-0.015014656915392836,-0.015022310830401495,-0.005370371680001542,-0.005565283404987742,-0.005594187463058077,-0.0025908734934090246
0.00109204368174727,-0.0895389396419725,-0.014980895299393643,-0.015013688335179834,-0.015021338334875785,-0.0053700080485901925,-0.005564919302158657,-0.005593820206235429,-0.00259070354357435
0.00109404376175047,-0.08952757701123874,-0.014978928985911832,-0.015011727936454049,-0.015019368429729889,-0.0053692333021317555,-0.005564152628699727,-0.005593046221567971,-0.0025903295912422194
0.0010960438417536703,-0.08952182088037604,-0.014977962454713865,-0.01501076358401854,-0.015018400184122194,-0.005368871333342289,-0.005563790166146944,-0.0055926806219367044,-0.0025901604339225474
0.0010980439217568704,-0.08951048315273133,-0.014976000419402715,-0.01500880744831306,-0.015016434564307329,-0.005368098263264572,-0.005563025146595827,-0.005591908308223745,-0.002589787280673333
0.0011000440017600705,-0.08950475213030779,-0.014975038201593287,-0.015007847394008069,-0.01501547063931047,-0.005367737984562766,-0.005562664351530999,-0.005591544393258251,-0.002589618928979733
0.0011020440817632706,-0.08949343971567121,-0.014973080514754529,-0.015005895591409807,-0.015013509375252003,-0.005366966618227437,-0.005561901012996332,-0.005590773777870168,-0.002589246587874826
0.0011040441617664707,-0.08948773421004072,-0.014972122680366875,-0.015004939905054549,-0.015012549841022332,-0.005366608056870282,-0.005561541912424504,-0.005590411574836191,-0.0025890790548187344
0.001106044241769671,-0.0894764475151948,-0.014970169411764258,-0.01500299250511394,-0.015010593002606615,-0.005365838421429238,-0.005560780281807259,-0.005589642684933675,-0.0025887075388194144
0.001108044321772871,-0.08947076793156122,-0.014969216030291162,-0.015002041255988878,-0.015009637928759085,-0.00536548160446304,-0.005560422902524907,-0.005589282220886376,-0.002588540837311717
0.001110044401776071,-0.08945950736012385,-0.014967267249145204,-0.015000098327715091,-0.015007685585328386,-0.005364713726856446,-0.005559663006516571,-0.00558851508341853,-0.00258817015927824
0.0011120444817792712,-0.08945385410051201,-0.014966318389534107,-0.014999151584557016,-0.015006735040931656,-0.005364358681114859,-0.005559307375109744,-0.0055881563852005715,-0.0025880043021283762
0.0011140445617824715,-0.0894426200529073,-0.014964374164517631,-0.014997213196413051,-0.015004787261279455,-0.005363592588069323,-0.005558549240190389,-0.005587391026903055,-0.002587634474819087
0.0011160446417856715,-0.0894369935161333,-0.014963429895165222,-0.014996271027409845,-0.015003841314850492,-0.005363239340171338,-0.00555819538303266,-0.005587034121142547,-0.0025874694747340505
0.0011180447217888716,-0.08942578638956111,-0.014961490294397821,-0.014994337247307305,-0.015001898167216119,-0.005362475058197794,-0.0055574390354689324,-0.005586270568535448,-0.0025871005108043734
0.0011200448017920717,-0.0894201869712014,-0.014960550683145182,-0.014993399720092948,-0.015000956886715268,-0.005362123634545779,-0.0055570869787194745,-0.005585915481643965,-0.0025869363803877657
0.001122044881795272,-0.0894090071596088,-0.014958615774188146,-0.01499147061538698,-0.014999018438778947,-0.005361361189937555,-0.005556332444562609,-0.005585153761029904,-0.0025865682923892808
0.001124044961798472,-0.08940343525197376,-0.014957680888315887,-0.014990537797036727,-0.014998081891605156,-0.005361011616715377,-0.0055559822141643565,-0.005584800519200673,-0.002586405044140469
0.0011260450418016721,-0.08939228314602701,-0.014955750738167845,-0.014988613434521486,-0.014996148210483253,-0.005360251035546386,-0.005555229519248455,-0.005584040656662995,-0.0025860378445200687
0.0011280451218048722,-0.08938673913813162,-0.01495482064439122,-0.014987685391547077,-0.014995216463469093,-0.005359903338717527,-0.005554881140926188,-0.00558368928586896,-0.0025858754908332283
0.0011300452018080725,-0.089375615125188,-0.014952895319482937,-0.014985765837450763,-0.014993287615709276,-0.005359144646840388,-0.005554130310866307,-0.00558293130726977,-0.002585509191932184
0.0011320452818112726,-0.0893700994027244,-0.014951970083947027,-0.014984842635795552,-0.01499236073511614,-0.005358798852146033,-0.005553783810124814,-0.00558258183326171,-0.0025853477450954363
0.0011340453618144727,-0.08935900386680311,-0.014950049650136632,-0.014982927955775452,-0.014990436786692369,-0.005358042075190054,-0.0055530348703150085,-0.005581825764239992,-0.002584982359148472
0.0011360454418176727,-0.08935351681211103,-0.014949129338411409,-0.01498200966080956,-0.014989514838205589,-0.005357698208147229,-0.005552690272437188,-0.0055814782125446355,-0.002584821831342934
0.0011380455218208728,-0.08934245013386613,-0.014947213860979662,-0.014980099919947438,-0.014987595854513407,-0.005356943371516653,-0.005551943248048747,-0.005580724078514397,-0.0025844573704773715
0.0011400456018240731,-0.0893369921259075,-0.01494629853805548,-0.01497918659646319,-0.014986678903237795,-0.0053566014574164085,-0.005551600578093846,-0.005580378474432621,-0.0025842977737763613
0.0011420456818272732,-0.08932595468260132,-0.014944388081701173,-0.014977281859260765,-0.014984764949089872,-0.005355848586288636,-0.005550855494073546,-0.005579626300581157,-0.002583934250011265
0.0011440457618304733,-0.0893205260969327,-0.014943477811984266,-0.01497637357146813,-0.014983853059544824,-0.005355508650194283,-0.0055505147768754315,-0.00557928266918623,-0.002583775596379409
0.0011460458418336733,-0.0893095182624089,-0.01494157244081965,-0.014974473901842358,-0.014981944199166252,-0.005354757769518052,-0.005549771657943703,-0.005578532480472291,-0.0025834130216247464
0.0011480459218368736,-0.0893041194711529,-0.014940667288126973,-0.014973570713364,-0.014981037435281069,-0.005354419836263243,-0.0055494329181089075,-0.005578190846607926,-0.0025832553229170737
0.0011500460018400737,-0.08929314161580779,-0.014938767065672862,-0.014971676174642314,-0.014979133732304408,-0.005353670970756716,-0.005548691788757998,-0.0055774426677598085,-0.002582893708972761
0.0011520460818432738,-0.08928777298762883,-0.014937867093228058,-0.014970778148509447,-0.014978232157414022,-0.0053533350649437594,-0.00554835505066408,-0.005577103056038524,-0.002582736976933915
0.0011540461618464739,-0.08927682547838804,-0.014935972082409757,-0.014968888803425671,-0.014976333674875348,-0.005352588239092983,-0.005547615935156476,-0.005576356911552512,-0.0025823763354891087
0.0011560462418496742,-0.08927148737846606,-0.014935077352838687,-0.014967996002073557,-0.01497543735171589,-0.005352254385091179,-0.005547281222950383,-0.005576019346353932,-0.0025822205817525403
0.0011580463218528742,-0.0892605705787565,-0.014933187615981306,-0.014966111912763203,-0.01497354415205002,-0.005351509623148188,-0.005546544145316978,-0.005575275260492474,-0.0025818609243847433
0.0011600464018560743,-0.08925526336875926,-0.014932298191307192,-0.014965224398026446,-0.014972653142753803,-0.0053511778450919005,-0.005546211482913129,-0.005574939765961375,-0.0025817061604717813
0.0011620464818592744,-0.08924437763848367,-0.014930413790131113,-0.014963345626022249,-0.014970765287789772,-0.005350435171073051,-0.005545476466951488,-0.0055741977627513,-0.002581347498645997
0.0011640465618624747,-0.08923910167654285,-0.014929529731770568,-0.014962463459130751,-0.01496987965388158,-0.005350105492860174,-0.005545145878030251,-0.005573864362796201,-0.002581193735965154
0.0011660466418656748,-0.08922824737205605,-0.014927650727387467,-0.014960590065358551,-0.01496799720483863,-0.005349364930544467,-0.0055444129473031,-0.005573124466027129,-0.0025808360810331576
0.0011680467218688748,-0.08922300301274233,-0.01492677209614601,-0.01495971330693308,-0.014967117007231096,-0.005349037375834702,-0.00554408445530905,-0.005572793184318372,-0.002580683330879253
0.001170046801872075,-0.08921218048682485,-0.014924898549054407,-0.014957845351707633,-0.014965240024714301,-0.00534829894876216,-0.005543353633142535,-0.005572055417541115,-0.0025803266940787476
0.001172046881875275,-0.08920696808112209,-0.014924025405122289,-0.014956974061755604,-0.014964365323703622,-0.005347973540975355,-0.005543027261282877,-0.005571726277509353,-0.0025801749676321486
0.0011740469618784753,-0.08919617768295512,-0.014922157375203112,-0.01495511160477599,-0.014962493867699376,-0.005347237272445211,-0.005542298570764792,-0.005570990664034005,-0.0025798193600859703
0.0011760470418816754,-0.08919099757823687,-0.014921289778151114,-0.01495424584268731,-0.014961624722961253,-0.005346914034759711,-0.005541974342007727,-0.005570663688868542,-0.0025796686684118075
0.0011780471218848754,-0.08918023965337919,-0.01491942732466375,-0.014952388943033076,-0.014959758852833347,-0.005346179947828963,-0.005541247805986147,-0.005569930251763086,-0.002579314101127159
0.0011800472018880755,-0.08917509219338367,-0.014918565333438976,-0.01495152876757595,-0.01495889532341874,-0.0053458589031800076,-0.0055409257430591805,-0.005569605464410232,-0.002579164455174547
0.0011820472818912758,-0.08916436708374793,-0.014916708515017337,-0.01494967748370307,-0.014957035097904308,-0.005345127020661803,-0.005540201384140801,-0.005568874226498933,-0.0025788109390422875
0.001184047361894476,-0.08915925260855603,-0.014915852187939302,-0.01494882295302015,-0.01495617724223544,-0.005344808191739984,-0.005539881509529369,-0.005568551649660447,-0.0025786623496436094
0.001186047441897676,-0.08914856065238415,-0.014914001062587464,-0.014946977342756776,-0.014954322719440818,-0.005344078536201939,-0.005539159350077886,-0.005567822633522212,-0.0025783098954374217
0.001188047521900876,-0.08914347949839334,-0.014913150457343887,-0.014946128514360862,-0.014953470595307123,-0.005343761945451584,-0.0055388416860236165,-0.005567502289653737,-0.002578162373307517
0.0011900476019040763,-0.0891328210302338,-0.014911305082432246,-0.014944288634903559,-0.014951621832703774,-0.005343034539214337,-0.005538121748158215,-0.00556677551762053,-0.0025778109916832328
0.0011920476819072764,-0.08912777353013696,-0.01491046025607514,-0.014943445565673789,-0.014950775497257747,-0.00534272020883194,-0.005537806316657455,-0.005566457428930001,-0.002577664547418691
0.0011940477619104765,-0.08911714888082205,-0.014908620688336505,-0.014941611473583501,-0.0149489325516785,-0.005341995073967553,-0.0055370886222513615,-0.005565732923085427,-0.002577314248913523
0.0011960478419136766,-0.08911213536358555,-0.01490778169727858,-0.014940774219761675,-0.014948092061432272,-0.005341683025900396,-0.005536775445053796,-0.005565417111531698,-0.0025771688929920105
0.0011980479219168769,-0.08910154486020849,-0.014905947992804282,-0.01493894597095988,-0.014946254989067306,-0.005340960184230899,-0.005536060015732703,-0.005564694893709375,-0.002576819688023848
0.001200048001920077,-0.08909656565104758,-0.014905114892814604,-0.014938114588146369,-0.01494542039988831,-0.0053406504401754115,-0.005535749114339719,-0.005564381381000566,-0.0025766754308033045
0.001202048081923277,-0.08908600961694087,-0.014903287107050746,-0.014936292237911366,-0.014943589256281458,-0.005339929913271297,-0.005535035971480357,-0.005563661472782763,-0.0025763273296700055
0.001204048161926477,-0.08908106503729941,-0.014902459953251432,-0.014935466781061387,-0.014942760623388961,-0.005339622494671674,-0.005534727367143676,-0.005563350280374858,-0.0025761841813880418
0.0012060482419296774,-0.08907054379201254,-0.01490063814099508,-0.0149336503840245,-0.014940935463433938,-0.005338904303850448,-0.00553401653187239,-0.0055626327030909644,-0.00257583719426674
0.0012080483219328775,-0.08906563415954107,-0.014899816987857355,-0.014932830907444662,-0.01494011284139526,-0.005338599231897191,-0.005533710245592635,-0.005562323852186417,-0.002575695165039865
0.0012100484019360775,-0.08905514801882007,-0.014898001203252999,-0.014931020517586704,-0.014938293719331997,-0.00533788339822198,-0.005533001738783971,-0.00556160862691156,-0.002575349301986301
0.0012120484819392776,-0.08905027364735346,-0.014897186104593473,-0.01493020707493096,-0.014937477162058635,-0.005337580693850402,-0.005532697791309163,-0.005561302138457759,-0.0025752084018092736
0.0012140485619424777,-0.08903982292311838,-0.014895376401129168,-0.01492840274557844,-0.014935664131469599,-0.005336867238128471,-0.005531991633584402,-0.005560589286011331,-0.0025748636727570837
0.001216048641945678,-0.08903498412265733,-0.01489456741010664,-0.01492759538984504,-0.014934853692214119,-0.00533656692201746,-0.005531690045408805,-0.005560285180699368,-0.0025747239115022813
0.001218048721948878,-0.08902456912298254,-0.014892763840610692,-0.014925797173666737,-0.01493304680602081,-0.00533585586479887,-0.005530986257134659,-0.005559574721643696,-0.002574380326262376
0.0012200488019520781,-0.0890197661996702,-0.01489196100972217,-0.014924995957194195,-0.01493224253737284,-0.005335557957369364,-0.005530687048497163,-0.005559273019906821,-0.002574241713679086
0.0012220488819552782,-0.0890093872287647,-0.014890163626359662,-0.014923203906197802,-0.014930441847832357,-0.005334849318945672,-0.0055299856497844834,-0.0055585649745458245,-0.002573899281939016
0.0012240489619584785,-0.08900462048486896,-0.014889367007437142,-0.014922408880661845,-0.014929643801715369,-0.005334553840359379,-0.005529688840667421,-0.005558265696558217,-0.0025737618276528255
0.0012260490419616786,-0.08899427784305379,-0.014887575861706264,-0.014920623046190214,-0.014927849360416785,-0.005333847640762145,-0.0055289898513697115,-0.005557560084936002,-0.0025734205589760624
0.0012280491219648787,-0.08898954757694631,-0.014886785505913394,-0.014919834262600214,-0.014927057588084736,-0.005333554610920272,-0.005528695461497528,-0.00555726325061142,-0.0025732842724882255
0.0012300492019680787,-0.08897924156063773,-0.01488500064864219,-0.014918054695328264,-0.014925269445945839,-0.005332850869919874,-0.005527998901209774,-0.005556560092511012,-0.002572944176313608
0.001232049281971279,-0.0889745480667749,-0.01488421660647084,-0.014917272204024036,-0.014924483997979769,-0.005332560308461745,-0.005527706950047754,-0.005556265721501498,-0.0025728090670004383
0.0012340493619744791,-0.08896427896846461,-0.014882438087814163,-0.014915498953955537,-0.014922702205243917,-0.005331859045566159,-0.00552701283810519,-0.00555556503644361,-0.0025724701526415768
0.0012360494419776792,-0.08895962253736767,-0.014881660409081121,-0.014914722804603858,-0.014921923131548534,-0.00533157097186792,-0.005526723344858105,-0.005555273148138164,-0.002572336229753788
0.0012380495219808793,-0.08894939064560331,-0.014879888278517057,-0.014912955921068059,-0.014920147737781268,-0.005330872206321309,-0.005526031700334878,-0.005554574955379875,-0.002571998506398415
0.0012400496019840796,-0.08894477156384067,-0.014879117012360901,-0.014912186162659664,-0.014919375087581902,-0.005330586639494811,-0.005525744683945844,-0.005554285568903276,-0.0025718657790605617
0.0012420496819872796,-0.08893457716320684,-0.014877351318687669,-0.014910425694308066,-0.014917606141667584,-0.005329890390276297,-0.005525055525653738,-0.005553589887436762,-0.002571529255769928
0.0012440497619904797,-0.08892999571337594,-0.014876586513565672,-0.01490966237515459,-0.014916839963507154,-0.005329607349167778,-0.005524771004803063,-0.005553303021648361,-0.0025713977329798743
0.0012460498419936798,-0.08891983908447723,-0.014874827304898714,-0.014907908369958022,-0.014915077513646229,-0.005328913634990382,-0.00552408435129044,-0.005552609870199764,-0.0025710624186882263
0.0012480499219968799,-0.08891529554518618,-0.014874069008583653,-0.014907151537688778,-0.01491431785538198,-0.0053286331381792815,-0.005523802344394285,-0.0055523255436922166,-0.0025709321093164753
0.0012500500020000802,-0.08890517696462918,-0.014872316332352429,-0.014905404042934218,-0.014912561949087681,-0.005327941977488601,-0.005523118213944862,-0.005551634940720428,-0.0025705980128304736
0.0012520500820032802,-0.08890067161047857,-0.014871564591929658,-0.014904653744493237,-0.014911808857888106,-0.005327664043286403,-0.00552283873915416,-0.005551353171818572,-0.002570468925619666
0.0012540501620064803,-0.08889059135085461,-0.014869818494874676,-0.014902912806781054,-0.014910059541983624,-0.005326975454259514,-0.005522157149785849,-0.005550665135514083,-0.0025701360556178035
0.0012560502420096804,-0.0888861244524213,-0.014869073356739131,-0.014902169088424127,-0.01490931306432569,-0.005326700100708579,-0.005521880224985168,-0.005550385942273759,-0.00257000819918217
0.0012580503220128807,-0.08887608278228902,-0.014867333884909113,-0.014900434753664997,-0.014907570384941131,-0.005326014101252884,-0.0055212011944489395,-0.005549700490557521,-0.002569676564214265
0.0012600504020160808,-0.0888716546061086,-0.014866595394762495,-0.014899697660956819,-0.014906830566607295,-0.0053257413461253325,-0.005520926837255348,-0.005549423890764442,-0.002569549947039057
0.0012620504820192808,-0.08886165178997812,-0.014864862593511422,-0.01489796997436892,-0.014905094569176916,-0.005325057953877476,-0.0055202503830341886,-0.005548741041286778,-0.00256921955552572
0.001264050562022481,-0.08885726259853088,-0.014864130796359513,-0.014897239552180594,-0.014904361455252575,-0.005324787814674206,-0.005519978610796307,-0.005548467052455595,-0.0025690941859667664
0.0012660506420256812,-0.08884729889684558,-0.014862404710343986,-0.01489551855828678,-0.014902632184511853,-0.005324107046998905,-0.0055193047501040215,-0.005547786822595018,-0.0025687650461988427
0.0012680507220288813,-0.0888429489485364,-0.014861679650493386,-0.014894794850792401,-0.014901905819382081,-0.005323839540948287,-0.005519035579900698,-0.005547515461967948,-0.0025686409324819142
0.0012700508020320814,-0.08883302461766017,-0.014859960323669786,-0.014893080593417724,-0.014900183319365186,-0.0053231614149374116,-0.005518364329681017,-0.005546837868830248,-0.0025683130526200334
0.0012720508820352814,-0.08882871416680642,-0.01485924204472592,-0.014892363644092407,-0.014899463746712473,-0.005322896558994457,-0.005518097778320539,-0.005546569153376344,-0.0025681902028404655
0.0012740509620384817,-0.08881882945900577,-0.014857529520347804,-0.01489065616636116,-0.014897748060749522,-0.0053222210914658724,-0.005517429155246016,-0.005545894213793438,-0.002567863590914516
0.0012760510420416818,-0.08881455875582094,-0.014856818065211951,-0.014889946017978078,-0.014897035323551177,-0.005321958902311184,-0.00551716523926503,-0.005545628160207385,-0.0025677420130366807
0.001278051122044882,-0.08880471391925152,-0.014855112385827514,-0.014888245362311557,-0.01489532649426574,-0.005321286109807846,-0.005516499259736079,-0.005544955890736449,-0.0025674166769453443
0.001280051202048082,-0.08880048320982878,-0.0148544077966941,-0.014887542056939297,-0.014894620634790778,-0.005321026603846433,-0.005516237995398472,-0.00554469251543753,-0.0025672963788021135
0.001282051282051282,-0.08879067848851999,-0.014852709004143627,-0.014885848265053092,-0.014892918704097197,-0.005320356502635379,-0.0055155746755423595,-0.005544022932359889,-0.0025669723263124153
0.0012840513620544823,-0.08878648801482066,-0.014852011322498082,-0.014885151844053491,-0.01489221976390457,-0.00532009969599594,-0.005515316078838506,-0.005543762251491198,-0.0025668533156047893
0.0012860514420576824,-0.08877672364866124,-0.014850319457911524,-0.014883464956955014,-0.014890524773005688,-0.005319432302067274,-0.005514655434508445,-0.005543095370811435,-0.002566530554351598
0.0012880515220608825,-0.08877257364849844,-0.014849628724527702,-0.014882775460980583,-0.014889832792941524,-0.005319178210601173,-0.005514399521154178,-0.005542837400238832,-0.0025664128386482265
0.0012900516020640826,-0.0887628498732224,-0.014847943828322196,-0.014881095518966748,-0.014888144782326045,-0.005318513539667171,-0.005513741567928368,-0.005542173237683804,-0.0025660913761338324
0.0012920516820672829,-0.08875874058024837,-0.01484726008326005,-0.014880412987958334,-0.014887459802521241,-0.005318262178947458,-0.005513488353364073,-0.00554191799299497,-0.0025659749628705584
0.001294051762070483,-0.08874905762742297,-0.014845582195137768,-0.014878740030613409,-0.014885778811961733,-0.005317600246441756,-0.0055128331065448545,-0.0055412565640130034,-0.00256565480646427
0.001296051842073683,-0.0887449892711154,-0.014844905477741005,-0.014878064503797916,-0.014885100871829798,-0.005317351631762301,-0.005512582605934559,-0.005541004060516622,-0.002565539702943726
0.001298051922076883,-0.08873534736812594,-0.014843234636686783,-0.01487639856999101,-0.014883426940380196,-0.0053166924528389,-0.005511930080547505,-0.005540345380276562,-0.0025652208598813966
0.0013000520020800834,-0.08873132017377557,-0.014842564985580765,-0.01487573008587923,-0.01488275607861497,-0.00531644659921361,-0.005511682308778107,-0.005540095633001421,-0.002565107073272595
0.0013020520820832835,-0.08872171954381394,-0.014840901229859885,-0.014874071213762233,-0.014881089244608455,-0.005315790188746022,-0.005511032519571216,-0.005539439716391773,-0.0025647895506562706
0.0013040521620864835,-0.08871773373251168,-0.014840238682949545,-0.014873409810146836,-0.014880425499182127,-0.00531554711090798,-0.005510787491251671,-0.005539192740085985,-0.0025646770879942087
0.0013060522420896836,-0.08870817459456454,-0.0148385820501058,-0.014871758037152374,-0.014878765800229121,-0.005314893483488536,-0.0055101404526945105,-0.005538539601714161,-0.0025643608927917133
0.001308052322092884,-0.08870423038318824,-0.014837926644573184,-0.014871103751105421,-0.014878109208389683,-0.0053146531958890315,-0.005509898182154817,-0.0055382954108442045,-0.002564249760976923
0.001310052402096084,-0.08869471295202386,-0.014836277171426722,-0.01486945911394485,-0.014876456681375716,-0.00531400236582799,-0.005509253908437815,-0.005537645065035699,-0.0025639349000214865
0.001312052482099284,-0.08869081055322921,-0.014835628943729456,-0.014868811981816275,-0.014875807279645561,-0.005313764882635974,-0.005509014409728532,-0.005537403673785811,-0.002563825105819769
0.0013140525621024841,-0.08868133503938636,-0.01483398666637477,-0.01486717451647747,-0.014874161960729155,-0.005313116863960712,-0.005508372914762088,-0.00553675613458335,-0.002563511585809626
0.0013160526421056844,-0.08867747466159293,-0.014833345652243802,-0.014866534573892814,-0.014873519784902733,-0.005312882199061903,-0.005508136201653389,-0.005536517556854673,-0.0025634031358516035
0.0013180527221088845,-0.08866804127136997,-0.014831710606047847,-0.014864904315638538,-0.01487188170951373,-0.005312237005516286,-0.00550749749906728,-0.005535872838017639,-0.002563090963349697
0.0013200528021120846,-0.08866422311875277,-0.014831076840485805,-0.014864271597497328,-0.014871246794655773,-0.005312005172512483,-0.005507263585048298,-0.005535637087427528,-0.002562983864130523
0.0013220528821152847,-0.0886548320541974,-0.014829449060086297,-0.014862648580863377,-0.014869615997493434,-0.005311362817556081,-0.0055066276881908785,-0.005534995202431087,-0.002562673045564116
0.0013240529621184847,-0.08865105632667326,-0.014828822577365317,-0.014862023121336972,-0.014868988377937119,-0.005311133829764402,-0.0055063965864690124,-0.005534762292312357,-0.002562567303443082
0.001326053042121685,-0.0886417077855704,-0.014827202096668641,-0.014860407380130055,-0.014867364892968107,-0.005310494326571713,-0.00550576350840649,-0.005534123254346789,-0.0025622578451034196
0.0013280531221248851,-0.08863797467879074,-0.01482658293032908,-0.014859789212660342,-0.014866744602313398,-0.005310268197024019,-0.0055055352319066855,-0.005533893197747104,-0.0025621534663036855
0.0013300532021280852,-0.08862866885465485,-0.014824969782508936,-0.014858180779956856,-0.01486512846277044,-0.005309631558484037,-0.0055049049854226486,-0.005533257019717245,-0.0025618453743457403
0.0013320532821312853,-0.08862497855999435,-0.014824357965357382,-0.01485756993725426,-0.014864515533882305,-0.005309408299926171,-0.005504679546786815,-0.005533029829398416,-0.00256174236495399
0.0013340533621344856,-0.0886157156420585,-0.014822752182852906,-0.014855968845398373,-0.014862906772262307,-0.005308774538641521,-0.005504052144381341,-0.0055323965239229365,-0.002561435645396095
0.0013360534421376856,-0.08861206834660636,-0.014822147746960761,-0.014855365359440455,-0.014862301237269192,-0.005308554163532768,-0.0055038295559677415,-0.005532172212360317,-0.002561334011362246
0.0013380535221408857,-0.08860284851981347,-0.014820549361475095,-0.014853771640042665,-0.014860699885331778,-0.005307923291819216,-0.005503205009857026,-0.0055315417917711236,-0.0025610286700858413
0.0013400536021440858,-0.08859924440636381,-0.014819952338176777,-0.014853175542072378,-0.014860101775624005,-0.0053077058123316544,-0.005502985283739572,-0.005531320371152974,-0.0025609284172227503
0.001342053682147286,-0.08859006785135791,-0.01481836138067559,-0.014851589226007952,-0.014858507864389928,-0.005307077842217496,-0.005502363605855248,-0.005530692847494629,-0.002560624459972092
0.0013440537621504862,-0.08858650709840254,-0.014817771800567467,-0.01485100054653251,-0.014857917210618346,-0.005306863270235493,-0.005502146753823085,-0.005530474329721701,-0.002560525593955335
0.0013460538421536862,-0.08857737399151977,-0.014816188301277216,-0.014849421663939958,-0.014856330770368057,-0.005306238213460935,-0.005501527955811603,-0.005529849714750816,-0.0025602230263371863
0.0013480539221568863,-0.0885738567732384,-0.014815606194215866,-0.014848840432729094,-0.014855747602442508,-0.005306026560580486,-0.005501313989368473,-0.005529634111435565,-0.002560125552704729
0.0013500540021600866,-0.08856476728650059,-0.014814030182622876,-0.014847269013009095,-0.014854168662714873,-0.005305404428597254,-0.005500698082590711,-0.005529012416620381,-0.002559824380188186
0.0013520540821632867,-0.08856129377275446,-0.014813455577723955,-0.014846695259093967,-0.014853593009803,-0.005305195706125621,-0.005500487012954487,-0.005528799739086644,-0.0025597283043401796
0.0013540541621664868,-0.08855224807386043,-0.014811887082572977,-0.014845131330907889,-0.014852021599394047,-0.005304576510096333,-0.005499874008485202,-0.005528180975606479,-0.002559428532256405
0.0013560542421696868,-0.08854881843018396,-0.014811320008209745,-0.01484456508257968,-0.01485145348991979,-0.005304370729051389,-0.0054996658465873505,-0.005527971234888864,-0.002559333859454917
0.001358054322172887,-0.08853981668250249,-0.0148097590575025,-0.01484300867384837,-0.01484988963688133,-0.005303754479849136,-0.005499055755214675,-0.005527355413633594,-0.0025590354929968767
0.0013600544021760872,-0.08853643107009726,-0.01480919954130502,-0.014842449958657286,-0.014849329098524055,-0.005303551650959045,-0.00549885051169987,-0.005527148620477132,-0.0025589422283657276
0.0013620544821792873,-0.08852747343266021,-0.014807646162299229,-0.014840901096559864,-0.014847772830162542,-0.005302938359166892,-0.005498243343924836,-0.005526535752046743,-0.0025586452725879848
0.0013640545621824874,-0.08852413200838749,-0.014807094231152824,-0.014840349941313825,-0.014847219889855687,-0.005302738492869601,-0.005498041029150482,-0.005526331916906359,-0.002558553421112476
0.0013660546421856874,-0.08851521863588446,-0.014805548450361224,-0.014838808652286711,-0.014845671232731266,-0.005302128168780234,-0.005497436795186745,-0.005525722011610577,-0.002558257880931039
0.0013680547221888877,-0.08851192155226015,-0.014805004130405676,-0.01483826508305038,-0.014845125916661378,-0.005301931275223044,-0.005497237419222547,-0.005525521144650712,-0.0025581674474578087
0.0013700548021920878,-0.08850305259503152,-0.01480346597359491,-0.014836731392786354,-0.014843584896586826,-0.005301323928838347,-0.005496636128995857,-0.005524914212508629,-0.002557873327649897
0.001372054882195288,-0.08849980000021894,-0.014802929290223317,-0.014836195434880194,-0.014843047230192507,-0.005301130017877576,-0.005496439701623511,-0.005524716323602841,-0.002557784316886692
0.001374054962198488,-0.08849097560425084,-0.014801398782412904,-0.014834669368327216,-0.01484151387223217,-0.005300525658908251,-0.005495841364771383,-0.005524112374342445,-0.0025574916220905673
0.0013760550422016883,-0.08848776764205751,-0.014800869760271054,-0.01483414104632663,-0.014840983880203398,-0.005300334740108911,-0.005495647895484197,-0.005523917473073116,-0.0025574040386061323
0.0013780551222048883,-0.08847898794897638,-0.014799346925732575,-0.014832622627687062,-0.014839458208672385,-0.0052997333779741,-0.0054950525213556065,-0.005523316516131032,-0.0025571127733209397
0.0013800552022080884,-0.08847582475884687,-0.014798825588717701,-0.014832101965421288,-0.014838935914949272,-0.005299545460609441,-0.005494862019358104,-0.0055231246117889155,-0.0025570266215447887
0.0013820552822112885,-0.08846708990591491,-0.014797310450974033,-0.014830591218151295,-0.014837417953412682,-0.005298947104436512,-0.005494269617013143,-0.005522526656310057,-0.0025567367901304116
0.0013840553622144888,-0.08846397162292793,-0.014796796822234393,-0.014830078238702948,-0.014836903381185026,-0.00529876219748787,-0.005494082091220899,-0.0055223377578941385,-0.0025566520743527388
0.0013860554422176889,-0.088455281743039,-0.014795289404058857,-0.014828575185511363,-0.014835393152457183,-0.005298166856112006,-0.00549349266943046,-0.005521742812731375,-0.0025563636810296392
0.001388055522220889,-0.08845220849790192,-0.014794783505992748,-0.014828069911215528,-0.01483488632416359,-0.005297984968268401,-0.005493308128469697,-0.005521556928948453,-0.00255628040540116
0.001390055602224089,-0.08844356371957747,-0.014793283829408616,-0.014826574574063618,-0.014833383850307297,-0.005297392650232486,-0.005492721695715337,-0.005520965002662512,-0.002555993454250304
0.001392055682227289,-0.08844053563862488,-0.014792785683664078,-0.01482607702650739,-0.01483288478763476,-0.005297213789890501,-0.005492540147922776,-0.005520782141927071,-0.002555911622782177
0.0013940557622304894,-0.08843193608600985,-0.014791293769943807,-0.01482458942660785,-0.014831390089960818,-0.005296624503444693,-0.005491956712396328,-0.005520193242786086,-0.002555626117744848
0.0013960558422336895,-0.08842895329119756,-0.014790803397417613,-0.014824099626629561,-0.014830898813843767,-0.005296448678708157,-0.005491778165818928,-0.005520013413219943,-0.0025555457343085118
0.0013980559222368895,-0.08842039908405855,-0.014789319267082419,-0.014822619784446243,-0.014829411912910383,-0.0052958624318098805,-0.005491197735422397,-0.0055194275491994155,-0.0025552616791862793
0.0014000560022400896,-0.0884174616929621,-0.01478883668791994,-0.014822137752135124,-0.014828928443530603,-0.005295689650489675,-0.005491022197817142,-0.005519250758631632,-0.002555182747513381
0.00140205608224329,-0.08840895294668324,-0.014787360360739178,-0.014820665687382528,-0.014827449359142849,-0.005295106450803308,-0.005490444780162477,-0.0055186679374141494,-0.0025549001459679783
0.00140405616224649,-0.08840606107249598,-0.014786885594333946,-0.01482019144207832,-0.014826973715928823,-0.005294936720417297,-0.005490272258996299,-0.005518494193380871,-0.0025548226696503447
0.00140605624224969,-0.08839759789807834,-0.014785417089325018,-0.014818727173721225,-0.014825502467138478,-0.005294356575314079,-0.005489697861405315,-0.005517914422356049,-0.0025545415252036367
0.0014080563222528901,-0.08839475164960722,-0.014784950154317985,-0.01481826073401351,-0.014825034668764966,-0.00529418990308685,-0.005489528363854819,-0.005517743732100249,-0.002554465507693114
0.0014100564022560904,-0.0883863341536648,-0.01478348948974558,-0.014816804280266448,-0.014823571273869806,-0.005293612819644699,-0.005488956993358935,-0.005517167018364456,-0.0025541858237269426
0.0014120564822592905,-0.08838353363533111,-0.014783030404025283,-0.014816345663994791,-0.014823111338257786,-0.00529344921250752,-0.005488790526310401,-0.005516999388835972,-0.0025541112683354233
0.0014140565622624906,-0.08837516192009184,-0.014781577597401714,-0.014814897042322217,-0.014821655814801864,-0.005292875197511068,-0.005488222189650753,-0.005516425739192456,-0.0025538330480917165
0.0014160566422656907,-0.08837240723192911,-0.014781126378103948,-0.01481444626657574,-0.014821203759118147,-0.005292714662101821,-0.005488058759700048,-0.005516261177047822,-0.0025537599579910667
0.001418056722268891,-0.08836408139523073,-0.014779681446188226,-0.014813005493691267,-0.014819756123891022,-0.0052921437220421275,-0.005487493463327162,-0.005515690598006364,-0.002553483204571627
0.001420056802272091,-0.0883613726328824,-0.014779238109695546,-0.01481256257480828,-0.014819311964548052,-0.005291986264705134,-0.005487333076779559,-0.005515529109608704,-0.0025534115827936413
0.0014220568822752911,-0.08835309276817481,-0.014777801068493945,-0.014811129666675155,-0.014817872233585092,-0.005291418405779858,-0.005486770826853521,-0.005514961607385813,-0.002553136299160254
0.0014240569622784912,-0.08835043002289583,-0.014777365630436112,-0.014810694620243552,-0.014817435986241067,-0.005291264032566014,-0.005486613489723843,-0.005514803198804962,-0.0025530661485966928
0.0014260570422816915,-0.08834219621923962,-0.014775936495201853,-0.01480926959207424,-0.014816004174823316,-0.005290699260679275,-0.00548605429211418,-0.005514238779323762,-0.002552792337571082
0.0014280571222848916,-0.0883395795778957,-0.014775508970455455,-0.014808842432931174,-0.014815575854382083,-0.005290547977345959,-0.005485900010126692,-0.005514083456336095,-0.0025527236609736163
0.0014300572022880916,-0.08833139191996067,-0.014774087755688442,-0.014807425299187346,-0.014814151977036023,-0.005289986298108312,-0.00548534387041236,-0.0055135221252262615,-0.0025524513252374093
0.0014320572822912917,-0.08832882146502766,-0.014773668158377013,-0.014807006041419163,-0.014813731597646958,-0.0052898381101193276,-0.005485192649000755,-0.005513369893314822,-0.0025523841252176383
0.0014340573622944918,-0.0883206800330959,-0.014772254877824485,-0.014805596815812073,-0.014812315668144971,-0.005289279528847927,-0.005484639572470257,-0.005512811655912724,-0.0025521132673124204
0.001436057442297692,-0.0883181558426627,-0.014771843221318928,-0.014805185472755007,-0.014811903243203528,-0.005289134441373787,-0.005484491416777872,-0.005512662520267301,-0.002552047546341971
0.0014380575223008922,-0.08831006071262901,-0.014770437887975264,-0.014803784168245567,-0.01481049527456398,-0.005288578963092407,-0.005483941408429291,-0.005512107381616087,-0.002551778168669348
0.0014400576023040922,-0.08830758286039497,-0.014770034184893388,-0.01480338075248505,-0.014810090816711238,-0.005288436981010081,-0.005483796323308904,-0.005511961347133088,-0.002551713929079762
0.0014420576823072923,-0.08829953410376647,-0.014768636811000293,-0.014801987381283745,-0.014808690821198412,-0.005287884610449078,-0.0054832493878499144,-0.005511409311982628,-0.002551446033901315
0.0014440577623104926,-0.08829710265904742,-0.014768241073207835,-0.014801591904655492,-0.014808294342322068,-0.0052877457383424175,-0.005483107377864163,-0.0055112663832654445,-0.0025513832778842416
0.0014460578423136927,-0.08828910034294732,-0.014766851670254943,-0.014800206478223187,-0.014806902331446894,-0.005287196479939034,-0.0054825635197122795,-0.0055107174560726,-0.002551116867321675
0.0014480579223168928,-0.08828671537067444,-0.014766463908865435,-0.014799818951813197,-0.014806513842681114,-0.0052870607220987164,-0.005482424589133587,-0.005510577637431607,-0.002551055596928876
0.0014500580023200928,-0.08827875955784266,-0.01476508248759029,-0.014798441480860989,-0.014805129827201093,-0.005286514579997108,-0.005481883812416173,-0.005510031822360262,-0.002550790672964008
0.0014520580823232931,-0.08827642111856558,-0.014764702712965552,-0.014798061915005815,-0.01480474933892697,-0.00528638194042079,-0.005481747965226899,-0.005509895117812928,-0.0025507308901074077
0.0014540581623264932,-0.08826851186736275,-0.014763329283354389,-0.014796692409495958,-0.014803373328847095,-0.005285838918472249,-0.005481210273781461,-0.005509352418734272,-0.002550467454582319
0.0014560582423296933,-0.08826622001725291,-0.014762957505105062,-0.014796320813783357,-0.01480300085069331,-0.005285709400864857,-0.005481077513674225,-0.005509218832005436,-0.002550409161034131
0.0014580583223328934,-0.0882583573816621,-0.014761592076393167,-0.014794959282929423,-0.014801632855266133,-0.0052851695026279915,-0.005480542911048506,-0.005508679252498061,-0.002550147215651212
0.0014600584023360937,-0.08825611217251582,-0.014761228303379304,-0.01479459566619905,-0.014801268396109558,-0.005285043110401892,-0.005480413241426319,-0.005508548787020184,-0.0025500904130440695
0.0014620584823392937,-0.08824829620214622,-0.01475987088405148,-0.014793242118466497,-0.014799908423835939,-0.005284506339142798,-0.005479881730878556,-0.005508012330370301,-0.0025498299593661312
0.0014640585623424938,-0.08824609768138601,-0.014759515124382798,-0.014792886488809952,-0.01479955199180165,-0.005284383075417928,-0.005479755154854903,-0.005507884989283483,-0.002549774649193049
0.001466058642345694,-0.08823832842147665,-0.014758165722174144,-0.014791540931917011,-0.014798200050431512,-0.005283849434110526,-0.005479226739354097,-0.005507351658485295,-0.00254951568864348
0.001468058722348894,-0.08823617663215975,-0.014757817983211395,-0.014791193296679184,-0.014797851652894295,-0.00528372930171482,-0.005479103259753541,-0.0055072274446378005,-0.002549461872258218
0.0014700588023520943,-0.08822845412358458,-0.014756476605108064,-0.014789855737597436,-0.014796507749427286,-0.005283198793041155,-0.005478577941979722,-0.005506697242393673,-0.002549204406121072
0.0014720588823552943,-0.08822634910440258,-0.014756136893463072,-0.014789516103376804,-0.014796167393011787,-0.0052830817945107664,-0.005478457561337862,-0.005506576158342114,-0.002549152084738067
0.0014740589623584944,-0.08821867338367322,-0.014754803545702935,-0.014788186548331894,-0.014794831533697888,-0.0052825544208611255,-0.00547793534368233,-0.005506049087062853,-0.0025488961141582464
0.0014760590423616945,-0.08821661516895897,-0.01475447186723968,-0.014787854920981452,-0.014794499224279575,-0.005282440558440702,-0.005477818064246296,-0.0055059311350723755,-0.002548845288852862
0.0014780591223648948,-0.08820898626823145,-0.01475314655531312,-0.01478653337545399,-0.014793171414620073,-0.005281916321914171,-0.005477298948812044,-0.0055054071968777115,-0.0025485908148362327
0.0014800592023680949,-0.08820697488796524,-0.014752822915148857,-0.01478620976008226,-0.014792847157326497,-0.005281805597557276,-0.005477184772540783,-0.005505292378922608,-0.002548541486544916
0.001482059282371295,-0.08819939283504408,-0.014751505643800024,-0.01478489622880876,-0.01479152740207497,-0.005281284499961975,-0.005476668761142846,-0.005504771575641379,-0.002548288509958512
0.001484059362374495,-0.08819742831485633,-0.014751190046305755,-0.014784580629780582,-0.014791211201285978,-0.005281176915331389,-0.005476557689707474,-0.005504659893405203,-0.0025482406794789373
0.0014860594423776953,-0.08818989313320072,-0.014749880819533073,-0.014783275116754426,-0.014789899504449165,-0.005280658958184861,-0.005476044783873174,-0.005504142226575846,-0.0025479892010511285
0.0014880595223808954,-0.0881879754943806,-0.014749573268334917,-0.014782967537691852,-0.014789591363798512,-0.005280554514652997,-0.005475936818657392,-0.00550403368145196,-0.0025479428690424115
0.0014900596023840955,-0.08818048720311081,-0.01474827208939244,-0.014781670046164302,-0.014788287728637458,-0.005280039699182668,-0.005475427019626858,-0.005503519152322871,-0.0025476928893631394
0.0014920596823872955,-0.08817861646261103,-0.01474797258737274,-0.014781370489948027,-0.014787987651013768,-0.005279938397832031,-0.005475322161727415,-0.005503413745414826,-0.002547648056346019
0.0014940597623904958,-0.08817117507651424,-0.014746679458771238,-0.014780081022429406,-0.01478669208004486,-0.005279426724975603,-0.005474815470454097,-0.005502902354944845,-0.0025473995758669298
0.001496059842393696,-0.08816935124695913,-0.014746388008069525,-0.014779789491199765,-0.01478640006759274,-0.005279328566599234,-0.005474713720681133,-0.005502800087066882,-0.002547356242224058
0.001498059922396896,-0.08816195677649721,-0.01474510293157756,-0.014778508049460655,-0.01478511256258898,-0.005278820037005186,-0.005474210137832058,-0.005502291835925676,-0.0025471092612587825
0.001500060002400096,-0.08816017986618739,-0.014744819533591776,-0.01477822454461855,-0.014784828616710035,-0.005278725022107044,-0.005474111496709582,-0.005502192707603035,-0.002547067427234841
0.0015020600824032961,-0.08815283231750329,-0.014743542510237078,-0.014776951129690812,-0.014783549178702204,-0.0052782196361350455,-0.005473611022665959,-0.005501687596171668,-0.0025468219459591776
0.0015040601624064964,-0.08815110233042597,-0.014743267165624963,-0.014776675651899503,-0.014783273300056663,-0.005278127764930709,-0.005473515490432516,-0.005501591607641293,-0.0025467816116611602
0.0015060602424096965,-0.08814380170535212,-0.014741998195695723,-0.014775410264077912,-0.014782001929334739,-0.0052776255226521665,-0.0054730181252902205,-0.0055010896360127,-0.002546537630113405
0.0015080603224128966,-0.08814211864118754,-0.014741730904376261,-0.014775142813264164,-0.014781734117842768,-0.005277536795069151,-0.005472925701899276,-0.0055009967872236875,-0.002546498795510932
0.0015100604024160967,-0.0881348649372534,-0.014740469987422424,-0.014773885452107534,-0.014780470813957175,-0.005277037696267869,-0.00547243144546939,-0.005500497955203203,-0.0025462563135920367
0.001512060482419297,-0.08813322879138273,-0.014740210748576992,-0.01477362602746271,-0.014780211068799886,-0.005276952111946222,-0.00547234213058976,-0.005500408245817299,-0.002546218978517502
0.001514060562422497,-0.08812602200182482,-0.01473895788341183,-0.014772376691795621,-0.014778955830563285,-0.005276456156118835,-0.005471850982399194,-0.005499912552923271,-0.002545977995991429
0.0015160606424256971,-0.08812443276533989,-0.014738706695485899,-0.0147721252917777,-0.014778704150184922,-0.005276373714411874,-0.0054717647754158865,-0.00549982598231555,-0.0025459421601403904
0.0015180607224288972,-0.08811727287910762,-0.014737461880187555,-0.014770883979691814,-0.014777456975673241,-0.005275880900768415,-0.005471276734707842,-0.005499333427779887,-0.0025457026766343527
0.0015200608024320975,-0.08811573053881962,-0.014737218740892243,-0.014770640602026515,-0.014777213357782112,-0.005275801600743182,-0.005471193634722476,-0.0054992499950392605,-0.002545668339565752
0.0015220608824352976,-0.0881086175405872,-0.014735981972805044,-0.014769407310882034,-0.014775974244336382,-0.005275311928207782,-0.005470708700457093,-0.005498760577808044,-0.002545430354570469
0.0015240609624384976,-0.08810712207903604,-0.014735746879118597,-0.014769171952564702,-0.014775738685906857,-0.005275235768645698,-0.005470628706288601,-0.005498680281737992,-0.0025453975157069563
0.0015260610424416977,-0.08810005594921147,-0.01473451815485512,-0.014767946678992448,-0.014774507630135134,-0.005274749235857261,-0.005470146877143707,-0.00549819400047221,-0.0025451610285770715
0.001528061122444898,-0.0880986073446752,-0.014734291103024724,-0.014767719336289576,-0.014774280127409117,-0.005274676215254805,-0.005470069987328901,-0.005498116839591346,-0.002545129687205312
0.001530061202448098,-0.08809158805940993,-0.01473307041846729,-0.014766502076192236,-0.014773057125187778,-0.005274192820567601,-0.005469591261700569,-0.0054976336926674686,-0.0025448946971596167
0.0015320612824512982,-0.08809018628591563,-0.014732851404010735,-0.014766282744643318,-0.014772837673676561,-0.00527412293713701,-0.005469517474494917,-0.0054975596652102575,-0.002544864852430626
0.0015340613624544982,-0.0880832138171152,-0.014731638754313178,-0.014765073493197603,-0.014771622720152347,-0.005273642678621412,-0.005469041850498186,-0.0054970796507209565,-0.002544631358552445
0.0015360614424576985,-0.08808185884444916,-0.014731427772020788,-0.014764862167616803,-0.014771411314638508,-0.005273575930291332,-0.005468971163876453,-0.005497008754638468,-0.002544603009481905
0.0015380615224608986,-0.0880749331597832,-0.014730223151610216,-0.01476366091927491,-0.014770204404230134,-0.005273098805734466,-0.005468498639345959,-0.005496531870393337,-0.002544371010719385
0.0015400616024640987,-0.0880736249535027,-0.014730020195546714,-0.014763457593753183,-0.014770001038769295,-0.005273035190150795,-0.005468431051002978,-0.005496464103353926,-0.0025443441561880564
0.0015420616824672988,-0.08806674601641823,-0.014728823598125877,-0.014762264342245205,-0.014768802165169799,-0.005272561197057458,-0.005467961623493911,-0.005495990346880274,-0.0025441136513546054
0.0015440617624704988,-0.08806548453786142,-0.01472862866163211,-0.014762069010151965,-0.014768606833092637,-0.00527250071158397,-0.005467897130845277,-0.005495925706270344,-0.0025440882901085946
0.0015460618424736991,-0.08805865230759168,-0.01472744008018076,-0.014760883748487351,-0.01476741598927091,-0.005272029847177196,-0.005467430797633905,-0.005495455074813907,-0.0025438592778831747
0.0015480619224768992,-0.08805743751389065,-0.014727253155876079,-0.014760696402472706,-0.014767228683185158,-0.005271972488896416,-0.005467369397816789,-0.005495393557738719,-0.0025438354085343885
0.0015500620024800993,-0.08805065194546924,-0.014726072582653512,-0.014759519122942603,-0.014766045861388256,-0.005271504750118411,-0.0054669061559013835,-0.005494926048264489,-0.002543607887461933
0.0015520620824832994,-0.08804948378956194,-0.014725893662437645,-0.014759339754939337,-0.014765866573180832,-0.005271450515832453,-0.005466847845775379,-0.00549486765154898,-0.002543585508488442
0.0015540621624864997,-0.08804274483383388,-0.014724721088984562,-0.014758170449118691,-0.014764691764936088,-0.005270985899345397,-0.005466387691877,-0.005494403260742011,-0.002543359476980257
0.0015560622424896997,-0.08804162326447573,-0.014724550164039714,-0.014757999050344328,-0.01476452048577517,-0.005270934785576676,-0.005466332468024838,-0.005494347980931573,-0.002543338586726675
0.0015580623224928998,-0.08803493086811047,-0.01472338558118039,-0.014756837709093846,-0.01476335368189215,-0.005270473287763487,-0.005465875398588135,-0.005493886705197841,-0.0025431140430607867
0.0015600624024961,-0.08803385582988807,-0.014723222641973541,-0.014756674270053005,-0.014763190402229398,-0.00527042529075572,-0.005465823257316631,-0.005493834538559236,-0.0025430946397387087
0.0015620624824993002,-0.08802720993539322,-0.014722066039818337,-0.014755520883521719,-0.014762031592802585,-0.005269966907721088,-0.005465369268510833,-0.005493376374026557,-0.002542871582060383
0.0015640625625025003,-0.08802618136873777,-0.014721911076103577,-0.014755365394008298,-0.014761876302375609,-0.005269922023440085,-0.0054653202058517645,-0.0054933273165488255,-0.0025428536637487984
0.0015660626425057003,-0.08801958191447079,-0.014720762444050736,-0.014754219951635441,-0.014760725476786099,-0.005269466751011179,-0.005464869293571355,-0.005492872259067582,-0.002542632090070848
0.0015680627225089004,-0.08801859975567117,-0.014720615444871474,-0.014754072400734895,-0.014760578164620458,-0.005269424975145791,-0.005464823305282284,-0.00549282630646288,-0.0025426156547165716
0.0015700628025121007,-0.08801204667585562,-0.014719474771610125,-0.014752934891252801,-0.014759435311538935,-0.005268972808873381,-0.005464375465148162,-0.005492374351607234,-0.0025423955629199062
0.0015720628825153008,-0.08801111085707232,-0.014719335725301515,-0.014752795267344588,-0.014759295965950827,-0.005268934136836441,-0.005464332546713433,-0.005492331499311779,-0.0025423806083380153
0.0015740629625185009,-0.0880046040818095,-0.014718202998813561,-0.014751665678780569,-0.014758161073339632,-0.005268485071995645,-0.0054638877740736495,-0.005491882642380323,-0.0025421619961720336
0.001576063042521701,-0.08800371453108963,-0.014718071893005006,-0.01475153396954066,-0.014758029681938279,-0.005268449498924924,-0.0054638479207053245,-0.005491842885555437,-0.0025421485200463542
0.001578063122524901,-0.08799725398637606,-0.014716947100567989,-0.014750412289219937,-0.014756902737054085,-0.005268003530516395,-0.00546340621063619,-0.005491397121572407,-0.0025419313851294183
0.0015800632025281013,-0.08799641062766714,-0.014716823922185707,-0.014750288481623254,-0.014756779286744145,-0.005267971051275543,-0.005463369417275014,-0.005491360455105392,-0.0025419193850129747
0.0015820632825313014,-0.08798999623540556,-0.014715707050375039,-0.014749174696171097,-0.014755660276140304,-0.005267528174026254,-0.005462930764581948,-0.00549091777882146,-0.002541703724832873
0.0015840633625345015,-0.08798919898857176,-0.014715591785644555,-0.014749058776494146,-0.014755544753124652,-0.005267498783205884,-0.005462897025898357,-0.005490884197326688,-0.002541693198148373
0.0015860634425377015,-0.08798283066659066,-0.014714482820336551,-0.014747952871838901,-0.014754433662654222,-0.0052670589915703395,-0.0054624614251170475,-0.005490444603220155,-0.0025414790100628665
0.0015880635225409018,-0.08798207944742754,-0.014714375454785367,-0.014747844825662427,-0.01475432605243655,-0.0052670326834890575,-0.0054624307355121875,-0.0054904141010400824,-0.0025414699541032016
0.001590063602544102,-0.08797575710949364,-0.014713274381159533,-0.014746746787037857,-0.014753222867254466,-0.0052665959716501525,-0.00546199818090951,-0.005489977583317819,-0.002541257235340435
0.001592063682547302,-0.08797505182974323,-0.014713174899619878,-0.014746646599249385,-0.014753123154641796,-0.0052665727403555,-0.0054619705345162455,-0.005489950154523964,-0.0025412496472691573
0.001594063762550502,-0.08796877538557957,-0.014712081702161922,-0.014745556411197697,-0.014752027859208162,-0.005266139102225796,-0.005461541020091397,-0.005489516707122518,-0.0025410383949282635
0.0015960638425537024,-0.08796811595294872,-0.014711990088773637,-0.014745464065994604,-0.014751936028314077,-0.005266118941495522,-0.0054615164107755096,-0.0054894923455167405,-0.00254103227178017
0.0015980639225569024,-0.08796188530824857,-0.01471090475127798,-0.014744381712368892,-0.014750848606396378,-0.0052656883707181265,-0.005461089930261011,-0.005489061962103374,-0.0025408224828316764
0.0016000640025601025,-0.08796127162642359,-0.014710820989491143,-0.014744297193260977,-0.01475076464064345,-0.0052656712740611076,-0.005461068351622138,-0.005489040661218759,-0.002540817821513258
0.0016020640825633026,-0.0879550866828701,-0.014709743495064254,-0.014743222657228452,-0.01474968507531997,-0.005265243764010991,-0.0054606448984850465,-0.005488613335192695,-0.002540609492799758
0.0016040641625665029,-0.08795451865153378,-0.014709667567642111,-0.014743145947040908,-0.014749608957442758,-0.005265229724668465,-0.005460626343857864,-0.005488595088294765,-0.0025406062900897703
0.001606064242569703,-0.08794837930681554,-0.014708597898705073,-0.014742079211085632,-0.014748537231105353,-0.005264805268453488,-0.005460205911300847,-0.0054881708127882435,-0.002540399418326384
0.001608064322572903,-0.08794785682166606,-0.01470852978772724,-0.014742010291962142,-0.014748468943153611,-0.0052647942794002665,-0.005460190373756283,-0.005488155612876223,-0.002540397670876435
0.0016100644025761031,-0.08794176296949408,-0.0147074679260188,-0.014740951337887968,-0.014747405037510507,-0.0052643728698623495,-0.005459772954718737,-0.005487734380755627,-0.0025401922526513475
0.0016120644825793032,-0.0879412859222597,-0.014707407612883878,-0.014740890191293262,-0.014747344560851697,-0.005264364923807728,-0.005459760427064942,-0.005487722220563367,-0.0025401919569863715
0.0016140645625825035,-0.08793523745238546,-0.014706353539463469,-0.014739839000226924,-0.014746288456930667,-0.00526394655352406,-0.0054593460142242055,-0.005487304024430464,-0.0025399879887614504
0.0016160646425857036,-0.08793480573084692,-0.01470630100489272,-0.014739785606950643,-0.014746235772253804,-0.005263941642913457,-0.005459336489008068,-0.005487294896427986,-0.0025399891412804065
0.0016180647225889036,-0.08792880252908175,-0.014705254700143748,-0.014738742159344969,-0.014745187450405506,-0.005263526304197747,-0.005458925074780674,-0.005486879728621171,-0.0025397866193917805
0.0016200648025921037,-0.0879284160170853,-0.014705209924183567,-0.014738696499503955,-0.014745142537723554,-0.00526352442121349,-0.0054589185442886585,-0.005486873625015569,-0.0025397892163681055
0.001622064882595304,-0.08792245796531702,-0.014704171367816404,-0.01473766077514076,-0.01474410197762421,-0.005263112106117108,-0.005458510120831434,-0.005486461477611012,-0.002539588137026711
0.001624064962598504,-0.08792211654279676,-0.01470413432984191,-0.01473762282818272,-0.014744064816277684,-0.005263113242679938,-0.005458506577091073,-0.005486458390347832,-0.0025395921746090054
0.0016260650426017042,-0.0879162035190108,-0.01470310350089735,-0.014736594806176508,-0.014743031996932963,-0.005262703942993323,-0.005458101136302559,-0.005486049255160881,-0.0025393925339012545
0.0016280651226049042,-0.08791590706200697,-0.014703074179615642,-0.014736564550883232,-0.014743002565593242,-0.005262708090763641,-0.005458100571083639,-0.00548604917592552,-0.0025393980081138546
0.0016300652026081045,-0.08791003894030266,-0.014702051056467855,-0.014735544209683888,-0.014741977465340988,-0.005262301798017427,-0.005457698104605164,-0.005485643044511778,-0.0025391998020021667
0.0016320652826113046,-0.08790978732098008,-0.014702029429921163,-0.014735521624174396,-0.01474195574201334,-0.005262308948396458,-0.005457700509420969,-0.005485645964730495,-0.002539206708745764
0.0016340653626145047,-0.08790396397159225,-0.014701013990281278,-0.014734508941570914,-0.014740938338527155,-0.005261905653862843,-0.005457301008638088,-0.005485242828387303,-0.0025390099330692426
0.0016360654426177048,-0.08790375705826084,-0.01470100003585053,-0.014734494003304946,-0.014740924300554473,-0.005261915797994125,-0.005457306374746759,-0.005485248739228799,-0.002539018268121521
0.001638065522620905,-0.08789797834758026,-0.014699992256770182,-0.01473348895642887,-0.014739914570847383,-0.0052615154926882925,-0.0054569098307905755,-0.005484848588996559,-0.00253882291859661
0.0016400656026241051,-0.08789781600471366,-0.014699985951178171,-0.014733481642210246,-0.014739908194913184,-0.005261528621458847,-0.005456918149196335,-0.005484857481373116,-0.002538832677612845
0.0016420656826273052,-0.08789208179530372,-0.014698985809052326,-0.01473248420753848,-0.014738906115340346,-0.005261131296140062,-0.005456524552944602,-0.005484460308036374,-0.0025386387498338605
0.0016440657626305053,-0.08789196388356317,-0.014698987128367685,-0.014732484493518792,-0.014738907377472939,-0.0052611474001819335,-0.005456535814399317,-0.005484472172605419,-0.0025386499283476757
0.0016460658426337054,-0.08788627403418509,-0.014697994598939161,-0.014731494646878236,-0.014737912923736276,-0.005260753045355301,-0.0054561451564782044,-0.005484077966694707,-0.0025384574177876275
0.0016480659226369057,-0.08788620041043634,-0.01469800351857942,-0.014731502508560158,-0.014737921799311752,-0.0052607721150468405,-0.005456159351482552,-0.005484092793860065,-0.0025384700112115453
0.0016500660026401057,-0.08788055477606607,-0.014697018576941492,-0.014730520225130111,-0.0147369349464624,-0.005260380720964264,-0.005455771622267599,-0.0054837015456528256,-0.0025382789132226305
0.0016520660826433058,-0.08788052529340125,-0.01469703507167679,-0.014730535637370814,-0.01473695141020821,-0.0052604027464314435,-0.005455788741072435,-0.005483719325566011,-0.0025382929168487433
0.001654066162646506,-0.08787492372525374,-0.014696057692277536,-0.014729560891687568,-0.01473597213265112,-0.005260014303093418,-0.005455403930690311,-0.005483331025088358,-0.002538103226663184
0.0016560662426497062,-0.08787493823301458,-0.014696081736234594,-0.014729583828702937,-0.014735996158650339,-0.005260039274211505,-0.005455423963298345,-0.005483351747650334,-0.0025381186356639458
0.0016580663226529063,-0.08786938057856315,-0.014695111892880188,-0.014728616594662782,-0.014735024430147445,-0.005259653771368356,-0.005455042061628023,-0.0054829663846782915,-0.0025379303483945522
0.0016600664026561063,-0.0878694389223606,-0.014695143459545658,-0.01472864703003065,-0.01473505599184177,-0.005259681677763097,-0.0054550649977949525,-0.005482990039540586,-0.002537947157823342
0.0016620664826593064,-0.08786392502535911,-0.014694181125404115,-0.014727687280893761,-0.014734091785515628,-0.005259299104916427,-0.005454685994469245,-0.005482607603601598,-0.0025377602684642526
0.0016640665626625067,-0.08786402704709692,-0.014694220187628627,-0.014727725187557907,-0.014734130855709768,-0.005259329935965738,-0.005454711823705414,-0.005482634180167973,-0.002537778473256172
0.0016660666426657068,-0.08785855674760404,-0.014693265335234115,-0.01472677289595258,-0.014733174144048091,-0.00525895028237009,-0.0054543357081125515,-0.005482254660542511,-0.0025375929766836224
0.0016680667226689069,-0.08785870228549916,-0.014693311865235826,-0.014726818246226325,-0.014733220694913184,-0.00525898402720539,-0.0054543644196843235,-0.005482284147970379,-0.0025376125716561333
0.001670066802672107,-0.08785327541989768,-0.014692364466491819,-0.014725873384152247,-0.014732271449771763,-0.005258607281869526,-0.005453991180969229,-0.0054819075336932045,-0.0025374284626290527
0.0016720668826753072,-0.0878534643085057,-0.014692418435860747,-0.014725926149722754,-0.014732325452849622,-0.0052586439293774,-0.005454022763900556,-0.005481939920895202,-0.0025374494424827924
0.0016740669626785073,-0.08784808070952826,-0.01469147846204445,-0.014724988688555192,-0.014731383645457011,-0.005258270081066022,-0.005453652390966573,-0.005481566200757146,-0.002537266715643645
0.0016760670426817074,-0.08784831277976354,-0.014691539841745866,-0.014725048840486822,-0.014731445071663763,-0.005258309619889584,-0.005453686834040458,-0.005481601476402574,-0.0025372890749630677
0.0016780671226849075,-0.08784297227651278,-0.014690607263511816,-0.014724118750980468,-0.014730510672624682,-0.005257938657124683,-0.005453319315550643,-0.005481230638951849,-0.0025371077248385076
0.0016800672026881078,-0.08784324735567392,-0.014690676023890691,-0.014724186259719291,-0.014730579492254883,-0.005257981075665301,-0.005453356607310714,-0.005481268791468301,-0.0025371314580926604
0.0016820672826913078,-0.08783794977364981,-0.014689750811275274,-0.014723263512012573,-0.01472965247155492,-0.005257612986727993,-0.005452991931689701,-0.005480900825012337,-0.0025369514790943583
0.001684067362694508,-0.08783826768544244,-0.01468982692206027,-0.014723338347390218,-0.014729728654285849,-0.005257658273146816,-0.005453032060441843,-0.005480941842587343,-0.0025369765806377074
0.001686067442697708,-0.08783301284656207,-0.014688909044485207,-0.014722422911008804,-0.014728808981294778,-0.005257293046078622,-0.005452670215877071,-0.005480576735194067,-0.0025367979670630177
0.001688067522700908,-0.08783337341112123,-0.0146889924747923,-0.0147225050422462,-0.014728892496189989,-0.005257341188298049,-0.005452713169690803,-0.00548062060577648,-0.0025368244311360505
0.0016900676027041084,-0.08782816113374578,-0.014688081901069308,-0.014721596886107701,-0.014727980139666492,-0.005256978810902774,-0.005452354144134396,-0.0054802583452761705,-0.0025366471771688754
0.0016920676827073084,-0.08782856416766498,-0.014688172619406878,-0.014721686281820153,-0.01472807095518086,-0.005257029796608385,-0.005452399910844806,-0.005480305056578136,-0.002536674997899082
0.0016940677627105085,-0.08782339426662265,-0.014687269317741485,-0.014720785374237969,-0.014727165883276497,-0.005256670256453596,-0.0054520436920150305,-0.005479945630564975,-0.0025364990976105917
0.0016960678427137086,-0.0878238395829711,-0.014687367292013392,-0.014720882002438016,-0.014727263967259251,-0.005256724073095347,-0.005452092259223979,-0.005479995170063065,-0.0025365282690130095
0.001698067922716909,-0.08781871186958155,-0.014686471230009294,-0.014719988311125518,-0.014726366147522617,-0.005256367357514031,-0.005451738834606886,-0.005479638565896726,-0.002536353716362426
0.001700068002720109,-0.08781919927793677,-0.014686576427520243,-0.014720092139228577,-0.014726471467222868,-0.005256423992308428,-0.005451790189685094,-0.005479690920834203,-0.002536384232340681
0.001702068082723309,-0.08781411356003892,-0.014685687572183912,-0.014719205631303859,-0.014725580866604292,-0.005256070088400821,-0.005451439546536357,-0.0054793371256417,-0.0025362110211761546
0.0017040681627265091,-0.08781464286650567,-0.014685799959642906,-0.014719316626131433,-0.014725693388674441,-0.0052561295283321385,-0.005451493676624718,-0.0054793922830296575,-0.0025362428755230657
0.0017060682427297094,-0.08780959894847779,-0.014684918277387096,-0.014718437268120705,-0.01472480997352951,-0.005255778422967092,-0.0054511458019709195,-0.005479041283706718,-0.002536070999582311
0.0017080683227329095,-0.08781016995571664,-0.01468503782091218,-0.01471855539590532,-0.014724929664029928,-0.005255840654789361,-0.005451202693982348,-0.005479099230326104,-0.0025361041859808006
0.0017100684027361096,-0.08780516763850878,-0.014684163277561595,-0.014717683153748556,-0.014724053400125092,-0.005255492334606531,-0.005450857574623197,-0.005478751013539346,-0.0025359336388921685
0.0017120684827393096,-0.08780578014576224,-0.014684289942684546,-0.014717808380138139,-0.014724180224528797,-0.00525555734484522,-0.005450917215244391,-0.005478811735942632,-0.002535968150916093
0.00171406856274251,-0.08780081922691524,-0.014683422503478856,-0.014716943219192275,-0.0147233110770446,-0.005255211796256298,-0.005450574837753938,-0.005478466288130808,-0.0025357989261991397
0.00171606864274571,-0.08780147303003107,-0.014683556255148899,-0.014717075509254204,-0.014723445000241163,-0.0052552795712098735,-0.005450637213446869,-0.00547852977264357,-0.002535834757314029
0.00171806872274891,-0.0877965533037071,-0.014682695884748284,-0.014716217394298294,-0.014722582933777525,-0.005254936780400637,-0.005450297564175553,-0.005478187080019603,-0.002535666848380508
0.0017200688027521102,-0.08779724819516918,-0.014682836687337582,-0.014716356712524655,-0.014722723920078397,-0.005255007306142721,-0.005450362661179563,-0.005478253312742625,-0.0025357039919445728
0.0017220688827553102,-0.08779236945217765,-0.014681983349826932,-0.014715505607764514,-0.014721868898659044,-0.0052546672590748095,-0.005450025726255911,-0.005477913361295374,-0.002535537392099258
0.0017240689627585105,-0.0877931052211265,-0.014682131167134174,-0.014715651918075608,-0.014722016911801116,-0.005254740521455396,-0.005450093530589066,-0.005477982328105964,-0.0025355758413640175
0.0017260690427617106,-0.0877882672489491,-0.014681284826027425,-0.014714807787147755,-0.01472116889887775,-0.005254403203867894,-0.005449759295921282,-0.0054776451036018525,-0.0025354105438054847
0.0017280691227649107,-0.08778904368121496,-0.014681439621283226,-0.014714961052897784,-0.014721323902029028,-0.005254479188515705,-0.005449829793382541,-0.005477716790156062,-0.002535450291916829
0.0017300692027681108,-0.08778424626403515,-0.014680600239528614,-0.014714123858874864,-0.01472048286048669,-0.005254144585927243,-0.005449498244660627,-0.005477382278141102,-0.0025352862897384575
0.001732069282771311,-0.0877850631421604,-0.014680761975399633,-0.014714284042855713,-0.01472064481625008,-0.005254223278251139,-0.0054495714208313145,-0.005477456669875257,-0.002535327329737375
0.0017340693627745111,-0.08778030606088813,-0.014679929515383668,-0.014713453748250414,-0.014719810708411123,-0.005253891375961416,-0.005449242543528549,-0.005477124855676657,-0.00253516461592804
0.0017360694427777112,-0.087781163164158,-0.014680098153977706,-0.014713620812696997,-0.0147199795788298,-0.00525397276115248,-0.005449318383774409,-0.005477201937809375,-0.002535206940751597
0.0017380695227809113,-0.08777644619645988,-0.014679272577530635,-0.01471279737946737,-0.01471915236645927,-0.005253643544244374,-0.005448992163149435,-0.005476872806537591,-0.002535045508196722
0.0017400696027841116,-0.0877773433009288,-0.014679448080401232,-0.014712971286062023,-0.014719328113021174,-0.005253727607277696,-0.005449070652622403,-0.0054769525640716,-0.002535089110678888
0.0017420696827873117,-0.08777266622125314,-0.014678629348800942,-0.014712154675615765,-0.014718507757330914,-0.005253401060618882,-0.005448747073720786,-0.0054766261006219535,-0.002534928952161193
0.0017440697627905117,-0.08777360309977213,-0.014678811676952133,-0.014712335385492966,-0.014718690340973421,-0.005253487786255339,-0.005448828197360746,-0.005476708518345808,-0.0025349738250337213
0.0017460698427937118,-0.08776896567938126,-0.014677999750930074,-0.014711525558692852,-0.014717876802627865,-0.005253163894500489,-0.005448507245017244,-0.005476384707400733,-0.0025348149332342727
0.0017480699227969121,-0.08776994210162767,-0.014678188864821355,-0.014711713032444446,-0.014718066183743023,-0.005253253267288801,-0.005448590987554048,-0.005476469769890948,-0.002534861069127658
0.0017500700028001122,-0.08776534410862098,-0.014677383704566388,-0.014710909949612393,-0.01471725942286288,-0.005252932014881101,-0.005448272646394052,-0.005476148595921459,-0.0025347034366265966
0.0017520700828033123,-0.08776635984112673,-0.014677579564117542,-0.014711104147292008,-0.014717455561301987,-0.005253024019159593,-0.005448358992349278,-0.005476236287544239,-0.0025347508280709617
0.0017540701628065123,-0.0877618010404746,-0.014676781129281594,-0.01471030776821483,-0.014716655537470365,-0.005252705390333037,-0.0054480432467910915,-0.0054759177348122304,-0.002534594447348593
0.0017560702428097124,-0.08776285584665414,-0.014676983693877729,-0.01471050864934329,-0.014716858392549126,-0.005252800010231701,-0.005448132180480095,-0.005476008039725504,-0.002534643086774598
0.0017580703228129127,-0.08775833600022283,-0.014676191943580266,-0.014709718933276831,-0.014716065064815615,-0.0052524839890126865,-0.005447819014736534,-0.005475692092285406,-0.002534487950212175
0.0017600704028161128,-0.08775942964040248,-0.014676401172076642,-0.014709926456846645,-0.014716274595318973,-0.005252581208454982,-0.005447910520270202,-0.005475784994440669,-0.00253453782995194
0.0017620704828193129,-0.0877549485069868,-0.014675616064910161,-0.01470914336252158,-0.014715487922205285,-0.005252267778664625,-0.005447599918350813,-0.005475471636141597,-0.002534383929832724
0.001764070562822513,-0.0877560807384358,-0.014675831915637549,-0.014709357487002486,-0.014715704086392722,-0.005252367581369604,-0.005447693979637736,-0.005475567119286033,-0.002534435042120821
0.0017660706428257132,-0.08775163807378557,-0.014675053409672088,-0.014708580972628647,-0.014714924025897273,-0.005252056726625346,-0.0054473859253505105,-0.005475256333773646,-0.002534282370630898
0.0017680707228289133,-0.08775280865074243,-0.014675275840441333,-0.014708801655972105,-0.014715146781507527,-0.005252159096109467,-0.0054474825260986395,-0.005475354381451875,-0.0025343347076052045
0.0017700708028321134,-0.08774840420759374,-0.01467450389323006,-0.014708031679244019,-0.014714373291110805,-0.005251850799827296,-0.005447177003052118,-0.005475046152170364,-0.0025341832568345195
0.0017720708828353135,-0.08774961288130032,-0.014674732861337867,-0.014708258878888915,-0.014714602595367587,-0.005251955719406625,-0.0054472761267710945,-0.0054751467477267566,-0.0025342368105372923
0.0017740709628385138,-0.08774524640940633,-0.014673967429922049,-0.014707495396990884,-0.014713835632037391,-0.005251649964803079,-0.005446973118376366,-0.00547484105792095,-0.0025340865724805908
0.0017760710428417138,-0.08774649292813382,-0.01467420289215547,-0.014707729069868166,-0.014714071441653808,-0.005251757417595051,-0.005447074748379198,-0.005474944184501273,-0.0025341413348593
0.001778071122844914,-0.0877421641742924,-0.014673443933069486,-0.014706972039479167,-0.01471331096185017,-0.005251454187689068,-0.005446774237851776,-0.005474641017218527,-0.002533992301417042
0.001780071202848114,-0.08774344828337417,-0.01467368584571169,-0.014707212142017312,-0.014713553233034573,-0.005251564156614737,-0.005446878357257039,-0.0054747466577722255,-0.0025340482643254215
0.0017820712828513143,-0.08773915699146238,-0.014672933314988642,-0.014706461519316726,-0.014712799192715375,-0.005251263434229962,-0.005446580327619056,-0.005474445995864647,-0.002533900427304867
0.0017840713628545144,-0.0877404784333243,-0.014673181633823798,-0.014706708007446986,-0.014713047881176293,-0.005251375902015924,-0.005446686919352874,-0.005474554133146858,-0.002533957582503872
0.0017860714428577144,-0.08773622434432378,-0.014672435487000281,-0.014705963748119099,-0.014712300235802023,-0.005251077669782442,-0.0054463913534349,-0.005474255959273043,-0.002533810933619905
0.0017880715228609145,-0.08773758285851438,-0.01467269016731907,-0.014706216577280606,-0.014712555296753575,-0.005251192618962958,-0.005446500400232926,-0.005474366575846583,-0.002533869272778684
0.0017900716028641148,-0.08773336571054871,-0.014671950359441258,-0.014705478636520958,-0.01471181400129346,-0.005250896859319746,-0.0054462072806763465,-0.0054740708724741365,-0.002533723803654993
0.001792071682867315,-0.08773476103377088,-0.014672211356046022,-0.01470573776166621,-0.014712075389460665,-0.005251014272238791,-0.005446318765085937,-0.005474183950711628,-0.0025337833183519012
0.001794071762870515,-0.08773058056213023,-0.014671477841673993,-0.014705006094185626,-0.014711340398396913,-0.005250720967435357,-0.005446028074344549,-0.005473890700118726,-0.002533639020521752
0.001796071842873715,-0.08773201242827253,-0.014671745108884403,-0.014705271469785852,-0.014711608068021175,-0.005250840826248747,-0.005446141978726745,-0.005474006222204701,-0.0025336997022453347
0.0017980719228769151,-0.08772786836545056,-0.014671017842098427,-0.014704546029817042,-0.014710879335355519,-0.0052505499583476506,-0.00544585369906931,-0.0054737154064826744,-0.0025335565671527824
0.0018000720028801154,-0.08772933650561854,-0.014671291333756683,-0.014704817609867546,-0.014711153240200019,-0.0052506722450251534,-0.005445970005601019,-0.005473833354415704,-0.002533618407302814
0.0018020720828833155,-0.08772522858134121,-0.014670570268162188,-0.014704098351169812,-0.01471043071945838,-0.005250383795903895,-0.00544568411911306,-0.0054735449554708816,-0.0025334764263035938
0.0018040721628865156,-0.08772673272388842,-0.01467084993763828,-0.0147043760891952,-0.014710710812813185,-0.005250508492231213,-0.005445802809788969,-0.005473665311065507,-0.002533539416192
0.0018060722428897156,-0.08772266066514602,-0.014670135026371472,-0.01470366296506001,-0.014709994457051546,-0.005250222443584394,-0.005445519298374996,-0.005473379310621379,-0.0025333985805545568
0.001808072322892916,-0.0877242005357085,-0.014670420826569225,-0.014703946814120182,-0.014710280691739857,-0.005250349531165607,-0.0054456403550099675,-0.00547350205551065,-0.002533462711406597
0.001810072402896116,-0.08772016406678936,-0.014669712022302727,-0.014703239777376956,-0.014709570453549653,-0.005250065864507168,-0.005445359200395625,-0.005473218435110113,-0.0025333230123131645
0.001812072482899316,-0.08772173938831504,-0.014670003905664772,-0.014703529690072034,-0.014709862781932577,-0.005250195324766579,-0.005445482604626582,-0.005473343550747287,-0.002533388275268289
0.0018140725629025162,-0.08771773823083548,-0.014669301160612734,-0.014702828693093233,-0.014709158613446145,-0.0052499140214317935,-0.0054452037883606814,-0.00547306229175468,-0.0025332497038158494
0.0018160726429057165,-0.0877193487236187,-0.014669599079126463,-0.01470312462156957,-0.014709456987428905,-0.0052500458356163175,-0.00544532952164893,-0.0054731897594157905,-0.0025333160899288706
0.0018180727229089165,-0.08771538259655896,-0.014668902345050885,-0.014702429616276809,-0.014708758840325529,-0.005249766876764257,-0.005445053025105784,-0.005472910843019247,-0.0025331786371302974
0.0018200728029121166,-0.08771702797827173,-0.014669206250253853,-0.014702731512232281,-0.014709063211362441,-0.005249901025945445,-0.005445181068739052,-0.0054730406438049505,-0.002533246137372324
0.0018220728829153167,-0.08771309659800419,-0.014668515478469268,-0.014702042450101174,-0.014708371036873266,-0.005249624392560766,-0.0054449068731203835,-0.005472764051018335,-0.002533109794157267
0.001824072962918517,-0.08771477658372996,-0.01466882532145488,-0.014702350264791036,-0.014708681355973995,-0.00524976085763713,-0.005445037208215101,-0.005472896165856349,-0.002533178399416842
0.001826073042921717,-0.08771087966405741,-0.014668140462835006,-0.014701667096857779,-0.014707995104888492,-0.005249486530532708,-0.005444765294552544,-0.005472621877521769,-0.0025330431566329865
0.0018280731229249171,-0.08771259396632454,-0.014668456194258335,-0.014701980781100271,-0.014708311322623548,-0.005249625292231937,-0.005444897902056007,-0.005472756287169058,-0.002533112857717124
0.0018300732029281172,-0.08770873121850882,-0.014667777199240969,-0.014701303457966417,-0.014707630945294505,-0.00524935325205075,-0.005444628251213036,-0.005472484283958767,-0.0025329787061310416
0.0018320732829313173,-0.08771047954732225,-0.014668098769324227,-0.014701622962148178,-0.014707953011800657,-0.005249494290931763,-0.005444763111905506,-0.005472620969003603,-0.0025330494937662183
0.0018340733629345176,-0.08770665068012068,-0.01466742558791746,-0.014700951433987159,-0.014707278458150511,-0.005249224518149361,-0.0054444957045798196,-0.005472351231422529,-0.0025329164240646142
0.0018360734429377177,-0.08770843274299744,-0.014667752946455991,-0.014701276708069429,-0.01470760632313706,-0.005249367814604801,-0.005444632799076924,-0.005472490172286912,-0.002532988288897956
0.0018380735229409177,-0.08770463746269444,-0.014667085528243801,-0.014700610924631619,-0.014706937542663228,-0.0052491002895313985,-0.005444367615802578,-0.0054722226806747,-0.002532856291688604
0.0018400736029441178,-0.08770645296469642,-0.014667418624611602,-0.014700941918155642,-0.014707271155417378,-0.00524924582378968,-0.00544450692455739,-0.005472363857616531,-0.0025329292242888568
0.0018420736829473181,-0.08770269097513891,-0.014666756918759623,-0.014700281828774562,-0.01470660809719838,-0.005248980526572484,-0.005444243945707061,-0.005472098592149878,-0.0025327982901017635
0.0018440737629505182,-0.08770453961890598,-0.014667095701915512,-0.014700618490867573,-0.0147069474065913,-0.005249128278700158,-0.005444385449012423,-0.0054722419852652315,-0.0025328722809604457
0.0018460738429537183,-0.08770081062153699,-0.014666439657177037,-0.014699964044465691,-0.014706290019292526,-0.005248865189325682,-0.005444124654799698,-0.005471978925960198,-0.0025327424002489153
0.0018480739229569183,-0.08770269210732284,-0.014666784075670136,-0.014700306323846673,-0.014706634973785162,-0.005249015139229736,-0.005444268332790483,-0.005472124515185619,-0.0025328174397813703
0.0018500740029601186,-0.08769899580121444,-0.014666133640391758,-0.014699657468940969,-0.014705983205664536,-0.0052487542375259585,-0.005444009703272055,-0.005471863641899799,-0.002532688602923057
0.0018520740829633187,-0.08770090982691926,-0.014666483642367681,-0.014700005313926534,-0.014706333753313459,-0.00524890636495604,-0.0054441555359273685,-0.0054720114070145945,-0.0025327646814695664
0.0018540741629665188,-0.08769724590880919,-0.01466583876449536,-0.014699361998634704,-0.014705687552227663,-0.005248647630594864,-0.005443899051005354,-0.005471752699449561,-0.0025326368787676437
0.0018560742429697189,-0.08769919217001573,-0.014666194297701945,-0.014699715357145076,-0.014706043640691138,-0.0052488019151456485,-0.005444047018150915,-0.005471902620078103,-0.002532713986594513
0.0018580743229729192,-0.08769556033433991,-0.014665554924786946,-0.014699077529191265,-0.0147054029541014,-0.005248545327645095,-0.005443792657575175,-0.005471646057781613,-0.0025325872082787105
0.0018600744029761192,-0.0876975385243465,-0.014665915936580221,-0.014699436348755947,-0.014705764530645033,-0.005248701748758544,-0.005443942738885497,-0.005471798113395603,-0.0025326653355793724
0.0018620744829793193,-0.08769393846327471,-0.0146652820157849,-0.014698803955476727,-0.014705129305623038,-0.005248447287485119,-0.005443690482255844,-0.0054715436757639315,-0.0025325395718071137
0.0018640745629825194,-0.08769594827313165,-0.0146656484531352,-0.014699168183240855,-0.014705496317126197,-0.00524860582445286,-0.00544384265725667,-0.005471697845684847,-0.002532618708703279
0.0018660746429857195,-0.08769237967660282,-0.014665019931239226,-0.014698541171591244,-0.014704866500360313,-0.0052483534686239225,-0.005443592484025283,-0.005471445511965205,-0.002532493949560815
0.0018680747229889198,-0.08769442079514618,-0.014665391740737036,-0.014698910754321217,-0.014705238893321763,-0.005248514100589599,-0.005443746732095795,-0.005471601775366537,-0.002532574086103534
0.0018700748029921198,-0.08769088335090272,-0.014664768564143294,-0.014698289070880671,-0.014704614431122805,-0.005248263829275638,-0.005443498621569476,-0.0054713515246593005,-0.0025324503216070213
0.00187207488299532,-0.08769295546479035,-0.014665145692005327,-0.01469866395497042,-0.014704992151667014,-0.005248426535237213,-0.005443654921944676,-0.005471509860568932,-0.0025325314477778536
0.00187407496299852,-0.08768944885841432,-0.014664527806745988,-0.014698047545948785,-0.014704372989974575,-0.005248178327364267,-0.00544340885328723,-0.005471261671830103,-0.002532408667874517
0.0018760750430017203,-0.0876915516521608,-0.014664910198821431,-0.014698427677425763,-0.01470475598385766,-0.005248343086176439,-0.0054435671850603,-0.005471422059132722,-0.0025324907735866384
0.0018780751230049204,-0.08768807556710802,-0.014664297550563988,-0.014697816488669413,-0.014704142068245859,-0.00524809692052841,-0.005443323137294804,-0.005471175911176214,-0.0025323689681558685
0.0018800752030081204,-0.08769020872312049,-0.014664685152340273,-0.014698201813200489,-0.014704530280861728,-0.005248263710904944,-0.005443483479419386,-0.005471338328615602,-0.0025324520432551964
0.0018820752830113205,-0.0876867628407581,-0.014664077686393795,-0.014697595790198512,-0.014703921556545834,-0.005248019566126089,-0.005443241431430702,-0.005471094200115705,-0.0025323312021097474
0.0018840753630145208,-0.08768892603937163,-0.014664470443003043,-0.014697986253096366,-0.014704314932932358,-0.00524818836664225,-0.005443403762723353,-0.005471258626297229,-0.0025324152363761007
0.001886075443017721,-0.08768551003901162,-0.014663868104324108,-0.014697385340986382,-0.014703711344774334,-0.005247946221239394,-0.005443163693260282,-0.005471016495790909,-0.0025322953492631375
0.001888075523020921,-0.08768770295852524,-0.01466426596054905,-0.014697780887215428,-0.014704109829619418,-0.005248117010334288,-0.005443327992402773,-0.005471182909183792,-0.0025323803324113704
0.001890075603024121,-0.08768431651746302,-0.014663668693748208,-0.01469718503079027,-0.014703511322134743,-0.005247876842679479,-0.005443089880080662,-0.00547094275507322,-0.0025322613890137306
0.0018920756830273213,-0.08768653883417556,-0.014664071594028457,-0.014697585604972823,-0.014703914859782601,-0.0052480495986585,-0.00544325612562238,-0.005471111134013051,-0.0025323473106948794
0.0018940757630305214,-0.08768318162772279,-0.014663479343375974,-0.014696994748686036,-0.014703321377145827,-0.005247811386991112,-0.0054430199489253,-0.00547087293456784,-0.0025322293006320986
0.0018960758430337215,-0.08768543301596998,-0.014663887231814334,-0.01469740029510869,-0.01470372991160323,-0.005247986088028394,-0.0054431881192857,-0.005471043257258986,-0.0025323161504345578
0.0018980759230369216,-0.08768210471749462,-0.014663299941246962,-0.014696814383081321,-0.014703141397654832,-0.005247749810457867,-0.005442953856569035,-0.005470806990618804,-0.0025321990632641467
0.0019000760030401219,-0.0876843848496834,-0.01466371276161541,-0.014697224845700898,-0.01470355487259718,-0.005247926434598611,-0.0054431239300399325,-0.005470979235136739,-0.002532286830714775
0.001902076083043322,-0.08768108513064214,-0.014663130374742074,-0.014696643821727223,-0.014702971270849154,-0.005247692069106597,-0.005442891559532601,-0.005470744879313554,-0.0025321706559332715
0.001904076163046522,-0.08768339367728951,-0.014663548070488258,-0.014697059144177287,-0.014703389629626973,-0.005247870594269633,-0.005443063514280705,-0.0054709190236074305,-0.0025322593304986265
0.001906076243049722,-0.08768012220726752,-0.014662970530596845,-0.014696482951731524,-0.014702810883269751,-0.005247638118712665,-0.005442833014087755,-0.005470686556488151,-0.0025321440575428716
0.0019080763230529222,-0.08768245883703576,-0.014663393044850245,-0.014696903077328396,-0.014703234068914795,-0.005247818522692801,-0.005443006828157012,-0.0054708625783831556,-0.0025322336286303215
0.0019100764030561225,-0.08767921528378117,-0.014662820294913332,-0.014696331659570516,-0.014702660120823087,-0.005247587914804569,-0.005442778176261886,-0.005470631977731835,-0.002532119246878505
0.0019120764830593225,-0.08768157966351449,-0.014663247570491589,-0.014696756531319669,-0.014703088076054761,-0.0052477701752750945,-0.005442953827575938,-0.005470809854931674,-0.002532209703837431
0.0019140765630625226,-0.08767836369297749,-0.01466267955317343,-0.014696189831102281,-0.01470251886879424,-0.005247541412669132,-0.005442727001843098,-0.005470581098392284,-0.0025320962026104126
0.0019160766430657227,-0.08768075548773932,-0.01466311153258864,-0.014696619391704626,-0.014702951536025837,-0.005247725507184251,-0.005442904468207701,-0.005470760808481633,-0.0025321875347333648
0.001918076723068923,-0.087677566764106,-0.014662548190250833,-0.014696057351578556,-0.014702387011859048,-0.005247498567356089,-0.005442679446384845,-0.005470533873580184,-0.0025320749032956896
0.001920076803072123,-0.08767998563721599,-0.01466298481571586,-0.014696491543436722,-0.014702824333204193,-0.005247684473353439,-0.005442858705490354,-0.005470715394027168,-0.0025321670998195824
0.0019220768830753231,-0.08767682382294836,-0.014662426090424167,-0.014695934105658018,-0.014702264434097374,-0.005247459333683385,-0.005442635465211066,-0.005470490258174522,-0.0025320553273808113
0.0019240769630785232,-0.08767926943601984,-0.014662867303859288,-0.014696372870882905,-0.014702706351376469,-0.005247647028486521,-0.005442816494634899,-0.005470673566333241,-0.0025321483774881108
0.0019260770430817235,-0.08767613419189142,-0.014662313137389879,-0.014695819977418811,-0.01470215101900569,-0.005247423666241971,-0.005442595013421029,-0.005470450206827334,-0.0025320374532039258
0.0019280771230849236,-0.08767860620486712,-0.01466275888042858,-0.014696263257835575,-0.014702597473751957,-0.005247613127062742,-0.005442777790630032,-0.005470635279940232,-0.002532131346023798
0.0019300772030881237,-0.08767549719000067,-0.014662209214274352,-0.014695714850371053,-0.014702046649509637,-0.00524739151940074,-0.00544255804589414,-0.0054704136739687275,-0.0025320212589972067
0.0019320772830913237,-0.08767799526119245,-0.014662659428270554,-0.014696162587525976,-0.014702497582976154,-0.005247582723341979,-0.005442742548247232,-0.005470600489169249,-0.0025321159836067977
0.001934077363094524,-0.08767491213309733,-0.014662114203647618,-0.014695618607469995,-0.014701951207977315,-0.005247362847311696,-0.005442524517295122,-0.005470380613811963,-0.0025320067228893216
0.0019360774430977241,-0.08767743591922145,-0.014662568829681357,-0.01469607074263651,-0.014702406561142882,-0.005247555771369546,-0.005442710722045598,-0.005470569148126934,-0.0025321022683148574
0.0019380775231009242,-0.0876743783338307,-0.014662027987535423,-0.014695531131128568,-0.014701864576231752,-0.005247337603914763,-0.005442494382078735,-0.005470350980358309,-0.0025319938229077335
0.0019400776031041243,-0.08767692749004743,-0.014662486966419828,-0.014695987605313938,-0.014702324289807736,-0.005247532224981346,-0.005442682266376934,-0.005470541210710554,-0.002532090178125796
0.0019420776831073243,-0.08767389510175701,-0.014661950447432992,-0.014695452303230582,-0.01470178663556442,-0.005247315742943105,-0.005442467594495063,-0.005470324727402369,-0.0025319825369812267
0.0019440777631105246,-0.08767646928170589,-0.014662413719720262,-0.014695913057182009,-0.014702250650000843,-0.005247512037808868,-0.005442657135390622,-0.005470516630613051,-0.0025320796909198764
0.0019460778431137247,-0.08767346174341022,-0.014661881464316818,-0.014695382005143056,-0.014701717266747237,-0.005247297217927764,-0.005442444108594092,-0.005470301808536657,-0.002531972842942141
0.0019480779231169248,-0.08767606059925095,-0.014662348970305389,-0.014695846979354723,-0.014702185522239924,-0.005247495163284243,-0.005442635283038769,-0.0054704953613281,-0.002532070784482225
0.0019500780031201249,-0.08767307756238238,-0.014661820918658986,-0.01469532011772993,-0.0147016563500468,-0.005247281982203198,-0.005442423878231167,-0.005470282177157208,-0.00253196471852897
0.0019520780831233252,-0.08767570074482982,-0.014662292598399313,-0.01469578925244887,-0.014702128786543141,-0.0052474815546452915,-0.005442616663081059,-0.005470477356155106,-0.002532063436505228
0.001954078163126525,-0.08767274185939622,-0.014661768690439118,-0.014695266521364398,-0.014701603765236413,-0.005247269988911938,-0.005442406857071696,-0.005470265786468175,-0.0025319581413886425
0.0019560782431297255,-0.08767538901775965,-0.014662244483740608,-0.014695739756597274,-0.014702080322442253,-0.005247471164940596,-0.005442601229089881,-0.005470462568204336,-0.0025320576245909925
0.0019580783231329256,-0.08767245393238264,-0.014661724659158035,-0.014695221095942203,-0.014701559391609664,-0.00524726119100993,-0.005442392998596319,-0.005470252589487203,-0.00253195308907904
0.0019600784031361257,-0.08767512471460473,-0.014662204505595529,-0.014695698371462014,-0.014702040008995996,-0.005247463947034728,-0.0054425889344554106,-0.005470450950402081,-0.002532053326253756
0.0019620784831393258,-0.08767221307655595,-0.014661688703850331,-0.014695183720894518,-0.014701523107993211,-0.005247255541271444,-0.00544238225610586,-0.005470242539050351,-0.002531949539071329
0.001964078563142526,-0.08767490712924965,-0.014662172542770633,-0.014695664976246825,-0.014702007724802582,-0.005247459853613085,-0.005442579732390494,-0.00547044245549552,-0.002532050518922306
0.001966078643145726,-0.0876720185844928,-0.014661660703098307,-0.014695154275201423,-0.014701494792760509,-0.005247252992294465,-0.005442374582726612,-0.0054702355878174,-0.0025319474687525564
0.001968078723148926,-0.08767473555298007,-0.014662148473626688,-0.014695639449711,-0.0147019833480135,-0.005247458837187313,-0.005442573575935938,-0.0054704370360581815,-0.002532049179942472
0.001970078803152126,-0.08767186974620483,-0.01466164053504398,-0.01469513263740444,-0.014701474323844131,-0.005247253496505482,-0.005442369931415056,-0.005470231688276728,-0.0025319468554279223
0.0019720788831553266,-0.08767460927455528,-0.014662132176090935,-0.014695621670181853,-0.014701966756346172,-0.005247460850100163,-0.005442570417965376,-0.005470434644494707,-0.002532049286579498
0.0019740789631585267,-0.08767176584922005,-0.01466162807740348,-0.014695118685620094,-0.014701461578749799,-0.005247257006164898,-0.005442368254963319,-0.005470230792750678,-0.002531947676323363
0.0019760790431617267,-0.0876745275802876,-0.014662123527670991,-0.014695611515568153,-0.014701957827097434,-0.0052474658445308365,-0.0054425702111904764,-0.005470435233046275,-0.0025320508160205607
0.001978079123164927,-0.08767170617865404,-0.014661623207478987,-0.014695112297552689,-0.014701456434568843,-0.0052472634733718975,-0.005442369506003889,-0.0054702328534004495,-0.00253194990858789
0.001980079203168127,-0.08767448975411946,-0.014662122405467565,-0.014695608863373366,-0.01470195643715685,-0.005247473772500003,-0.005442572908166053,-0.005470438753795587,-0.0025320537453772133
0.001982079283171327,-0.0876716900172943,-0.014661625802173324,-0.014695113350508137,-0.014701458767992233,-0.005247272850069994,-0.005442373637015126,-0.005470237822231588,-0.002531953529296209
0.001984079363174527,-0.08767449507769828,-0.014662128686188124,-0.014695613590708628,-0.014701962463019655,-0.005247484585875025,-0.005442578461295053,-0.005470445158672071,-0.002532058051687797
0.001986079443177727,-0.0876717166456688,-0.014661635738001671,-0.014695121721406006,-0.014701468455322856,-0.005247285088051643,-0.005442380600325875,-0.0054702456510986475,-0.0025319585154509427
0.001988079523180927,-0.08767454283045624,-0.014662142246159696,-0.014695625574305995,-0.014701975780800257,-0.005247498236375038,-0.005442586822833758,-0.005470454399457002,-0.0025320637119199733
0.0019900796031841277,-0.0876717853421328,-0.014661652891106417,-0.014695137286794328,-0.014701485372490025,-0.0052473001389640415,-0.0054423903481211795,-0.005470256291710998,-0.002531964843985391
0.001992079683187328,-0.08767463228968729,-0.014662162961342661,-0.014695644690532006,-0.014701996266245666,-0.00524751467557634,-0.005442597944896992,-0.0054704664277888445,-0.002532070702973174
0.001994079763190528,-0.08767189538293704,-0.014661677137268956,-0.014695159922861203,-0.014701509395061537,-0.0052473179543137205,-0.005442402832446794,-0.005470269695637355,-0.002531972491765707
0.001996079843193728,-0.08767476273062214,-0.01466219070734345,-0.014695670815400354,-0.01470202379474837,-0.0052475338549172355,-0.005442611779462991,-0.00547048119516813,-0.0025320790016810325
0.001998079923196928,-0.08767204604231335,-0.014661708351924355,-0.0146951895054495,-0.01470154039825815,-0.005247338485472216,-0.005442418005214867,-0.005470285814311504,-0.0025319814355936527
0.002000080003200128,-0.08767493342650938,-0.014662225359428393,-0.014695703824585717,-0.014702058241360127,-0.005247555725703543,-0.005442628278378816,-0.0054704986529629275,-0.0025320885848139096
0.002002080083203328,-0.08767223659254553,-0.01466174641017341,-0.014695225910068907,-0.014701578256965865,-0.005247361683680832,-0.005442435818208606,-0.005470304599037053,-0.0025319916522088155
0.0020040801632065283,-0.08767514364869101,-0.014662266792536804,-0.014695743593436771,-0.014702099480805102,-0.00524758023911362,-0.005442647393365391,-0.0054705187524139295,-0.002532099429081376
0.0020060802432097288,-0.08767246630405394,-0.014661791186797356,-0.014695269011910391,-0.014701622845750429,-0.005247387500056338,-0.005442456223087899,-0.005470326000993055,-0.0025320031182913534
0.002008080323212929,-0.08767539266668099,-0.01466231488129427,-0.014695789996989502,-0.014702147387493321,-0.005247607346203631,-0.005442669076022573,-0.005470541444639624,-0.0025321115111346464
0.002010080403216129,-0.08767273444546535,-0.01466184255626957,-0.014695318685858327,-0.014701674038869385,-0.005247415885595539,-0.00544247917139392,-0.005470349971238725,-0.002532015810464174
0.002012080483219329,-0.08767567974824318,-0.014662369500026315,-0.014695842909980647,-0.014702201835533973,-0.005247636997912697,-0.005442693277834453,-0.005470566680641537,-0.002532124807569127
0.002014080563222529,-0.0876730402837002,-0.014661900392770879,-0.01469537480650516,-0.014701731710287004,-0.005247446791181268,-0.005442504614554942,-0.00547037646071927,-0.0025320297052957874
0.002016080643225729,-0.08767600415946937,-0.014662430522771388,-0.014695902206860944,-0.014702262698748941,-0.005247669145068227,-0.005442719950174427,-0.005470594411309471,-0.0025321392949268578
0.0020180807232289292,-0.0876733830840409,-0.014661964570200905,-0.014695437248163312,-0.014701795733686128,-0.005247480167586726,-0.005442532503890793,-0.005470405420270341,-0.0025320447793024028
0.0020200808032321293,-0.08767636516485702,-0.01466249782329472,-0.014695967761808586,-0.014702329850686167,-0.0052477037383910135,-0.005442749044310429,-0.005470624587426704,-0.002532154949699041
0.0020220808832353294,-0.0876737621102196,-0.014662034962193482,-0.014695505884879924,-0.014701865982483076,-0.0052475159654815995,-0.005442562790618728,-0.005470436800624101,-0.0025320610089508066
0.00202408096323853,-0.08767676202738753,-0.014662571275101174,-0.014696039448742374,-0.014702403164632989,-0.005247740728500497,-0.005442780511409987,-0.005470657159675139,-0.0025321717483284814
0.00202608104324173,-0.0876741766244871,-0.014662111442128253,-0.01469558059044899,-0.014701942329839714,-0.005247554135436481,-0.005442595425857968,-0.005470470552413637,-0.0025320783706605067
0.00202808112324493,-0.08767719400860531,-0.014662650751449279,-0.014696117141335441,-0.014702482513629806,-0.005247780065920076,-0.005442814302545603,-0.005470692078640706,-0.0025321896672121746
0.00203008120324813,-0.08767462588769931,-0.014662193883145621,-0.014695661238425877,-0.014702024648678078,-0.005247594627928766,-0.005442630360635414,-0.005470506626178858,-0.0025320968408065244
0.00203208128325133,-0.08767766036869401,-0.01466273612536399,-0.014696200713028207,-0.014702567770483186,-0.005247821701082193,-0.0054428503686996385,-0.005470729294818359,-0.0025322086827036785
0.0020340813632545303,-0.08767510915938947,-0.014662282158158938,-0.014695747702139748,-0.01470211281169297,-0.005247637393347376,-0.0054426675458904205,-0.0054705449723712616,-0.0025321163957216677
0.0020360814432577303,-0.08767816036655773,-0.014662827269650899,-0.01469629003704223,-0.01470265880777982,-0.005247865584333735,-0.005442888660769852,-0.005470768758617596,-0.00253222877111574
0.0020380815232609304,-0.08767562569785013,-0.014662376139868876,-0.014695839854707581,-0.014702206691365986,-0.0052476823819983505,-0.005442706932480243,-0.005470585541359456,-0.0025321370116991823
0.002040081603264131,-0.08767869325989615,-0.014662924056908855,-0.014696384986393179,-0.014702755497899424,-0.005247911665941116,-0.005442929129574258,-0.005470810420367368,-0.0025322499087226933
0.002042081683267331,-0.08767617476020963,-0.014662475700776266,-0.014695937569047348,-0.014702306159978657,-0.005247729544109883,-0.0054427484711851,-0.005470628283434244,-0.0025321586649951684
0.002044081763270531,-0.08767925830528601,-0.014663026359544177,-0.014696485433904595,-0.01470285771302866,-0.005247959896095655,-0.005442971725856569,-0.005470854230321649,-0.0025322720717630373
0.002046081843273731,-0.08767675560251115,-0.01466258071319591,-0.014696040717891348,-0.01470241108962597,-0.005247778829837674,-0.005442792112713386,-0.00547067314881391,-0.0025321813318311096
0.0020480819232769312,-0.08767985475825704,-0.014663134049783404,-0.014696591252220998,-0.014702965325174346,-0.005248010224918689,-0.005443016400291193,-0.005470900138664371,-0.0025322952364418725
0.0020500820032801313,-0.08767736747979134,-0.01466269104926978,-0.014696149173799796,-0.01470252135223002,-0.005247830189270082,-0.005442837807706897,-0.005470720087649475,-0.002532204988396374
0.0020520820832833314,-0.0876804818733723,-0.014663246999687444,-0.014696702313821619,-0.014703078206177146,-0.005248062602466971,-0.005443063103488586,-0.00547094809551495,-0.002532319378933474
0.0020540821632865315,-0.08767800964615831,-0.014662806580980728,-0.014696262809174111,-0.014702636819553232,-0.0052478835724334445,-0.0054428855067459566,-0.005470769050029922,-0.002532229610850731
0.0020560822432897316,-0.08768113890430428,-0.014663365081164314,-0.014696818491033435,-0.014703196227724731,-0.005248116978737717,-0.005443111786000267,-0.005470998050933249,-0.002532344475383704
0.002058082323292932,-0.08767868135487047,-0.014662927180165701,-0.014696381496270422,-0.01470275736321219,-0.005247938929297319,-0.005442935160354702,-0.005470819985987478,-0.002532255175326829
0.002060082403296132,-0.08768182510391638,-0.014663488165983243,-0.014696939656044964,-0.014703319261365666,-0.005248173303674084,-0.005443162398324199,-0.0054710499549250795,-0.0025323705019126203
0.002062082483299332,-0.08767938185841403,-0.014663052718529248,-0.014696505107212742,-0.014702882854690565,-0.005247996209779611,-0.0054429867190061015,-0.005470872845502718,-0.002532281657932683
0.0020640825633025323,-0.0876825397243389,-0.014663616125787714,-0.014697065680919382,-0.014703447178522545,-0.005248231527170163,-0.0054432148909098355,-0.005471103757447255,-0.0025323974346168725
0.0020660826433057324,-0.08768011040858287,-0.014663183067657183,-0.01469663351400683,-0.014703013165353246,-0.0052480553637520135,-0.005443040133127426,-0.005470927578510018,-0.00253230903475425
0.0020680827233089324,-0.08768328201704823,-0.014663748832109035,-0.014697196437608077,-0.014703579850505629,-0.00524829159907646,-0.005443269214163397,-0.005471159408412929,-0.0025324252495723043
0.0020700828033121325,-0.08768086625655605,-0.014663318099029788,-0.014696766588553139,-0.014703148166459318,-0.005248116341045078,-0.005443095353105139,-0.0054709841349026185,-0.0025323372818578573
0.0020720828833153326,-0.08768405123294423,-0.014663886156379684,-0.014697331797963934,-0.014703717148526177,-0.005248353469204874,-0.0054433253184529105,-0.005471216857696713,-0.002532453922836332
0.002074082963318533,-0.08768164865297548,-0.014663457684035208,-0.01469690420266037,-0.014703287729175694,-0.0052481790914535075,-0.005443152329290223,-0.005471042464537921,-0.0025323663752926905
0.002076083043321733,-0.08768484662243246,-0.014664027969947204,-0.014697471633755054,-0.014703858943710294,-0.0052484170873343065,-0.0054433831541137135,-0.005471276055140192,-0.002532483430450615
0.0020780831233249333,-0.08768245684802692,-0.014663601693983388,-0.014697046228059188,-0.01470343172459079,-0.0052482435647415145,-0.005443211012003501,-0.005471102517242831,-0.0025323962910934255
0.0020800832033281333,-0.0876856674354963,-0.014664174144086826,-0.014697615816677608,-0.014704005107111786,-0.005248482403215436,-0.0054434426714532165,-0.0054713369505567525,-0.002532513748443362
0.0020820832833313334,-0.08768329009151343,-0.014663750000118596,-0.014697192536414862,-0.014703580023727335,-0.005248309710647743,-0.005443271351540435,-0.005471164242818687,-0.0025324270052825048
0.0020840833633345335,-0.08768651292178094,-0.014664324550015803,-0.014697764218369803,-0.014704155509726145,-0.005248549366576394,-0.005443503820756467,-0.005471399493737211,-0.002532544852832001
0.0020860834433377336,-0.0876841476329397,-0.014663902473633987,-0.014697342999341586,-0.01470373249755679,-0.0052483774788909116,-0.005443333298176769,-0.005471227591046916,-0.0025324584938728936
0.0020880835233409336,-0.08768738233066724,-0.01466447905890593,-0.014697916710424726,-0.014704310022503619,-0.0052486179271276035,-0.005443566552291007,-0.005471463634454693,-0.0025325767196255175
0.0020900836033441337,-0.08768502872158547,-0.014664058985683992,-0.01469749748841509,-0.01470388901701191,-0.0052484468191747145,-0.005443396802173355,-0.00547129251169388,-0.002532490732870331
0.0020920836833473342,-0.08768827491135454,-0.014664637541897958,-0.014698073164404305,-0.014704468516363128,-0.005248688034567422,-0.0054436308163123785,-0.00547152932247024,-0.0025326093248271356
0.0020940837633505343,-0.08768593260658514,-0.014664219407398307,-0.01469765587518635,-0.01470404945300063,-0.005248517681193207,-0.00544346181378149,-0.0054713589545163305,-0.0025325236982760057
0.0020960838433537344,-0.08768918991293266,-0.014664799870113907,-0.01469823345185193,-0.014704630862204936,-0.0052487596385868895,-0.005443696563068914,-0.005471596507537564,-0.002532642644436581
0.0020980839233569345,-0.08768685853700704,-0.01466438360989511,-0.014697818031194874,-0.014704213676419334,-0.005248590014635942,-0.005443528283248036,-0.0054714268692665005,-0.002532557366088933
0.0021000840033601345,-0.08769012658446633,-0.014664965914671374,-0.014698397444306507,-0.01470479693092485,-0.0052488326888754,-0.005443763742807261,-0.005471665139408737,-0.0025326766544527964
0.0021020840833633346,-0.087687805761929,-0.014664551464294372,-0.014697983827982037,-0.014704381558166172,-0.005248663769193237,-0.005443596160820527,-0.00547149620569737,-0.0025325917123084885
0.0021040841633665347,-0.08769108417506759,-0.01466513554669612,-0.014698565013315202,-0.014704966593426858,-0.0052489071351254895,-0.005443832305777213,-0.005471735167838982,-0.0025327113308762157
0.0021060842433697348,-0.08768877353051896,-0.014664722841731561,-0.014698153137104436,-0.014704552969154844,-0.005248738894561424,-0.005443665396752518,-0.005471566913567919,-0.00253262671293692
0.0021080843233729353,-0.08769206193397852,-0.014665308637336397,-0.01469873603044739,-0.014705139720637443,-0.005248982927038515,-0.0054439022022372534,-0.00547180654259225,-0.0025327466497114953
0.0021100844033761354,-0.08768976109211037,-0.014664897613370328,-0.014698325830147062,-0.0147047277803273,-0.005248815340447885,-0.005443735941308427,-0.005471638942648172,-0.0025326623439817612
0.0021120844833793354,-0.08769305911064378,-0.014665485057774973,-0.014698910367306982,-0.014705316183517734,-0.005249060014329304,-0.0054439733824591646,-0.005471879213446028,-0.002532782586969699
0.0021140845633825355,-0.08769076769628122,-0.01466507565041653,-0.014698501778736758,-0.014704905862667816,-0.005248893056576435,-0.005443807744768991,-0.005471712242724568,-0.002532698581458355
0.0021160846433857356,-0.08769407495479391,-0.014665664679243838,-0.014699087895547,-0.014705495853078083,-0.005249138346731875,-0.0054440457967337725,-0.005471953130196947,-0.002532819118671061
0.0021180847233889357,-0.08769179259293143,-0.01466525682413115,-0.014698680854555389,-0.014705087087215787,-0.005248971992692412,-0.005443880757436157,-0.005471786763605042,-0.0025327354013923477
0.0021200848033921357,-0.08769510871651748,-0.014665847373036356,-0.01469926848688152,-0.014705678600390437,-0.005249217874004174,-0.005444119395375539,-0.005472028242665542,-0.002532856220847228
0.002122084883395336,-0.08769283503235971,-0.014665441005843634,-0.01469886292935303,-0.014705271325079232,-0.005249052098567849,-0.0054439549296383845,-0.00547186245512421,-0.0025327727798220945
0.002124084963398536,-0.08769615964634309,-0.014666033010521426,-0.014699452013099972,-0.014705864296602238,-0.005249298545933633,-0.005444194128728116,-0.005472104500701821,-0.002532893869543917
0.0021260850434017364,-0.08769389426534126,-0.014665628066965194,-0.014699047874961275,-0.014705458447448073,-0.005249133324006651,-0.005444030211735585,-0.005471939267148536,-0.0025328106928011766
0.0021280851234049365,-0.08769722699531243,-0.014666221463155923,-0.014699638346079532,-0.014706052812949308,-0.005249380312342003,-0.005444269947169081,-0.005472181854190055,-0.0025329320408231993
0.0021300852034081366,-0.08769496954320635,-0.014665817879002237,-0.014699235563306665,-0.014705648325607586,-0.0052492156188498834,-0.005444106554124495,-0.005472017149581612,-0.0025328491164009043
0.0021320852834113366,-0.08769831001506154,-0.014666412602498806,-0.014699827357799025,-0.014706244020769412,-0.005249463123090781,-0.005444346801115413,-0.005472260253054289,-0.0025329707107661597
0.0021340853634145367,-0.0876960601179142,-0.014666010313569115,-0.014699425866423269,-0.014705840830951262,-0.005249298932980678,-0.005444183907243454,-0.005472096052369091,-0.002532888026712648
0.002136085443417737,-0.08769940795789372,-0.014666606300223472,-0.01470001892035134,-0.014706437791515191,-0.005249546928086134,-0.0054444246410282225,-0.005472339647263156,-0.0025330098554751435
0.002138085523420937,-0.087697165242133,-0.01466620524240187,-0.01469961865646647,-0.014706035834994326,-0.005249383216329591,-0.005444262221577753,-0.005472175925503984,-0.0025329273998504244
0.002140085603424137,-0.0877005200768607,-0.014666802428131665,-0.014700212905957502,-0.01470663399676779,-0.005249631677284261,-0.005444503417418203,-0.005472419986835339,-0.0025330494510764187
0.0021420856834273375,-0.0876982841693145,-0.014666402537370862,-0.014699813805725593,-0.014706233209386743,-0.005249468418879608,-0.005444341447664537,-0.005472256719031716,-0.0025329672119532476
0.0021440857634305375,-0.08770164562583453,-0.014667000858165965,-0.014700409186978715,-0.014706832508249452,-0.005249717320696279,-0.005444583080850331,-0.0054725012218443565,-0.0025330894737224216
0.0021460858434337376,-0.08769941615377308,-0.014666602070494611,-0.014700011186637588,-0.014706432825926732,-0.005249554490671398,-0.005444421536098101,-0.005472338383055391,-0.0025330074391876982
0.0021480859234369377,-0.08770278385958864,-0.014667201462423611,-0.014700607635930412,-0.014707033197837257,-0.005249803808393557,-0.005444663581949282,-0.00547258330242399,-0.0025331298995943624
0.0021500860034401378,-0.08770056045075822,-0.014666803713951952,-0.01470021067179925,-0.014706634556573258,-0.005249641381808196,-0.005444502437534634,-0.0054724208677406055,-0.0025330480577501666
0.002152086083443338,-0.08770393403387117,-0.014667404113168959,-0.014700808125494725,-0.014707235937575856,-0.0052498910905126855,-0.005444744871404236,-0.005472666178773182,-0.0025331707049045735
0.002154086163446538,-0.08770171631653689,-0.014667007340096381,-0.014700412133981442,-0.014706838273460072,-0.005249729042461302,-0.005444584102697637,-0.005472504123320984,-0.0025330890438695496
0.002156086243449738,-0.08770509540548192,-0.014667608682846967,-0.014701010528533514,-0.014707440599690551,-0.005249979117260565,-0.005444826899973989,-0.005472749801161141,-0.0025332118658989173
0.002158086323452938,-0.08770288300846063,-0.014667212821467409,-0.014700615446140486,-0.014707043848907399,-0.005249817422874529,-0.005444666482382457,-0.005472588100102675,-0.002533130373809332
0.0021600864034561386,-0.08770626723234953,-0.014667815044096175,-0.014701214718101983,-0.014707647056600905,-0.005250067838919689,-0.005444909618492119,-0.005472834119932629,-0.0025332533588593572
0.0021620864834593387,-0.08770405978505301,-0.014667420030805688,-0.014700820481433199,-0.014707251155436911,-0.005249906473370117,-0.005444749527462036,-0.0054726727484701,-0.0025331720238704323
0.0021640865634625387,-0.08770744877360444,-0.014668023069761301,-0.0147014205674606,-0.014707855180932755,-0.005250157205852824,-0.005444992977871669,-0.005472919085512652,-0.0025332951601061454
0.002166086643465739,-0.08770524590607313,-0.014667628841063773,-0.014701027113227665,-0.014707460065782602,-0.005249996144352909,-0.005444833188891061,-0.005472758018890378,-0.0025332139703931823
0.002168086723468939,-0.08770863928965929,-0.014668232632907015,-0.014701627950089296,-0.014708064845532472,-0.005250247168508545,-0.005445076929110658,-0.005473004648411994,-0.0025333372460004944
0.002170086803472139,-0.0877064406326018,-0.014667839125421068,-0.014701235215118007,-0.014707670452905604,-0.005250086386316159,-0.005444917417711749,-0.005472843861918912,-0.0025332561897601345
0.002172086883475339,-0.08770983804227715,-0.014668443606829963,-0.01470183673969891,-0.014708275923478448,-0.005250337677425725,-0.00544516142329645,-0.00547309075923165,-0.0025333795929466836
0.002174086963478539,-0.0877076432271081,-0.014668050757295121,-0.014701444660935868,-0.014707882190005768,-0.005250177149845996,-0.005445002165058214,-0.005472930228203928,-0.0025332986583981015
0.0021760870434817396,-0.08771104429465584,-0.014668655865072504,-0.014702046810245553,-0.014708488288095714,-0.005250428683239261,-0.005445246411611396,-0.00547317736866859,-0.0025334221773948306
0.0021780871234849397,-0.08770885295353115,-0.014668263610355734,-0.014701655324764123,-0.014708095150535401,-0.005250268385626843,-0.005445087382161867,-0.00547301706849193,-0.00253334135278084
0.00218008720348814,-0.08771225731149211,-0.014668869281434498,-0.01470225803594192,-0.014708701812966862,-0.00525052013668423,-0.00544533184533703,-0.005473264427519952,-0.002533464975842859
0.00218208728349134,-0.08771006907735102,-0.01466847755853703,-0.01470186708094945,-0.014708309208211815,-0.005250360044446193,-0.005445173020356136,-0.005473104333632404,-0.0025333842494312813
0.00218408736349454,-0.08771347635906805,-0.014669083729987686,-0.0147024702912716,-0.01470891637194695,-0.005250611988601733,-0.005445417675859924,-0.0054733518866887905,-0.0025335079648393035
0.00218608744349774,-0.0877112908656639,-0.014668692476050413,-0.01470207980411453,-0.014708524237029886,-0.0052504520771995645,-0.005445259031081414,-0.005473191974582829,-0.002533427324923933
0.00218808752350094,-0.08771470070531444,-0.014669299085086678,-0.014702683451000335,-0.014709131839174489,-0.005250704189943183,-0.0054455038546757,-0.005473439697188493,-0.0025335511209852966
0.00219008760350414,-0.0877125175872585,-0.01466890823739773,-0.014702293369172087,-0.01470874011127572,-0.005250544434895803,-0.0054453453658902,-0.005473279942413972,-0.002533470555887339
0.0021920876835073407,-0.08771592961989358,-0.014669515221383125,-0.01470289739018978,-0.014709348089085493,-0.005250796691775749,-0.005445590333394638,-0.005473527810148056,-0.002533594420937247
0.0021940877635105408,-0.08771374851268621,-0.014669124717383237,-0.014702507651335732,-0.014708956705538024,-0.005250637068661521,-0.0054454319764515495,-0.005473368188314245,-0.00253351391900626
0.002196087843513741,-0.08771716237426774,-0.014669732013837599,-0.014703111984209757,-0.014709564996425397,-0.005250889445287035,-0.005445677063746186,-0.00547361617681692,-0.0025336378414090167
0.002198087923516941,-0.08771498291434046,-0.0146693417911271,-0.014702722526134413,-0.014709173894722264,-0.005250729929746534,-0.005445518814556608,-0.005473456663595288,-0.0025335573910242695
0.002200088003520141,-0.08771839824177603,-0.014669949337732604,-0.014703327108750767,-0.014709782436262055,-0.0052509824017900695,-0.0054457639975839765,-0.005473704748569846,-0.0025336813591743416
0.002202088083523341,-0.08771622006652434,-0.014669559334077343,-0.014702937869423673,-0.014709391554062048,-0.005250822969528433,-0.005445605832122765,-0.00547354531969639,-0.0025336009487458865
0.002204088163526541,-0.08771963649770706,-0.014670167068685085,-0.014703542639836878,-0.014710000283998569,-0.005251075512728346,-0.005445851086890721,-0.005473793476912082,-0.002533724951069198
0.0022060882435297412,-0.08771745924552858,-0.014669777222022794,-0.014703153557398867,-0.014709609559132615,-0.005250916139517668,-0.005445692981199139,-0.005473634108189658,-0.002533644569039057
0.0022080883235329413,-0.0877208764193706,-0.014670385082658843,-0.014703758453837779,-0.014710218415385294,-0.005251168729680518,-0.005445938283782941,-0.005473882313483764,-0.0025337685939940515
0.002210088403536142,-0.0877186997297019,-0.01466999533110546,-0.014703369466607398,-0.01470982778586295,-0.005251009391362399,-0.005445780213970971,-0.005473722980784848,-0.0025336882288374035
0.002212088483539342,-0.08772211728617271,-0.014670603255977141,-0.014703974427481682,-0.014710436706532807,-0.005251262004365346,-0.0054460255405159065,-0.0054739712100653525,-0.00253381226491626
0.002214088563542542,-0.087719940799525,-0.014670213537833123,-0.014703585473961195,-0.014710046110548308,-0.005251102676853238,-0.005445867482764674,-0.005473811889334069,-0.0025337319051425846
0.002216088643545742,-0.08772335837968707,-0.01467082146533544,-0.014704190437867515,-0.014710655033924396,-0.0052513552886466735,-0.005446112809488342,-0.005474060118582073,-0.0025338559408723833
0.002218088723548942,-0.087721181737683,-0.014670431719091766,-0.014703801456749398,-0.014710264409863002,-0.005251195947928362,-0.005445954740052559,-0.005473900785836963,-0.002533775575026618
0.002220088803552142,-0.08772459898372756,-0.014671039587813286,-0.014704406362477352,-0.01471087327442823,-0.005251448534538062,-0.005446200043247327,-0.005474148991108931,-0.002533899598970453
0.0022220888835553423,-0.08772242182913649,-0.014670649752157707,-0.014704017292650053,-0.014710482560872182,-0.005251289156678013,-0.00544604193845757,-0.005473989622445127,-0.0025338192156341447
0.0022240889635585423,-0.0877258383844204,-0.014671257500887058,-0.014704622079188679,-0.014711091305309907,-0.005251541694207773,-0.005446287194492941,-0.005474237779875536,-0.002533943216392296
0.002226089043561743,-0.08772366036119478,-0.014670867514710376,-0.014704232859743099,-0.014710700441044921,-0.005251382255349576,-0.005446129030758152,-0.005474078351467267,-0.00253386280418474
0.002228089123564943,-0.08772707587027505,-0.014671475082441989,-0.014704837466286647,-0.01471130900424466,-0.005251634719983389,-0.005446374216083039,-0.00547432643727072,-0.0025339867703958116
0.002230089203568143,-0.0877248966235865,-0.014671084884844131,-0.014704448036522136,-0.01471091792826587,-0.0052514751963521795,-0.005446215969892837,-0.005474166925373722,-0.002533906317975206
0.002232089283571343,-0.0877283107322579,-0.014671692210784794,-0.014705052402476477,-0.01471152624932989,-0.005251727564356843,-0.005446461061038103,-0.005474414915847589,-0.0025340302383172744
0.002234089363574543,-0.0877261299085318,-0.014671301741080795,-0.014704662701906847,-0.01471113490084803,-0.005251567932261565,-0.0054463027089651115,-0.0054742552968013855,-0.002533949734381843
0.0022360894435777432,-0.08772954226386012,-0.014671908764655506,-0.01470526676689535,-0.014711742919097048,-0.005251820179988891,-0.0054465476825458,-0.005474503168328028,-0.002534073597573567
0.0022380895235809433,-0.0877273595108123,-0.014671517962381772,-0.014704876735255078,-0.01471135123754455,-0.005251660415824851,-0.0054463892012480385,-0.005474343418558419,-0.0025339930308627147
0.0022400896035841434,-0.08773076976117107,-0.01467212462323976,-0.0147054804391247,-0.014711958892524088,-0.005251912519714059,-0.005446634033965693,-0.005474591147607567,-0.0025341168256644768
0.0022420896835873435,-0.08772858472784181,-0.0146717334281599,-0.014705090016374697,-0.01471156681756092,-0.005251752599965056,-0.0054464754001888795,-0.005474431243628837,-0.0025340361849598534
0.002244089763590544,-0.08773199252294744,-0.014672339666180834,-0.014705693299202108,-0.014712174049047259,-0.005252004536545243,-0.005446720068833968,-0.005474678806760024,-0.0025341599001749066
0.002246089843593744,-0.08772980485973725,-0.014671948018291936,-0.014705302425536079,-0.014711781520567355,-0.005251844437786084,-0.005446561259413843,-0.00547451872517743,-0.0025340791743015904
0.002248089923596944,-0.0877332098506833,-0.014672553773591718,-0.014705905227633346,-0.014712388268573406,-0.005252096183678343,-0.005446805740867982,-0.005474766099042202,-0.002534202798777116
0.0022500900036001442,-0.08773101920938799,-0.014672161613130178,-0.014705513843483524,-0.014711995226710397,-0.005251935882577143,-0.005446646732732643,-0.005474605816554249,-0.0025341219766047115
0.0022520900836033443,-0.08773442104868075,-0.014672766826067147,-0.014706116105404454,-0.014712601431491928,-0.005252187414497151,-0.005446891003970966,-0.005474852977898585,-0.0025342454992329797
0.0022540901636065444,-0.08773222708252591,-0.014672374093514622,-0.014705724151447623,-0.01471220781662515,-0.005252026887817619,-0.005446731774143156,-0.005474692471299339,-0.0025341645696767075
0.0022560902436097444,-0.08773562542411843,-0.014672978704695267,-0.014706325813993363,-0.014712813418686545,-0.005252278182577693,-0.005446975812236556,-0.005474939396965956,-0.0025342879793961675
0.0022580903236129445,-0.08773342778779343,-0.014672585340784723,-0.014705933231156673,-0.014712419171447026,-0.005252117407181468,-0.005446816337835942,-0.005474778643147326,-0.002534206931417981
0.002260090403616145,-0.08773682228712033,-0.01467318929106975,-0.014706534235381844,-0.014713024111547311,-0.005252368441693088,-0.0054470601199533815,-0.005475025310077934,-0.0025343302172143567
0.002262090483619345,-0.08773462063681355,-0.014672795236791058,-0.014706140964848692,-0.01471262917282352,-0.005252207394541977,-0.005446900378198784,-0.005474864286032031,-0.002534249039824019
0.002264090563622545,-0.08773801095082605,-0.014673398467301398,-0.014706741252067201,-0.014713233391982362,-0.00525245814581799,-0.005447143881609644,-0.005475110671269741,-0.0025343721907314354
0.0022660906436257453,-0.08773580494425853,-0.014673003663907707,-0.01470634723528329,-0.0147128377029264,-0.00525229680397641,-0.005446983849821413,-0.005474949354091136,-0.0025342908729876507
0.0022680907236289453,-0.0877391907314565,-0.014673606116029858,-0.01470694674707393,-0.014713441142429609,-0.0052525472491332355,-0.005447227051897523,-0.005475195434782546,-0.0025344138780896376
0.0022700908036321454,-0.08773698002791674,-0.014673210505042954,-0.01470655192575285,-0.014713044644462723,-0.0052523855897703,-0.00544706670749971,-0.005475033801670548,-0.0025343324091011074
0.0022720908836353455,-0.08774036094838406,-0.01467381212043537,-0.014707150603965392,-0.014713647245868404,-0.005252635706030315,-0.005447309585717836,-0.005475279555068163,-0.002534455257531774
0.0022740909636385456,-0.08773814520876098,-0.014673415643651738,-0.014706754920094538,-0.014713249880687073,-0.0052524737064222156,-0.005447148906240429,-0.005475117583329076,-0.002534373626458279
0.0022760910436417457,-0.08774152092419993,-0.014674016364250404,-0.014707352706855411,-0.014713851585831465,-0.00525272347111601,-0.005447391438184393,-0.005475362986793573,-0.0025344963074033547
0.002278091123644946,-0.08773929981101604,-0.014673618963746754,-0.014706956102701521,-0.014713453295412756,-0.005252561108648174,-0.005447230401265548,-0.005475200653842882,-0.0025344145034568045
0.0022800912036481462,-0.08774266998477898,-0.01467421873177077,-0.0147075529404194,-0.01471405404641562,-0.0052528104992166464,-0.005447472564628418,-0.0054754456848451994,-0.002534537006154693
0.0022820912836513463,-0.08774044316222554,-0.014673820349910199,-0.014707155358534693,-0.014713654773023634,-0.005252647751386128,-0.0054473111480167384,-0.005475282968209963,-0.002534455018600271
0.0022840913636545464,-0.08774380745934994,-0.014674419107867811,-0.01470775118990646,-0.014714254512294337,-0.00525289674538291,-0.005447552920603112,-0.00547552760433371,-0.002534577332343137
0.0022860914436577465,-0.08774157459331765,-0.01467401968730489,-0.014707352573133676,-0.014713854198485083,-0.005252733589800361,-0.005447391102159689,-0.005475364481654543,-0.0025344951505002294
0.0022880915236609465,-0.08774493268055784,-0.014674617377998841,-0.014707947341149835,-0.01471445286872812,-0.005252982164893855,-0.005447632461887838,-0.005475608700598064,-0.002534617264635041
0.0022900916036641466,-0.08774269343867333,-0.014674216861685994,-0.014707547632628699,-0.014714051457355999,-0.005252818579286037,-0.005447470219588658,-0.005475445149631623,-0.0025345348778784554
0.0022920916836673467,-0.08774604498453371,-0.014674813428219339,-0.014708141280579035,-0.0147146490015766,-0.0052530667132617325,-0.005447711144492671,-0.005475688929210272,-0.0025346567818080095
0.002294091763670547,-0.08774379903618829,-0.014674411759411737,-0.014707740423750974,-0.014714246435799215,-0.005252902675473389,-0.005447548456430527,-0.005475524927831161,-0.002534574179568846
0.0022960918436737473,-0.08774714371095797,-0.014675007145193621,-0.014708332895230464,-0.014714842797309337,-0.005253150346236038,-0.005447788924662637,-0.005475768245979535,-0.002534695862752915
0.0022980919236769474,-0.0877448907273435,-0.014674604267455421,-0.014707930833844982,-0.014714439020593882,-0.005252985834232372,-0.005447625769049542,-0.005475603772182748,-0.002534613034519754
0.0023000920036801474,-0.08774822820312432,-0.014675198416206075,-0.014708522072758698,-0.014715034143017029,-0.0052532330198080245,-0.005447865758881969,-0.005475846606956634,-0.002534734486475943
0.0023020920836833475,-0.08774596785726459,-0.014674794273415571,-0.014708118750878378,-0.014714629099145426,-0.00525306801167669,-0.0054477021140511405,-0.005475681638859565,-0.002534651421795809
0.0023040921636865476,-0.08774929780800826,-0.01467538712917269,-0.014708708701447828,-0.014715222926423143,-0.005253314690215088,-0.005447941603878577,-0.005475923968438438,-0.0025347726321007704
0.0023060922436897477,-0.08774702977478945,-0.014674981665527843,-0.01470830406345395,-0.01471481655949737,-0.005253149164168289,-0.005447777448286552,-0.005475758484282959,-0.0025346893205801272
0.0023080923236929477,-0.08775035187632715,-0.014675573172651323,-0.014708892670221817,-0.014715409035893991,-0.0052533953139448,-0.005448016416628047,-0.0054760002869718456,-0.0025348102788704625
0.002310092403696148,-0.08774807583253297,-0.014675166332675594,-0.014708486660820164,-0.01471500129034228,-0.005253229248321655,-0.005447851728856957,-0.005475834265126727,-0.002534726710176341
0.0023120924836993483,-0.087751389762607,-0.0146757564358534,-0.014709073868656193,-0.01471559236045065,-0.0052534748477395116,-0.005448090154358086,-0.005476075519358426,-0.0025348474061496627
0.0023140925637025484,-0.08774910538694677,-0.014675348164400644,-0.014708666432881783,-0.014715183181032068,-0.0052533082210078925,-0.005447924913117518,-0.005475908938321101,-0.002534763570010512
0.0023160926437057485,-0.08775241082524328,-0.0146759368086542,-0.01470925218698808,-0.014715772789779296,-0.005253553248600288,-0.005448162774552548,-0.005476149622658365,-0.0025348839934264695
0.0023180927237089486,-0.08775011779838715,-0.014675527050914563,-0.014708843270211342,-0.014715362121589923,-0.005253386039359188,-0.005447996958681884,-0.005475982461057321,-0.0025347998796333435
0.0023200928037121486,-0.08775341442656591,-0.014676114181603908,-0.014709427516127626,-0.014715950214242057,-0.005253630473791281,-0.005448234234955677,-0.005476222554194788,-0.0025349200203145512
0.0023220928837153487,-0.08775111243117316,-0.014675702883108904,-0.01470901706405908,-0.014715538002719797,-0.005253462660772703,-0.005448067823425942,-0.005476054790791481,-0.002534835618721947
0.002324092963718549,-0.08775439993290086,-0.014676288445938388,-0.014709599747668231,-0.014716124524888057,-0.005253706480843913,-0.005448304493576281,-0.005476294271557973,-0.0025349554665550747
0.002326093043721749,-0.0877520886536521,-0.014675875552566312,-0.014709187706364217,-0.01471571071581823,-0.00525353804291504,-0.005448137465492313,-0.005476125885248973,-0.002534870767082033
0.0023280931237249494,-0.08775536671463201,-0.014676459493589549,-0.014709768773897312,-0.014716295613463522,-0.0052537812275608685,-0.005448373508691651,-0.00547636473260936,-0.002534990312018715
0.0023300932037281495,-0.08775304583825944,-0.014676044951570748,-0.014709355089765013,-0.014715880152984173,-0.005253612143726113,-0.00544820584329416,-0.00547619570242839,-0.0025349053046497282
0.0023320932837313495,-0.08775631414626162,-0.014676627217196155,-0.014709934487806813,-0.014716463372422911,-0.0052538546720203826,-0.005448441238851885,-0.0054764338954857855,-0.0025350245367076014
0.0023340933637345496,-0.0877539833615812,-0.014676210973118317,-0.014709519107609759,-0.014716046207029983,-0.00525368492142343,-0.0054482729155193865,-0.005476264200605783,-0.0025349392114936363
0.0023360934437377497,-0.08775724160647348,-0.014676791510114145,-0.014710096783103572,-0.01471662769493896,-0.005253926772580191,-0.005448507642883681,-0.005476501718603452,-0.0025350581207572503
0.0023380935237409498,-0.08775490060441377,-0.014676373510927421,-0.014709679653966488,-0.014716208771491596,-0.005253756334506012,-0.005448338641134593,-0.005476331338338625,-0.0025349724678167228
0.00234009360374415,-0.087758148478192,-0.014676952266426941,-0.014710255554219813,-0.014716788474913355,-0.005253997487881631,-0.005448572679894535,-0.00547656816066208,-0.0025350910444385294
0.00234209368374735,-0.08775579695182416,-0.014676532459449224,-0.014709836623634003,-0.014716367740638904,-0.005253826341758519,-0.005448402979389078,-0.005476397074469835,-0.0025350050539582154
0.00234409376375055,-0.08775903414864304,-0.014677109380956177,-0.014710410696323294,-0.014716945606987074,-0.005254066776853726,-0.005448636309276616,-0.005476633180648937,-0.0025351232881595893
0.0023460938437537505,-0.08775667179321052,-0.014676687713877918,-0.014709989912151564,-0.014716523009486235,-0.005253894902255192,-0.005448465889818829,-0.00547646136813183,-0.0025350369503955774
0.0023480939237569506,-0.08775989800941107,-0.014677262749271017,-0.01471056210532729,-0.014717098986550036,-0.005254134598716879,-0.005448698490710613,-0.0054766967378424986,-0.002535154832467615
0.0023500940037601507,-0.08775752452236105,-0.014676839170160844,-0.014710139415809268,-0.0147166744738023,-0.0052539619753638606,-0.005448527332250404,-0.00547652417875047,-0.002535068137746356
0.0023520940837633507,-0.08776073945650244,-0.014677412267699499,-0.014710709677901293,-0.01471724850975235,-0.005254200912987307,-0.005448759184169969,-0.005476758791816953,-0.0025351856580509836
0.002354094163766551,-0.08775835453751273,-0.01467698672500862,-0.014710285031658069,-0.014716822030120385,-0.005254027520749805,-0.005448587266804848,-0.005476585466048951,-0.0025350985967700565
0.002356094243769751,-0.08776155789039955,-0.01467755783333744,-0.014710853311480266,-0.014717394073513157,-0.0052542656794804495,-0.005448818349924301,-0.0054768193024455495,-0.002535215745740839
0.002358094323772951,-0.08775916124140955,-0.014677130275905205,-0.014710426657519834,-0.014716965575748546,-0.005254091498379804,-0.0054486456539015364,-0.005476645190051772,-0.0025351283083700398
0.002360094403776151,-0.0877623527161224,-0.01467769934405913,-0.014710992904275128,-0.014717535575531506,-0.005254328858315179,-0.005448875948543636,-0.005476878229904881,-0.002535245076513147
0.0023620944837793516,-0.08775994404136049,-0.01467726972111743,-0.014710564191996817,-0.014717105008779064,-0.005254153868525736,-0.005448702454261966,-0.005476703311088472,-0.0025351572535952938
0.0023640945637825516,-0.08776312334328336,-0.014677836698526889,-0.014711128355282403,-0.014717672914295874,-0.005254390409917554,-0.005448931940902002,-0.005476935534678546,-0.0025352736314904556
0.0023660946437857517,-0.08776070234929616,-0.014677404959705482,-0.014710697534482129,-0.01471724022809892,-0.0052542145917686975,-0.005448757628913658,-0.005476759789797613,-0.002535185413642342
0.002368094723788952,-0.08776386918614536,-0.014677969796200724,-0.014711259564293805,-0.014717805989093702,-0.005254450295024503,-0.005448986288181239,-0.005476991177560895,-0.002535301391943669
0.002370094803792152,-0.08776143558182668,-0.014677535891531984,-0.01471082658516874,-0.014717371133398879,-0.005254273629002593,-0.005448811139193746,-0.005476814587130416,-0.0025352127698570013
0.002372094883795352,-0.08776458966367946,-0.01467809853734855,-0.014711386431906235,-0.014717934700021834,-0.005254508474687916,-0.005449038951874804,-0.005477045119661058,-0.002535328339293978
0.002374094963798552,-0.0877621431602966,-0.01467766241727211,-0.014710951245059646,-0.01471749762518378,-0.005254330941437979,-0.005448862946752878,-0.0054768676643546805,-0.002535239303736194
0.002376095043801752,-0.08776528419961857,-0.014678222823055094,-0.014711508859531047,-0.014718058947995378,-0.005254564910277973,-0.005449089893791368,-0.0054770973224063735,-0.002535354455114498
0.002378095123804952,-0.0877628245108416,-0.01467778443842286,-0.014711071415977044,-0.014717619604781636,-0.005254386490605786,-0.005448913013558748,-0.005476918983058371,-0.0025352649969297317
0.0023800952038081527,-0.08776595222251318,-0.014678342555231831,-0.014711626749403474,-0.014718178634757466,-0.005254619563487145,-0.0054491390760585375,-0.005477147747546274,-0.0025353797211321027
0.0023820952838113528,-0.08776347906444239,-0.014677901857312433,-0.014711187000571715,-0.014717736974353166,-0.005254440238360915,-0.005448961301899755,-0.005476968505153271,-0.002535289831242021
0.002384095363814553,-0.08776659316578997,-0.014678457636626539,-0.014711740004592702,-0.014718293662889173,-0.005254672396333881,-0.005449186461126592,-0.005477196357156046,-0.002535404119229265
0.002386095443817753,-0.08776410625698075,-0.014678014577110115,-0.01471129790233291,-0.01471784963690152,-0.005254492146886052,-0.005449007774388794,-0.005477016192878887,-0.0025353137886338917
0.002388095523820953,-0.08776720646779841,-0.014678567970831743,-0.01471184852900973,-0.01471840393581766,-0.005254723371165845,-0.005449232011771739,-0.005477243113640052,-0.0025354276314455506
0.002390095603824153,-0.08776470552929314,-0.014678122501834881,-0.014711404025596812,-0.01471795749628124,-0.005254542178695163,-0.005449052393966623,-0.005477062008805725,-0.0025353368512242686
0.002392095683827353,-0.08776779157187398,-0.014678673462295339,-0.014711952227418421,-0.014718509357827045,-0.005254772450664159,-0.005449275691100171,-0.005477287979735934,-0.0025354502399796397
0.0023940957638305532,-0.08776527632722204,-0.014678225536364843,-0.014711505275556036,-0.014718060457207255,-0.005254590296636946,-0.005449095123905391,-0.005477105915839014,-0.0025353590012918274
0.0023960958438337537,-0.08776834792638327,-0.014678774016328396,-0.014712051005442916,-0.01471860983406606,-0.005254819597846317,-0.0054493174625511445,-0.005477330918517574,-0.00253547192719076
0.002398095923836954,-0.08776581810167394,-0.01467832358644681,-0.014711601558269243,-0.014718158425264811,-0.005254636463898828,-0.005449135927812468,-0.005477147877222427,-0.002535380221276867
0.002400096003840154,-0.08776887498477985,-0.014678869539114842,-0.014712144769577554,-0.014718705270557738,-0.0052548647760700595,-0.005449357289900609,-0.005477371893398935,-0.00253549267560048
0.002402096083843354,-0.08776633030866451,-0.014678416558704171,-0.014711692780668709,-0.01471825130691731,-0.00525468064400982,-0.00544917476963342,-0.005477187856541165,-0.0025354004937826876
0.002404096163846554,-0.08776937220566011,-0.014678959937720634,-0.014712233427195933,-0.014718795574208882,-0.005254907949036944,-0.00544939513726493,-0.005477410868137676,-0.002535512467894464
0.002406096243849754,-0.08776681240937766,-0.01467850436064699,-0.014711778850570777,-0.014718339009516277,-0.0052547228008445555,-0.005449211613655848,-0.005477225817725825,-0.0025354198015775523
0.002408096323852954,-0.0877698390528053,-0.014679045120101528,-0.014712316886558585,-0.014718880652817495,-0.005254949080795315,-0.005449430969103676,-0.005477447806838026,-0.002535531286923854
0.0024100964038561543,-0.08776726387021208,-0.014678586900679939,-0.014711859676683467,-0.01471842144130946,-0.005254762898626366,-0.0054492464245126234,-0.005477261725055607,-0.002535438127596124
0.002412096483859355,-0.08777027499524352,-0.014679124995113365,-0.014712395056823282,-0.014718960415083224,-0.005254988135744338,-0.00544946475022368,-0.0054774826739549315,-0.0025355491157072222
0.002414096563862555,-0.08776768416283222,-0.014678664088111233,-0.014711935168615563,-0.014718498511449706,-0.005254800901930744,-0.0054492791671850735,-0.00547729554316168,-0.0025354554549410916
0.002416096643865755,-0.08777067950729144,-0.014679199472519276,-0.014712467848052283,-0.014719034770614692,-0.005255025078636853,-0.005449496445781954,-0.005477515434296839,-0.00253556593743191
0.002418096723868955,-0.08776807276422169,-0.014678735833161573,-0.014712005236885334,-0.014718570130003881,-0.005254836775688842,-0.005449309807006703,-0.005477327237030729,-0.0025354717668849085
0.002420096803872155,-0.08777105206860793,-0.014679268462999025,-0.014712535171221501,-0.014719103629938583,-0.0052550598745829125,-0.005449526021288965,-0.005477546053029217,-0.0025355817354557127
0.002422096883875355,-0.08776842915672818,-0.014678802046971917,-0.014712069792928453,-0.014718636207960836,-0.005254870485190526,-0.005449338309665977,-0.005477356772007943,-0.0025354870468711804
0.0024240969638785552,-0.08777139216424461,-0.014679331878157426,-0.014712596938229024,-0.014719166904508418,-0.005255092489053208,-0.00544955344261223,-0.00547757449567807,-0.0025355964933085535
0.0024260970438817553,-0.0877687528281159,-0.0146788626416126,-0.01471212874910712,-0.014718696657240309,-0.0052549019960879085,-0.00544936464120999,-0.005477384113800648,-0.002535501278516384
0.0024280971238849554,-0.0877716992846896,-0.014679389630532164,-0.014712653061902795,-0.01471922450671208,-0.005255122887881964,-0.005449578675979127,-0.005477600728132709,-0.002535610194693807
0.002430097203888156,-0.08776904327161215,-0.014678917530091208,-0.014712182018717667,-0.01471875139070092,-0.005254931274398354,-0.005449388768047417,-0.005477409228481267,-0.0025355144456113304
0.002432097283891356,-0.08777197292592051,-0.014679441633602632,-0.01471270345600959,-0.014719276349880853,-0.0052551510372705005,-0.00544960168798034,-0.005477624716649397,-0.002535622823490056
0.002434097363894556,-0.08776929998595474,-0.014678966626360599,-0.014712229515998857,-0.014718800322148307,-0.005254958286507763,-0.005449410656951634,-0.0054774320824905265,-0.002535526532122645
0.002436097443897756,-0.08777221258944881,-0.014679487801797626,-0.014712748035262513,-0.014719322348297063,-0.005255176903790179,-0.005449622445572906,-0.005477646427854303,-0.0025356343637524576
0.0024380975239009562,-0.08776952247544063,-0.014679009845327596,-0.014712271156140298,-0.014718843366343595,-0.005254982999173779,-0.005449430275064074,-0.005477452642640791,-0.0025355375221944145
0.0024400976039041563,-0.08777241778236719,-0.014679528050503559,-0.014712786715329305,-0.014719362417202371,-0.005255200454385594,-0.005449640916083271,-0.005477665828746611,-0.0025356447997142858
0.0024420976839073564,-0.08776971024997123,-0.014679047102860355,-0.014712306855289882,-0.014718880439011012,-0.0052550053795287896,-0.005449447589897086,-0.005477470876118964,-0.002535547400149503
0.0024440977639105564,-0.08777258801739694,-0.014679562296072424,-0.014712819412840151,-0.014719396472805612,-0.005255221656377711,-0.005449657067210454,-0.0054776828867017496,-0.0025356541157884236
0.002446097843913757,-0.08776986282509787,-0.0146790783157965,-0.014712336530561998,-0.014718911456845889,-0.005255025395083049,-0.005449462569337011,-0.005477486750489652,-0.0025355561504911395
0.002448097923916957,-0.08777272281293172,-0.014679590455829426,-0.014712846045395541,-0.01471942443229058,-0.005255240477466848,-0.00544967086702895,-0.00547769756947428,-0.0025356622965687745
0.002450098003920157,-0.08776997972206824,-0.014679103401950853,-0.014712360100045088,-0.014718936337522488,-0.0052550430137277004,-0.005449475181647273,-0.00547750023369819,-0.0025355637579042895
0.002452098083923357,-0.08777282169308397,-0.014679612448080899,-0.01471286653157378,-0.014719446213823872,-0.005255256885735699,-0.005449682283991744,-0.005477709845201025,-0.002535669326831735
0.0024540981639265573,-0.0877700604678701,-0.014679122280123035,-0.014712377482809307,-0.014718954999701625,-0.005255058203737711,-0.005449485395471196,-0.005477511294073588,-0.002535570207257103
0.0024560982439297573,-0.0877728841877282,-0.014679628192121777,-0.01471288079093876,-0.01471946173656245,-0.005255270849652308,-0.005449691286933339,-0.005477719682403944,-0.002535675191537575
0.0024580983239329574,-0.08777010459527608,-0.014679134870105205,-0.014712388598914175,-0.014718967363038215,-0.005255070933774936,-0.0054494931798350615,-0.005477519900331483,-0.0025355754836023413
0.0024600984039361575,-0.08777290983254503,-0.014679637608243068,-0.014712888744047348,-0.014719470920661075,-0.005255282338072966,-0.005449697845072415,-0.005477727049993055,-0.0025356798758318635
0.0024620984839393576,-0.08777011164288577,-0.01467914109268919,-0.014712393369415665,-0.014718973348188752,-0.005255081172890854,-0.005449498504150815,-0.00547752602157704,-0.0025355795721787085
0.002464098563942558,-0.08777289816906483,-0.014679640617739425,-0.014712890312456752,-0.014719473687279811,-0.005255291320245131,-0.005449701928014969,-0.005477731917269423,-0.002535683365046808
0.002466098643945758,-0.0877700811551707,-0.014679140869674132,-0.014712391716374066,-0.01471897287681876,-0.005255088890529586,-0.0054495013382191175,-0.005477529627307884,-0.00253558245841228
0.0024680987239489582,-0.08777284874470881,-0.01467963714291611,-0.014712885418731727,-0.014719469958591212,-0.005255297765810206,-0.0054497035057568845,-0.005477734253927838,-0.0025356856447026404
0.0024700988039521583,-0.08777001268251235,-0.014679134123873356,-0.014712383562860452,-0.014718965871609613,-0.005255094056530535,-0.005449501652231802,-0.005477530687416689,-0.002535584127917759
0.0024720988839553584,-0.08777276111283239,-0.014679627107096537,-0.014712873986451859,-0.014719459657787702,-0.005255301644806409,-0.005449702548686848,-0.005477734030059695,-0.0025356867005089513
0.0024740989639585585,-0.08776990578124884,-0.014679120779121901,-0.014712368832964506,-0.014718952256266318,-0.005255096641131348,-0.005449499416774994,-0.005477529172194247,-0.0025355845664999125
0.0024760990439617585,-0.08777263483276455,-0.014679610434628959,-0.014712855940218395,-0.014719442709088312,-0.00525530292767144,-0.005449699027588957,-0.005477731216155786,-0.002535686518365945
0.0024780991239649586,-0.08776976001371249,-0.014679100760283222,-0.014712347451800995,-0.014718931955524001,-0.005255096614970565,-0.005449494602831568,-0.00547752505233202,-0.0025355837601547843
0.002480099203968159,-0.08777246946985053,-0.014679587050893752,-0.014712831205661456,-0.014719419037746042,-0.0052553015852452815,-0.00544969291364552,-0.005477725783108902,-0.0025356850843658296
0.002482099283971359,-0.0877695749482696,-0.01467907399325611,-0.014712319345516778,-0.014718904895154945,-0.005255093949090171,-0.0054494871817838296,-0.00547751829892478,-0.002535581695071002
0.0024840993639745593,-0.0877722645954892,-0.014679556882309992,-0.014712799709446424,-0.01471938857005427,-0.005255297588772739,-0.005449684178439584,-0.005477717702216533,-0.00253568238479399
0.0024860994439777594,-0.08776935015936269,-0.0146790404049817,-0.014712284441297793,-0.014718871001975586,-0.005255088614938534,-0.005449477125416261,-0.005477508883473459,-0.0025355783576310573
0.0024880995239809594,-0.08777201978717405,-0.014679519856342247,-0.01471276137928109,-0.01471935123335387,-0.005255290909906183,-0.0054496727939575915,-0.005477706945183527,-0.002535678406130295
0.0024900996039841595,-0.0877690852275456,-0.01467899992344974,-0.014712242667375188,-0.014718830203852758,-0.0052550805843726515,-0.005449464405917899,-0.0054774967778874455,-0.0025355737344124967
0.0024920996839873596,-0.08777173462853123,-0.014679475901507283,-0.014712716143922007,-0.014719306956039622,-0.005255281520708068,-0.005449658732591904,-0.005477693484124636,-0.002535673135050324
0.0024940997639905597,-0.08776877973952538,-0.01467895247770554,-0.01471219395303247,-0.014718782429710814,-0.005255069829661032,-0.005449448995885051,-0.005477481954487445,-0.0025355678121892094
0.0024960998439937598,-0.08777140870935735,-0.014679424947380545,-0.014712663933181045,-0.014719255667566844,-0.005255269393653509,-0.0054496419671433505,-0.005477677291567081,-0.002535666558426559
0.0024980999239969603,-0.08776843328819806,-0.014678897997856225,-0.014712138228611496,-0.014718727609537626,-0.005255056323486002,-0.00544943086832369,-0.005477464386007823,-0.0025355605779325972
0.0025001000040001603,-0.08777104162565597,-0.014679366924602305,-0.014712604677931573,-0.014719197298457578,-0.0052552545016326295,-0.005449622470823628,-0.005477658340452935,-0.002535658663329574
0.0025021000840033604,-0.08776804547268496,-0.014678836415077006,-0.014712075425518842,-0.014718665674391082,-0.005255040038946224,-0.005449409996651866,-0.005477444045599028,-0.002535552018812709
0.0025041001640065605,-0.08777063297967654,-0.01467930176488445,-0.014712538310115101,-0.01471913178030726,-0.005255236817953277,-0.00544960021725783,-0.005477636604141759,-0.002535649437029246
0.0025061002440097606,-0.08776761589836993,-0.014678767661617517,-0.014712005476232186,-0.01471859655640537,-0.005255020949559133,-0.005449386354702164,-0.005477420906830158,-0.002535542122199446
0.0025081003240129606,-0.08777018237994623,-0.014679229401015844,-0.014712464762746878,-0.014719059045790272,-0.005255216316343052,-0.005449575180486578,-0.005477612056412689,-0.002535638866995778
0.0025101004040161607,-0.08776714417693515,-0.014678691670807945,-0.014711928314306273,-0.01471852018879711,-0.005254999029263328,-0.005449359916724066,-0.005477394943691258,-0.002535530875663718
0.002512100484019361,-0.08776968944130963,-0.014679149766869258,-0.014712383969922483,-0.014718979028666757,-0.0052551929709521005,-0.005449547334968726,-0.005477584671467205,-0.0025356269409009956
0.0025141005640225613,-0.0877666299263947,-0.014678608377064785,-0.014711843874378681,-0.014718436505871065,-0.005254974252420829,-0.005449330657386176,-0.005477366130595583,-0.0025355182669784745
0.0025161006440257614,-0.0877691537849602,-0.014679062797406692,-0.014712295866823339,-0.014718891663787934,-0.005255166756355012,-0.005449516655583295,-0.005477554423931062,-0.0025356136466193105
0.0025181007240289615,-0.08776607277112967,-0.01467851771589694,-0.014711752092176093,-0.014718345443026384,-0.005254946593819451,-0.005449298551778547,-0.005477334442382042,-0.002535504284119848
0.0025201008040321615,-0.08776857503847445,-0.014678968428685232,-0.014712200389722492,-0.01471879688710205,-0.005255137647553288,-0.005449483117631866,-0.005477521288856751,-0.002535598972228833
0.0025221008840353616,-0.08776547234192203,-0.014678419623911422,-0.014711652904519671,-0.014718246936762143,-0.00525491602867505,-0.005449263575414926,-0.005477299854317309,-0.00253548891526825
0.0025241009640385617,-0.08776795283584748,-0.01467886659786313,-0.014712097475990674,-0.014718694635660449,-0.005255105619977633,-0.00544944669684088,-0.005477485241725703,-0.0025355829060124987
0.0025261010440417618,-0.08776482827598579,-0.014678314038818774,-0.014711546249330694,-0.014718140924682986,-0.005254882532633567,-0.005449225704234824,-0.005477262342098024,-0.002535472148809343
0.002528101124044962,-0.08776728681752216,-0.014678757243204964,-0.014711987064101404,-0.014718584847622708,-0.005255070649489932,-0.005449407369363549,-0.005477446258450393,-0.0025355654364590235
0.002530101204048162,-0.08776414021700145,-0.014678200899439017,-0.014711432065636442,-0.014718027345504828,-0.005254846081773412,-0.00544918491460578,-0.0054772218818530454,-0.00253545397333515
0.0025321012840513624,-0.08776657663042264,-0.014678640304087108,-0.01471186909363655,-0.014718467462262148,-0.005255032712385454,-0.005449365111782126,-0.0054774043153764706,-0.0025355465522639243
0.0025341013640545625,-0.08776340781514583,-0.014678080145706573,-0.01471131029357497,-0.014717906139060051,-0.005254806652607364,-0.005449141183325319,-0.00547717845014542,-0.0025354343776449904
0.0025361014440577626,-0.08776582192798607,-0.014678515721003522,-0.014711743505291985,-0.014718342419971598,-0.005254991785395105,-0.00544931990110998,-0.005477359389284948,-0.002535526242330589
0.0025381015240609627,-0.0877626307271223,-0.01467795171867573,-0.014711180874400768,-0.014717777246302802,-0.0052547642220846895,-0.005449094487623024,-0.005477132023974527,-0.0025354133507464807
0.0025401016040641627,-0.08776502237019146,-0.014678383435570371,-0.014711610240882241,-0.01471820966226802,-0.005254947845687111,-0.005449271714793473,-0.0054773114573941,-0.0025355044957711442
0.002542101684067363,-0.08776180861619401,-0.01467781556052614,-0.01471104375049007,-0.014717640609314497,-0.0052547187675933095,-0.0054490448051626355,-0.005477082580778093,-0.0025353908818565615
0.002544101764070563,-0.0877641776235903,-0.014678243390531484,-0.014711469243345952,-0.014718069131798064,-0.005254900870869312,-0.005449220530714044,-0.005477260497361514,-0.0025354813019074778
0.002546101844073763,-0.08776094115220857,-0.014677671614567126,-0.014710898865345202,-0.01471749617130828,-0.005254670266961435,-0.005448992114043782,-0.005477030098434059,-0.0025353669604022888
0.0025481019240769635,-0.08776328736133641,-0.014678095529763414,-0.014711320456750943,-0.01471792077234306,-0.005254850838991041,-0.005449166327190156,-0.005477206487286057,-0.0025354566502721557
0.0025501020040801636,-0.08776002801163031,-0.014677519825243202,-0.014710746163600135,-0.014717343876634354,-0.005254618698459795,-0.005448936392804065,-0.0054769745552625815,-0.0025353415760218886
0.0025521020840833636,-0.08776235126321136,-0.014677939798279823,-0.014711163826298468,-0.014717764528823403,-0.00525479772854482,-0.005449109082978973,-0.005477149405709659,-0.002535430530609258
0.0025541021640865637,-0.08775906887756849,-0.014677360138138919,-0.014710585591025237,-0.014717183670785098,-0.0052545640408034585,-0.005448877620420899,-0.005476915930027989,-0.002535314718565638
0.002556102244089764,-0.08776136901565598,-0.014677776142236806,-0.014710999298328633,-0.014717600347303862,-0.0052547415184685115,-0.005449048777278454,-0.0054770892316193,-0.002535402932875371
0.002558102324092964,-0.08775806343980076,-0.014677192499982894,-0.01471041709453133,-0.014717015500398757,-0.0052545062731533905,-0.00544881577631313,-0.005476854201940329,-0.002535286378096592
0.002560102404096164,-0.08776034031179418,-0.014677604508937124,-0.01471082682032465,-0.014717428174998014,-0.005254682188146882,-0.005448985389728937,-0.005477025944448745,-0.002535373847240355
0.002562102484099364,-0.08775701139480331,-0.014677016858653004,-0.014710240622174858,-0.014716839313264962,-0.005254445375118558,-0.005448750840342987,-0.005476789350657401,-0.0025352565448915963
0.002564102564102564,-0.08775926485146134,-0.01467742484683488,-0.014710646340917335,-0.014717247960272626,-0.005254619717413509,-0.00544891890041502,-0.005476959524080266,-0.0025353432640882463
0.0025661026441057646,-0.08775591244577635,-0.014676833163180648,-0.014710056123162172,-0.01471665505832888,-0.005254381326757535,-0.005448682792817795,-0.005476721356286436,-0.002535225209442064
0.0025681027241089647,-0.08775814234122695,-0.014677237105539634,-0.014710457809889308,-0.014717059652651953,-0.005254554086552276,-0.0054488492898670205,-0.005476889950846336,-0.0025353111740179673
0.0025701028041121648,-0.08775476630266757,-0.014676641363754938,-0.01470986354785365,-0.014716462685695323,-0.00525431410858015,-0.005448611614491506,-0.005476650199385677,-0.002535192362454739
0.002572102884115365,-0.08775697249442316,-0.014677041235821127,-0.014710261178179838,-0.014716863202822601,-0.0052544852762993685,-0.0054487765390629625,-0.00547681720553145,-0.002535277567844293
0.002574102964118565,-0.08775357268219709,-0.014676441411726922,-0.01470966284776793,-0.014716262146633081,-0.005254243701549102,-0.005448537286566373,-0.005476575860966068,-0.002535157994852496
0.002576103044121765,-0.08775575503116569,-0.014676837189612903,-0.014710056397888138,-0.01471665856263677,-0.0052544132678445,-0.005448700629429811,-0.005476741269373447,-0.002535242436598421
0.002578103124124965,-0.08775233130788329,-0.014676233259613848,-0.014709453975586132,-0.014716053393579244,-0.005254170087081676,-0.005448459790694615,-0.005476498322492916,-0.0025351220977751234
0.002580103204128165,-0.08775448967837897,-0.014676624920016677,-0.014709843422277977,-0.014716445685117078,-0.005254338042832806,-0.005448621542845267,-0.005476662124065375,-0.0025352057715288794
0.0025821032841313657,-0.08775104191006268,-0.014676016861102885,-0.014709236885155663,-0.014715836380142804,-0.0052540932470511795,-0.005448379108979779,-0.005476417565887318,-0.002535084662580029
0.0025841033641345657,-0.08775317616981831,-0.014676404381306078,-0.014709622205781413,-0.014716224524459944,-0.005254259583366157,-0.005448539261639216,-0.0054765797517567875,-0.0025351675641021466
0.002586103444137766,-0.0877497042259133,-0.01467579217105488,-0.014709011531493845,-0.01471561106110846,-0.005254013163788379,-0.005448295223978319,-0.005476333573527629,-0.002535045680842936
0.002588103524140966,-0.08775181424609135,-0.014676175528930387,-0.014709392704002282,-0.01471599503603956,-0.005254177872004672,-0.00544845376859507,-0.0054764941350553395,-0.002535127806003408
0.002590103604144166,-0.08774831799947838,-0.014675559145508497,-0.014708777870792103,-0.014715377392440759,-0.005253929820083112,-0.005448208118701048,-0.005476246328251099,-0.0025350051443586486
0.002592103684147366,-0.08775040365467968,-0.01467593831951817,-0.01470915487372005,-0.014715757176411442,-0.00525409289176815,-0.00544836504695126,-0.005476405257028056,-0.0025350864891371793
0.002594103764150566,-0.08774688298168412,-0.014675317741683343,-0.014708535860419108,-0.014715135331287332,-0.005253843199185568,-0.005448117776614406,-0.005476155813355067,-0.0025349630451416256
0.002596103844153766,-0.08774894414995943,-0.014675692710880936,-0.014708908672893435,-0.014715510903316058,-0.005254004626137465,-0.0054482730804026195,-0.0054763131012029,-0.0025350436056280263
0.0025981039241569663,-0.0877453989303606,-0.01467506791798345,-0.014708285458924103,-0.014714884835982215,-0.005253753284807555,-0.005448024181641885,-0.005476062012598316,-0.0025349193754266486
0.002600104004160167,-0.08774743549322146,-0.014675438662016402,-0.014708654060663523,-0.01471525617568223,-0.005253913059055871,-0.005448177853101654,-0.00547621765156997,-0.00253499914782117
0.002602104084163367,-0.08774386561026312,-0.014674809634000944,-0.01470802662604086,-0.014714625866049652,-0.005253660061124027,-0.005447927318165285,-0.005475964910202527,-0.0025348741276694942
0.002604104164166567,-0.08774587745268848,-0.014675176133111704,-0.01470839099735709,-0.014714992953630213,-0.005253818174930211,-0.005448079349659747,-0.005476118892582722,-0.002534953108283031
0.002606104244169767,-0.08774228279308868,-0.01467454285051902,-0.014707759322690238,-0.014714358382206956,-0.005253563512774174,-0.005447827171025971,-0.005475864490853385,-0.002534827294547465
0.002608104324172967,-0.08774426980353625,-0.01467490508554675,-0.014708119444489938,-0.014714721198475108,-0.005253719958632264,-0.005447977555148503,-0.005476016809159371,-0.002534905479801945
0.002610104404176167,-0.08774065025749399,-0.014674267529514763,-0.014707483510983317,-0.014714082346367521,-0.0052534636248625305,-0.005447723725525966,-0.00547576073970177,-0.0025347788689599636
0.0026121044841793672,-0.08774261232790823,-0.014674625481896872,-0.014707839364769488,-0.01471444087272959,-0.005253618395499761,-0.005447872455100738,-0.00547591138668385,-0.0025348562553885725
0.0026141045641825673,-0.08773896778911495,-0.014673983634162748,-0.014707199154224906,-0.014713797721644203,-0.005253360382960407,-0.005447616967429261,-0.00547565364236506,-0.002534728844029122
0.002616104644185768,-0.08774090481493464,-0.014674337285936154,-0.014707550722098114,-0.014714151940107056,-0.005253513471337692,-0.005447764035511775,-0.005475802611007105,-0.0025348054282765577
0.002618104724188968,-0.08773723518058016,-0.014673691128837266,-0.01470690621691563,-0.014713504472351703,-0.005253253773106732,-0.005447506882962753,-0.005475543184928067,-0.0025346772131002314
0.002620104804192168,-0.08773914706074813,-0.01467404046264006,-0.01470725348157581,-0.014713854365524411,-0.005253405172419321,-0.005447652282840422,-0.005475690468448193,-0.0025347529919230284
0.002622104884195368,-0.08773545223152852,-0.01467338997911525,-0.014706604664755091,-0.014713202564009514,-0.005253143781809235,-0.005447393458817337,-0.005475429353944168,-0.002534623969742285
0.002624104964198568,-0.08773733886849737,-0.01467373497818771,-0.014706947609502332,-0.014713548115104388,-0.005253293485487072,-0.005447537184009924,-0.005475574945795041,-0.0025346989400089667
0.0026261050442017682,-0.08773361874862425,-0.014673080151779021,-0.014706294464644354,-0.014712891963344518,-0.005253030396045431,-0.005447276682148956,-0.005475312136436307,-0.0025345691077484894
0.0026281051242049683,-0.08773548004836469,-0.014673420799964958,-0.014706633073380429,-0.01471323315617845,-0.0052531783977537395,-0.005447418726409106,-0.005475456030305804,-0.0025346432664398594
0.0026301052042081684,-0.08773173454556978,-0.014672761614818362,-0.014705975584688185,-0.01471257263829322,-0.005252913603263555,-0.005447156540579458,-0.0054751915198979345,-0.0025345126211366365
0.002632105284211369,-0.0877335704175771,-0.014673097896566374,-0.014706309841917701,-0.014712909457288922,-0.005253059896903272,-0.005447296897893104,-0.00547533370970949,-0.0025345859653459904
0.002634105364214569,-0.08772979944312065,-0.014672434337433182,-0.01470564799419759,-0.014712244558004293,-0.005252793391383453,-0.00544703302219755,-0.00547506749229389,-0.0025344545041496294
0.002636105444217769,-0.08773160980042222,-0.014672766237797692,-0.014705977885029173,-0.014712576988191445,-0.0052529379710916976,-0.005447171686784403,-0.005475207972207035,-0.002534527031082955
0.002638105524220969,-0.0877278132690985,-0.01467209829003559,-0.014705311663692011,-0.014711907692840812,-0.005252669748797554,-0.005446906115559626,-0.005474940042061348,-0.002534394751255848
0.002640105604224169,-0.08772959802825749,-0.014672425794677785,-0.014705637173839024,-0.014712235719856845,-0.005252812608947877,-0.0054470430818735,-0.0054750788064719625,-0.002534466458231986
0.0026421056842273693,-0.08772577585840177,-0.014671753444251963,-0.01470496656490127,-0.014711562014382173,-0.005252542664371511,-0.005446775809690599,-0.005474809158110544,-0.0025343333571495306
0.0026441057642305693,-0.08772753493952508,-0.014672076539440963,-0.014705287680683106,-0.014711885624473465,-0.0052526837995745005,-0.00544691107241983,-0.005474946201651389,-0.0025344042416004095
0.0026461058442337694,-0.08772368705301833,-0.014671399772924884,-0.01470461267076753,-0.01471120749542605,-0.005252412127445087,-0.0054466420940845976,-0.005474674829825528,-0.002534270316751139
0.0026481059242369695,-0.08772542037976179,-0.014671718445538691,-0.014704929379110583,-0.014711526675449012,-0.005252551532548635,-0.005446775648152477,-0.005474810147366565,-0.002534340376221944
0.00265010600424017,-0.08772154670203478,-0.014671037250114894,-0.014704249955447137,-0.014710844109990311,-0.005252278127832802,-0.005446504958705683,-0.0054745370470649125,-0.0025342056252076932
0.00265210608424337,-0.08772325420160779,-0.014671351487641138,-0.014704562243885473,-0.014711158847411976,-0.005252415797922422,-0.005446636799270708,-0.005474670633713642,-0.0025342748573570174
0.00265410616424657,-0.08771935466164867,-0.014670665851102445,-0.01470387839431245,-0.014710471833314762,-0.005252140655824619,-0.005446364393988577,-0.005474395800162573,-0.0025341392778931307
0.0026561062442497702,-0.08772103626481767,-0.014670975641639114,-0.014704186250988504,-0.014710782116213619,-0.005252276586223763,-0.005446494516444707,-0.0054745276512642715,-0.002534207680493085
0.0026581063242529703,-0.08771711079517408,-0.01467028555238911,-0.014703497963952995,-0.014710090641862461,-0.005251999702186539,-0.005446220390839129,-0.00547425107992812,-0.0025340712704085195
0.0026601064042561704,-0.0877187664362694,-0.014670590884645566,-0.014703801377618713,-0.014710396458929392,-0.005252133888456921,-0.005446348790816239,-0.005474381191066253,-0.0025341388413449256
0.0026621064842593705,-0.087714814973054,-0.014669896331699288,-0.014703108642177424,-0.014709700513321485,-0.005251855258161191,-0.005446072940635015,-0.005474102877647619,-0.002534001598582403
0.0026641065642625705,-0.08771644458997166,-0.014670197194996662,-0.014703407602194563,-0.014710001853860252,-0.005251987696103018,-0.005446199613998968,-0.0054742312446440095,-0.0025340683358549055
0.002666106644265771,-0.08771246707286494,-0.014669498167981533,-0.01470271040801448,-0.01470930142660611,-0.005251707315468337,-0.005445922035226163,-0.005473951185084033,-0.0025339302584710057
0.002668106724268971,-0.08771407060707041,-0.014669794552253358,-0.014703004904355294,-0.01470959828053391,-0.005251838001120512,-0.00544604697807915,-0.005474077803999109,-0.0025339961601931376
0.002670106804272171,-0.08771006697932456,-0.014669091041409415,-0.014702303241714254,-0.014708893361857798,-0.005251555866305289,-0.005445767666935191,-0.00547379599447762,-0.0025338572463584285
0.0026721068842753713,-0.08771164437585757,-0.014669382937202411,-0.014702593264962158,-0.01470918571970614,-0.005251684795945731,-0.005445890875615976,-0.0054739208616107005,-0.0025339223107578093
0.0026741069642785714,-0.08770761458429946,-0.014668674933382917,-0.014701887124749194,-0.014708476300446596,-0.0052514009033473655,-0.005445609828557892,-0.00547363729854645,-0.002533782558756915
0.0026761070442817714,-0.08770916579177437,-0.014668962331857209,-0.014702172666099175,-0.01470876415336137,-0.005251528073493098,-0.005445731299641873,-0.005473760410435852,-0.002533846784175239
0.0026781071242849715,-0.08770510978680797,-0.014668249826529355,-0.014701462039815259,-0.014708050224971923,-0.005251242419748294,-0.005445448513363578,-0.005473475090486765,-0.0025337061924069725
0.0026801072042881716,-0.08770663475741876,-0.014668532719459018,-0.014701743091074231,-0.014708333564714087,-0.00525136782715564,-0.0054455682436630425,-0.005473596443909966,-0.00253376957730015
0.0026821072842913717,-0.08770255249302698,-0.014667815704703888,-0.014701027970832364,-0.01470761511926324,-0.0052510804091403995,-0.005445283715095223,-0.00547330936397318,-0.002533628144277525
0.002684107364294572,-0.08770405118254762,-0.014668094084477336,-0.014701304524419695,-0.014707893938209175,-0.005251204050805188,-0.005445401701659544,-0.005473428955947043,-0.002533690687215736
0.0026861074442977723,-0.08769994261629521,-0.0146673725529905,-0.014700584902945395,-0.014707170968380992,-0.005250914865635027,-0.005445115427970073,-0.0054731401131590755,-0.0025335484115660734
0.0026881075243009723,-0.08770141498408106,-0.014667646412610601,-0.014700856951892927,-0.014707445259522594,-0.0052510367387925425,-0.005445231668085605,-0.005473257940939848,-0.0025336101112337943
0.0026901076043041724,-0.08769728007711633,-0.014666920357702538,-0.014700132822524692,-0.014706717758617075,-0.0052507457838226875,-0.005444943646679558,-0.005472967332676774,-0.0025334669916987885
0.0026921076843073725,-0.08769872608610645,-0.014667189690786928,-0.014700400360477064,-0.014706987515562063,-0.0052508658859478745,-0.005445058137869903,-0.0054730833937602285,-0.0025335278468948423
0.0026941077643105726,-0.08769456480316028,-0.014666459106382725,-0.014699671717166058,-0.014706255477494927,-0.005250573158773104,-0.005444768366389476,-0.005472791017637624,-0.0025333838823305087
0.0026961078443137726,-0.08769598441987982,-0.014666723907164357,-0.01469993473838128,-0.014706520694467387,-0.005250691487580727,-0.005444881106415614,-0.005472905309759241,-0.0025334438919681784
0.0026981079243169727,-0.08769179672926807,-0.014665988787804155,-0.014699201575691729,-0.01470578411377049,-0.005250396986035574,-0.005444589582740345,-0.0054726111636322775,-0.0025332990813449405
0.0027001080043201732,-0.08769318992382434,-0.014666249051130533,-0.01469946007504053,-0.014706044785610143,-0.005250513539479997,-0.005444700569600381,-0.0054727236847669945,-0.0025333582444518306
0.0027021080843233733,-0.08768897579744941,-0.01466550939196983,-0.014698722388150091,-0.014705303657431737,-0.005250217261638833,-0.005444407291847185,-0.005472427766730582,-0.002533212586854585
0.0027041081643265734,-0.08769034254353694,-0.014665765113303895,-0.01469897636111651,-0.01470555977959483,-0.005250332037914268,-0.0054445165237766695,-0.005472538515093108,-0.0025332709025727754
0.0027061082443297735,-0.08768610195688462,-0.014665020910112982,-0.0146982341458157,-0.01470481409969901,-0.005250033982091133,-0.0054442214902996776,-0.005472240823481701,-0.002533124397200761
0.0027081083243329735,-0.08768744223178294,-0.014665272085532735,-0.014698483588497057,-0.014705065668257942,-0.005250146979631575,-0.0054443289657714845,-0.005472349797526374,-0.002533181864786738
0.0027101084043361736,-0.08768317516392432,-0.014664523334697002,-0.014697736841189534,-0.014704315433024966,-0.005249847144380258,-0.005444032175162153,-0.0054720503309141025,-0.002533034510953624
0.0027121084843393737,-0.08768448894849677,-0.014664769960895378,-0.014697981750296017,-0.014704562444668098,-0.005249958361859379,-0.005444137892886384,-0.005472157529334834,-0.0025330911297782653
0.0027141085643425738,-0.08768019538208822,-0.014664016659415316,-0.01469723046799857,-0.014703807651094466,-0.005249656745973446,-0.0054438393439735,-0.005471856286535418,-0.0025329429269121363
0.002716108644345774,-0.08768148266078157,-0.014664258733699982,-0.014697470840853221,-0.014704050103125954,-0.005249766182304524,-0.005443943302897444,-0.0054719617082656415,-0.002532998696460648
0.0027181087243489744,-0.08767716258206133,-0.01466350087919065,-0.014696715021195314,-0.014703290748823768,-0.005249462784817106,-0.0054436429947469014,-0.005471658688332263,-0.0025328496441039006
0.0027201088043521744,-0.08767842334290597,-0.014663738399484098,-0.014696950855734012,-0.01470352863916365,-0.0052495704391531004,-0.005443745194055065,-0.00547176233254496,-0.00253290456397589
0.0027221088843553745,-0.08767407674169418,-0.014662975990175065,-0.01469619049695767,-0.014702764722360581,-0.005249265259336839,-0.005443443125969858,-0.005471457534770253,-0.0025327546617852355
0.0027241089643585746,-0.08767531097629996,-0.014663208955013987,-0.014696421791728552,-0.01470299804954419,-0.005249371131070111,-0.005443543565083733,-0.005471559400877656,-0.0025328087316945145
0.0027261090443617747,-0.08767093784599687,-0.014662441989749033,-0.014695656892688022,-0.014702229569083184,-0.005249064168437085,-0.005443239736603817,-0.005471252824793526,-0.0025326579794409175
0.0027281091243649747,-0.08767214554955298,-0.014662670398284113,-0.014695883646851279,-0.014702458332260927,-0.005249168257199352,-0.00544333841518179,-0.005471352912447137,-0.002532711199215539
0.002730109204368175,-0.08766774588713634,-0.014661898876520859,-0.014695114207012727,-0.014701685287599867,-0.005248859511500886,-0.0054430328260839725,-0.005471044557824641,-0.002532559596784138
0.002732109284371375,-0.08766892705840845,-0.014662122728516408,-0.014695336420340314,-0.014701909486536859,-0.005248961817163055,-0.005443129744021185,-0.005471142866915038,-0.0025326119663663083
0.0027341093643745754,-0.08766450086443085,-0.014661346650325816,-0.014694562439781253,-0.014701131877747946,-0.005248651288389577,-0.0054428223943188995,-0.005470832733764177,-0.0025324595137563234
0.0027361094443777755,-0.08766565550575824,-0.014661565946159366,-0.01469478011265626,-0.014701351512823516,-0.005248751811061552,-0.0054429175517470545,-0.005470929264420807,-0.002532511033202292
0.0027381095243809756,-0.08766120278434468,-0.014660785312225167,-0.014694001592065156,-0.014700569340592915,-0.005248439499442364,-0.005442608441690203,-0.005470617352990402,-0.002532357730526949
0.0027401096043841756,-0.08766233090163719,-0.014661000052886697,-0.014694214725481299,-0.014700784412799942,-0.005248538239472797,-0.005442701838977323,-0.005470712105581342,-0.0025324084000068942
0.0027421096843873757,-0.08765785166048157,-0.014660214864505089,-0.014693431666157017,-0.014699997678427295,-0.005248224145475937,-0.005442390969052078,-0.005470398416358766,-0.002532254247493336
0.002744109764390576,-0.08765895326321596,-0.014660425051596648,-0.014693640261718032,-0.014700208189371788,-0.005248321103452086,-0.005442482606802384,-0.005470491391490594,-0.0025323040672913036
0.002746109844393776,-0.08765444751357736,-0.014659635310675389,-0.014692852665569179,-0.014699416894769354,-0.005248005227783941,-0.00544216997773085,-0.00547017592520152,-0.002532149065280441
0.002748109924396976,-0.08765552261479372,-0.014659840946410362,-0.014693056725488327,-0.014699622846669794,-0.005248100404531361,-0.005442259856784395,-0.005470267123718966,-0.002532198035794174
0.002750110004400176,-0.08765099037149232,-0.014659046655468251,-0.014692264595032478,-0.014698826994361818,-0.005247782748136521,-0.005441945469524467,-0.005469949881327119,-0.0025320421847405596
0.0027521100844033765,-0.08765203898779043,-0.014659247742670672,-0.014692464122131682,-0.014699028390048309,-0.005247876144718796,-0.005442033590956884,-0.005470039304312853,-0.002532090306481422
0.0027541101644065766,-0.0876474802692034,-0.014658448904836733,-0.014691667460494821,-0.014698227983170617,-0.0052475567087797576,-0.0054417174467019285,-0.005469720287019718,-0.002531933606953146
0.0027561102444097767,-0.08764850242073687,-0.014658645446940453,-0.014691862458203829,-0.014698424826084057,-0.0052476483264981616,-0.005441803811824175,-0.005469807935793963,-0.0025319808805458963
0.0027581103244129768,-0.08764391724879336,-0.01465784206595318,-0.014691061269119395,-0.014697619868382727,-0.005247327112434932,-0.005441485912002645,-0.005469487145038475,-0.002531823333224401
0.002760110404416177,-0.0876449129592654,-0.014658034067000997,-0.014691251741475104,-0.01469781216257423,-0.005247416952828144,-0.005441570522360608,-0.005469573021158759,-0.0025318697594071083
0.002762110484419377,-0.08764030135944248,-0.01465722614720744,-0.014690446029283247,-0.014697002658405092,-0.005247093962298021,-0.00544125086863582,-0.005469250458616974,-0.0025317113650870538
0.002764110564422577,-0.08764127065610144,-0.014657413611850413,-0.014690631980928735,-0.01469719040853496,-0.00524718202714178,-0.005441333726010077,-0.005469334563877748,-0.002531756944710913
0.002766110644425777,-0.08763663265741559,-0.014656601158205038,-0.014689821750575078,-0.01469637636286223,-0.005246857262038798,-0.0054410123202796494,-0.00546901023146237,-0.002531597704299932
0.0027681107244289776,-0.08763757557104773,-0.014656784091701227,-0.014690003186758605,-0.01469655957419887,-0.0052469435533455035,-0.005441093426685005,-0.005469092567894641,-0.002531642438329068
0.0027701108044321777,-0.08763291120605361,-0.014655967109765479,-0.014689188443793745,-0.014695740992594882,-0.005246617015800268,-0.005440770271080772,-0.00546876646775482,-0.0025314823528477083
0.0027721108844353777,-0.08763382777097735,-0.014656145517978881,-0.014689365370367614,-0.014695919671013658,-0.005246701535818496,-0.005440849628765765,-0.005468847037625661,-0.002531526242358946
0.002774110964438578,-0.08762913707575826,-0.014655324013919552,-0.014688546120945641,-0.014695096559657091,-0.005246373228197641,-0.005440524725653138,-0.005468519172146454,-0.0025313653129403675
0.002776111044441778,-0.08763002732981982,-0.014655497903319544,-0.014688718544365481,-0.014695270711639803,-0.0052464559794119505,-0.005440602337099907,-0.005468597977958762,-0.002531408359123138
0.002778111124444978,-0.08762531034398018,-0.014654671883907644,-0.01468789479524284,-0.014694443077314623,-0.005246125904317609,-0.005440275689077387,-0.00546826834976062,-0.002531246587012891
0.002780111204448178,-0.08762617432854514,-0.014654841261567278,-0.014688062722566158,-0.014694612709947773,-0.005246206889447871,-0.005440351557001005,-0.005468345394252542,-0.0025312887911689333
0.002782111284451378,-0.08762143109520842,-0.014654010734177499,-0.014687234481100956,-0.014693780560042695,-0.005245875049717517,-0.005440023166900042,-0.0054680140061911095,-0.002531126177724854
0.002784111364454578,-0.08762226885515252,-0.014654175607772126,-0.014687397919985629,-0.0146939456810162,-0.005245954271718392,-0.005440097294247942,-0.005468089292335437,-0.0025311675412679436
0.0027861114444577787,-0.08761749942095057,-0.014653340580381133,-0.014686565194136116,-0.014693109023522864,-0.005245620670424129,-0.005439767165132229,-0.005467756147500882,-0.002531004087959865
0.002788111524460979,-0.08761831100465689,-0.014653500958187836,-0.014686724152839848,-0.01469326964112943,-0.005245698132484852,-0.005439839555084046,-0.00546782967850486,-0.002531044612415716
0.002790111604464179,-0.0876135154197201,-0.014652661439372505,-0.014685886951162524,-0.014692428484640889,-0.005245362772932775,-0.005439507690248868,-0.005467494780221249,-0.002530880320825101
0.002792111684467379,-0.08761430087906975,-0.014652817330268592,-0.014686041438541311,-0.014692584607774336,-0.0052454384784765395,-0.005439578346215774,-0.00546756655952594,-0.002530920007831068
0.002794111764470579,-0.08760947919702351,-0.014651973329205393,-0.014685199770190439,-0.014691738961484188,-0.005245101364206445,-0.005439244749187753,-0.005467229911350915,-0.002530754879650935
0.002796111844473779,-0.08761023858738426,-0.01465212474266626,-0.014685349795696506,-0.01469189059963763,-0.005245175316889611,-0.005439313674811722,-0.005467299942630463,-0.002530793730955637
0.002798111924476979,-0.08760539086533986,-0.014651276269129845,-0.014684503670422596,-0.014691040473338647,-0.0052448364516745165,-0.0054389783493482705,-0.005466961548354726,-0.0025306277679902653
0.0028001120044801792,-0.08760612424555997,-0.014651423215228151,-0.014684649244103438,-0.014691187636603424,-0.005244908655386209,-0.005439045548501677,-0.00546702983551593,-0.0025306657854534107
0.0028021120844833798,-0.0876012505441041,-0.014650570279589272,-0.014683798672251268,-0.014690333040685653,-0.005244568043231491,-0.005438708498590235,-0.005466689699162469,-0.0025304989896179804
0.00280411216448658,-0.08760195797650609,-0.01465071276899366,-0.014683939804748617,-0.014690475739750112,-0.005244638502093221,-0.005438773975375449,-0.005466756246344366,-0.0025305361752101527
0.00280611224448978,-0.08759705835969003,-0.014649855382217723,-0.014683084797255597,-0.014689616685199126,-0.005244296147236021,-0.005438435205232841,-0.005466414372167788,-0.002530368548530438
0.00280811232449298,-0.08759773991005836,-0.014649993426190786,-0.014683221499803183,-0.014689754931346647,-0.005244364865600812,-0.005438498963981386,-0.005466479183740812,-0.0025304049043327207
0.00281011240449618,-0.0875928144453945,-0.014649131599836804,-0.014682362068198573,-0.014688891429742779,-0.00524402077250971,-0.005438158478053504,-0.005466135576227084,-0.002530236448944938
0.00281211248449938,-0.08759347018296347,-0.014649265210233098,-0.014682494352620304,-0.01468902523484977,-0.0052440877549613475,-0.005438220523325308,-0.005466198656792315,-0.002530271977148517
0.0028141125645025802,-0.08758851894141186,-0.014648398956451706,-0.014681630509023035,-0.014688157298365926,-0.0052437419283355375,-0.005437878326286312,-0.005465853320657858,-0.002530102695298929
0.0028161126445057803,-0.08758914893886152,-0.014648528145716948,-0.01468175838773192,-0.014688286674900804,-0.005243807179688219,-0.005437938662869338,-0.005465914675046691,-0.00253013739820495
0.0028181127245089804,-0.08758417199481801,-0.014647657477248213,-0.01468089014484858,-0.014687414316300447,-0.005243459624456672,-0.005437594759620816,-0.005465567615237585,-0.0025299672922494765
0.002820112804512181,-0.08758477632826134,-0.01464778225841707,-0.014681013630844819,-0.014687539277321781,-0.005243523149754216,-0.005437653392530339,-0.005465627248510908,-0.0025300011722686603
0.002822112884515381,-0.08757977375955023,-0.014646907188589327,-0.014680141001968298,-0.014686662509957543,-0.005243173871075221,-0.005437307788200818,-0.005465278470202446,-0.0025298302446726383
0.002824112964518581,-0.08758035250852075,-0.01464702757528337,-0.014680260108837202,-0.01468678306911176,-0.00524323567559022,-0.005437364722678525,-0.005465336387649781,-0.0025298633043248733
0.002826113044521781,-0.08757532439638431,-0.014646148118011263,-0.014679383107844885,-0.014685901906923683,-0.005242884678850616,-0.005437017422622809,-0.005464985896245713,-0.002529691557662718
0.002828113124524981,-0.08757587764382625,-0.014646264124437244,-0.014679497849754993,-0.014686018078443426,-0.005242944768083794,-0.005437072664136173,-0.005465042103384597,-0.0025297237995767557
0.0028301132045281813,-0.08757082407291072,-0.014645380294219613,-0.014678616491106584,-0.014685132535956687,-0.005242592058898132,-0.00543672367393439,-0.005464689904516225,-0.002529551236531536
0.0028321132845313813,-0.08757135190516986,-0.014645491935167834,-0.014678726882808137,-0.014685244334659136,-0.005242650438577677,-0.005436777228176056,-0.005464744407091567,-0.0025295826634446753
0.0028341133645345814,-0.08756627296351542,-0.014644603747085677,-0.014677841181543737,-0.014684354426982196,-0.005242296022787501,-0.005436426553633035,-0.005464390506617072,-0.0025294092868077857
0.002836113444537782,-0.08756677547032571,-0.014644711037927754,-0.014677947238366478,-0.014684461868266895,-0.005242352698868205,-0.005436478426519901,-0.0054644433106002775,-0.002529439901565466
0.002838113524540982,-0.08756167124935436,-0.014643818507642327,-0.01467705721010452,-0.014683567611089387,-0.005241996582541214,-0.005436126073664302,-0.005464087714603898,-0.0025292657142362215
0.002840113604544182,-0.08756214852382468,-0.01464392146432895,-0.014677158947955432,-0.014683670710935934,-0.005242051561203638,-0.005436176271336743,-0.005464138826191963,-0.002529295519791614
0.002842113684547382,-0.08755701911833025,-0.014643024608079995,-0.01467626460889102,-0.014682772120527003,-0.005241693750633063,-0.0054358222464204456,-0.005463781540983336,-0.002529120524776939
0.0028441137645505822,-0.08755747125693306,-0.01464312324713899,-0.014676362044252367,-0.014682870895493092,-0.005241747038282702,-0.005435870775241462,-0.005463830966598128,-0.0025291495241905547
0.0028461138445537823,-0.08755231676506559,-0.014642222081742148,-0.014675463411154681,-0.014681967988698804,-0.005241387539986259,-0.0054355150847385575,-0.005463471998711266,-0.002528973724604519
0.0028481139245569824,-0.08755274386762497,-0.014642316420276217,-0.014675556561081831,-0.014682062455918111,-0.005241439143252774,-0.0054355619512930125,-0.005463519744998669,-0.00252900192104383
0.0028501140045601825,-0.08754756439087938,-0.014641410963120946,-0.014674653651292032,-0.014681155250159304,-0.005241077963971871,-0.005435204601898969,-0.00546315910119116,-0.00252882532010724
0.002852114084563383,-0.0875479665605581,-0.014641501018805814,-0.0146747425334115,-0.014681245427339448,-0.005241127889708257,-0.005435249812992793,-0.005463205175020273,-0.002528852716846301
0.002854114164566583,-0.0875427622037594,-0.014640591287852911,-0.01467383536484033,-0.014680333940609342,-0.005240765036407037,-0.005434890811623535,-0.00546284286227232,-0.00252867531788625
0.002856114244569783,-0.08754313954704483,-0.014640677078934565,-0.014673919997347086,-0.014680419846029196,-0.005240813291688607,-0.0054349343742826775,-0.005462887270734466,-0.0025287019183052074
0.002858114324572983,-0.0875379104183382,-0.014639763092714508,-0.014673008588473107,-0.014679504096891702,-0.005240448771553292,-0.005434573728073938,-0.005462523296248226,-0.002528523724754761
0.0028601144045761833,-0.08753826304502722,-0.014639844638006768,-0.014673088990128218,-0.014679585749398955,-0.005240495363676709,-0.0054346156495434705,-0.005462566046655967,-0.002528549532339395
0.0028621144845793834,-0.0875330092558611,-0.0146389264156168,-0.014672173359995003,-0.014678665756985648,-0.005240129184114472,-0.005434253365849664,-0.005462200417854407,-0.0025283705477370504
0.0028641145645825834,-0.08753333727904787,-0.014639003734499292,-0.014672249550123433,-0.01467874317599479,-0.005240174120596991,-0.005434293653592946,-0.005462241517740732,-0.002528395566078395
0.0028661146445857835,-0.08752805894416066,-0.014638081295600954,-0.014671329718336987,-0.014677818960002618,-0.005239806289234951,-0.005433929739986208,-0.005461874242266731,-0.0025282157940676345
0.0028681147245889836,-0.08752836248022468,-0.014638154408016862,-0.014671401716825573,-0.014677892165492699,-0.005239849577813534,-0.0054339684016840575,-0.005461913699384237,-0.002528240026861538
0.002870114804592184,-0.08752305971762697,-0.014637227772833479,-0.014670477703551992,-0.014676963746181243,-0.005239480102497827,-0.005433602865953284,-0.005461544785099469,-0.0025280594711903346
0.002872114884595384,-0.08752333888621333,-0.014637296699286323,-0.014670545530846154,-0.01467703275869262,-0.005239521751127833,-0.0054336399095026985,-0.005461582607419077,-0.002528082922236934
0.0028741149645985843,-0.08751801181718179,-0.014636365888601087,-0.014669617356809595,-0.014676100156882477,-0.005239150639922892,-0.005433272759652801,-0.005461212062403453,-0.0025279015867574204
0.0028761150446017843,-0.08751826674118651,-0.014636430650152243,-0.014669681033910658,-0.01467616499751424,-0.005239190656777147,-0.005433308193166004,-0.005461248258113383,-0.002527924259960571
0.0028781151246049844,-0.08751291549024003,-0.014635495685304934,-0.01466874872039007,-0.014675228234583438,-0.005238817917964384,-0.005432939437416713,-0.005460876090663669,-0.00252774214862845
0.0028801152046081845,-0.0875131462958007,-0.01463555630357177,-0.014668808268853818,-0.014675288924991809,-0.005238856311432514,-0.005432973269220516,-0.005460910668168809,-0.0025277640479954688
0.0028821152846113846,-0.08750777099068627,-0.014634617206456025,-0.01466787183768028,-0.014674348022873178,-0.005238481953509188,-0.005432602916005135,-0.0054605368867975046,-0.0025275811648694177
0.0028841153646145846,-0.08750797780716159,-0.01463467370360859,-0.014667927279613248,-0.014674404585267907,-0.005238518732196245,-0.005432635154639574,-0.00546056985471812,-0.002527602294510459
0.002886115444617785,-0.08750257857884175,-0.014633730496669672,-0.014666986753167651,-0.014673459566446943,-0.005238142763874705,-0.005432263212604342,-0.00546019446815266,-0.0025274186437518106
0.0028881155246209852,-0.08750276153879409,-0.014633782895427817,-0.014667038111224544,-0.014673512023588414,-0.0052381779366000554,-0.005432293866821546,-0.0054602258353231865,-0.0025274390078792505
0.0028901156046241853,-0.08749733852143139,-0.014632835601660024,-0.014666093512435127,-0.01467256291110053,-0.005237800366806688,-0.005431920344824499,-0.005459848852504983,-0.0025272545937514677
0.0028921156846273854,-0.08749749776061234,-0.014632883925290583,-0.014666140809815945,-0.014672611286297415,-0.005237833942603033,-0.0054319494235877406,-0.005459878627972995,-0.002527274196679505
0.0028941157646305855,-0.08749205109154791,-0.014631932568233544,-0.014665192162154526,-0.01467165810372437,-0.005237454780476808,-0.005431574330697372,-0.005459500058055899,-0.002527089023547511
0.0028961158446337855,-0.08749218674888519,-0.014631976840548533,-0.014665235422602401,-0.014671702420831103,-0.005237486768589244,-0.0054316018431801415,-0.005459528251081369,-0.0025271078696916904
0.0028981159246369856,-0.08748671656862299,-0.014631021444284555,-0.014664282750081909,-0.01467074519229824,-0.005237106023480714,-0.005431225188674306,-0.0054591481034307,-0.0025269219420213573
0.0029001160046401857,-0.08748682878619982,-0.014631061689637133,-0.014664321997879743,-0.014670785475711552,-0.0052371364333654,-0.005431251144259027,-0.005459174723484476,-0.002526940035897963
0.0029021160846433858,-0.08748133523839453,-0.014630102278789128,-0.014663365325051735,-0.014669824225885756,-0.005236754114835863,-0.005430872937624158,-0.005458793007676153,-0.0025267533582557077
0.0029041161646465863,-0.08748142416142907,-0.014630138522070377,-0.014663400585018643,-0.014669860500541245,-0.005236782956158647,-0.005430897345900755,-0.0054588180644386895,-0.0025267707044810683
0.0029061162446497864,-0.08747590739286483,-0.014629175121798278,-0.014662439936970013,-0.014668895254627215,-0.0052363990739787225,-0.005430517596830496,-0.0054584347902578625,-0.0025265832815332344
0.0029081163246529864,-0.08747597316969881,-0.014629207388435359,-0.014662471234459195,-0.014668927545997305,-0.005236426356614397,-0.005430540467595669,-0.0054584582936184345,-0.0025265998848233878
0.0029101164046561865,-0.0874704333302706,-0.014628240024432517,-0.014661506636808902,-0.014667958329734491,-0.005236040920762733,-0.005430159185989536,-0.005458073471058186,-0.0025264117213355704
0.0029121164846593866,-0.08747047611235022,-0.014628268340385128,-0.014661533997704522,-0.014667986663825171,-0.005236066654793738,-0.005430180529245566,-0.005458095431113565,-0.0025264275865056383
0.0029141165646625867,-0.08746491335504585,-0.014627297038875905,-0.01466056547660053,-0.014667013503484542,-0.005235679675455907,-0.005429797725207897,-0.005457709070373771,-0.0025262386873421776
0.0029161166446657867,-0.08746493329690012,-0.014627321430632655,-0.014660588927314196,-0.014667037906831692,-0.005235703871170924,-0.005429817551161102,-0.005457729497426874,-0.002526253819305698
0.002918116724668987,-0.0874593477777868,-0.014626346218369484,-0.014659616509430838,-0.0146660608292134,-0.005235315358738453,-0.005429433235000001,-0.00545734160891324,-0.0025260641894292116
0.0029201168046721873,-0.08745934503701087,-0.014626366712945083,-0.014659636076898401,-0.014666081328879877,-0.005235338026631212,-0.005429451554059704,-0.0054573605134719235,-0.0025260785931975668
0.0029221168846753874,-0.08745373691521047,-0.014625387617204631,-0.014658659789432746,-0.014665100361309132,-0.005234947991699935,-0.005429065736285576,-0.005456971107794362,-0.0025258882376681642
0.0029241169646785875,-0.08745371165244877,-0.014625404242136998,-0.014658675501111568,-0.014665116984881852,-0.005234969142468116,-0.005429082559062938,-0.005456988500570321,-0.002525901918350083
0.0029261170446817876,-0.08744808109012078,-0.01462442129071709,-0.014657695371780148,-0.014664132155206054,-0.0052345775958370965,-0.005428695250387282,-0.00545659758854185,-0.002525710842324858
0.0029281171246849876,-0.08744803346904534,-0.014624434074063492,-0.014657707255645412,-0.014664144930792246,-0.0052345972403809275,-0.005428710587693904,-0.005456613480449203,-0.002525723805125682
0.0029301172046881877,-0.08744238063136883,-0.014623447295280067,-0.014656723312681152,-0.01466315626737763,-0.005234204193051189,-0.005428321799028063,-0.005456221073084664,-0.002525532013858097
0.002932117284691388,-0.08744231081866026,-0.01462345626561404,-0.0146567313972226,-0.014663165223601672,-0.005234222342472117,-0.005428335661874756,-0.005456235475238647,-0.002525544264079232
0.002934117364694588,-0.08743663587381373,-0.01462246568829759,-0.014655743669371413,-0.014662172755330093,-0.005233827805645305,-0.005427945404328696,-0.005455841583753424,-0.002525351762918476
0.002936117444697788,-0.08743654403914183,-0.014622470874705557,-0.014655747983590064,-0.014662177921330137,-0.005233844471244746,-0.005427957803924119,-0.00545585450746912,-0.0025253633059567245
0.0029381175247009885,-0.08743084715828266,-0.01462147652819772,-0.014654756500107355,-0.01466118167759537,-0.005233448456321788,-0.0054275660888049885,-0.005455459143277734,-0.0025251701003470954
0.0029401176047041885,-0.08743073347428743,-0.014621477960275651,-0.014654757073512095,-0.014661183083019991,-0.00523346364959981,-0.005427577036554433,-0.005455470600068758,-0.0025251809416940484
0.0029421176847073886,-0.0874250148315312,-0.01462047987442558,-0.014653761864159223,-0.014660183093724284,-0.005233066168179485,-0.00542718387536522,-0.005455073774783468,-0.0025249870371742518
0.0029441177647105887,-0.08742487947380104,-0.014620477582275384,-0.014653758726763345,-0.014660180768728895,-0.005233079900833419,-0.005427193382869217,-0.005455083776360595,-0.002524997182415646
0.0029461178447137888,-0.08741913924620219,-0.014619475787436565,-0.014652759821804322,-0.014659177064279622,-0.0052326809647111165,-0.005426798787307504,-0.005454685501790193,-0.0025248025846182106
0.002948117924716989,-0.08741898239325345,-0.014619469801662408,-0.014652753004121805,-0.014659171039522755,-0.005232693248634108,-0.005426806866360344,-0.005454694060059881,-0.0025248120394332227
0.002950118004720189,-0.08741322076078585,-0.014618464328689096,-0.014651750434319818,-0.014658163650828969,-0.0052322928698004595,-0.005426410848316929,-0.005454294348208257,-0.0025246167540838318
0.002952118084723389,-0.08741304259404115,-0.014618454680393926,-0.01465173996736176,-0.014658153957468814,-0.005232303717080086,-0.005426417510905396,-0.005454301475271293,-0.0025246255242444126
0.0029541181647265895,-0.08740725973957429,-0.014617445560637191,-0.01465073376397532,-0.014657142915937308,-0.005231901907719469,-0.0054260200824628,-0.005453900338335967,-0.002524429557161207
0.0029561182447297896,-0.08740706044334377,-0.014617432281419335,-0.014650719679246584,-0.014657129585628273,-0.005231911330636445,-0.005426025340764777,-0.005453906046486185,-0.002524437648531475
0.0029581183247329897,-0.08740125655262136,-0.014616419546723549,-0.014649709874025876,-0.014656114923159845,-0.005231508103125484,-0.0054256265141958224,-0.005453503496856816,-0.002524241005624344
0.0029601184047361897,-0.08740103631408004,-0.01461640266867284,-0.014649692203521397,-0.014656097988048726,-0.00523151611415222,-0.005425630380578887,-0.0054535077985795564,-0.0025242484241598724
0.00296211848473939,-0.08739521157570056,-0.01461538635137205,-0.014648678828704728,-0.014655079737034867,-0.005231111481058487,-0.005425230168345397,-0.005453103848836658,-0.0025240511114298114
0.00296411856474259,-0.0873949705848645,-0.014615365907065792,-0.014648657604905262,-0.014655059229756726,-0.005231118092857345,-0.005425232655365181,-0.00545310675680719,-0.0025240578631768526
0.00296611864474579,-0.0873891251902587,-0.014614346039980035,-0.014647640693215376,-0.014654037423075658,-0.0052307120669379085,-0.0054248310701164705,-0.00545270141972063,-0.0025238598867152813
0.00296811872474899,-0.08738886363996601,-0.01461432206247968,-0.014647615949084387,-0.014654013376750645,-0.0052307172923601,-0.005424832190515456,-0.005452702946802896,-0.0025238659778101654
0.00297011880475219,-0.08738299778337333,-0.014613298678910912,-0.014646595533724386,-0.014652988047763374,-0.005230309886559867,-0.005424429245086763,-0.00545229623533031,-0.0025236673437981495
0.0029721188847553906,-0.08738271586926036,-0.014613271201758149,-0.014646567302703938,-0.014652960495992566,-0.005230313738643772,-0.00542442901179273,-0.005452296394575322,-0.002523672780466545
0.0029741189647585907,-0.08737682974770691,-0.014612244335486389,-0.014645543417353598,-0.014651931678539029,-0.005229904966094107,-0.005424024719203806,-0.005451888321860636,-0.0025234734951741057
0.002976119044761791,-0.08737652766818542,-0.014612213392699013,-0.014645511733360367,-0.014651900655400571,-0.005229907458063771,-0.005424023145328211,-0.005451887126505006,-0.0025234782837302676
0.002978119124764991,-0.08737062148146289,-0.014611183077978878,-0.014644484412172339,-0.01465086838379603,-0.005229497332081013,-0.005423617518781884,-0.005451477705877026,-0.002523278353515699
0.002980119204768191,-0.08737029943769663,-0.014611148704046863,-0.014644449309593776,-0.014650833923840973,-0.005229498477344578,-0.005423614617618421,-0.005451475169341296,-0.0025232825003617203
0.002982119284771391,-0.0873643733883377,-0.014610114975603215,-0.014643418587189618,-0.014649798232871861,-0.005229087011428452,-0.00542320767049903,-0.005451064414312109,-0.0025230819316708437
0.002984119364774591,-0.0873640315842209,-0.014610077205485052,-0.014643380100880055,-0.014649760371120642,-0.005229086823576709,-0.005423203455522136,-0.005451060550199383,-0.0025230854432959954
0.002986119444777791,-0.08735808587747529,-0.014609040098508913,-0.014642346012346033,-0.01464872129604027,-0.0052286740314086925,-0.005422795201393853,-0.005450648474462729,-0.002522884242661334
0.0029881195247809917,-0.08735772451960919,-0.014608998967627495,-0.014642304177622818,-0.014648680067978538,-0.005228672524213508,-0.005422789686257211,-0.0054506432965570634,-0.002522887125641282
0.0029901196047841918,-0.08735175936342093,-0.014607958517772256,-0.014641266758505942,-0.014647637644503443,-0.005228258419655313,-0.0054223801388626,-0.005450229913986796,-0.002522685299681378
0.002992119684787392,-0.0873513786610878,-0.014607914062010572,-0.014641221611145054,-0.01464759308607769,-0.0052282556070679526,-0.005422373337397369,-0.005450223436251529,-0.0025226875606773865
0.002994119764790592,-0.08734539426607255,-0.01460687030538792,-0.014640180897449276,-0.0146465473503835,-0.005227840204160015,-0.0054219625106558976,-0.005449808760900115,-0.0025224851160960556
0.002996119844793792,-0.08734499443121378,-0.014606822561085149,-0.014640132473681363,-0.014646499497997224,-0.005227836100309596,-0.005421954436869289,-0.005449800997476373,-0.002522486761854277
0.002998119924796992,-0.08733899101063285,-0.01460577553426074,-0.014639088501863138,-0.014645450486714322,-0.005227419413269369,-0.0054215423448755505,-0.00544938504357315,-0.0025222837054398096
0.003000120004800192,-0.08733857225782349,-0.014605724538207968,-0.014639036838369406,-0.014645399377223724,-0.005227414032461214,-0.005421533012949142,-0.005449376008778104,-0.0025222847427904494
0.0030021200848033922,-0.08733255002756016,-0.014604674278197366,-0.014637989645333619,-0.014644347127433142,-0.005226996075681523,-0.005421119669971347,-0.005448958790727726,-0.002522081081414825
0.0030041201648065923,-0.0873321125739862,-0.01460462006763364,-0.014637934779241727,-0.014644292798143135,-0.005226989432395632,-0.005421109094259597,-0.005448948499053114,-0.002522081517271455
0.003006120244809793,-0.08732607175252093,-0.014603566611897949,-0.014636884402337534,-0.014643237347372244,-0.005226570220443043,-0.005420694514737843,-0.005448530031433877,-0.0025218772578895574
0.003008120324812993,-0.08732561581795208,-0.014603509224505635,-0.014636826371217087,-0.014643179836031885,-0.005226562329332243,-0.005420682709766249,-0.005448518497544168,-0.0025218770992482247
0.003010120404816193,-0.08731955662633858,-0.014602452610947596,-0.014635772848233617,-0.01464212122225046,-0.005226141876945524,-0.005420266908311092,-0.0054480987951064045,-0.0025216722488970926
0.003012120484819393,-0.08731908243310471,-0.014602392084848322,-0.014635711690092113,-0.0146420605670488,-0.005226132752833946,-0.005420253888774658,-0.005448086033837272,-0.0025216715028355745
0.003014120564822593,-0.0873130050949436,-0.014601332351807567,-0.014634655059254239,-0.014640998828664315,-0.005225711074922214,-0.0054198368801652245,-0.005447665111501589,-0.0025214660686335546
0.003016120644825793,-0.08731251286790924,-0.01460126872555789,-0.014634590812532666,-0.014640935068225986,-0.005225700732803535,-0.0054198226609267625,-0.005447651137858136,-0.0025214647423105366
0.0030181207248289933,-0.0873064176093229,-0.014600205911806772,-0.014633531112496477,-0.014639870244079315,-0.005225277844444637,-0.005419404460109129,-0.005447229010713726,-0.002521258731456465
0.0030201208048321933,-0.08730590757586244,-0.014600139224393793,-0.014633463816065045,-0.014639803417460481,-0.005225266299480459,-0.005419389056197621,-0.005447213839868872,-0.002521256832110769
0.003022120884835394,-0.08729979462546923,-0.014599073369132954,-0.014632401085913523,-0.014638735546821479,-0.00522484221591921,-0.005418969678283154,-0.005446790523171842,-0.0025210502518831796
0.003024120964838594,-0.08729926701543977,-0.014599003659969963,-0.014632330779067185,-0.014638665693504981,-0.005224829483437244,-0.005418953104891979,-0.0054467741704645155,-0.002521047786832881
0.003026121044841794,-0.08729313660432862,-0.014597934802823863,-0.014631265058305944,-0.014637594816068243,-0.0052244042200837665,-0.005418532565155595,-0.005446349679636114,-0.002520840644589172
0.003028121124844994,-0.08729259165004463,-0.014597862111745541,-0.014631191780759785,-0.014637521975959179,-0.005224390315576105,-0.0054185148376408015,-0.005446332160569512,-0.0025208376212307883
0.003030121204848194,-0.08728644401174973,-0.01459679029275834,-0.014630123109312606,-0.01463644813183958,-0.005223963888004122,-0.005418093151519327,-0.005445906511194522,-0.002520629924406419
0.0030321212848513942,-0.0872858819479558,-0.014596714660016495,-0.014630046901197503,-0.014636372345260846,-0.005223948827125473,-0.005418074285397874,-0.005445887841434329,-0.0025206263502140546
0.0030341213648545943,-0.08727971731842857,-0.014595639919646958,-0.014628975319401565,-0.014635295574988645,-0.005223521251070411,-0.005417651468488159,-0.005445461049259127,-0.0025204181063216645
0.0030361214448577944,-0.08727913838227562,-0.014595561385906244,-0.014628896221259858,-0.014635216882676735,-0.005223505049636449,-0.005417631479436334,-0.005445441244631912,-0.002520413988846252
0.0030381215248609945,-0.08727295699985751,-0.014594483765023338,-0.014627821769861217,-0.014634137227193008,-0.005223076340993653,-0.005417207547493489,-0.005445013325562672,-0.002520205205474769
0.003040121604864195,-0.08727236143087436,-0.014594402371356348,-0.014627739822641954,-0.014634055670293111,-0.005223059014979165,-0.005417186451344991,-0.005444992402053994,-0.002520200552343146
0.003042121684867395,-0.08726616353627228,-0.014593321911234825,-0.014626662542791132,-0.01463297317094552,-0.005222629189802237,-0.0054167614202807295,-0.005444563372155036,-0.0025199912371570293
0.003044121764870595,-0.08726555157633684,-0.014593237699117368,-0.0146265777878452,-0.014632888791006616,-0.005222610755339196,-0.005416739233024852,-0.0054445413459075645,-0.0025199860560710403
0.003046121844873795,-0.08725933741259521,-0.01459215444143307,-0.014625497721092609,-0.014631803489544641,-0.0052221798298381404,-0.0054163131189056595,-0.005444111221399522,-0.002519776216809362
0.0030481219248769953,-0.08725870930591031,-0.01459206745273968,-0.014625410200168448,-0.014631716328515176,-0.005222160303214029,-0.005416289856685542,-0.005444088108711267,-0.002519770515545059
0.0030501220048801954,-0.08725247911838381,-0.014590981439564924,-0.014624327388459517,-0.01463062826708535,-0.005221728293753426,-0.005415862675730878,-0.005443656905969228,-0.0025195601600206657
0.0030521220848833954,-0.08725183511144764,-0.014590891716564119,-0.014624237143698291,-0.014630538367308498,-0.005221707691409329,-0.005415838354841706,-0.0054436327232917905,-0.002519553946427397
0.0030541221648865955,-0.0872455891477725,-0.014589802990362624,-0.014623151629368785,-0.014629447588449501,-0.0052212746145064125,-0.005415410123422092,-0.0054432004588434,-0.002519343082525975
0.003056122244889796,-0.08724492948935339,-0.014589710575712395,-0.014623058703299798,-0.014629354992658515,-0.005221252953035313,-0.0054153847603093256,-0.005443175222780095,-0.0025193363645255673
0.003058122324892996,-0.08723866799942047,-0.014588619179334756,-0.014621970529071077,-0.014628261539296566,-0.005220818825358163,-0.0054149554949445445,-0.0054427419133037365,-0.0025191250002047677
0.003060122404896196,-0.08723799294052667,-0.014588524116077415,-0.014621874964606834,-0.01462816629060973,-0.005220796121502944,-0.005414929106201993,-0.005442715640607673,-0.00251911778579057
0.0030621224848993963,-0.08723171617645394,-0.014587430092756393,-0.014620784173581116,-0.014627070206053841,-0.005220360959868641,-0.005414498823559303,-0.005442281302930645,-0.002518905929079156
0.0030641225649025963,-0.08723102597030623,-0.014587332424313898,-0.014620686014012448,-0.014626972347969726,-0.005220337230520179,-0.005414471425927227,-0.005442254010502864,-0.002518898226315135
0.0030661226449057964,-0.08722473418641079,-0.014586235817659578,-0.014619592649668207,-0.014625873675906922,-0.005219901051893006,-0.005414040142819511,-0.005441818661599538,-0.0025186858853121006
0.0030681227249089965,-0.0872240290884136,-0.014586135587828557,-0.01461949193865953,-0.014625773252299409,-0.005219876314088301,-0.0054140117531827825,-0.0054417903664870934,-0.002518677702331962
0.0030701228049121966,-0.08721772254118249,-0.014585036441823303,-0.01461839604484622,-0.014624672036789644,-0.005219439135577702,-0.00541357948656655,-0.005441354023476901,-0.0025184648852055623
0.003072122884915397,-0.08721700280889659,-0.0145849336947705,-0.014618292826430717,-0.014624569091903347,-0.005219413406498049,-0.005413550121952812,-0.005441324742871027,-0.002518456230211852
0.003074122964918597,-0.08721068175695736,-0.014583832053764016,-0.014617194447364078,-0.014623465377374568,-0.0052189752453566975,-0.005413116888926389,-0.005440887423016519,-0.0025182429451986992
0.0030761230449217972,-0.08720994765007214,-0.014583726834021205,-0.014617088765938981,-0.014623359955819797,-0.005218948542325835,-0.0054130865665042195,-0.0054408571742507895,-0.002518233826461919
0.0030781231249249973,-0.0872036123541648,-0.01458262274272569,-0.014615987946195935,-0.014622253787063041,-0.0052185094159477585,-0.005412652384305733,-0.005440418894955815,-0.002518020081866071
0.0030801232049281974,-0.08720286413446653,-0.014582515095184557,-0.014615879846517112,-0.014622145933810667,-0.005218481756429719,-0.005412621121382572,-0.005440387695503988,-0.0025180105077236784
0.0030821232849313975,-0.08719651485741592,-0.01458140859866985,-0.01461477663103118,-0.014621037355975272,-0.0052180416823484795,-0.0054121860073882335,-0.005439948474311746,-0.0025177963119157607
0.0030841233649345975,-0.08719575278875893,-0.014581298568577008,-0.01461466615820832,-0.014620927116351603,-0.005218013083945678,-0.00541215382140842,-0.005439916341785908,-0.002517786290771251
0.0030861234449377976,-0.08718938979544442,-0.01458018971226557,-0.014613560592264445,-0.01461981617494,-0.005217572079832271,-0.00541171779313047,-0.005439476196377018,-0.0025175716521874856
0.0030881235249409977,-0.08718861414372304,-0.014580077345217542,-0.014613447791756114,-0.01461970359462206,-0.005217542560283688,-0.005411684701673475,-0.005439443148525633,-0.002517561192509501
0.003090123604944198,-0.0871822377010491,-0.014578966174879202,-0.01461233992098562,-0.014618590335484856,-0.005217100643944653,-0.005411247776758233,-0.005439002096716108,-0.002517346119650761
0.0030921236849473983,-0.08718144873416862,-0.0145788515168177,-0.014612224838594314,-0.014618475460495215,-0.005217070221123785,-0.00541121379753665,-0.00543896815142212,-0.0025173352299721428
0.0030941237649505984,-0.08717505911103236,-0.014577738078564337,-0.014611114708969359,-0.01461735992982555,-0.005216627410499022,-0.005410775993762424,-0.00543852621116122,-0.0025171197314029442
0.0030961238449537984,-0.08717425709887978,-0.014577621175770899,-0.014610997390836433,-0.01461724280652738,-0.005216596102411966,-0.00541074114462007,-0.00543849138644008,-0.002517108420319805
0.0030981239249569985,-0.0871678545661454,-0.01457650551605193,-0.01460988504866559,-0.014616125050856446,-0.005216152415573008,-0.005410302479895368,-0.0054380485758086135,-0.0025168925046674777
0.0031001240049601986,-0.08716703978055579,-0.014576386415142568,-0.014609765541265777,-0.014616005725947914,-0.00521612024035629,-0.005410266778805087,-0.005438012889806072,-0.002516880780838145
0.0031021240849633987,-0.08716062461102447,-0.014575268580739594,-0.014608651033188924,-0.014614885792139811,-0.005215675695504245,-0.005409827271166694,-0.00543756922701436,-0.002516664456791853
0.0031041241649665987,-0.08715979732575278,-0.014575147328659737,-0.014608529383325256,-0.014614764312649041,-0.0052156426714228465,-0.005409790736228451,-0.005437532698004501,-0.002516652328935964
0.0031061242449697993,-0.08715336979412977,-0.014574027366681234,-0.014607412756307949,-0.014613642247895228,-0.0052151972868863155,-0.005409350403839251,-0.005437088201390221,-0.00251643560524569
0.0031081243249729993,-0.08715253028482273,-0.014573904010700845,-0.014607289011106996,-0.014613518661175414,-0.0052151634323318,-0.005409313053278257,-0.005437050847773647,-0.0025164230821432634
0.0031101244049761994,-0.08714609066768737,-0.01457278196857681,-0.014606170312435364,-0.014612394512989483,-0.005214717226564781,-0.005408871914425234,-0.005436605535799765,-0.0025162059676188306
0.0031121244849793995,-0.08714523921185184,-0.014572656556285068,-0.014606044519341893,-0.014612268866713646,-0.005214682560053235,-0.005408833766589876,-0.005436567376101511,-0.0025161930581093284
0.0031141245649825996,-0.08713878778762728,-0.014571532481761941,-0.014604923796617403,-0.014611142682926107,-0.0052142355516331205,-0.0054083918396821105,-0.005436121267354285,-0.002515975561619423
0.0031161246449857996,-0.087137924664598,-0.014571405061061627,-0.014604796003388787,-0.014611015025081425,-0.00521420009180295,-0.005408352913041835,-0.005436082320221586,-0.0025159622746006374
0.0031181247249889997,-0.0871314617135227,-0.014570279002197345,-0.014603673304523479,-0.01460988685383479,-0.005213752299428632,-0.005407910216608644,-0.005435635433408727,-0.002515744405071944
0.0031201248049922,-0.08713058720443126,-0.014570149621299603,-0.014603543559224443,-0.014609757232717378,-0.005213716065038495,-0.0054078705297518626,-0.005435595717608965,-0.0025157307494990725
0.0031221248849954,-0.08712411300852585,-0.014569021626457833,-0.014602418932435083,-0.01460862712246054,-0.005213267507528136,-0.005407427082440522,-0.005435148071557312,-0.002515512515915166
0.0031241249649986004,-0.08712322739627237,-0.014568890333877376,-0.014602287283432946,-0.014608495586670432,-0.00521323051745509,-0.005407386654072826,-0.005435107605976199,-0.0025154985007998882
0.0031261250450018005,-0.08711674223930811,-0.014567760451722216,-0.014601160777235712,-0.014607363586153185,-0.005212781213744031,-0.005406942474646557,-0.00543465921962968,-0.00251527991220025
0.0031281251250050005,-0.08711584580852912,-0.014567627296271531,-0.014601027273194624,-0.014607230184588883,-0.005212743486981308,-0.005406901323588465,-0.005434618023268989,-0.002515265546609672
0.0031301252050082006,-0.08710934997599735,-0.014566495575762218,-0.014599898936400025,-0.014606096342856669,-0.005212293456120024,-0.005406456430924413,-0.005434168915686561,-0.0025150466120887316
0.0031321252850114007,-0.08710844301303276,-0.014566360606546256,-0.014599763626275656,-0.014605961124709563,-0.005212255011774908,-0.005406414576109259,-0.0054341270076620155,-0.002515031905144385
0.0031341253650146008,-0.0871019367921146,-0.014565227096932086,-0.014598633507983152,-0.014604825491098377,-0.005211804272926984,-0.005405968989196512,-0.005433677198015683,-0.0025148126338505362
0.003136125445017801,-0.08710101958497739,-0.014565090363342767,-0.014598496441017184,-0.014604688505847315,-0.0052117651302187136,-0.00540592644966842,-0.005433634597554868,-0.002514797594727366
0.003138125525021001,-0.08709450326451135,-0.014563955114157345,-0.014597364590609773,-0.014603551129977913,-0.005211313702658646,-0.005405480187605756,-0.005433184105127427,-0.0025145779958619234
0.0031401256050242014,-0.08709357610285551,-0.014563816665868295,-0.014597225816324699,-0.014603412427383939,-0.005211273880916332,-0.005405436982517562,-0.005433140831567715,-0.0025145626337873
0.0031421256850274015,-0.08708704997330427,-0.014562679726923912,-0.014596092283463109,-0.014602273359156358,-0.005210821784027365,-0.005404990064511359,-0.005432689675750602,-0.0025143427166034456
0.0031441257650306016,-0.08708611314839466,-0.014562539613885078,-0.01459595185165692,-0.014602132989257383,-0.005210781302687938,-0.0054049462131225455,-0.005432645748537072,-0.0025143270408561898
0.0031461258450338017,-0.087079577501815,-0.014561401035267669,-0.014594816686274622,-0.014600992278845672,-0.0052103285559600004,-0.0054044986584847405,-0.005432193948828345,-0.002514106814658037
0.0031481259250370017,-0.08707863130649347,-0.014561259307699631,-0.014594674647015008,-0.014600850291950634,-0.005210287434565951,-0.005404454180159256,-0.005432149387511576,-0.0025140908345673237
0.003150126005040202,-0.08707208643650358,-0.014560119139763015,-0.014593537899312508,-0.014599707989797216,-0.005209834057593527,-0.005404006008305197,-0.0054316969635137225,-0.002513870308708858
0.003152126085043402,-0.08707113116515668,-0.014559975848151493,-0.014593394302931478,-0.014599564436480713,-0.0052097923157907655,-0.005403960922509268,-0.005431651787747566,-0.0025138540336532024
0.003154126165046602,-0.08706457736690483,-0.014558834141512047,-0.014592256023370987,-0.014598420593291039,-0.005209338328270723,-0.00540351215295565,-0.005431198759165411,-0.0025136332175372715
0.003156126245049802,-0.08706361331543272,-0.014558689336602423,-0.01459211092045931,-0.014598275524387671,-0.005209295985806469,-0.0054034664792557575,-0.005431152988704984,-0.002513616656943536
0.0031581263250530026,-0.0870570508855631,-0.014557546142133242,-0.014590971159759002,-0.014597130191124361,-0.005208841407535878,-0.0054030171316183356,-0.005430699375343384,-0.0025133955600207683
0.0031601264050562026,-0.08705607835134677,-0.014557399874925065,-0.01459082460116084,-0.01459698365772345,-0.005208798484256512,-0.005402970889679037,-0.005430653030042862,-0.002513378723363128
0.0031621264850594027,-0.08704950758796802,-0.014556255243750529,-0.01458968341028925,-0.014595836885600802,-0.005208343335130437,-0.005402520983670575,-0.005430198851804649,-0.002513157355130932
0.003164126565062603,-0.08704852686983641,-0.014556107565491827,-0.014589535447096477,-0.014595688939040572,-0.005208299850979273,-0.005402474193252348,-0.005430151951615022,-0.002513140251929813
0.003166126645065803,-0.08704194807249002,-0.014554961548982266,-0.014588392877267362,-0.014594540779519258,-0.005207844150988764,-0.005402023748680493,-0.005429697228498884,-0.0025129186219313687
0.003168126725069003,-0.0870409594706873,-0.014554812511163836,-0.014588243560813749,-0.01459439147138103,-0.005207800126003819,-0.00540197642963751,-0.005429649793465794,-0.002512901261752376
0.003170126805072203,-0.08703437294031305,-0.014553665160929421,-0.01458709966347996,-0.014593241976162087,-0.005207343895233506,-0.005401525466402509,-0.005429194545563911,-0.0025126793795755284
0.003172126885075403,-0.08703337675646668,-0.014553514815279577,-0.014586949045336126,-0.014593091358265151,-0.005207299349545507,-0.005401477638680611,-0.005429146595825575,-0.0025126617720284913
0.0031741269650786036,-0.08702678279536993,-0.014552366183164933,-0.014585803872184088,-0.014591940579284373,-0.005206842608171439,-0.005401026176773208,-0.005428690843321485,-0.0025124396473047176
0.0031761270450818037,-0.08702577933245684,-0.014552214581643508,-0.014585652004151375,-0.014591788703679966,-0.005206797562001449,-0.005400977860407588,-0.0054286423991063825,-0.002512421802042561
0.0031781271250850038,-0.08701917824427671,-0.014551064719722116,-0.01458450560709575,-0.014590636693102378,-0.005206340330289009,-0.0054005259199068345,-0.005428186162272834,-0.0025121994444459368
0.003180127205088204,-0.08701816780659043,-0.014550911914514814,-0.014584352541200595,-0.014590483612067991,-0.005206294803946194,-0.0054004771350198814,-0.005428137243897478,-0.002512181371163654
0.003182127285091404,-0.08701155989626684,-0.014549760875083346,-0.014583204972378474,-0.014589330422282271,-0.005205837102247885,-0.00540002473609101,-0.005427680543094247,-0.0025119587904098174
0.003184127365094604,-0.08701054278938276,-0.014549606918596027,-0.014583050760866812,-0.014589176188315903,-0.005205791116127312,-0.005399975502890057,-0.0054276311709609264,-0.0025119404988433467
0.003186127445097804,-0.08700392836312187,-0.014548454754168536,-0.014581902072631945,-0.01458802187192839,-0.005205332964880417,-0.00539952266578215,-0.005427174026632509,-0.0025117177046884015
0.003188127525101004,-0.08700290489386718,-0.014548299699021666,-0.014581746767963649,-0.014587866537743107,-0.005205286539460917,-0.005399473004557425,-0.005427124221227236,-0.002511699204613666
0.0031901276051042042,-0.08699628425910762,-0.014547146462323659,-0.014580597012880584,-0.014586711147572033,-0.005204827959185273,-0.005399019749601241,-0.005426666653900572,-0.002511476206853083
0.0031921276851074047,-0.0869952547355258,-0.014546990361346624,-0.014580440667723689,-0.014586554766090054,-0.005204781115027211,-0.005398969680723562,-0.00542661643579075,-0.0025114575080848883
0.003194127765110605,-0.08698862820090665,-0.014545836105309603,-0.014579289898562255,-0.014585398355160033,-0.005204322126323011,-0.005398516028329349,-0.00542615846607305,-0.0025112343165525006
0.003196127845113805,-0.08698759293222458,-0.014545679011534828,-0.014579132565787228,-0.014585240979506992,-0.005204274884065972,-0.0053984655722479164,-0.0054261078559052515,-0.002511215428943464
0.003198127925117005,-0.08698096080755062,-0.014544523789290381,-0.01457798083551676,-0.014584083601043013,-0.005203815507611528,-0.005398011542903148,-0.005425649504481744,-0.002510992053510336
0.003200128005120205,-0.08697992010414418,-0.014544365755947452,-0.014577822568190525,-0.014583925284542063,-0.00520376788797205,-0.005397960720143275,-0.0054255985229794005,-0.002510972986949792
0.003202128085123405,-0.08697328270035336,-0.01454320962082163,-0.014576669929974131,-0.014582766991963928,-0.005203308144521525,-0.005397506334410515,-0.005425139810611123,-0.002510749437523209
0.003204128165126605,-0.08697223687371322,-0.014543050701331486,-0.014576510781354465,-0.01458260778812998,-0.005203260168290863,-0.005397455165571362,-0.005425088478572257,-0.002510730201936102
0.0032061282451298053,-0.08696559450284264,-0.01454189370683907,-0.014575357288543346,-0.014581448635046481,-0.005202800078672117,-0.00539700044408601,-0.0054246294260938376,-0.0025105064884584963
0.0032081283251330058,-0.08696454386554138,-0.014541733954808284,-0.014575197312072932,-0.01458128859758031,-0.005202751766713922,-0.005396948949838412,-0.005424577764388835,-0.002510487093804351
0.003210128405136206,-0.08695789684069251,-0.01454057615464661,-0.014574043018200332,-0.014580128637783183,-0.0052022913518260825,-0.005396493913306335,-0.005424118392706038,-0.0025102632262521516
0.003212128485139406,-0.08695684170635139,-0.014540415623861784,-0.01457388226750133,-0.014579967820565936,-0.005202242725074309,-0.005396442114390644,-0.005424066422275523,-0.002510243682524009
0.003214128565142606,-0.08695019034165528,-0.014539257071904914,-0.0145727272262766,-0.014578807108023974,-0.005201782005885476,-0.005395986783585937,-0.005423606752363033,-0.0025100196709065483
0.003216128645145806,-0.08694913102490967,-0.014539095816326737,-0.014572565755144706,-0.014578645565111131,-0.005201733085342037,-0.005395934700809668,-0.005423554494215436,-0.002509999988129869
0.003218128725149006,-0.08694247563549466,-0.014537936566619917,-0.01457141002044778,-0.014577484153964555,-0.00520127208288711,-0.005395479096572499,-0.0054230945471146815,-0.002509775842488356
0.0032201288051522062,-0.08694141245195833,-0.014537774640376894,-0.014571247882845998,-0.014577321939579778,-0.005201222889619444,-0.005395426750807999,-0.005423042022323899,-0.0025097560307198712
0.0032221288851554063,-0.08693475335391596,-0.01453661474713075,-0.014570091508721678,-0.01457615988413444,-0.0052007616249979275,-0.005394970894042379,-0.0054225818191407805,-0.0025095317611263128
0.0032241289651586064,-0.08693368662014771,-0.014536452204513663,-0.014569928758774664,-0.014575997052663943,-0.005200712180136808,-0.0053949183062246,-0.005422529048843958,-0.002509511830452963
0.003226129045161807,-0.08692702413049769,-0.014535291722098005,-0.014568771799426445,-0.014574834407385226,-0.005200250674510333,-0.0053944622178960285,-0.005422068610746469,-0.002509287447009028
0.003228129125165007,-0.08692595416396778,-0.01453512861755406,-0.014568608491414819,-0.014574671013371851,-0.005200200999247633,-0.005394409409020322,-0.005422015616141771,-0.0025092674075468894
0.003230129205168207,-0.08691928860062262,-0.014533967600492078,-0.014567451001199019,-0.01457350783287871,-0.005199739273837714,-0.005393953110153493,-0.005421554964357672,-0.0025090429203827994
0.003232129285171407,-0.08691821571967838,-0.014533803988619006,-0.01456728718955345,-0.014573343931016152,-0.005199689389424059,-0.0053939001012733466,-0.0054215017667019446,-0.002509022782275988
0.003234129365174607,-0.08691154740140995,-0.014532642491581265,-0.01456612922297333,-0.014572180270075251,-0.005199227465509786,-0.005393443612949844,-0.005421040922516479,-0.0025087982015494343
0.0032361294451778073,-0.08691047192524055,-0.014532478427121373,-0.014565964962268453,-0.014572015915201941,-0.005199177393252254,-0.005393390425174539,-0.005420987543122935,-0.0025087779749689903
0.0032381295251810074,-0.08690380117164574,-0.014531316504920079,-0.014564806573968438,-0.014570851828721783,-0.005198715292168029,-0.0053929337685306505,-0.005420526527876597,-0.002508553310864046
0.0032401296051842074,-0.08690272342024756,-0.014531152042754148,-0.014564641918917124,-0.014570687075814973,-0.005198665053427812,-0.005392880423022952,-0.005420472988112465,-0.0025085330060068147
0.003242129685187408,-0.08689605055171411,-0.01452998975033731,-0.01456348316367695,-0.014569522618840093,-0.005198202796561056,-0.0053924236192474245,-0.0054200118231987095,-0.002508308268732847
0.003244129765190608,-0.0868949708458559,-0.014529824945478732,-0.01456331816912406,-0.014569357523009802,-0.005198152412751122,-0.005392370137221287,-0.005419958144482924,-0.0025082878958203846
0.003246129845193808,-0.08688829618352646,-0.014528662337923976,-0.014562159101852623,-0.014568192750714545,-0.005197690021539893,-0.0053919132075528325,-0.0054194968513457085,-0.002508063095610907
0.003248129925197008,-0.0868872148447158,-0.01452849724551291,-0.014561993822769508,-0.014568027367197808,-0.0051976395141227465,-0.005391859610271202,-0.005419443055146667,-0.002508042664888387
0.0032501300052002083,-0.08688053871045423,-0.01452733437802157,-0.014560834498499108,-0.0145668623348805,-0.005197177010053438,-0.0053914025759963825,-0.005418981655278235,-0.002507817811999973
0.0032521300852034083,-0.08687945606090182,-0.014527169053319012,-0.014560668989977392,-0.014566696719035346,-0.00519712640053877,-0.005391348884768799,-0.005418927763111444,-0.0025077973337350856
0.0032541301652066084,-0.08687277877725733,-0.014526005981210106,-0.014559509463857558,-0.014565531482112174,-0.005196663805143768,-0.005390891767219609,-0.005418466278049949,-0.0025075724384462416
0.0032561302452098085,-0.08687169513984329,-0.014525840479591863,-0.014559343781103405,-0.014565365689411679,-0.005196613115086131,-0.005390838003399999,-0.005418412311475671,-0.0025075519229280706
0.0032581303252130086,-0.08686501703001583,-0.014524677258296132,-0.014558184108395057,-0.014564200303410763,-0.005196150449941471,-0.0053903808239515625,-0.005417950762802848,-0.0025073269955381227
0.003260130405216209,-0.0868639327282534,-0.014524511635246713,-0.014558018306722936,-0.014564034389436915,-0.005196099700937943,-0.005390327008935843,-0.00541789674342381,-0.00250730645307602
0.003262130485219409,-0.08685725411606024,-0.014523348320300928,-0.014556858542792593,-0.014562868909992522,-0.00519563698766108,-0.0053898697890042225,-0.005417435152762716,-0.002507081503904058
0.0032641305652226092,-0.0868561694740611,-0.014523182631407618,-0.01455669267761938,-0.014562702930430216,-0.005195586201348857,-0.005389815944227958,-0.005417381102221692,-0.0025070609448265262
0.0032661306452258093,-0.08684949068390084,-0.014522019278448248,-0.014555532877932991,-0.014561537413276562,-0.0051951234615962355,-0.005389358705267778,-0.005416919491234319,-0.00250683598421023
0.0032681307252290094,-0.08684840602633981,-0.01452185357939505,-0.014555367004772047,-0.014561371423907584,-0.005195072659650371,-0.005389304852203913,-0.005416865431211839,-0.0025068154188638133
0.0032701308052322095,-0.08684172738315661,-0.014520690244152392,-0.01455420722488895,-0.014560205924872787,-0.0051946099151151314,-0.005388847615705978,-0.005416403821596765,-0.0025065904571583493
0.0032721308852354095,-0.08684064303523897,-0.014520524590714276,-0.014554041399344209,-0.014560039981570044,-0.0051945591192461985,-0.005388793775862617,-0.005416349773808864,-0.00250656989590655
0.0032741309652386096,-0.08683396486448877,-0.014519361329006308,-0.014552881694911358,-0.014558874556570203,-0.005194096391655807,-0.005388336563351655,-0.005415888187298911,-0.0025063449434834643
0.00327613104524181,-0.0868328811519121,-0.014519195777042918,-0.014552715972671102,-0.014558708715291406,-0.005194045623607527,-0.00538828275826958,-0.005415834173494628,-0.002506324396705573
0.00327813112524501,-0.08682620377952689,-0.014518032644769549,-0.014551556399416883,-0.014557543420324457,-0.005193582934721409,-0.005387825591301913,-0.005415372631854568,-0.0025060994639516544
0.0032801312052482103,-0.08682512102844821,-0.014517867250219307,-0.014551390836248035,-0.014557377737106345,-0.005193532216268359,-0.0053877718425524015,-0.005415318673813723,-0.0025060789420416813
0.0032821312852514104,-0.0868184447807999,-0.014516704303355958,-0.014550231449976164,-0.014556212628246003,-0.005193069587875544,-0.005387314742713584,-0.005414857198837797,-0.002505854039357823
0.0032841313652546104,-0.08681736331779978,-0.014516539122230094,-0.01455006610171808,-0.014556047159198095,-0.005193018940820756,-0.005387261071895992,-0.005414803318368636,-0.0025058335527233474
0.0032861314452578105,-0.08681068852166697,-0.014515376416821896,-0.01454890695830177,-0.014554882292587987,-0.0051925563947375734,-0.0053868040607985,-0.005414341931878333,-0.0025056086905234716
0.0032881315252610106,-0.08680960867371373,-0.01451521150519827,-0.014548741880860264,-0.014554717093886565,-0.005192505840910174,-0.005386750489537928,-0.00541428815081508,-0.0025055882495845006
0.0032901316052642107,-0.08680293565624606,-0.014514049097354235,-0.014547583036236331,-0.014553552525734155,-0.005192043398977946,-0.005386293588818945,-0.005413826874656807,-0.002505363438294442
0.0032921316852674107,-0.08680185775066096,-0.014513884511371283,-0.014547418285577563,-0.014553387653616237,-0.005191992960230788,-0.005386240138763951,-0.0054137732148573795,-0.0025053430534823133
0.0032941317652706113,-0.08679518683934352,-0.014512722457257996,-0.014546259795740224,-0.01455222344018672,-0.0051915306443134175,-0.0053857833700828635,-0.0054133120709000246,-0.0025051183035386558
0.0032961318452738113,-0.08679411120376539,-0.014512558253108751,-0.014546095427884728,-0.01455205895094395,-0.005191480342520768,-0.0053857300629030986,-0.005413258554243653,-0.002505097985294899
0.0032981319252770114,-0.0867874427263837,-0.014511396608944441,-0.014544937348879631,-0.014550895148554233,-0.005191018174502395,-0.005385273447939309,-0.005412797564376292,-0.00250487330714388
0.0033001320052802115,-0.08678636968873411,-0.014511232842870387,-0.014544773419896352,-0.014550731098526951,-0.005190968031557539,-0.0053852203053231925,-0.005412744212761158,-0.0025048530659191
0.0033021320852834116,-0.0867797039733378,-0.014510071664918724,-0.01454361580781445,-0.01454956776353943,-0.005190506033340133,-0.005384763865773662,-0.005412283398890629,-0.002504628470015467
0.0033041321652866116,-0.08677863386178682,-0.014509908393204263,-0.014543452373814866,-0.014549404209110701,-0.005190456071153159,-0.005384710909426146,-0.005412230234231657,-0.002504608316268256
0.0033061322452898117,-0.08677197123665513,-0.01450874773776821,-0.014542295284786302,-0.014548241397927295,-0.005189994264654165,-0.0053842546670031044,-0.005411769618280177,-0.002504383813074104
0.003308132325293012,-0.08677090437958408,-0.014508585016733987,-0.014542132401918187,-0.014548078395516653,-0.005189944505149467,-0.005384201918643216,-0.005411716662506489,-0.0025043637572698817
0.0033101324052962123,-0.08676424517319063,-0.01450742494015006,-0.014540975892106432,-0.014546916164572701,-0.005189482912299474,-0.00538374589507179,-0.005411256266409401,-0.0025041393572535924
0.0033121324852994124,-0.08676318189915785,-0.014507262826147152,-0.014540813616547724,-0.014546753770630144,-0.005189433377413386,-0.00538369337643034,-0.0054112035414620435,-0.0025041194098634665
0.0033141325653026125,-0.08675652644013657,-0.014506103384779452,-0.014539657742143853,-0.014545592176388641,-0.0051889720201538925,-0.005383237593446405,-0.005410743387165472,-0.0025038951234985936
0.0033161326453058125,-0.08675546707784103,-0.014505941934183126,-0.01453949613009669,-0.01454543044738836,-0.005188922731832341,-0.005383185326263582,-0.005410690914994942,-0.0025038752949982216
0.0033181327253090126,-0.08674881569494941,-0.014504783184417053,-0.01453834094731277,-0.014544269546333687,-0.005188461632113263,-0.005382729805611239,-0.0054102310244533965,-0.002503651132762331
0.0033201328053122127,-0.08674776057319676,-0.014504622453620908,-0.014538180054997608,-0.014544108538768316,-0.0051884126123094305,-0.005382677811634367,-0.005410178827017451,-0.0025036314336308436
0.0033221328853154128,-0.08674111359528001,-0.014503464451857007,-0.014537025620060918,-0.014542948387399963,-0.005187951792086707,-0.005382222575063629,-0.005409719222191363,-0.002503407406004354
0.003324132965318613,-0.08674006304294721,-0.014503304497267092,-0.014536865503710444,-0.014542788157774537,-0.005187903062758729,-0.005382170876044874,-0.005409667321452622,-0.0025033878467232234
0.0033261330453218134,-0.08673342079890405,-0.014502147299915025,-0.014535711872857432,-0.01454162881260124,-0.005187442543992031,-0.005381715945309334,-0.0054092080243060975,-0.002503163964188332
0.0033281331253250134,-0.08673237514490348,-0.01450198817794351,-0.01453555258871044,-0.014541469417426857,-0.005187394127100584,-0.005381664563003241,-0.005409156442229631,-0.00250314455524021
0.0033301332053282135,-0.08672573796365093,-0.014500831841416281,-0.014534399818180681,-0.014540310934960608,-0.005186933931750942,-0.005381209959857811,-0.005408697474728078,-0.0025029208282797578
0.0033321332853314136,-0.08672469753689525,-0.014500673608475432,-0.014534241422476094,-0.01454015243074859,-0.005186885849256876,-0.005381158916019038,-0.005408646233279073,-0.002502901580147385
0.0033341333653346137,-0.08671806574733301,-0.014499518189183139,-0.014533089568506314,-0.014538994867498423,-0.005186425999284336,-0.005380704662217558,-0.005408187617386861,-0.0025026780192437203
0.0033361334453378137,-0.08671703087669995,-0.014499360901679277,-0.014532932117477075,-0.014538837310754022,-0.005186378273146291,-0.005380653978598523,-0.00540813673852822,-0.002502658942408768
0.003338133525341014,-0.08671040480767522,-0.014498206456023103,-0.014531781236295139,-0.014537680723220127,-0.005185918790507581,-0.005380200095891461,-0.005407678496206309,-0.0025024355580426276
0.003340133605344214,-0.08670937582197216,-0.014498050170350631,-0.014531624786162297,-0.014537524170436755,-0.005185871442679688,-0.005380149794239993,-0.005407628001896394,-0.002502416662984606
0.003342133685347414,-0.08670275580224406,-0.014496896754716732,-0.014530474933980932,-0.014536368615104187,-0.005185412349325775,-0.005379696304372033,-0.005407170155099923,-0.0025021934656339886
0.0033441337653506145,-0.08670173303017358,-0.014496741527252097,-0.014530319540947625,-0.0145362131227572,-0.005185365401755311,-0.0053796464064291534,-0.005407120067290131,-0.002502174762829113
0.0033461338453538146,-0.08669511938837832,-0.01449558919800558,-0.014529170773958669,-0.014535058656089993,-0.005184906719629122,-0.00537919333113691,-0.005406662637966117,-0.0025019517629681523
0.0033481339253570146,-0.0866941031585018,-0.014495435085101167,-0.014529016494204024,-0.014534904280630633,-0.005184860194254091,-0.005379143858634367,-0.0054066129785985345,-0.002501933262888214
0.0033501340053602147,-0.0866874962231177,-0.01449428389858019,-0.014527868868572382,-0.014533750959065745,-0.005184401945288154,-0.00537869121964413,-0.005406155988683563,-0.002501710470986067
0.003352134085363415,-0.08668648686382092,-0.014494130956558294,-0.014527715758245447,-0.014533597756915128,-0.005184355864034987,-0.005378642194302067,-0.005406106779688642,-0.0025016921840972945
0.003354134165366615,-0.08667988696313265,-0.01449298096906776,-0.014526569330102938,-0.014532445636856376,-0.005183898070149018,-0.005378190013327373,-0.00540565025110643,-0.0025014696106170136
0.003356134245369815,-0.08667888480259102,-0.01449282925421472,-0.014526417445316925,-0.014532293664399542,-0.005183852454930242,-0.005378141456852182,-0.005405601514400611,-0.0025014515473790167
0.003358134325373015,-0.0866722922646547,-0.01449168052202058,-0.014525272270756399,-0.01453114280221149,-0.005183395138028912,-0.0053776897555915205,-0.005405145469059693,-0.0025012292027764248
0.0033601344053762155,-0.08667129763079658,-0.01449153009058031,-0.014525121667582233,-0.01453099211579109,-0.0051833500107406625,-0.005377641689673244,-0.005405097226543047,-0.0025012113736409642
0.0033621344853794156,-0.08666471278340566,-0.014490382669903493,-0.014523977802651638,-0.01452984256779327,-0.005182893192711189,-0.005377190489807809,-0.005404641686334531,-0.0025009892683635656
0.0033641345653826157,-0.0866637260038787,-0.014490233578071898,-0.01452382853711238,-0.01452969322370382,-0.005182848575231063,-0.005377142936118027,-0.005404593959888424,-0.0025009716837735368
0.0033661346453858158,-0.08665714917452703,-0.014489087525081918,-0.014522686037808473,-0.014528545046164356,-0.005182392277940821,-0.005376692259309272,-0.0054041389466834774,-0.0025007498282593552
0.003368134725389016,-0.08665617057666321,-0.014488939829000924,-0.014522538165873245,-0.014528397100646162,-0.005182348192125434,-0.005376645239498762,-0.005404091758168309,-0.002500732498647631
0.003370134805392216,-0.08664960209251076,-0.014487795199810187,-0.014521397088135737,-0.014527250349775856,-0.005181892437419614,-0.005376195107386082,-0.005403637293815829,-0.002500510903324073
0.003372134885395416,-0.08664863200329068,-0.014487648955561396,-0.014521250665713675,-0.014527103859009,-0.005181848905102278,-0.005376148643082447,-0.005403590665068612,-0.0025004938391123997
0.003374134965398616,-0.08664207219112943,-0.014486505806219246,-0.014520111065419445,-0.01452595859095547,-0.005181393714801662,-0.005375699077281012,-0.005403136771393054,-0.0025002725143952144
0.003376135045401816,-0.08664111093714773,-0.014486361069818217,-0.014519966148353653,-0.014525813611053734,-0.005181350757790042,-0.005375653190086374,-0.005403090724225084,-0.0025002557259930754
0.0033781351254050167,-0.08663456012336579,-0.014485219456304762,-0.014518828081310529,-0.014524669881895392,-0.005180896153688575,-0.0053752042121846975,-0.005402637423024011,-0.0025000346822852027
0.0033801352054082167,-0.08663360803079583,-0.014485076283694831,-0.014518684725372205,-0.014524526468900217,-0.005180853793762327,-0.005375158923673412,-0.0054025919792185274,-0.0025000181800887036
0.003382135285411417,-0.08662706654134364,-0.01448393626191519,-0.014517548247313251,-0.01452338433464016,-0.005180399797624836,-0.005374710555231073,-0.005402139292260289,-0.002499797427779166
0.003384135365414617,-0.08662612393590244,-0.014483794708961472,-0.014517406508195533,-0.014523242544514673,-0.005180358056533288,-0.005374665886947332,-0.005402094473570131,-0.002499781222169924
0.003386135445417817,-0.08661959209625678,-0.014482656334739677,-0.014516271674772901,-0.014522102061074838,-0.005179904690093144,-0.005374218149492744,-0.005401642422591615,-0.00249956077163271
0.003388135525421017,-0.08661865930317163,-0.01448251645722342,-0.014516131608085318,-0.014521961949698101,-0.005179863589553032,-0.00537417412294844,-0.005401598250736977,-0.0024995448729767866
0.003390135605424217,-0.08661213743830108,-0.014481379786296253,-0.01451499847486426,-0.014520823172913104,-0.005179410874509778,-0.005373727037976361,-0.0054011468574411275,-0.0024993247345697356
0.003392135685427417,-0.08661121478227422,-0.014481241639908568,-0.014514860136126463,-0.014520684796073952,-0.005179370436202918,-0.0053736836746487,-0.005401103354107227,-0.00249930915321649
0.0033941357654306177,-0.0866047032166047,-0.014480106727919979,-0.014513728758579567,-0.014519547781685233,-0.005178918394219966,-0.005373237263618138,-0.0054006526401608355,-0.002499089337280191
0.003396135845433818,-0.0866037910217777,-0.014479970368256092,-0.014513592203215573,-0.014519411195076343,-0.005178878639790853,-0.005373194584947318,-0.005400609826995539,-0.0024990740835611844
0.003398135925437018,-0.08659729007915806,-0.01447883727075096,-0.014512462636716706,-0.01451827599872626,-0.005178427292493218,-0.005372748869279114,-0.005400159814026928,-0.002498854600417884
0.003400136005440218,-0.08659638866907862,-0.014478702753304108,-0.01451232792004892,-0.0145181412579382,-0.005178388243546838,-0.0053727068966661125,-0.005400117712638454,-0.002498839684645781
0.003402136085443418,-0.08658989867274595,-0.014477571525722521,-0.014511200219867426,-0.014517007935164099,-0.005177937612518789,-0.005372261897740743,-0.0053996684222351815,-0.002498620544598271
0.003404136165446618,-0.08658900837033207,-0.014477438905878123,-0.014511067397110671,-0.014516875095679421,-0.005177899290618177,-0.0053722206525449396,-0.005399627054189809,-0.00249860597706572
0.003406136245449818,-0.08658252964287742,-0.01447630960354944,-0.014509941618405452,-0.014515743701907597,-0.005177449397400971,-0.005371776391700173,-0.005399178507896326,-0.002498387190396232
0.0034081363254530182,-0.08658165077038388,-0.014476178936579164,-0.014509810744661183,-0.014515612819094937,-0.0051774118240649845,-0.00537173589523713,-0.005399137894716091,-0.0024983729813747957
0.0034101364054562183,-0.08657518363371743,-0.01447505161471597,-0.014508686942474779,-0.014514483409634849,-0.005176962690154548,-0.005371292393765764,-0.005398690114031447,-0.002498154558343933
0.003412136485459419,-0.08657431651270116,-0.014474922955771885,-0.014508558072725157,-0.014514354538742906,-0.005176925886855563,-0.005371252667304962,-0.00539865027719183,-0.002498140718082952
0.003414136565462619,-0.08656786128801841,-0.014473797669464225,-0.014507436301977972,-0.014513227168781265,-0.0051764775337002,-0.005370809946452582,-0.005398203283567441,-0.002497922668928568
0.003416136645465819,-0.08656700623930418,-0.014473671073572869,-0.014507309491080003,-0.014513100364933147,-0.0051764415218618085,-0.005370771011215123,-0.005398164244495121,-0.002497909207654107
0.003418136725469019,-0.08656056324705112,-0.014472547877782361,-0.014506189806564321,-0.014511975089527849,-0.005175993970859879,-0.005370329092177794,-0.0053977180593323595,-0.0024976915425902195
0.003420136805472219,-0.08655972059069748,-0.014472423399838912,-0.014506065109244057,-0.014511850407714947,-0.005175958771854641,-0.005370290969334131,-0.0053976798394028925,-0.0024976784705039584
0.0034221368854754192,-0.08655329015053659,-0.014471302349392885,-0.014504947565618232,-0.01451072728178951,-0.005175512044352305,-0.005369849873256186,-0.005397234484050922,-0.002497461199719651
0.0034241369654786193,-0.08655246020580246,-0.014471180044155353,-0.014504825036464997,-0.0145106047768659,-0.00517547767949947,-0.005369812583923929,-0.005397197104586515,-0.0024974485269978245
0.0034261370454818194,-0.08654604263657925,-0.014470061193740934,-0.014503709688247659,-0.014509483855203308,-0.005175031796788418,-0.005369372331895652,-0.005396752600339934,-0.0024972316606561634
0.00342813712548502,-0.08654522572188848,-0.014469941115824309,-0.01450358938170814,-0.014509363581879712,-0.005174998287351607,-0.005369335897137292,-0.005396716082607134,-0.0024972193974484584
0.00343013720548822,-0.08653882134159663,-0.014468824519982664,-0.014502476283272404,-0.01450824491911678,-0.005174553270666769,-0.005368896510192693,-0.0053962724507037535,-0.0024970029456854214
0.00343213728549142,-0.08653801777450508,-0.014468706723852988,-0.014502358253644728,-0.014508126931954711,-0.005174520637851719,-0.005368860951013285,-0.005396236815911111,-0.00249699110211385
0.00343413736549462,-0.08653162690025379,-0.014467592436973613,-0.01450124745921244,-0.014507010582576335,-0.005174076508369055,-0.005368422450127935,-0.005395794077529736,-0.002496775075037258
0.00343613744549782,-0.0865308369974149,-0.01446747697694224,-0.014501131760640664,-0.014506894935982362,-0.005174044773321341,-0.005368387787472937,-0.005395759346825643,-0.0024967636611951485
0.0034381375255010203,-0.08652445994539425,-0.014466365053257072,-0.014500023324276634,-0.014505780954315555,-0.005173601552155575,-0.005367950193561676,-0.005395317523083751,-0.002496548068883572
0.0034401376055042203,-0.08652368402252583,-0.014466251983474909,-0.014499910010744698,-0.014505667702535596,-0.005173570735958385,-0.005367916448314673,-0.005395283717554145,-0.0024965370948344446
0.0034421376855074204,-0.08651732110797376,-0.014465142477052615,-0.014498803986350903,-0.01450455614274376,-0.005173128444160741,-0.005367479782229388,-0.005394842829505684,-0.002496321947336137
0.0034441377655106205,-0.08651655947982405,-0.014465031851504417,-0.01449869311167712,-0.014504445339857171,-0.005173098567832672,-0.005367446975209925,-0.005394809970171856,-0.0024963114231126645
0.003446137845513821,-0.08651021101699155,-0.014463924816244348,-0.014497589552986785,-0.014503336255934172,-0.005172657226388508,-0.0053670112577372435,-0.005394370038804862,-0.0024960967304444555
0.003448137925517021,-0.08650946399730719,-0.01446381668874298,-0.014497481170818198,-0.014503227955848205,-0.005172628310881316,-0.005366979409698633,-0.005394338146621214,-0.002496086666047409
0.003450138005520221,-0.08650313029942659,-0.014462712178369943,-0.014496380131390449,-0.014502121401613034,-0.005172187940708121,-0.005366544661557895,-0.005393899192855815,-0.0024958724381937063
0.0034521380855234212,-0.08650239820091679,-0.014462606602550516,-0.014496274295196742,-0.014502015658056795,-0.005172160006904395,-0.005366513793184876,-0.005393868288707545,-0.002495862843590834
0.0034541381655266213,-0.08649607958016653,-0.01446150467060855,-0.01449517582841056,-0.014500911687147367,-0.005171720628849373,-0.005366080035025754,-0.005393430333393489,-0.002495649090502485
0.0034561382455298214,-0.08649536271447224,-0.014461401699922896,-0.0144950725914788,-0.014500808553666401,-0.005171693697560453,-0.005366050166932442,-0.005393400438094469,-0.002495639975627522
0.0034581383255330215,-0.08648905948194549,-0.01446030239976994,-0.014493976750527581,-0.01449970721953423,-0.005171255332398398,-0.005365617419332831,-0.005392963502009111,-0.0024954267072208143
0.0034601384055362215,-0.08648835815960458,-0.01446020208748081,-0.014493876165956286,-0.014499606749484655,-0.0051712294243620675,-0.00536558857206045,-0.005392934636299645,-0.0024954180819723682
0.003462138485539422,-0.08648207062527564,-0.014459105472282973,-0.014492783003842184,-0.014498508105389,-0.005170792092793184,-0.0053651568555243235,-0.005392498740145629,-0.002495205308127965
0.003464138565542622,-0.08648138515568947,-0.014459007871458247,-0.0144926851245355,-0.014498410351931728,-0.005170767228671423,-0.00536512904953896,-0.005392470924690132,-0.0024951971823684582
0.003466138645545822,-0.0864751136283809,-0.014457913994184111,-0.01449159469406376,-0.014497314450934044,-0.005170330951319049,-0.00536469838449411,-0.005392036089093262,-0.0024949849129303437
0.0034681387255490223,-0.08647444431978386,-0.014457819157691456,-0.014491499572726368,-0.0144972194670294,-0.005170307151695961,-0.0053646716401846845,-0.005392009344478257,-0.002494977296485022
0.0034701388055522224,-0.08646818910713278,-0.014456728071106333,-0.01449041192649952,-0.014496126361987535,-0.005169871949104402,-0.005364242046980551,-0.005391575589985206,-0.0024947655412594257
0.0034721388855554224,-0.08646753626655741,-0.014456636051607444,-0.014490319615630683,-0.014496034200389517,-0.0051698492344839485,-0.005364216384656538,-0.005391549936717016,-0.002494758443915272
0.0034741389655586225,-0.08646129767498434,-0.014455547808268045,-0.014489234806043392,-0.014494943943952237,-0.005169415127116324,-0.005363787883562173,-0.005391117283793256,-0.002494547212669697
0.0034761390455618226,-0.08646066160822935,-0.01445545865821296,-0.014489145357931313,-0.014494854657202858,-0.005169393517920162,-0.005363763323451448,-0.005391092742295843,-0.002494540644174393
0.0034781391255650227,-0.08645443994290426,-0.014454373310461446,-0.014488063437164259,-0.014493767301804131,-0.005168960526156146,-0.005363335934653142,-0.0053906612113233275,-0.002494329946636473
0.003480139205568223,-0.08645382095450276,-0.014454287082083237,-0.014487976903880902,-0.014493680942227933,-0.005168940042721457,-0.005363312496899955,-0.005390637801936193,-0.002494323916697397
0.0034821392855714233,-0.08644761651931267,-0.014453204682041922,-0.01448689792389554,-0.014492596540081396,-0.0051685081868551915,-0.005362886240499243,-0.005390207413211286,-0.0024941137625539432
0.0034841393655746233,-0.08644701491249987,-0.014453121427350961,-0.01448681435729086,-0.014492513159780025,-0.005168488849432603,-0.005362863945162004,-0.005390185156187235,-0.00249410828083712
0.0034861394455778234,-0.0864408280100177,-0.014452042026916695,-0.014485738369824001,-0.014491431762873515,-0.005168058149670482,-0.0053624388411735,-0.005389755929918601,-0.0024938986797330676
0.0034881395255810235,-0.08644024408669662,-0.0144519617976951,-0.01448565782152029,-0.014491351413719787,-0.005168039978421744,-0.005362417708222558,-0.005389734845421571,-0.0024938937558621165
0.0034901396055842236,-0.08643407501814908,-0.014450885448533853,-0.014484584878078468,-0.014490273073809797,-0.005167610454880363,-0.005361993776571844,-0.00538930680172792,-0.002493684717399507
0.0034921396855874236,-0.08643350907886081,-0.014450808296329968,-0.014484507399465088,-0.014490195807442456,-0.005167593469876314,-0.005361973825887471,-0.0053892869098309,-0.0024936803609546306
0.0034941397655906237,-0.08642735814409515,-0.014449735049871338,-0.014483437551319174,-0.014489120576048708,-0.005167165142580272,-0.005361551086408992,-0.00538886006873895,-0.0024934718946916117
0.0034961398455938242,-0.08642681048798649,-0.014449661025994558,-0.014483363193547058,-0.014489046443867035,-0.005167149363798719,-0.005361532337779276,-0.005388841389421846,-0.002493468115208611
0.0034981399255970243,-0.08642067798544012,-0.014448590933426103,-0.014482296491726731,-0.014487974372266869,-0.0051667222526784766,-0.0053611108102141975,-0.005388415770864149,-0.0024932602306583698
0.0035001400056002244,-0.08642014891022992,-0.014448520088940887,-0.014482225305702904,-0.014487903425424825,-0.005166707700001973,-0.005361093283332833,-0.00538839832401157,-0.0024932570376275712
0.0035021400856034245,-0.08641403513689833,-0.014447453201203091,-0.014481161800991366,-0.014486834564647945,-0.005166281824891802,-0.005360672987327023,-0.005387973947824428,-0.0024930497442573946
0.0035041401656066245,-0.08641352493884923,-0.014447385586924164,-0.014481093837373617,-0.014486766854049295,-0.005166268518105689,-0.0053606567017913465,-0.005387957753223726,-0.002493047147122712
0.0035061402456098246,-0.08640743019025356,-0.014446321954704583,-0.014480033580302004,-0.014485701254872115,-0.005165843898741461,-0.00536023765689314,-0.005387534639145006,-0.002492840454352891
0.0035081403256130247,-0.08640693916413861,-0.014446257621191163,-0.014479968889493598,-0.014485636831164729,-0.0051658318575317,-0.005360222632202054,-0.005387519716484098,-0.00249283846251081
0.0035101404056162248,-0.08640086373429524,-0.014445197294919313,-0.014478911930335783,-0.014484574544105164,-0.005165408513548889,-0.005359804857860325,-0.005387097884151216,-0.002492632379713714
0.003512140485619425,-0.08640039217336656,-0.014445136292469912,-0.01447885056247992,-0.014484513457675619,-0.005165397757499917,-0.005359791113412147,-0.005387084253016505,-0.0024926310025122455
0.0035141405656226254,-0.0863943363547556,-0.014444079322311803,-0.014477796951247061,-0.014483454532987628,-0.0051649757084314294,-0.005359374628974125,-0.005386663721964268,-0.0024924255390112973
0.0035161406456258254,-0.08639388455071419,-0.01444402170095881,-0.014477738956221708,-0.014483396833956058,-0.005164966257024197,-0.005359362184064612,-0.005386651401838583,-0.002492424785749037
0.0035181407256290255,-0.0863878486342489,-0.01444296813681184,-0.014476688742657172,-0.014482341321624376,-0.0051645455222983985,-0.005358947008773954,-0.005386232191497257,-0.0024922199508177418
0.0035201408056322256,-0.08638741687721267,-0.014442913946316204,-0.014476634170069676,-0.014482287059838962,-0.005164537394908189,-0.005358935882594161,-0.0053862212017577165,-0.0024922198307428672
0.0035221408856354257,-0.08638140115220859,-0.014441863837803662,-0.01447558740364356,-0.014481235009573898,-0.00516411799384679,-0.005358522035588896,-0.005385803331450844,-0.0024920156336038194
0.0035241409656386257,-0.0863809897306826,-0.014441813127649715,-0.01447553630282545,-0.014481184234605631,-0.005164111209741224,-0.005358512247223203,-0.005385793691366883,-0.0024920161559130937
0.003526141045641826,-0.08637499448482637,-0.014440766524115582,-0.014474493032729385,-0.014480135695837624,-0.005163693161557233,-0.005358099747533581,-0.005385377180309265,-0.0024918126057369913
0.003528141125645026,-0.0863746036856715,-0.014440719343505708,-0.014474445452731152,-0.014480088456975139,-0.0051636877398942155,-0.005358091315957688,-0.0053853689090405795,-0.002491813779574818
0.0035301412056482264,-0.08636862920499115,-0.014439676294009484,-0.014473405727873203,-0.014479043478849646,-0.0051632710636899375,-0.005357680182504307,-0.005384953776336266,-0.0024916108854795157
0.0035321412856514265,-0.08636825931339406,-0.014439632691858915,-0.014473361717459025,-0.014478999825093895,-0.005163267023515601,-0.00535767312658317,-0.005384946892930721,-0.0024916127199369337
0.0035341413656546266,-0.08636230588222807,-0.014438593245170384,-0.014472325586458354,-0.014477958456466196,-0.0051628517382805664,-0.005357263378174901,-0.005384533157570963,-0.002491410490986455
0.0035361414456578266,-0.0863619571816714,-0.014438553270102086,-0.014472285194101098,-0.014477918436525352,-0.005162849098527307,-0.005357257716660787,-0.005384527680962672,-0.0024914129951002163
0.0035381415256610267,-0.08635602508263877,-0.01443751747469615,-0.01447125270528292,-0.014476880725955254,-0.005162435223136289,-0.005356849371992796,-0.0053841153618239415,-0.0024912114403037996
0.003540141605664227,-0.0863556978548704,-0.014437481175035603,-0.014471215979158838,-0.014476844388239443,-0.00516243400262073,-0.005356845123523247,-0.005384111310831148,-0.002491214623055379
0.003542141685667427,-0.08634978736884055,-0.014436449079087083,-0.014470187180549161,-0.014475810383986204,-0.00516202155583169,-0.005356438201174989,-0.0053837004266730345,-0.002491013751366507
0.003544141765670627,-0.08634948189384484,-0.01443641650285732,-0.01447015416853297,-0.014475777776602633,-0.005162021773252714,-0.005356435384270916,-0.0053836978199962955,-0.0024910176216811834
0.0035461418456738275,-0.08634359329990852,-0.01443538815423588,-0.014469129107853716,-0.01447474752661983,-0.005161610773704879,-0.005356029902704196,-0.005383288389459655,-0.0024908174419966626
0.0035481419256770275,-0.08634330985587543,-0.014435359349152197,-0.014469099857513334,-0.01447471869736737,-0.005161612447641612,-0.005356028535767855,-0.00538328724567966,-0.002490822008742538
0.0035501420056802276,-0.08633744343131437,-0.014434334795417456,-0.014468078582177189,-0.014473692249297909,-0.005161202913853492,-0.005355624513324866,-0.005382879287284569,-0.0024906225299015363
0.0035521420856834277,-0.08633718229461056,-0.014434309808882379,-0.014468053140768738,-0.01447366724566217,-0.005161206062763308,-0.005355624614637942,-0.005382879624860276,-0.0024906278018886276
0.0035541421656866278,-0.08633133831486894,-0.014433289097278744,-0.014467035697874197,-0.01447264464683323,-0.005160798013130752,-0.005355222069539348,-0.005382473157004096,-0.0024904290326717535
0.003556142245689828,-0.0863310997600084,-0.014433267976377185,-0.014467014112337123,-0.01447262351598159,-0.005160802655347404,-0.005355223657260955,-0.005382474994270772,-0.002490435018651018
0.003558142325693028,-0.08632527849866382,-0.014432251153828754,-0.014466000548663354,-0.014471604813399578,-0.005160396108141558,-0.0053548226076039806,-0.0053820700352261875,-0.0024902369677793942
0.003560142405696228,-0.08632506279827921,-0.014432233945322802,-0.014465982865615417,-0.01447158760217613,-0.005160402261873161,-0.005354825699768853,-0.005382073390393462,-0.002490243676441864
0.003562142485699428,-0.08631926452701238,-0.01443122105842863,-0.014464973227617504,-0.014470572842521574,-0.005159997235238685,-0.005354426163525236,-0.005381669958306566,-0.0024900463525761732
0.0035641425657026286,-0.08631907195182599,-0.014431207808752861,-0.014464959493349696,-0.014470559597442258,-0.005160004918565836,-0.0053544307780417355,-0.0053816748494564595,-0.0024900537925519693
0.0035661426457058287,-0.0863132969403933,-0.014430198903781753,-0.01446395382715355,-0.014469548827065148,-0.005159601430518807,-0.00535403277305601,-0.005381272962344834,-0.002489857204291573
0.0035681427257090287,-0.08631312775918835,-0.01443018965903816,-0.014463944087625524,-0.014469539594312622,-0.005159610661392678,-0.005354038927704283,-0.005381279407429931,-0.002489865384149053
0.003570142805712229,-0.08630737627539284,-0.014429184781924037,-0.014462942439023052,-0.014468532859227336,-0.005159208729818789,-0.005353642471691719,-0.00538087908318068,-0.0024896695400310706
0.003572142885715429,-0.08630723075498511,-0.014429179587877072,-0.01446293673985795,-0.01446852768464634,-0.005159219526059206,-0.00535365018412175,-0.005380887100022174,-0.0024896784682758724
0.003574142965718629,-0.08630150306464851,-0.014428178784213897,-0.014461939154302364,-0.014467525030526725,-0.005158819168711907,-0.005353255294666607,-0.0053804883563900755,-0.0024894833767742583
0.003576143045721829,-0.08630138146985845,-0.014428177686286027,-0.01446193754078219,-0.0144675239596192,-0.00515883154800543,-0.005353264582396482,-0.0053804979626759465,-0.0024894930618484575
0.003578143125725029,-0.08629567783679216,-0.014427181001323109,-0.014460944063382976,-0.014466525431793872,-0.005158432782503968,-0.00535287127695009,-0.005380100817281622,-0.0024892987313731214
0.0035801432057282296,-0.08629558043041612,-0.014427184044589404,-0.014460946580443572,-0.014466528509713965,-0.005158446762402066,-0.005352882157363956,-0.0053801120305646336,-0.0024893091816542666
0.0035821432857314297,-0.0862899011163946,-0.014426191523226717,-0.014459957255961943,-0.014465534153161465,-0.0051580496062296885,-0.00535249045324289,-0.00537971650089262,-0.0024891156205501972
0.00358414336573463,-0.08628982815917793,-0.014426198752410642,-0.014459963948188586,-0.014465541424710982,-0.00515806520414687,-0.005352502943589261,-0.005379729338588615,-0.002489126844350478
0.00358614344573783,-0.08628417342391036,-0.01442521043919373,-0.014458978821032496,-0.014464551284055013,-0.005157669674648885,-0.005352112857973502,-0.0053793354419854845,-0.002488934060896829
0.00358814352574103,-0.08628412517451924,-0.014425221898662167,-0.014458989732654902,-0.014464562793678437,-0.005157686907860907,-0.005352126975363415,-0.005379349921371469,-0.002488946066462188
0.00359014360574423,-0.08627849527562183,-0.01442423783777782,-0.014458008846874619,-0.014463576913183193,-0.005157293022242954,-0.005351738525294523,-0.005378957675044131,-0.0024887540688714473
0.00359214368574743,-0.0862784719906168,-0.014424253571536334,-0.014458024021762446,-0.014463592704963293,-0.005157311907884862,-0.005351754286699697,-0.005378973813256414,-0.002488766864380678
0.00359414376575063,-0.08627286718358627,-0.014423273806807831,-0.014457047421045722,-0.014462611128528757,-0.00515691968321103,-0.005351367489079043,-0.005378583234270174,-0.002488575660797754
0.0035961438457538302,-0.0862728691173931,-0.014423293858495964,-0.01445706690270363,-0.014462631246181527,-0.005156940238275502,-0.005351384911330041,-0.005378601048302604,-0.002488589254361674
0.0035981439257570308,-0.08626728965557949,-0.014422318433378378,-0.014456094630371279,-0.014461654017338881,-0.00515654969146655,-0.005350999782917053,-0.005378212153579462,-0.0024883988528630685
0.003600144005760231,-0.08626731706046475,-0.01442234284626539,-0.014456118461934843,-0.014461678504209369,-0.005156571932801973,-0.005351018882701564,-0.005378231660281614,-0.0024884132525236262
0.003602144085763431,-0.08626176319504439,-0.01442137180384085,-0.014455150560935884,-0.014460705666116262,-0.00515618308063358,-0.005350635440111842,-0.00537784446659834,-0.002488223661116569
0.003604144165766631,-0.08626181632108743,-0.014421400620820736,-0.014455178785166476,-0.014460734565173614,-0.0051562070249423515,-0.005350656233972963,-0.005377865682673761,-0.00248823887484603
0.003606144245769831,-0.08625628830103653,-0.014420434003794157,-0.014454215298073812,-0.014459766160609809,-0.005155819884043214,-0.0053502744936766156,-0.005377480206660235,-0.0024880501014676276
0.003608144325773031,-0.08625636739610346,-0.014420467267381451,-0.014454247957354593,-0.014459799514442978,-0.005155845547879965,-0.0053502969980110185,-0.005377503148664677,-0.002488066137167716
0.0036101444057762312,-0.08625086546817165,-0.014419505118075857,-0.014453288926360386,-0.01445883558580557,-0.0051554601347301495,-0.0053499169763308605,-0.005377119406802094,-0.0024878781896841
0.0036121444857794313,-0.08625097077788935,-0.014419542870400965,-0.014453326062691552,-0.01445887343661887,-0.005155487534499955,-0.005349941207387122,-0.005377144091141744,-0.0024878950551851706
0.003614144565782632,-0.08624549518657405,-0.014418585230752994,-0.014452371529602836,-0.014457914025917952,-0.005155103865429157,-0.005349562920497027,-0.005376762099760854,-0.0024877079413906968
0.003616144645785832,-0.08624562695430353,-0.014418627513557752,-0.014452413184597172,-0.014457956415526258,-0.0051551330173858385,-0.005349588894373834,-0.005376788542690582,-0.002487725644450889
0.003618144725789032,-0.08624017794182334,-0.014417674425113306,-0.014451463190831449,-0.014457001564380562,-0.0051547511085716135,-0.0053492123582969744,-0.005376408317969979,-0.002487539372067283
0.003620144805792232,-0.08624033640863561,-0.01441772127974671,-0.014451509405710153,-0.014457048534205296,-0.0051547820288160625,-0.005349240090941544,-0.005376436535591736,-0.00248755792037174
0.003622144885795432,-0.08623491421490599,-0.014416772783656575,-0.014450563992290985,-0.014456098283837673,-0.005154401896282097,-0.005348865321548679,-0.005376058093556187,-0.0024873724970473185
0.003624144965798632,-0.08623509961955421,-0.014416824251070194,-0.014450614807878976,-0.014456149874902152,-0.005154434600760474,-0.0053488948287549794,-0.005376088101817125,-0.0024873918982073217
0.0036261450458018323,-0.08622970448216108,-0.014415880388085663,-0.014449674015431712,-0.01445520426613532,-0.005154056260374962,-0.005348521841762828,-0.005375711458335816,-0.0024872073315161474
0.0036281451258050323,-0.08622991706105812,-0.014415936508829448,-0.014449729472153644,-0.01445526051906057,-0.005154090764877102,-0.005348553139169938,-0.00537574327302676,-0.002487227593068367
0.0036301452058082324,-0.08622454921523337,-0.01441499731929815,-0.014448793340901149,-0.014454319592312725,-0.005153714232351086,-0.00534818195013953,-0.005375368443811696,-0.0024870438905094925
0.003632145285811433,-0.08622478920242395,-0.014415058133516097,-0.014448853478776868,-0.014454380547313047,-0.005153750552508702,-0.005348215053229975,-0.005375402080565368,-0.0024870650199151343
0.003634145365814633,-0.08621944888102022,-0.014414123657377419,-0.014447922048535042,-0.014453444342593661,-0.0051533758433942815,-0.005347845677564931,-0.0053750290811696,-0.0024868821889117514
0.003636145445817833,-0.086219716508159,-0.014414189204803541,-0.014447986907175707,-0.014453510039472588,-0.005153413994679535,-0.005347880601663078,-0.005375064555459061,-0.0024869041935558335
0.003638145525821033,-0.08621440394162583,-0.014413259481584806,-0.014447060217349688,-0.014452578596378138,-0.005153041124368371,-0.005347513054608082,-0.005374693401275196,-0.002486722241454549
0.0036401456058242332,-0.08621469943795086,-0.014413329801538559,-0.014447129835953237,-0.014452649074524102,-0.0051530811220920104,-0.005347549814878504,-0.00537473072841214,-0.0024867451286450597
0.0036421456858274333,-0.08620941485430973,-0.014412404870350625,-0.014446207925532905,-0.01445172243223395,-0.005152710105813634,-0.005347184111517652,-0.00537436143467059,-0.002486564062715096
0.0036441457658306334,-0.08620973844661926,-0.014412480001733091,-0.014446282342880073,-0.014451797730616143,-0.005152751965123495,-0.005347222722963485,-0.005374400629803753,-0.0024865878396822627
0.0036461458458338335,-0.0862044820714398,-0.01441155990126621,-0.014445365250436073,-0.014450875927888308,-0.005152382817943692,-0.005346858878218657,-0.005374033211571194,-0.002486407667114674
0.003648145925837034,-0.08620483398406846,-0.014411639882555857,-0.01444544450488645,-0.014450956085052596,-0.005152426553823109,-0.0053468993556801455,-0.005374074289684787,-0.002486432341010197
0.003650146005840234,-0.08619960604044438,-0.014410724651075736,-0.014444532268566188,-0.014450039160219866,-0.00515205929064236,-0.005346537384309473,-0.005373708761862556,-0.002486253068917144
0.003652146085843434,-0.0861999864952388,-0.014410809520324348,-0.014444616398053778,-0.014450124214284635,-0.00515210491790852,-0.005346579742462257,-0.005373751737774585,-0.002486278646813419
0.003654146165846634,-0.08619478720376468,-0.014409899195667942,-0.014443709055577196,-0.01444921220525024,-0.005151739553460386,-0.005346219659058559,-0.005373388115097096,-0.0024861002822273728
0.0036561462458498343,-0.08619519642006143,-0.014409988990496784,-0.014443798097606979,-0.014449302193902646,-0.005151787086762846,-0.005346263912412235,-0.005373433003457961,-0.0024861267711167863
0.0036581463258530344,-0.08619002599880908,-0.01440908361006843,-0.014442895686262744,-0.01444839513813642,-0.0051514236356124425,-0.00534590573140147,-0.00537307130049114,-0.002485949320989827
0.0036601464058562344,-0.08619046419341073,-0.01440917836766406,-0.0144429896779063,-0.0144484900986282,-0.0051514730894315665,-0.005345951894298028,-0.0053731181157819965,-0.002485976727783991
0.0036621464858594345,-0.08618532285790631,-0.014408277968431497,-0.014442092234547788,-0.014447588033162607,-0.005151111565973998,-0.0053455956299377685,-0.005372758346921742,-0.0024858001989870523
0.0036641465658626346,-0.08618579024505783,-0.0144083777255419,-0.014442191212439375,-0.014447688002306077,-0.005151162954619338,-0.005345643716550023,-0.005372807103452934,-0.002485828530516061
0.003666146645865835,-0.08618067820825995,-0.014407482344032385,-0.014441298773480953,-0.014446790963732359,-0.005150803373078264,-0.005345289382927991,-0.005372449282923668,-0.0024856529298382174
0.003668146725869035,-0.08618117499962709,-0.014407587136963069,-0.014441402773813911,-0.01444689597789666,-0.005150856710687119,-0.005345339407258149,-0.00537249999483327,-0.002485682192849949
0.0036701468058722353,-0.0861760924719034,-0.014406696809259574,-0.014440515375226856,-0.01444600400236098,-0.0051504990851131745,-0.005344987018290684,-0.005372144136686395,-0.0024855075269977177
0.0036721468858754353,-0.0861766188765502,-0.01440680667386993,-0.014440624433749586,-0.014446114097468269,-0.005150554385649138,-0.005345038994168878,-0.005372196817938717,-0.0024855377281571165
0.0036741469658786354,-0.0861715660656553,-0.01440592143560713,-0.01443974211105845,-0.014445227220667737,-0.005150198729918435,-0.00534468856359947,-0.005371842936051057,-0.002485364003753689
0.0036761470458818355,-0.08617212229002265,-0.01440603640730649,-0.014439856263070788,-0.014445342432189388,-0.005150256007169878,-0.005344742504682287,-0.0053718976004352055,-0.0024853951496420744
0.0036781471258850356,-0.08616709940107675,-0.014405156293667315,-0.014438979051349674,-0.014444460689368511,-0.005149902334982615,-0.005344394046080173,-0.005371545708507687,-0.0024852223732266952
0.0036801472058882356,-0.08616768564895877,-0.01440527640741116,-0.014439098331698971,-0.014444581052321244,-0.005149961602561207,-0.005344449965849126,-0.005371602369636027,-0.00248525447034104
0.003682147285891436,-0.08616269288442581,-0.014404401453122892,-0.014438226265567719,-0.014443704478268145,-0.005149609927440212,-0.005344103492607851,-0.00537125248119215,-0.0024850826483682562
0.0036841473658946362,-0.08616330935695021,-0.01440452674340931,-0.01443835070864536,-0.014443830027210423,-0.0051496711987795004,-0.0053441614043680755,-0.005371311152498921,-0.0024851157031205275
0.0036861474458978363,-0.08615834691661677,-0.014403656982739968,-0.014437483822266,-0.014442958656253155,-0.005149321534068749,-0.005343816929704072,-0.005370963280883367,-0.0024849448419595513
0.0036881475259010364,-0.08615899381222293,-0.014403787483605976,-0.014437613462003769,-0.014443089425281644,-0.005149384822422801,-0.005343876846582894,-0.005371023975623257,-0.0024849788606760206
0.0036901476059042365,-0.08615406189317626,-0.014402922950360704,-0.014436751789076836,-0.014442223291284532,-0.005149037181286064,-0.005343534383534022,-0.005370678134000419,-0.002484808966610031
0.0036921476859074365,-0.08615473940759447,-0.014403058695378602,-0.014436886658943163,-0.014442359314030314,-0.005149102499727949,-0.005343596318479553,-0.005370740865247202,-0.0024848439555306013
0.0036941477659106366,-0.08614983820420286,-0.014402199422896132,-0.014436030232704285,-0.014441498450390486,-0.0051487568951473816,-0.005343255879903826,-0.005370397066599881,-0.002484675034756096
0.0036961478459138367,-0.08615054653043362,-0.014402340445170076,-0.01443617036570092,-0.014441639760015682,-0.005148824256567956,-0.005343319845683603,-0.005370461847245003,-0.0024847110000336707
0.0036981479259170368,-0.08614567623432585,-0.014401486466319155,-0.014435319218917183,-0.014440784199659499,-0.005148480701342726,-0.005342981444257811,-0.005370120104372986,-0.00248454305865981
0.0037001480059202373,-0.08614641556261958,-0.014401632798481598,-0.014435464647575618,-0.014440930828853683,-0.005148550118449142,-0.005343047453457455,-0.005370186947124201,-0.0024845800063596182
0.0037021480859234374,-0.08614157636266292,-0.014400784145657557,-0.014434618812542105,-0.014440080604233138,-0.005148208625194064,-0.005342711101675757,-0.005369847272642916,-0.002484413050407552
0.0037041481659266374,-0.08614234688050043,-0.014400935819865875,-0.014434769568920173,-0.014440232585210057,-0.0051482801105084824,-0.005342779166697681,-0.005369916190022987,-0.0024844509865065366
0.0037061482459298375,-0.08613753896278355,-0.014400092524987217,-0.014433929077456713,-0.014439387728299582,-0.005147940691652764,-0.0053424448768703845,-0.0053695785963621965,-0.002484285021908829
0.0037081483259330376,-0.08613834085485564,-0.014400249572920234,-0.014434085193135335,-0.014439545092793543,-0.005148014257511052,-0.00534251500993245,-0.005369649600707564,-0.002484323952294991
0.0037101484059362377,-0.08613356440266655,-0.01439941166742527,-0.01443325007658293,-0.014438705635086474,-0.005147676925296857,-0.005342182794184626,-0.005369314100110017,-0.002484158984894929
0.0037121484859394377,-0.08613439785085462,-0.014399574120279991,-0.014433411582662516,-0.014438868414349087,-0.005147752583847248,-0.00534225500731885,-0.0053693872035694605,-0.0024841989153667255
0.003714148565942638,-0.08612965304466323,-0.014398741635123566,-0.014432581871880228,-0.01443803438685454,-0.005147417350328535,-0.005341924877589122,-0.005369053808089637,-0.0024840349509177503
0.0037161486459458383,-0.08613051822802056,-0.014398909523611858,-0.014432748798977713,-0.01443820261165146,-0.005147495113530373,-0.005341999182640441,-0.0053691290226230756,-0.0024840758871834726
0.0037181487259490384,-0.08612580524545783,-0.014398082489261955,-0.01443192452433923,-0.014437374044890742,-0.005147161990571527,-0.005341671150679699,-0.005368797744125903,-0.0024839129313485604
0.0037201488059522385,-0.08612670234019061,-0.014398255843607424,-0.014432096902584625,-0.014437547745498509,-0.005147241870194025,-0.005341747559304718,-0.0053688750815030295,-0.002483954879025736
0.0037221488859554386,-0.08612202135603224,-0.014397434290042161,-0.014431278093975434,-0.014436724669502243,-0.0051469108694686795,-0.005341421636674904,-0.0053685459316626695,-0.002483792937376799
0.0037241489659586386,-0.08612295053548007,-0.01439761313997671,-0.014431455953008635,-0.014436903875704801,-0.005146992877089593,-0.005341500160340602,-0.005368625403461775,-0.0024838359019915936
0.0037261490459618387,-0.08611830172162604,-0.014396797096681107,-0.014430642639822452,-0.014436086320009643,-0.0051466640100793866,-0.005341176358413469,-0.00536829839376034,-0.0024836749800089004
0.003728149125965039,-0.08611926315624528,-0.01439698147144203,-0.014430826008790358,-0.014436271061095515,-0.00514674815708391,-0.0053412570083960905,-0.005368380011367104,-0.0024837189669955433
0.003730149205968239,-0.08611464668170248,-0.014396170967404857,-0.014430018219926241,-0.014435459054741005,-0.0051464214350772355,-0.0053409353383520285,-0.005368055153093503,-0.002483559070067139
0.003732149285971439,-0.08611564053904687,-0.014396360895731675,-0.014430207127479387,-0.014435649359500015,-0.00514650773265671,-0.005341018125735821,-0.005368138927699749,-0.0024836040847673446
0.0037341493659746395,-0.08611105656991232,-0.014395555959442493,-0.01442940489133877,-0.014434842931025592,-0.005146183166747608,-0.005340698598562671,-0.005367816231948443,-0.0024834452181884802
0.0037361494459778395,-0.08611208301461579,-0.014395751469573845,-0.014429599365628513,-0.014435038827745874,-0.005146271625898358,-0.0053407835342387106,-0.005367902174550968,-0.0024834912658508825
0.0037381495259810396,-0.08610753171405708,-0.014394952129019898,-0.014428802710112014,-0.014434238005187814,-0.005145949226985228,-0.005340466160730603,-0.005367581652220873,-0.002483333434823459
0.0037401496059842397,-0.08610859090781722,-0.014395153248690857,-0.014429002778787486,-0.014434439521652957,-0.005146039858507498,-0.005340553255395754,-0.005367669773620322,-0.0024833805206030775
0.0037421496859874398,-0.08610407243605768,-0.01439435953135419,-0.014428211731292146,-0.014433644332541408,-0.005145719637292082,-0.005340238046151972,-0.005367351435413591,-0.002483223730235108
0.00374414976599064,-0.08610516453761743,-0.01439456628779305,-0.014428417421497447,-0.01443385149602742,-0.005145812451788744,-0.00534032731030763,-0.005367441746213321,-0.0024832718591927833
0.00374614984599384,-0.08610067905191639,-0.014393778220647559,-0.014427632008913675,-0.014433061967383526,-0.005145494418774877,-0.005340014275731472,-0.005367125602634211,-0.0024831161144978245
0.00374814992599704,-0.08610180421704926,-0.014393990640573109,-0.014427843347284933,-0.01443327480465602,-0.00514558942665049,-0.0053401057196825925,-0.005367218113239168,-0.0024831652915997156
0.0037501500060002405,-0.08609735187168857,-0.014393208250081838,-0.014427063595993838,-0.014432490962989113,-0.005145273592143086,-0.005339794869980323,-0.005366904174593021,-0.002483010597496369
0.0037521500860034406,-0.08609851025317965,-0.01439342635970054,-0.014427280608656348,-0.014432709500300374,-0.005145370803602628,-0.005339888503834194,-0.005366998895208606,-0.0024830608276133876
0.0037541501660066407,-0.08609409119944489,-0.014392649671812644,-0.014426506544526839,-0.014431931371605148,-0.005145057177706533,-0.005339579849013919,-0.005366687171600646,-0.002482907188924771
0.0037561502460098407,-0.08609528294707713,-0.01439287349681583,-0.014426729257092511,-0.014432155634691498,-0.005145156602754456,-0.0053396756826792095,-0.0053667841122317095,-0.0024829584768321076
0.003758150326013041,-0.08609089733324404,-0.014392102536964156,-0.014425960905478681,-0.014431383244445288,-0.005144845195373442,-0.0053393692325498865,-0.005366474613566121,-0.0024828058982853665
0.003760150406016241,-0.08609212259378081,-0.014392332102525392,-0.014426189343043109,-0.014431613258524422,-0.005144946843812537,-0.0053394672757355365,-0.0053665737840158136,-0.0024828582486619653
0.003762150486019441,-0.08608777056509757,-0.014391566895623544,-0.014425426728781506,-0.01443084663168444,-0.005144637664648201,-0.005339163039905867,-0.005366266519994564,-0.002482706734887721
0.003764150566022641,-0.08608902948226874,-0.014391802226395961,-0.014425660915921578,-0.014431082421452652,-0.0051447415460786836,-0.005339263302120158,-0.005366367929863459,-0.002482760152315815
0.0037661506460258416,-0.08608471118094166,-0.014391042796835844,-0.014424904063328584,-0.014430321582453514,-0.005144434604629437,-0.005338961289997615,-0.0053660629099853245,-0.0024826097078477338
0.0037681507260290416,-0.08608600389542695,-0.014391283916949415,-0.014425144024099583,-0.014430563172083027,-0.005144540728447739,-0.0053390637805469975,-0.005366166568670231,-0.00248266419681231
0.0037701508060322417,-0.08608171946060603,-0.014390530288598604,-0.01442439295696891,-0.01442980814483411,-0.005144236034007888,-0.005338764001336881,-0.005365863802229848,-0.0024825148260866165
0.003772150886035442,-0.08608304611002136,-0.014390777221657925,-0.014424638714902271,-0.01443005555797079,-0.0051443444094058655,-0.00533886872932519,-0.005365969718922965,-0.002482570390975002
0.003774150966038642,-0.08607879567778455,-0.014390029417857093,-0.01442389345650241,-0.014429306365853661,-0.005144041971064503,-0.005338571192029579,-0.0053656692150097825,-0.0024824220983299893
0.003776151046041842,-0.08608015639666677,-0.014390282186938467,-0.014424145034603156,-0.014429559625614319,-0.005144152607028315,-0.005338678166356931,-0.005365777398697603,-0.0024824787434313453
0.003778151126045042,-0.08607594010000662,-0.01438954023049911,-0.014423405607674933,-0.014428816291480412,-0.005143852433668495,-0.005338382879773763,-0.005365479166194978,-0.0024823315331069405
0.003780151206048242,-0.08607733501980046,-0.014389798858148475,-0.014423663028419138,-0.014429075420450405,-0.0051439653389777915,-0.005338492109135726,-0.0053655896256574725,-0.0024823892626118465
0.003782151286051442,-0.08607315298860957,-0.014389062771350433,-0.014422929455173443,-0.014428337966618533,-0.005143667439275509,-0.005338199081857917,-0.005365293673241718,-0.0024822431387491553
0.0037841513660546427,-0.08607458223765214,-0.014389327279580814,-0.014423192740506047,-0.014428602986849427,-0.005143782622502412,-0.005338310574744499,-0.005365406417051289,-0.002482301956749126
0.0037861514460578428,-0.08607043459870937,-0.014388597084169705,-0.014422465042621234,-0.014427871435103354,-0.00514348700492569,-0.005338019815158958,-0.005365112753190738,-0.002482156923389991
0.003788151526061043,-0.0860718983022182,-0.014388867494458965,-0.014422734213953603,-0.014428142368110677,-0.005143604474433897,-0.0053381335798537806,-0.005365227789711442,-0.0024822168338770913
0.003790151606064243,-0.08606778517917633,-0.014388143211644262,-0.014422012412573453,-0.014427416739696948,-0.005143311147241936,-0.0053378450961406,-0.0053649364226655795,-0.00248207289496367
0.003792151686067443,-0.0860692834592354,-0.014388419544932848,-0.014422287490781194,-0.014427693606457749,-0.00514343091118594,-0.005337961140720005,-0.0053650537600521235,-0.0024821339018300656
0.003794151766070643,-0.08606520497260663,-0.014387701195385417,-0.014421571606512614,-0.014426973922083482,-0.005143139882428203,-0.0053376749408515795,-0.00536476469787074,-0.002481991061204448
0.003796151846073843,-0.0860667379481539,-0.014387983472074095,-0.014421852611933416,-0.014427256743034272,-0.005143261948752314,-0.005337793273183786,-0.0053648843440677425,-0.002482053168242015
0.0037981519260770432,-0.08606269421529876,-0.014387271075924135,-0.014421142664844245,-0.014426543022864849,-0.00514297322626778,-0.005337509364923943,-0.005364597594590012,-0.002481911429645749
0.0038001520060802437,-0.08606426200211359,-0.014387559315871871,-0.014421429617275576,-0.014426831817899416,-0.0051430976027053,-0.005337629992668201,-0.00536471955733106,-0.0024819746405456487
0.003802152086083444,-0.08606025313722707,-0.014386852892706688,-0.014420725626892561,-0.014426124081556458,-0.005142811194121519,-0.005337348383571452,-0.0053644351281848385,-0.0024818340076194247
0.003804152166086644,-0.08606185584791783,-0.01438714711522867,-0.014421018545589767,-0.014426418870023756,-0.005142937888194033,-0.005337471314177265,-0.005364559414991737,-0.0024818983259717415
0.003806152246089844,-0.08605788196201877,-0.014386446684090686,-0.014420320530896352,-0.014425717136583045,-0.005142653800926355,-0.005337192011587912,-0.005364277313592609,-0.0024817588022549492
0.003808152326093044,-0.08605951970601113,-0.014386746907956088,-0.014420619434570568,-0.014426017937285155,-0.0051427828199428404,-0.005337317252294234,-0.005364403931774614,-0.002481824231548306
0.003810152406096244,-0.08605558090692925,-0.014386052487340789,-0.014419927414004994,-0.01442532222527458,-0.0051425010611936516,-0.0053370402633456685,-0.005364124165325207,-0.002481685820478685
0.003812152486099444,-0.08605725379045508,-0.014386358730771003,-0.014420232320821184,-0.014425629056464726,-0.005142632412249745,-0.00533716782118016,-0.005364253121978181,-0.0024817523640998655
0.0038141525661026443,-0.0860533501828208,-0.01438567033862513,-0.014419546312274616,-0.014424939383862405,-0.005142352989007739,-0.005336893152794113,-0.005363975697467424,-0.002481615069013169
0.0038161526461058443,-0.08605505830890627,-0.014385982619291714,-0.014419857239849678,-0.014425252263243156,-0.005142486678985011,-0.005337023034572391,-0.005364106999473144,-0.0024816827302467695
0.003818152726109045,-0.08605118999413916,-0.014385300273011166,-0.014419177260664178,-0.014424568647475535,-0.005142209598024401,-0.005336750693458181,-0.005363831923675481,-0.0024815465543763585
0.003820152806112245,-0.086052933462594,-0.014385618608034015,-0.014419494226064925,-0.014424887592196668,-0.005142345633589536,-0.005336882905783085,-0.005363965577700866,-0.0024816153364044537
0.003822152886115445,-0.08604910053889252,-0.014384942324462292,-0.014418820293031877,-0.014424210050136659,-0.005142070901469427,-0.005336612898436937,-0.005363692857175596,-0.002481480282881018
0.003824152966118645,-0.08605087944630026,-0.014385266730407818,-0.014419143312773483,-0.014424535076793726,-0.005142209289073643,-0.005336747447697846,-0.005363828869672063,-0.0024815501887827923
0.003826153046121845,-0.08604708200862989,-0.014384596525833912,-0.014418475442131444,-0.014423863624758846,-0.005141936912137182,-0.005336479780402147,-0.005363558510762551,-0.002481416260633957
0.0038281531261250452,-0.08604889644833762,-0.01438492701871348,-0.014418804532175726,-0.014424194749391193,-0.005142077658015532,-0.00533661667277437,-0.005363696887965367,-0.0024814872933854367
0.0038301532061282453,-0.0860451345884234,-0.014384262908870436,-0.014418142739609023,-0.014423529403142066,-0.005141807642389399,-0.0053363513515970904,-0.005363428896798477,-0.002481354493535502
0.0038321532861314454,-0.08604698465053076,-0.014384599504138394,-0.01441847791536245,-0.014423866641231043,-0.005141950752560016,-0.005336490593041098,-0.005363569644725957,-0.002481426656009178
0.003834153366134646,-0.08604325845684577,-0.014383941504201626,-0.014417822215999502,-0.01442320741596961,-0.0051416831041537275,-0.005336227623835112,-0.005363304027211392,-0.002481294987278779
0.003836153446137846,-0.08604514422819683,-0.014384284216753852,-0.014418163492311896,-0.014423550782437296,-0.005141828584417327,-0.005336369220096018,-0.005363447151664423,-0.0024813682822433566
0.003838153526141046,-0.08604145378595335,-0.01438363234133937,-0.014417513900723463,-0.0144228976928052,-0.005141563308922576,-0.005336108608498498,-0.005363183913494063,-0.002481237747349179
0.003840153606144246,-0.08604337535012639,-0.01438398118551167,-0.014417861291886224,-0.014423247202012369,-0.005141711164861698,-0.0053362525651053415,-0.0053633294200553586,-0.0024813121774692323
0.003842153686147446,-0.08603972074126774,-0.014383335448674768,-0.014417217822084159,-0.014422600262089517,-0.005141448267751851,-0.005335994316537177,-0.005363068566702745,-0.0024811827790237376
0.0038441537661506463,-0.08604167817856778,-0.014383690438241475,-0.01441757134182888,-0.014422955927834696,-0.0051415985047304135,-0.005336140638802476,-0.005363216460736399,-0.0024812583468595
0.0038461538461538464,-0.08603805948175815,-0.014383050853475023,-0.014416934007264267,-0.014422315151137597,-0.005141337991259792,-0.005335884758467647,-0.005362957997456002,-0.0024811300873706006
0.0038481539261570464,-0.0860400528692076,-0.014383412001647364,-0.014417293668761383,-0.01442267698665507,-0.0051414906144224845,-0.005336033451486782,-0.005363108284106851,-0.0024812067953776575
0.0038501540061602465,-0.08603647015982513,-0.014382778581880638,-0.014416662482323398,-0.014422042386135632,-0.0051412324896259265,-0.0053357799443718565,-0.005362852215933665,-0.002481079677248508
0.003852154086163447,-0.08603849957115546,-0.014383145901305414,-0.014417028298180538,-0.014422410404094449,-0.005141387503897588,-0.005335931013022478,-0.005363004900126709,-0.0024811575277775104
0.003854154166166647,-0.08603495292128395,-0.014382518658902594,-0.01441640327219514,-0.014421781992138434,-0.005141131772589906,-0.005335679883896132,-0.005362751231875697,-0.002481031553306253
0.003856154246169847,-0.08603701842692886,-0.014382892161660915,-0.014416775254456018,-0.014422156204640798,-0.005141289182675133,-0.005335833332837738,-0.005362906318315667,-0.0024811105486027187
0.0038581543261730473,-0.0860335079053499,-0.014382271108419723,-0.014416156400684355,-0.014421533993066655,-0.00514103584945055,-0.0053355845862501465,-0.00536265505458118,-0.0024809857199821887
0.0038601544061762473,-0.08603560957243735,-0.014382650806025741,-0.01441653456082747,-0.01442191441164691,-0.005141195659833135,-0.005335740419923544,-0.0053628125477519824,-0.0024810658621862575
0.0038621544861794474,-0.08603213524462258,-0.014382035953176256,-0.0144159218904649,-0.014421298411704324,-0.005140944729064804,-0.0053354940602059675,-0.005362563692907321,-0.002480942181503795
0.0038641545661826475,-0.08603427313696801,-0.01438242185657594,-0.01441630623940231,-0.014421685047327595,-0.005141106944007254,-0.005335652282832808,-0.005362723597071616,-0.0024810234726499953
0.0038661546461858476,-0.08603083506507433,-0.014381813214779587,-0.014415699763077243,-0.014421075269696717,-0.005140858419846942,-0.005335408314097198,-0.005362477155268644,-0.002480900941887239
0.003868154726189048,-0.08603300924317284,-0.014382205334349345,-0.014416090311153242,-0.01442146813275753,-0.005141023043390007,-0.005335568929679516,-0.005362639474467316,-0.0024809833839042343
0.003870154806192248,-0.08602960748603405,-0.014381602913697592,-0.014415490038925892,-0.014420864587547447,-0.005140776929767485,-0.005335327355817962,-0.005362395449635916,-0.0024808620049368893
0.0038721548861954482,-0.08603181800705567,-0.014382001259243514,-0.014415886795916212,-0.014421263687869163,-0.005140943965729816,-0.0053354903681377954,-0.005362560187687695,-0.0024809455996473474
0.0038741549661986483,-0.08602845262017583,-0.014381405069256739,-0.014415292737277511,-0.014420666384616953,-0.00514070026635246,-0.005335251192822161,-0.005362318583535373,-0.0024808253742449656
0.0038761550462018484,-0.08603069953795926,-0.014381809650013537,-0.014415695712388276,-0.01442107173145034,-0.005140869718330223,-0.005335416605441197,-0.005362485744036539,-0.002480910123365333
0.0038781551262050485,-0.08602737057350905,-0.014381219699640293,-0.014415107876259017,-0.014420480679120213,-0.005140628436682724,-0.005335179832122771,-0.005362246564048094,-0.002480791053191193
0.0038801552062082485,-0.08602965393855462,-0.014381630524269978,-0.014415517078125453,-0.014420892281142553,-0.00514080030804906,-0.005335347648381814,-0.005362416150371873,-0.002480876958331485
0.0038821552862114486,-0.08602636144536382,-0.014381046821885821,-0.014414935472855288,-0.014420307488124716,-0.005140561447393037,-0.00533511328029093,-0.005362179397809007,-0.0024807590449423544
0.0038841553662146487,-0.08602868130482962,-0.014381463898477309,-0.014415350909541193,-0.014420725353438961,-0.005140735741297852,-0.005335283503309712,-0.0053623514131054114,-0.0024808461076060544
0.003886155446217849,-0.08602542532838273,-0.014380886451883948,-0.014414775542907663,-0.014420146827548842,-0.005140499304671423,-0.005335051543455366,-0.0053621170910063114,-0.00248072935245204
0.0038881555262210493,-0.08602778172607943,-0.014381309787951728,-0.014415197221904331,-0.014420570963682761,-0.0051406760240410255,-0.00533522417613213,-0.00536229153820175,-0.0024808175740358945
0.0038901556062242494,-0.08602456230851142,-0.014380738604376388,-0.014414628101112301,-0.014419998712160164,-0.005140442014258579,-0.0053349946273017436,-0.0053620596493808926,-0.002480701978460313
0.0038921556862274494,-0.08602695528489639,-0.014381168206860046,-0.014415056029337767,-0.01442042912606543,-0.005140621161795331,-0.005335169672312937,-0.00536223653117778,-0.002480791360254161
0.0038941557662306495,-0.08602377246498709,-0.014380603292954434,-0.014414493161018374,-0.014419863155573706,-0.00514038958144716,-0.005334942537071969,-0.005362007078225546,-0.0024806769254933844
0.0038961558462338496,-0.08602620205716222,-0.014381039168217789,-0.014414927344816812,-0.014420299853625359,-0.005140571159629261,-0.0053351199968720495,-0.0053621863971021685,-0.0024807674686800805
0.0038981559262370497,-0.08602305587033357,-0.014380480530057664,-0.014414370735026959,-0.014419740170250965,-0.005140342011081368,-0.005334895277563802,-0.005361959382384615,-0.0024806541958634003
0.0039001560062402497,-0.08602552211203982,-0.014380922683888157,-0.014414811180167896,-0.014420183158246464,-0.005140526022162567,-0.005335075154384893,-0.00536214114059476,-0.0024807459015186726
0.0039021560862434503,-0.08602241259035148,-0.01438037032697259,-0.014414260834389597,-0.014419629767498053,-0.005140299307556356,-0.005334852853130267,-0.005361916566253351,-0.0024806337916682022
0.0039041561662466503,-0.08602491551196534,-0.014380818764580623,-0.014414707546067237,-0.014420079050656955,-0.00514048575356563,-0.00533503514898192,-0.0053621007658260795,-0.0024807266607604858
0.0039061562462498504,-0.08602184268411059,-0.014380272693831124,-0.014414163469206874,-0.014419531957464754,-0.0051402614748176706,-0.005334815267679102,-0.005361878633777446,-0.0024806157147910088
0.00390815632625305,-0.08602438231264233,-0.014380727419849585,-0.014414616452039826,-0.014419987540428074,-0.005140450357559166,-0.00533499998434814,-0.005362065276516936,-0.0024807097481814376
0.0039101564062562506,-0.08602134620394687,-0.01438018763961027,-0.014414078648427949,-0.014419446749143644,-0.005140228516361102,-0.005334782524672541,-0.005361845588452772,-0.002480599966900379
0.003912156486259451,-0.08602392256303616,-0.014380648658093936,-0.014414537906458413,-0.01441990863597331,-0.005140419837413818,-0.005334969663722842,-0.005362034675938054,-0.002480695165342619
0.003914156566262651,-0.08602092319545374,-0.014380115172130377,-0.014414006379848986,-0.014419374150368888,-0.005140200435232041,-0.005334754627126815,-0.005361817433324795,-0.0024805865494498926
0.003916156646265851,-0.0860235363053677,-0.014380582486555594,-0.014414471916542557,-0.014419842344547278,-0.005140394195949722,-0.005334944189899143,-0.005362008966909679,-0.0024806829135900843
0.003918156726269051,-0.0860205736974779,-0.014380055298054658,-0.014413946670112603,-0.014419314167815346,-0.005140177234025229,-0.005334731577611786,-0.005361794170988352,-0.0024805754636780405
0.003920156806272251,-0.0860232235751097,-0.014380528911319045,-0.014414418488357877,-0.014419788672245137,-0.00514037343553628,-0.005334923565223712,-0.005361988151801254,-0.0024806729940547766
0.003922156886275451,-0.08602029774211799,-0.014380008022888873,-0.014413899524707436,-0.01441926680699836,-0.0051401589148847415,-0.0053347133782509475,-0.005361775803587551,-0.0024805667106081813
0.0039241569662786515,-0.0860229844009832,-0.014380487937310707,-0.014414377626815522,-0.014419747624001888,-0.00514035755809191,-0.0053349077915965815,-0.005361972232531267,-0.0024806654076523506
0.003926157046281851,-0.0860200953547166,-0.01437997335097984,-0.01441386494796691,-0.014419232072272452,-0.0051401454795032995,-0.005334700030720808,-0.005361762332815176,-0.002480560291048276
0.003928157126285052,-0.08602281880495419,-0.014380459568298176,-0.014414349335671496,-0.014419719203591825,-0.0051403465650838,-0.005334896870470888,-0.005361961210566932,-0.0024806601550831225
0.003930157206288252,-0.08601996655386182,-0.014379951285515998,-0.014413842943069528,-0.014419209966831525,-0.005140136929122507,-0.00533469153625108,-0.005361753759912865,-0.0024805562055909337
0.003932157286291452,-0.08602272680223091,-0.014380443806890164,-0.014414333617526382,-0.014419703413628122,-0.005140340457527822,-0.005334890802852729,-0.005361955086924154,-0.0024806572368319436
0.003934157366294652,-0.08601991135138337,-0.014379941828526326,-0.01441383351203802,-0.014419200492708176,-0.005140133264532511,-0.0053346878956243215,-0.0053617500856707875,-0.002480554454613307
0.003936157446297852,-0.08602270840126372,-0.014380440654536085,-0.014414330473825112,-0.014419700255562782,-0.005140339235988412,-0.005334889589301137,-0.005361953862167375,-0.002480656653168238
0.0039381575263010525,-0.08601992975235002,-0.014379944980880322,-0.014413836655739224,-0.014419203650773439,-0.005140134486071893,-0.00533468910917586,-0.005361751310427528,-0.002480555038276997
0.003940157606304252,-0.08602276360374259,-0.014380450111525831,-0.014414339904856665,-0.014419709729686191,-0.005140342900578434,-0.005334893229927939,-0.005361957536409486,-0.002480658404145885
0.003942157686307453,-0.08602002175507337,-0.014379960742288336,-0.014413852373884336,-0.014419219440737128,-0.00514014059362788,-0.005334695176794021,-0.005361757434070317,-0.0024805579565281696
0.003944157766310653,-0.08602289240459761,-0.014380472176989735,-0.014414361909754078,-0.014419731835127158,-0.005140351450959245,-0.005334901724397687,-0.005361966109311819,-0.0024806624896032336
0.003946157846313853,-0.08602018735110242,-0.01437998911130082,-0.014413880665028363,-0.014419247861147212,-0.005140151586635974,-0.0053347060979197026,-0.0053617684560346365,-0.0024805632090974007
0.003948157926317053,-0.08602309479199872,-0.014380506848898694,-0.01441439648649458,-0.014419766569853047,-0.005140364886340674,-0.005334915071927811,-0.005361979580084181,-0.0024806689091631333
0.003950158006320253,-0.08602042652522858,-0.014380030085309154,-0.014413921526570679,-0.014419288909390397,-0.005140167464080321,-0.005334721871546834,-0.005361784375304617,-0.002480570795499814
0.0039521580863234535,-0.08602337074735877,-0.014380554124064533,-0.014414443631899757,-0.014419813930670072,-0.005140383205481176,-0.005334933271288662,-0.005361997947484989,-0.0024806776622330025
0.003954158166326653,-0.08602073925548695,-0.014380083660545767,-0.014413974954755425,-0.014419342581692609,-0.005140188224493795,-0.005334742496222297,-0.00536180519041307,-0.0024805807150351414
0.003956158246329854,-0.08602372024533447,-0.01438061399814019,-0.014414503341636142,-0.014419873913223576,-0.005140406406687963,-0.005334956320803663,-0.005362021209821402,-0.002480688748004843
0.003958158326333053,-0.08602112551315562,-0.014380149832084138,-0.014414040944671313,-0.014419408873118676,-0.005140213865957908,-0.005334767970045998,-0.005361830899441455,-0.0024805929667876788
0.003960158406336254,-0.08602414325382797,-0.014380686465620135,-0.014414575610215155,-0.014419946511998391,-0.005140434487817046,-0.005334984218349422,-0.005362049364949414,-0.002480702165455339
0.003962158486339454,-0.0860215852627616,-0.014380228593839741,-0.014414119490252666,-0.01441948777757339,-0.005140244386103238,-0.005334798290671285,-0.005361861500020318,-0.0024806075496264955
0.003964158566342654,-0.08602463973399194,-0.014380771519841067,-0.014414660430994127,-0.014420031720319523,-0.005140467446273642,-0.005335016961355994,-0.005362082410274109,-0.0024807179133459825
0.0039661586463458545,-0.08602211846208445,-0.014380319938570724,-0.014414210584280072,-0.014419579287802268,-0.005140279782109682,-0.005334833455305046,-0.005361896989329436,-0.0024806244622055293
0.003968158726349054,-0.08602520964023228,-0.014380869152982406,-0.014414757796176748,-0.01442012953035274,-0.005140505279012285,-0.005335054546807135,-0.005362120342749987,-0.002480735990223149
0.003970158806352255,-0.08602272506215913,-0.014380423857878357,-0.014414314218380757,-0.014419683395391814,-0.005140320050706638,-0.005334873460708046,-0.0053619373640981394,-0.0024806437029637244
0.003972158886355454,-0.08602585292021463,-0.014380979356067544,-0.01441486769681415,-0.014420239933105681,-0.005140547982537307,-0.005335096971240682,-0.005362163158881243,-0.002480756394418361
0.003974158966358655,-0.08602340500728159,-0.014380540342207974,-0.01441443038302969,-0.014419800090770696,-0.0051403651881733485,-0.005334918303195204,-0.005361982620605551,-0.002480665270125137
0.003976159046361854,-0.08602656951486785,-0.01438110211896428,-0.014414990122805523,-0.014420362918428449,-0.005140595552903091,-0.005335144230748828,-0.005362210854722176,-0.0024807791240483326
0.003978159126365055,-0.08602415823501554,-0.014380669380850166,-0.014414559067550618,-0.014419929363210742,-0.005140415190339386,-0.005334967978636084,-0.005362032754681149,-0.0024806891616992095
0.003980159206368255,-0.08602735935839194,-0.014381237430386188,-0.014415125062899438,-0.014420498475014832,-0.005140647985714486,-0.005335196320978585,-0.005362263425877506,-0.002480804177015259
0.003982159286371455,-0.08602498467619858,-0.014380810961941876,-0.014414700260117168,-0.014420071200828083,-0.005140470052585082,-0.005335022482455262,-0.005362087761705118,-0.0024807153754809416
0.003984159366374656,-0.08602822237826376,-0.014381385277893788,-0.014415272504694834,-0.014420646590403558,-0.0051407052761273594,-0.005335253237132238,-0.005362320867502949,-0.0024808315510069915
0.003986159446377855,-0.08602588425494892,-0.014380965072467455,-0.014414853947754016,-0.014420225590584307,-0.005140529769841915,-0.005335081809632863,-0.005362147636608788,-0.002480743909051114
0.003988159526381056,-0.0860291584952445,-0.01438154564789567,-0.014415432434642427,-0.014420807250979408,-0.005140767418848973,-0.005335314973967797,-0.005362383174305631,-0.002480861243497307
0.003990159606384255,-0.08602685688867384,-0.014381131698260143,-0.014415020116338299,-0.014420392518287854,-0.005140594336593128,-0.005335145954704957,-0.005362212373875259,-0.0024807747597765375
0.003992159686387456,-0.08603016762338987,-0.014381718525650148,-0.014415604838046171,-0.014420980441974903,-0.005140834408138667,-0.005335381525799638,-0.0053624503405447265,-0.002480893251746143
0.0039941597663906555,-0.08602790248807851,-0.014381310824003679,-0.014415198750601129,-0.01442057196859566,-0.005140663746874282,-0.005335214911764332,-0.005362281967539908,-0.0024808079248103817
0.003996159846393856,-0.08603124967005686,-0.014381903895266633,-0.01441578969906469,-0.014421166147471676,-0.0051409062378084056,-0.005335452886499037,-0.005362522360032009,-0.0024809275727999238
0.0039981599263970566,-0.08602902095717477,-0.01438150243323363,-0.014415389834129062,-0.014420763925014464,-0.005140737994273875,-0.00533528867446094,-0.005362356411191064,-0.002480843401092387
0.004000160006400256,-0.08603240453591471,-0.014382101739707418,-0.01441598700071305,-0.014421364350402123,-0.005140982901223403,-0.00533552904949481,-0.005362599226132536,-0.002480964203491837
0.004002160086403457,-0.08603021219329192,-0.014381706508339451,-0.014415593349366042,-0.014420968369902828,-0.0051408170719340575,-0.005335367236002643,-0.005362435697970671,-0.002480881185349276
0.004004160166406656,-0.08603363211495521,-0.014382312040789437,-0.014416196724864374,-0.014421575032551391,-0.0051410643913028745,-0.005335610007774048,-0.005362680931765268,-0.002481003140442185
0.004006160246409857,-0.08603147608708692,-0.014381923030566032,-0.014415809277615125,-0.014421185284472867,-0.005140900972551302,-0.005335450589155936,-0.005362519820574989,-0.0024809212740950345
0.0040081603264130565,-0.08603493229450354,-0.01438253477918613,-0.014416418852252068,-0.014421798174559037,-0.005141150700520751,-0.005335695753882833,-0.005362767469403955,-0.0024810443800587483
0.004010160406416257,-0.08603281252255657,-0.014382151980015913,-0.01441603759904033,-0.014421414648792237,-0.005140989688377197,-0.005335538726246683,-0.005362608771255357,-0.0024809636636313123
0.0040121604864194575,-0.08603630495523054,-0.01438276993442952,-0.014416653362471468,-0.0144220337559213,-0.005141241820906466,-0.005335786279926992,-0.005362858831077788,-0.00248108791853713
0.004014160566422657,-0.08603422137704787,-0.014382393335651,-0.014416278292668804,-0.014421656441786095,-0.00514108321121918,-0.005335631639160867,-0.00536270254181902,-0.002481008350047756
0.004016160646425858,-0.08603774997116471,-0.014383017484912403,-0.014416900233982259,-0.014422281754993093,-0.005141337744045835,-0.005335881577572983,-0.0053629550083723046,-0.002481133751861194
0.004018160726429057,-0.08603570252127475,-0.014382647075295556,-0.014416531336393385,-0.014421910641239776,-0.0051411815324416505,-0.0053357293193456315,-0.0053628011236300935,-0.0024810553292225596
0.004020160806432258,-0.08603926720970607,-0.014383277407890502,-0.01441715944411057,-0.01442254214899034,-0.005141438461081858,-0.0053359816380487155,-0.0053630559924303,-0.0024811818758034595
0.0040221608864354575,-0.08603725581932649,-0.014382913175637458,-0.014416796706974178,-0.014422177223800379,-0.005141284642966517,-0.005335831757809898,-0.005362904507610199,-0.0024811045968226937
0.004024160966438658,-0.08604085653163906,-0.014383549679484907,-0.014417430969051449,-0.014422814913992305,-0.00514154396271573,-0.005336086452144515,-0.005363161773952633,-0.0024812322859255566
0.004026161046441858,-0.08603888112868674,-0.014383191612231564,-0.01441707438004168,-0.014422456164979967,-0.005141392533274466,-0.005335938945125609,-0.005363012684239761,-0.0024811561483045427
0.004028161126445058,-0.08604251779114883,-0.014383834274684646,-0.014417714783871369,-0.014423100024944275,-0.005141654239207806,-0.005336196010214055,-0.00536327234319939,-0.0024812849775786966
0.004030161206448259,-0.08604057830024528,-0.014383482359501784,-0.014417364330098992,-0.014422747439157635,-0.005141505193405745,-0.005336050871428469,-0.005363125643558712,-0.0024812099789142685
0.004032161286451458,-0.08604425083583433,-0.014384131167349242,-0.014418010862510678,-0.014423397455659917,-0.005141769280378528,-0.005336310302175371,-0.005363387689990718,-0.0024813399459041414
0.004034161366454659,-0.08604234717831544,-0.014383785390743913,-0.014417666530524653,-0.014423051019582515,-0.005141622612961361,-0.005336167526419121,-0.005363243375167751,-0.0024812660836883885
0.0040361614464578584,-0.08604605550672671,-0.01438444033021149,-0.014418319177786703,-0.01442370717882435,-0.0051418890756096845,-0.005336429317511993,-0.005363507803708045,-0.00248139718583374
0.004038161526461059,-0.0860441876006496,-0.014384100678128458,-0.014417980953575223,-0.014423366878376321,-0.005141744781104066,-0.005336288899364212,-0.005363365868229312,-0.0024813244574542156
0.004040161606464259,-0.08604793163830456,-0.014384761734880359,-0.014418639701396258,-0.014424029165996815,-0.00514201361384536,-0.00533655304527398,-0.005363632673295131,-0.002481456692090464
0.004042161686467459,-0.08604609939845646,-0.014384428192703556,-0.01441830757038849,-0.014423694986536428,-0.0051418716865595645,-0.005336414979097473,-0.0053634931114687045,-0.0024813850948304694
0.004044161766470659,-0.08604987905851115,-0.014385095351843813,-0.014418972403918666,-0.014424363387613586,-0.0051421428835931315,-0.005336681474079029,-0.005363762287259192,-0.0024815184591889176
0.004046161846473859,-0.08604808239641909,-0.014384767904397903,-0.014418646350986275,-0.014424035313939002,-0.005142003317617695,-0.0053365457540209575,-0.00536362509317542,-0.002481447990227833
0.00404816192647706,-0.0860518975887733,-0.01438544115047216,-0.014419317254819031,-0.014424709812991347,-0.005142276872925357,-0.0053368145921137995,-0.005363896633672224,-0.002481582481435966
0.004050162006480259,-0.0860501364127132,-0.014385119782024159,-0.014418997264277773,-0.014424387829342014,-0.00514213966213361,-0.005336681212106213,-0.005363761801204239,-0.0024815131378495025
0.00405216208648346,-0.08605398704402023,-0.01438579909902106,-0.014419674222451379,-0.014425068410330234,-0.005142415569480344,-0.005336952387135056,-0.005364035700172116,-0.0024816487529313223
0.00405416216648666,-0.08605226125902518,-0.014385483793281823,-0.014419360278062445,-0.014424752500388436,-0.005142280707529063,-0.005336821340895513,-0.005363903222976498,-0.0024815805316918175
0.00405616224648986,-0.08605614723270182,-0.014386169164634992,-0.014420043274061796,-0.014425439146717125,-0.005142558960463682,-0.005337094846470993,-0.005364179473964062,-0.002481717267568121
0.00405816232649306,-0.08605445674057399,-0.014385859904761112,-0.014419735359034003,-0.014425129293609984,-0.005142426440793801,-0.005336966127503276,-0.005364049345481531,-0.0024816501655449048
0.00406016240649626,-0.08605837795681018,-0.014386551313350667,-0.014420424375792175,-0.014425821988129268,-0.005142707032649583,-0.005337241957022538,-0.005364327941821829,-0.0024817880190336405
0.00406216248649946,-0.08605672265613015,-0.014386248081946225,-0.014420122472783403,-0.014425518174430454,-0.005142576848486904,-0.005337115558617359,-0.0053642001552779844,-0.002481722032993351
0.00406416256650266,-0.08606067901189965,-0.014386945510100554,-0.014420817492683513,-0.01442621689943775,-0.005142859772382295,-0.005337393705264781,-0.00536448109008924,-0.0024818610008099035
0.004066162646505861,-0.08605905879803673,-0.01438664828921875,-0.01442052158380258,-0.014425919107169026,-0.005142731916738082,-0.005337269620500381,-0.005364355638495097,-0.002481796127416782
0.0040681627265090605,-0.08606305018710811,-0.014387351718716572,-0.014421222588679734,-0.014426623844411155,-0.005143017165577464,-0.005337550077248321,-0.005364638904681466,-0.00248193620617438
0.004070162806512261,-0.0860614649522325,-0.014387060489861991,-0.014420932655488411,-0.014426332055044717,-0.005142891631249362,-0.005337428298991331,-0.005364515780834421,-0.0024818724419906914
0.004072162886515461,-0.08606549126517979,-0.014387769901934003,-0.014421639626631448,-0.01442704278571956,-0.005143179197723731,-0.005337711058600822,-0.00536480137108665,-0.002482013628200706
0.004074162966518661,-0.0860639408982729,-0.014387484646064203,-0.014421355650146225,-0.014426756980179551,-0.00514305597729636,-0.005337591579506901,-0.005364680567571095,-0.0024819509696870556
0.004076163046521861,-0.08606800202248759,-0.01438820002139529,-0.014422068568299808,-0.014427473684938179,-0.005143345853884151,-0.005337876634528454,-0.005364968474367374,-0.002482093259759403
0.004078163126525061,-0.08606648640935424,-0.014387920718922908,-0.014421790528994016,-0.01442719384360303,-0.005143224939729983,-0.005337759447043128,-0.005364849983555494,-0.002482031703275114
0.004080163206528262,-0.08607058222905722,-0.014388642037654158,-0.014422509374360641,-0.014427916502551688,-0.005143517118697877,-0.005338046789817479,-0.005365140199162221,-0.0024821750935186326
0.0040821632865314615,-0.08606910125233719,-0.014388368668449066,-0.014422237252166391,-0.014427642605255964,-0.0051433985029779505,-0.005337931886176902,-0.0053650240132148,-0.0024821146353221296
0.004084163366534662,-0.0860732316485904,-0.01438909591017957,-0.014422962004408424,-0.014428371197958062,-0.005143692976381626,-0.0053382215088358265,-0.0053653165296873705,-0.002482259121944942
0.004086163446537862,-0.08607178518777121,-0.014388828453570887,-0.014422695778718861,-0.01442810322399473,-0.005143576651046452,-0.005338108881067627,-0.005365202640554653,-0.0024821997581941694
0.004088163526541062,-0.08607595003849045,-0.014389561597360283,-0.014423426416960618,-0.014428837729473204,-0.005143873410731446,-0.005338400775534775,-0.005365497449738334,-0.002482345337304102
0.004090163606544262,-0.08607453796991962,-0.014389300032138608,-0.014423166066631991,-0.014428575657595696,-0.005143759367521852,-0.005338290415458873,-0.005365385849160839,-0.002482287064056896
0.004092163686547462,-0.08607873714988759,-0.014390039056508992,-0.014423902569462115,-0.014429316054335119,-0.005144058405124445,-0.005338584573450635,-0.0053656829426915985,-0.002482433731661895
0.004094163766550662,-0.08607735934678597,-0.014389783360928566,-0.014423648072815976,-0.014429059862759604,-0.005143946635572372,-0.00533847647268007,-0.005365573622200974,-0.0024823765448763933
0.0040961638465538625,-0.08608159272766537,-0.014390528243866933,-0.014424390418289558,-0.014429806128708358,-0.005144247942520426,-0.0053387728857064295,-0.0053658729915063855,-0.0024825242968849397
0.004098163926557063,-0.08608024906014053,-0.014390278395648022,-0.014424141753115115,-0.01442955579511608,-0.005144138437949918,-0.005338667035648329,-0.005365765942426326,-0.002482468192420049
0.004100164006560263,-0.08608451651048676,-0.014391029114608472,-0.014424889918756073,-0.014430307907688785,-0.005144442005463815,-0.005338965695013742,-0.005366067578726469,-0.0024826170246415673
0.004102164086563463,-0.0860832068455462,-0.014390785090939587,-0.014424647062312413,-0.014430063409228346,-0.005144334756991812,-0.005338862086870143,-0.00536596279217362,-0.002482561998257364
0.004104164166566663,-0.08608750823082253,-0.014391541622845682,-0.01442540102511574,-0.01443082134530818,-0.0051446405760853745,-0.005339162983674475,-0.005366266686481943,-0.0024827119064026832
0.004106164246569863,-0.0860862324323881,-0.014391303400386137,-0.014425163954134441,-0.01443058265859798,-0.00514453557462276,-0.005339061608443308,-0.005366164153366845,-0.002482657953760873
0.004108164326573063,-0.0860905676149784,-0.0143920657216334,-0.014425923690568679,-0.014431346394539139,-0.005144843636104144,-0.005339364733582734,-0.005366470296491193,-0.002482808933442673
0.0041101644065762635,-0.08608932554390045,-0.014391833276515588,-0.014425692381256005,-0.014431113495669785,-0.005144740872356637,-0.005339265582058709,-0.005366370007519228,-0.0024827560501070297
0.004112164486579463,-0.086093694383125,-0.014392601362974038,-0.01442645786726585,-0.0144318830073,-0.005145051166829387,-0.00533957092622675,-0.005366678390062743,-0.002482908096840317
0.004114164566582664,-0.08609248589719645,-0.01439237467080599,-0.014426232295305381,-0.014431655871836858,-0.005144950631298531,-0.00533947398900236,-0.005366580335735098,-0.002482856278277169
0.004116164646585864,-0.08609688824932597,-0.014393148497822505,-0.014427003506314007,-0.014432431134459823,-0.005145263149162468,-0.005339781542690792,-0.00536689094809729,-0.002483009387479728
0.004118164726589064,-0.0860957132032987,-0.014392927533690671,-0.014426783646869189,-0.014432209737445668,-0.005145164832146696,-0.0053396868101573255,-0.005366795118711973,-0.0024829586290584338
0.004120164806592264,-0.08610014892156934,-0.0143937070760917,-0.014427560557780997,-0.014432990725843848,-0.00514547956359902,-0.005339996563657186,-0.005367107951089648,-0.0024831127960513216
0.004122164886595464,-0.08609900716716842,-0.014393491814563255,-0.014427346385497744,-0.01443277504180129,-0.005145383455194548,-0.005339904026005718,-0.005367014336742532,-0.00248306309304476
0.004124164966598664,-0.08610347610179755,-0.014394277046657447,-0.01442812897070085,-0.014433561730238275,-0.0051457003902308255,-0.005340215969408358,-0.005367329379130859,-0.002483218313052783
0.004126165046601864,-0.08610236748773653,-0.014394067461783164,-0.014427920459710277,-0.014433351733172698,-0.0051456064803328105,-0.0053401256166307615,-0.005367237969716678,-0.0024831696606378304
0.004128165126605065,-0.08610686948593861,-0.014394858357364086,-0.014428708693079368,-0.014434144095396157,-0.005145925608748022,-0.0053404397398288525,-0.005367555211910239,-0.0024833259287900663
0.004130165206608265,-0.08610579385793632,-0.01439465442268097,-0.014428505817000309,-0.014433939758798253,-0.005145833887051549,-0.005340351561718876,-0.005367465997123682,-0.0024832783220481245
0.004132165286611465,-0.08611032876393826,-0.014395450955029783,-0.014429299671899204,-0.014434737768042539,-0.005146155198441181,-0.005340667854407483,-0.005367785428717515,-0.002483435633378412
0.004134165366614665,-0.08610928596473458,-0.014395252643563925,-0.014429102403841267,-0.014434539064891127,-0.0051460656544424,-0.0053405818405618186,-0.005367698398054306,-0.0024833890672959157
0.004136165446617865,-0.08611385361979336,-0.014396054785452361,-0.014429901853125962,-0.014435342693880334,-0.00514638913820355,-0.005340900292239549,-0.005368020008445097,-0.002483547416743436
0.004138165526621065,-0.08611284348916572,-0.014395862069721753,-0.014429710165692184,-0.014435149596645255,-0.005146301761200757,-0.005340816432058926,-0.005367935151203093,-0.0024835018862123795
0.004140165606624265,-0.08611744373158367,-0.01439666979341474,-0.014430515181713456,-0.01443595881759574,-0.0051466274065331925,-0.0053411370320289074,-0.00536825892959015,-0.0024836612686220958
0.0041421656866274656,-0.08611646610636407,-0.014396482645432104,-0.014430329047003119,-0.01443577129824075,-0.005146542185627954,-0.0053410553147192055,-0.005368176234870468,-0.0024836167684405826
0.004144165766630665,-0.08612109877150695,-0.014397295922690975,-0.014431139601609624,-0.014436586082864347,-0.005146869981535325,-0.005341378052090336,-0.005368502170256979,-0.002483777178563857
0.004146165846633866,-0.08612015348559907,-0.014397114313966822,-0.014430958991221453,-0.01443640411285007,-0.005146786905633653,-0.005341298466663728,-0.005368421626965141,-0.002483733703436636
0.004148165926637066,-0.08612481840591289,-0.014397933116051979,-0.014431775055762578,-0.0144372244323569,-0.005147116840924594,-0.005341623330351749,-0.005368749708159277,-0.0024838951359317436
0.004150166006640266,-0.08612390529030985,-0.01439775701759756,-0.014431599940797466,-0.014437047982643805,-0.005147035898738089,-0.005341545865627855,-0.005368671305006407,-0.002483852680470786
0.004152166086643466,-0.08612860229533872,-0.01439858131527179,-0.014432421486126374,-0.01443787380774542,-0.005147367962027442,-0.005341872844356551,-0.005369001520622511,-0.0024840151299035055
0.004154166166646666,-0.0861277211781399,-0.014398410697602055,-0.014432251837190565,-0.01443770284879681,-0.0051472891420744505,-0.005341797488963594,-0.005368925246126463,-0.002483973688628529
0.0041561662466498665,-0.08613245009454347,-0.0143992404611333,-0.014433078833667292,-0.01443853414970915,-0.005147623321784432,-0.005342126571265947,-0.0053692575845862255,-0.0024841371494726872
0.004158166326653066,-0.08613160080097432,-0.01439907529427022,-0.014432914620875432,-0.01443836865149446,-0.005147546612391338,-0.005342053313642012,-0.005369183427072866,-0.0024840967168117847
0.004160166406656267,-0.08613636145254697,-0.014399910493435038,-0.01443374703837001,-0.014439205397941123,-0.005147882896752765,-0.005342384487861454,-0.0053695178766066005,-0.0024842611834498657
0.004162166486659466,-0.08613554380497522,-0.014399750746910465,-0.014433588231348235,-0.014439045329938904,-0.005147808286055148,-0.005342313316255616,-0.005369445824210967,-0.002484221753740055
0.004164166566662667,-0.086140336012664,-0.014400591350996993,-0.014434426039243813,-0.014439887491154206,-0.0051481466631086645,-0.00534264657054721,-0.005369782372858786,-0.002484387220463764
0.004166166646665867,-0.08613954983061997,-0.014400436993856054,-0.014434272607133071,-0.014439732822355406,-0.00514807413905256,-0.005342577473020843,-0.005369712413526389,-0.0024843487879515924
0.004168166726669067,-0.08614437341254348,-0.01440128297166738,-0.014435115774329235,-0.014440580367087815,-0.005148414596649983,-0.005342912795352611,-0.005370051049139524,-0.0024845152489624987
0.0041701668066722675,-0.08614361851273872,-0.014401133972471754,-0.014434967685788447,-0.01444043106599901,-0.0051483441469932075,-0.005342845759780602,-0.005369983170627579,-0.0024844778078046666
0.004172166886675467,-0.08614847328420652,-0.014401985292329004,-0.014435816180704346,-0.014441283962514184,-0.005148686672798652,-0.005343183137934666,-0.0053703238808696105,-0.002484645257214761
0.004174166966678668,-0.08614774948055273,-0.014401841619160196,-0.01443567340391371,-0.014441139997160986,-0.005148618285112013,-0.005343118152006739,-0.0053702580707483735,-0.0024846088014787203
0.004176167046681867,-0.08615263525408373,-0.014402698248905967,-0.014436527194491426,-0.01444199821324518,-0.005148962866603311,-0.005343457573580683,-0.0053706008430964925,-0.002484777233311049
0.004178167126685068,-0.08615194235771337,-0.014402559869368716,-0.014436389697155966,-0.01444185955117559,-0.005148896528272,-0.005343394624802675,-0.005370537088750566,-0.002484741756975641
0.0041801672066882675,-0.08615685894305705,-0.014403421776370572,-0.014437248750864029,-0.014442723054139248,-0.005149243152741993,-0.005343736077210887,-0.005370881910497055,-0.0024849111651649844
0.004182167286691468,-0.08615619676234186,-0.014403288657596103,-0.014437116500216575,-0.014442589662426916,-0.005149178850966844,-0.005343675152906027,-0.005370820199126615,-0.002484876662121061
0.0041841673666946685,-0.08616114396649771,-0.01440415580874985,-0.014437980784053174,-0.014443458419107897,-0.005149527505524696,-0.005344018623380947,-0.0053711670573799945,-0.0024850470405145125
0.004186167446697868,-0.08616051230706916,-0.014404027917399408,-0.014437853746858152,-0.014443330264355679,-0.005149465227323546,-0.005343959710691205,-0.0053711073760022736,-0.0024850135045655676
0.004188167526701069,-0.08616548993430692,-0.014404900279132741,-0.014438723227354863,-0.01444420424112286,-0.005149815898896152,-0.005344305186284719,-0.005371456257688795,-0.002485184846923212
0.004190167606704268,-0.08616488859907794,-0.014404777581401266,-0.014438601369911793,-0.014444081289466525,-0.00514975563110528,-0.0053442482721722615,-0.005371398593139392,-0.0024851522717860893
0.004192167686707469,-0.08616989645095763,-0.014405655119677195,-0.01443947601313682,-0.014444960452223201,-0.0051501083064385555,-0.005344595739757044,-0.005371749485004324,-0.0024853245717816443
0.004194167766710668,-0.08616932524014184,-0.014405537581296625,-0.014439359301283601,-0.014444842669334684,-0.0051500500357139515,-0.005344540811005406,-0.005371693823938578,-0.002485292951087123
0.004196167846713869,-0.08617436311553622,-0.014406420261616985,-0.014440239072845603,-0.014445726983522427,-0.005150404701374362,-0.00534489025727634,-0.0053720467125476816,-0.0024854662023086433
0.0041981679267170694,-0.08617382182666958,-0.014406307847860064,-0.014440127471962435,-0.014445614334613591,-0.005150348414193212,-0.005344837300492023,-0.00537199304144209,-0.0024854355296021727
0.004200168006720269,-0.08617888952178401,-0.014407195635269402,-0.014441012337013972,-0.014446503765215628,-0.005150705056569087,-0.00534518871196753,-0.0053723479131829914,-0.0024856097255526594
0.00420216808672347,-0.08617837794974648,-0.014407088310953229,-0.014440905812026733,-0.01444639621504199,-0.005150650739231201,-0.005345137713581289,-0.005372296218336654,-0.0024855799942950034
0.004204168166726669,-0.08618347525814055,-0.014407981170042241,-0.014441795735268086,-0.014447290726587028,-0.005151009344534183,-0.005345491076604841,-0.005372653059420286,-0.0024857551283931664
0.00420616824672987,-0.08618299319517715,-0.014407878899532049,-0.014441694250652226,-0.014447188239451382,-0.005150956983163415,-0.00534544202287318,-0.005372603326956313,-0.0024857263319611124
0.004208168326733069,-0.08618811990778703,-0.014408776794441351,-0.014442589196334918,-0.014448087796017263,-0.0051513175374299286,-0.005345797323614627,-0.005372962123418361,-0.0024859023975420023
0.00421016840673627,-0.08618766714352982,-0.014408679541654196,-0.01444249271611909,-0.014447990335773498,-0.005151267117975628,-0.005345750200621159,-0.005372914339285358,-0.0024858745292290403
0.0042121684867394696,-0.08619282304868978,-0.014409582436078285,-0.01444339264804987,-0.014448894900991088,-0.0051516296070683665,-0.005346107425078329,-0.005373275076987751,-0.0024860515195447765
0.00421416856674267,-0.08619239937018067,-0.014409490164486933,-0.014443301135819814,-0.014448802431047979,-0.005151581115306925,-0.005346062218735373,-0.005373229226961347,-0.0024860245725618364
0.004216168646745871,-0.08619758425364529,-0.014410398021677791,-0.014444206017364323,-0.01444971196810492,-0.005151945524916303,-0.005346421352735417,-0.005373591891593711,-0.0024862024807823222
0.00421816872674907,-0.08619718944535797,-0.014410310694314492,-0.014444119436266632,-0.01444962445142994,-0.005151898946452584,-0.005346378048785394,-0.005373547961277961,-0.002486176448258471
0.004220168806752271,-0.08620240309032517,-0.014411223477085565,-0.014445029230353306,-0.014450538923074536,-0.0051522652620982845,-0.00534673907798633,-0.00537391253835917,-0.0024863552674720926
0.00422216888675547,-0.08620203693418739,-0.014411141056545973,-0.014444947543099248,-0.014450456322197852,-0.005152220582367159,-0.005346697662003265,-0.005373870513188139,-0.002486330142455241
0.004224168966758671,-0.08620727912132065,-0.014412058727276043,-0.01444586221222325,-0.014451375690743017,-0.005152588789399625,-0.00534706057189552,-0.005374236988067816,-0.0024865098656696306
0.0042261690467618705,-0.08620694139673837,-0.01441198117572325,-0.014445785381092932,-0.01445129796776144,-0.005152545993667566,-0.005347021029286627,-0.005374196853307131,-0.0024864856411273123
0.004228169126765071,-0.08621221190419065,-0.014412903696360495,-0.01444670488732006,-0.014452222195088647,-0.005152916077269576,-0.005347385805194512,-0.005374565211167219,-0.002486666261270053
0.004230169206768271,-0.08621190238806985,-0.014412830975528685,-0.014446632874166036,-0.014452149311669368,-0.005152875150636055,-0.005347348121201627,-0.005374526951915504,-0.0024866429300901003
0.004232169286771471,-0.0862172009915068,-0.014413758307594685,-0.014447557179136844,-0.014453078359232846,-0.00515324709582431,-0.005347714748284964,-0.005374897177771818,-0.002486824440009505
0.004234169366774672,-0.08621691945827785,-0.014413690378793642,-0.014447489945388508,-0.01445301027661785,-0.0051532080232235804,-0.005347678907986201,-0.005374860778962421,-0.002486801995000871
0.004236169446777871,-0.08622224593090122,-0.014414622483387315,-0.014448419010322216,-0.014453944105448374,-0.0051535818148502254,-0.005348047371241805,-0.005375232857666231,-0.0024869843874667083
0.004238169526781072,-0.08622199215254285,-0.014414559307506208,-0.014448356516989665,-0.014453880784458308,-0.005153544581052744,-0.005348013359553105,-0.005375198304068723,-0.0024869628213601744
0.0042401696067842715,-0.0862273462651141,-0.014415496145307967,-0.014449290302688253,-0.014454819355167405,-0.005153920203807,-0.005348383643816385,-0.005375572220308301,-0.00248714608906444
0.004242169686787472,-0.08622712001117717,-0.014415437682819589,-0.014449232510366453,-0.014454760756205859,-0.005153884793421165,-0.005348351445493086,-0.005375539496530134,-0.0024871253945134186
0.004244169766790672,-0.08623250153204189,-0.014416379214095502,-0.014450170977218842,-0.014455704028990003,-0.005154262231830894,-0.005348723535439688,-0.005375915234832427,-0.002487309530071097
0.004246169846793872,-0.08623230256967343,-0.014416325425060314,-0.014450117846091824,-0.014455650112047455,-0.005154228629304543,-0.005348693135078122,-0.005375884325320493,-0.002487289699652376
0.004248169926797072,-0.08623771126478652,-0.014417271609666386,-0.014451060954078089,-0.014456598046692342,-0.005154607867738008,-0.0053490670152255325,-0.0053762618700527905,-0.00248747469560226
0.004250170006800272,-0.0862375393587548,-0.014417222453736837,-0.014451012443922972,-0.01445654877135059,-0.005154576057360131,-0.005349038397264693,-0.005376232759095107,-0.002487455721816795
0.004252170086803473,-0.08624297499170415,-0.014418173251123146,-0.01445196015261859,-0.014457501327235238,-0.005154957080027526,-0.005349414051973817,-0.005376612094466606,-0.002487641570622227
0.0042541701668066725,-0.08624282990442247,-0.014418128687547872,-0.014451916222809977,-0.014457456652671523,-0.005154927045929899,-0.005349387200696963,-0.005376584766193937,-0.0024876234458959335
0.004256170246809873,-0.08624829223645458,-0.014419084056762826,-0.01445286849138995,-0.014458413788772622,-0.005155309836885075,-0.0053497646141738775,-0.0053769658762574685,-0.002487810139945636
0.004258170326813073,-0.08624817372800848,-0.014419044044391099,-0.01445282910090438,-0.014458373673764147,-0.005155281563044016,-0.005349739513710248,-0.005376940314645106,-0.0024877928566302185
0.004260170406816273,-0.08625366251805243,-0.01442000394408571,-0.014453785888147521,-0.014459335348660262,-0.005155666106186059,-0.005350118670007726,-0.0053773231832987085,-0.0024879803882390528
0.004262170486819473,-0.08625357034622254,-0.014419968441371576,-0.014453750995567444,-0.014459299751588285,-0.005155639576423996,-0.005350095304334135,-0.005377299372168035,-0.00248796393861276
0.004264170566822673,-0.08625908535091763,-0.014420932829804032,-0.014454712259860968,-0.014460265923464482,-0.005156025855499148,-0.0053504761873534755,-0.005377683983156884,-0.0024881523000225814
0.004266170646825874,-0.0862590192712062,-0.014420901794810813,-0.014454681823379265,-0.01446023480231886,-0.005156001053486392,-0.005350454540296068,-0.005377661906177103,-0.00248813667629106
0.0042681707268290734,-0.08626456024492554,-0.014421870629850737,-0.014455647522723056,-0.01446120542897105,-0.005156389052089523,-0.005350837133788722,-0.005378048243094982,-0.002488325859671527
0.004270170806832274,-0.08626452001058348,-0.014421844020255458,-0.014455621500147587,-0.014461178741354589,-0.005156365961346022,-0.005350817189024675,-0.005378027883784955,-0.0024883110539686633
0.004272170886835474,-0.08627008670546055,-0.014422817259388323,-0.014456591592158527,-0.014462153780193665,-0.005156755662922524,-0.005351201476593922,-0.005378415930076109,-0.0024885010514180375
0.004274170966838674,-0.08627007206751175,-0.014422795032486077,-0.014456569940916417,-0.014462131483326746,-0.005156734266819519,-0.005351183217653147,-0.0053783972718059415,-0.0024884870558066975
0.004276171046841874,-0.08627566423346714,-0.014423772632817727,-0.014457544382832921,-0.014463110891383512,-0.005157125654666976,-0.0053515691827559254,-0.005378787010766822,-0.002488677859352717
0.004278171126845074,-0.0862756749407354,-0.014423754745526419,-0.0144575270599752,-0.014463092942108575,-0.005157105936428891,-0.005351552593022818,-0.005378770036759772,-0.0024886646658257155
0.004280171206848274,-0.08628129232550293,-0.014424736663787747,-0.014458505808661808,-0.014464076676037932,-0.005157498993698896,-0.0053519402189713995,-0.005379161451540771,-0.0024888562674263972
0.004282171286851474,-0.0862813281246384,-0.014424723072652254,-0.014458492770867706,-0.01446406303082373,-0.0051574809364049335,-0.005351925281686547,-0.0053791461448748305,-0.0024888438679072232
0.004284171366854675,-0.0862869704737911,-0.014425709265203597,-0.014459475782819621,-0.014465051046909703,-0.005157875646104827,-0.005352314551650359,-0.005379539218482117,-0.002489036259451788
0.0042861714468578746,-0.08628703110929715,-0.014425699926400795,-0.0144594669864014,-0.01446504166185627,-0.005157859232690926,-0.005352301249912412,-0.00537952556209198,-0.0024890246457955245
0.004288171526861075,-0.08629269816627538,-0.01442669034923652,-0.014460454217749077,-0.01446603391601618,-0.005158255577685605,-0.005352692146919733,-0.005379920277389216,-0.002489217819105133
0.004290171606864275,-0.08629278338053518,-0.014426685218579571,-0.014460449618656413,-0.014466028746859302,-0.0051582407909461295,-0.005352680463687097,-0.005379908254068013,-0.0024892069830993136
0.004292171686867475,-0.086298474886673,-0.014427679827332911,-0.014461441025170056,-0.014467025194648502,-0.0051586387539598886,-0.005353072970626933,-0.0053803045937782104,-0.002489400929928067
0.004294171766870675,-0.08629858441997768,-0.014427678860276206,-0.014461440578995012,-0.014467024196764537,-0.0051586255765494965,-0.0053530628887196305,-0.005380294186179332,-0.0024893908632935063
0.004296171846873875,-0.08630430011452918,-0.014428677610223716,-0.014462436116089501,-0.014468024793381346,-0.005159025140167817,-0.005353456988343447,-0.005380692132886677,-0.0024895855753292017
0.004298171926877075,-0.0863044337051045,-0.014428680761867265,-0.0144624397780708,-0.014468027921791651,-0.005159013554603285,-0.0053534484904449045,-0.005380683323525562,-0.002489576269720937
0.0043001720068802755,-0.08631017332527376,-0.01442968360793381,-0.014463439400810149,-0.014469032622081957,-0.005159414701274719,-0.005353844165368557,-0.005381082859677263,-0.0024897717385860135
0.004302172086883476,-0.08631033070930771,-0.01442969083302835,-0.014463447125838382,-0.014469039831457926,-0.005159404689936751,-0.005353837234027419,-0.0053810756309333185,-0.0024897631855941072
0.004304172166886676,-0.08631609399027419,-0.01443069772979161,-0.01446445078894067,-0.014470048589919807,-0.005159807401974723,-0.0053542344667328635,-0.005381476738841456,-0.002489959402846523
0.004306172246889876,-0.08631627490194528,-0.014430708982743045,-0.014464462531562576,-0.014470059834587578,-0.00515979894710991,-0.005354229084364896,-0.005381471072959855,-0.0024899515939970232
0.004308172326893076,-0.08632206157689329,-0.0144317198844385,-0.014465470189404646,-0.014471072605376332,-0.0051602032066946175,-0.005354627857202098,-0.005381873734803198,-0.0024901485511311266
0.004310172406896276,-0.0863222657483985,-0.014431735119312991,-0.01446548590382828,-0.014471087839321451,-0.005160196290417244,-0.005354624006091989,-0.005381869613896828,-0.0024901414778869175
0.004312172486899476,-0.08632807554854462,-0.014432749979838629,-0.014466497510450498,-0.014472104576254238,-0.005160602079597498,-0.005355024301280844,-0.005382273811722832,-0.002490339166334348
0.0043141725669026765,-0.08632830271012773,-0.014432769150367316,-0.01446651715054997,-0.01447212375312693,-0.005160596683891471,-0.0053550219635841055,-0.005382271217774152,-0.002490332820096066
0.004316172646905876,-0.08633413536474999,-0.014433787923288628,-0.014467532659661369,-0.014473144409687949,-0.0051610039845866994,-0.0053554237632162235,-0.005382676933500742,-0.0024905312312267034
0.004318172726909077,-0.08633438524472935,-0.014433810982872502,-0.014467556178981553,-0.014473167482807445,-0.005161000091307362,-0.005355422920961053,-0.0053826758483636345,-0.0024905256033336716
0.004320172806912277,-0.08634024048119525,-0.01443483362142734,-0.014468575543964359,-0.014474192012152633,-0.005161408885309436,-0.005355826207001743,-0.0053830830637812055,-0.0024907247284564906
0.004322172886915477,-0.08634051280599452,-0.014434860523142329,-0.014468602895726147,-0.014474218934512664,-0.0051614064761856685,-0.0053558268420909865,-0.005383083469183028,-0.002490719810187591
0.004324172966918677,-0.0863463903497894,-0.014435886980245751,-0.014469626069640872,-0.014475247289474523,-0.005161816745160818,-0.005356231596381059,-0.005383492165956286,-0.00249091964055161
0.004326173046921877,-0.08634668484396414,-0.014435917676847437,-0.014469657206745796,-0.014475278013747941,-0.005161815801796775,-0.005356233690594049,-0.0053834940434996734,-0.0024909154231262335
0.0043281731269250775,-0.08635258441872164,-0.014436947905096944,-0.014470684142336345,-0.014476310146840934,-0.00516222752728763,-0.005356639894851857,-0.005383904203169671,-0.0024911159499214647
0.004330173206928277,-0.08635290080498963,-0.014436982349025764,-0.014470719017371682,-0.014476344625384762,-0.005162228031164784,-0.005356643429846388,-0.0053839075343345266,-0.0024911124245004268
0.004332173286931478,-0.0863588221325196,-0.014438016300706027,-0.01447174966707008,-0.014477380488809964,-0.005162641194592232,-0.005357051065669671,-0.005384319138320561,-0.0024913136388587578
0.004334173366934678,-0.0863591601317904,-0.014438054444092225,-0.014471788232313926,-0.014477418673670648,-0.0051626431270713775,-0.005357056022983924,-0.005384323904466035,-0.0024913107965452586
0.004336173446937878,-0.08636510293210878,-0.014439092071180253,-0.01447282254824551,-0.014478458219320891,-0.005163057709736495,-0.00535746507185177,-0.005384736934067599,-0.002491512689541409
0.004338173526941078,-0.08636546226351319,-0.014439133865849045,-0.014472864755671876,-0.014478500062239202,-0.005163061052059653,-0.005357471432906299,-0.005384743116434097,-0.0024915105213819794
0.004340173606944278,-0.08637142625487183,-0.01444017512001933,-0.014473902689660322,-0.014479543241704328,-0.005163477035145865,-0.005357881876181161,-0.005385157552832882,-0.0024917130840344643
0.0043421736869474785,-0.08637180663579075,-0.014440220517495857,-0.01447394849094401,-0.014479588694120448,-0.005163481768438281,-0.0053578896222808235,-0.005385165132543956,-0.0024917115810198665
0.004344173766950678,-0.0863777915347071,-0.014441265350125423,-0.014474989994516494,-0.014480635458692276,-0.005163899133013168,-0.005358301441210431,-0.005385580956805877,-0.002491914804291938
0.004346173846953879,-0.08637819268080144,-0.014441314301639807,-0.014475039341038236,-0.0144806844717509,-0.005163905238285265,-0.0053583105535463145,-0.0053855899148702435,-0.002491913957358132
0.004348173926957078,-0.08638419820208942,-0.014442362663813503,-0.014476084365430691,-0.014481734772428543,-0.0051643239653027155,-0.005358723729265747,-0.005386007107947463,-0.0024921178321587654
0.004350174006960279,-0.08638461982733162,-0.014442415120306326,-0.014476137208282494,-0.014481787296984232,-0.005164331423452248,-0.005358734188917293,-0.0053860174252610745,-0.0024921176321879134
0.004352174086963479,-0.08639064568412973,-0.014443466962821687,-0.014477185704444341,-0.01448284108447907,-0.005164751493754332,-0.005359148702450837,-0.005386435967993886,-0.0024923221493726925
0.004354174166966679,-0.08639108750083314,-0.014443522874948924,-0.014477241994434563,-0.014482897071101375,-0.005164760285568267,-0.005359160490387747,-0.005386447625341944,-0.0024923225871940832
0.004356174246969879,-0.08639713340463637,-0.014444578148321632,-0.014478293913034209,-0.01448395429584226,-0.005165181679887361,-0.0053595763226509776,-0.005386867498460894,-0.002492527737566245
0.004358174326973079,-0.08639759512348558,-0.014444637466460004,-0.014478353600692707,-0.014484013694820917,-0.00516519178604398,-0.005359589419735272,-0.005386880476519868,-0.0024925288039572857
0.00436017440697628,-0.08640366078417597,-0.014445696120929143,-0.014479408892122913,-0.014485074306959816,-0.0051656144850048035,-0.005360006551537166,-0.00538730166064783,-0.0024927345782686564
0.004362174486979479,-0.08640414211425758,-0.014445758795181292,-0.014479471927706418,-0.01448513706831003,-0.005165625886075767,-0.005360020938525191,-0.00538731593998747,-0.0024927362639558578
0.00436417456698268,-0.08641022724013436,-0.014446820780714457,-0.014480530542089172,-0.014486201017726838,-0.005166049870197412,-0.005360439350570004,-0.005387738415641626,-0.002492942652907847
0.004366174646985879,-0.08641072788896831,-0.014446886760914306,-0.014480596875586458,-0.014486267091194572,-0.0051660625466497506,-0.0053604550081144875,-0.005387753976727094,-0.002492944948567762
0.00436817472698908,-0.08641683218677924,-0.01444795202721296,-0.014481658762778507,-0.01448733432750266,-0.005166487796347728,-0.00536087468100388,-0.0053881777243210485,-0.0024931519428123415
0.00437017480699228,-0.08641735186034916,-0.01444802126293102,-0.014481728343915744,-0.014487403662570113,-0.005166501728546034,-0.005360891589655963,-0.0053881945475149386,-0.002493154839072621
0.00437217488699548,-0.08642347503532104,-0.014449089759436002,-0.014482793453513932,-0.014488474135121604,-0.0051669282241344275,-0.00536131250389109,-0.005388619547360786,-0.002493362429213331
0.0043741749669986806,-0.08642401343810498,-0.014449162199984595,-0.014482866231759832,-0.014488546681012246,-0.005166943392342751,-0.00536133064410239,-0.005388637612925189,-0.0024933659166536427
0.00437617504700188,-0.08643015519397622,-0.014450233875881246,-0.014483934513106336,-0.014489620338903463,-0.005167371114036225,-0.005361752780085868,-0.005389063845235585,-0.0024935740932465703
0.004378175127005081,-0.08643071202897983,-0.014450309470320121,-0.014484010437677913,-0.014489696044587733,-0.005167387498420374,-0.0053617721322105965,-0.005389083133334257,-0.0024935781623996738
0.00438017520700828,-0.08643687206802983,-0.014451384274543727,-0.014485081839865629,-0.014490772836664488,-0.005167816426336305,-0.005362195470248708,-0.0053895105782245465,-0.0024937869159544616
0.004382175287011481,-0.08643744703681593,-0.014451462971685234,-0.014485160859733106,-0.014490851650865093,-0.005167834006965807,-0.005362216014545697,-0.005389531068924939,-0.0024937915573071613
0.004384175367014681,-0.08644362505989864,-0.01445254085292656,-0.014486235331611152,-0.014491931525728204,-0.005168264121126417,-0.005362640534850358,-0.005389959706415214,-0.002494000878288016
0.004386175447017881,-0.08644421786261904,-0.014452622601341112,-0.014486317395503727,-0.01449201339692536,-0.005168282877976676,-0.0053626622514851546,-0.005389981379690612,-0.0024940060822821715
0.0043881755270210815,-0.08645041356919338,-0.014453703508051743,-0.014487394885682674,-0.014493096302936048,-0.005168714158311122,-0.0053630879341760905,-0.005390411189707899,-0.002494215961108888
0.004390175607024281,-0.08645102390462231,-0.014453788256073442,-0.014487479942093814,-0.014493181179373316,-0.005168734071265558,-0.005363110803223136,-0.005390434025439583,-0.0024942217181424587
0.004392175687027482,-0.08645723699278478,-0.014454872136471276,-0.014488560398951363,-0.014494267064658757,-0.005169166497612065,-0.005363537628329988,-0.005390864987819954,-0.00249443214519142
0.004394175767030681,-0.08645786455834889,-0.014454959832203147,-0.014488648396144244,-0.014494354894348176,-0.005169187546464241,-0.005363561629774612,-0.005390888965799238,-0.002494438445619449
0.004396175847033882,-0.08646409472486509,-0.014456046634277896,-0.014489731767830534,-0.014495443706806903,-0.00516962109857226,-0.005363989577239019,-0.005391321060289873,-0.0024946494112246453
0.0043981759270370815,-0.08646473921667674,-0.014456137225597647,-0.014489822653843586,-0.014495534437534858,-0.005169643263028039,-0.005364014690979695,-0.00539134616022041,-0.002494656245360328
0.004400176007040282,-0.0864709861570137,-0.014457226897116213,-0.014490908888286726,-0.01449662612484224,-0.005170077920560357,-0.005364443740657427,-0.0053917793664818355,-0.0024948677398143825
0.0044021760870434825,-0.08647164726990296,-0.01445732033168162,-0.014491002610939236,-0.014496719704174715,-0.005170101180240028,-0.005364469946507812,-0.005391805567981632,-0.002494875097930067
0.004404176167046682,-0.08647791067826184,-0.014458412820193974,-0.014492091655850914,-0.014497814213788771,-0.005170536922774988,-0.0053649000781709815,-0.005392239865589899,-0.002495087111485291
0.004406176247049883,-0.08647858810580877,-0.01445850904544842,-0.014492188162748361,-0.014497910589077038,-0.005170561257215487,-0.005364927355862104,-0.005392267148193506,-0.0024950949838135066
0.004408176327053082,-0.08648486767515665,-0.014459604298292848,-0.014493279965629359,-0.014499007868243739,-0.0051709980642491386,-0.005365358549201208,-0.005392702516642266,-0.0024953075066829235
0.004410176407056283,-0.0864855611097234,-0.01445970326147092,-0.014493379204169073,-0.014499106986629918,-0.005171023452906127,-0.0053653868783835835,-0.005392730859802993,-0.0024953158834174092
0.0044121764870594824,-0.08649185653182669,-0.014460801225779836,-0.014494473712314816,-0.014500206982388988,-0.0051714613038543605,-0.0053658191130097205,-0.005393167278505757,-0.002495528905775775
0.004414176567062683,-0.08649256566459135,-0.014460902873913026,-0.01449457562969164,-0.014500308790811703,-0.005171487726104516,-0.005365848473255579,-0.005393196661597845,-0.0024955377770725703
0.004416176647065883,-0.08649887663004774,-0.01446200349661845,-0.014495672790197773,-0.01450141145000211,-0.005171926600305317,-0.005366281728702631,-0.005393634109890126,-0.0024957512890574456
0.004418176727069083,-0.0864996011510362,-0.014462107776540677,-0.014495777333409617,-0.014501515895202127,-0.005171954035448476,-0.005366312099508028,-0.005393664512210925,-0.002495760645035888
0.004420176807072284,-0.08650592734930734,-0.014463211004379773,-0.01449687709317757,-0.014502621164467705,-0.005172393912164046,-0.005366746355234758,-0.005394102969352424,-0.0024959746367486536
0.004422176887075483,-0.08650666694742679,-0.014463317862733157,-0.014496984209031071,-0.014502728192993572,-0.005172422339425403,-0.0053667777160217945,-0.0053941343701246185,-0.002495984467492468
0.004424176967078684,-0.08651300806687263,-0.014464423642254233,-0.014498086514773962,-0.0145038360187889,-0.00517286319784445,-0.005367212951414125,-0.005394573815301506,-0.0024961989289994085
0.004426177047081883,-0.08651376242994364,-0.014464533025494592,-0.014498196149890027,-0.014503945577002526,-0.005172892596376761,-0.005367245281533083,-0.005394606193675249,-0.002496209224557721
0.004428177127085084,-0.08652011815785424,-0.014465641303062413,-0.014499300948137997,-0.014505055905598389,-0.005173334415616651,-0.005367681475906225,-0.005395046606002288,-0.0024964241458910823
0.004430177207088284,-0.08652088697264515,-0.014465753157465086,-0.014499413048957575,-0.01450516793968094,-0.005173364764502481,-0.005367714754637826,-0.00539507994105754,-0.0024964348962794964
0.004432177287091484,-0.08652725699527518,-0.014466863879266956,-0.014500520286063799,-0.014506280717170245,-0.0051738075236115195,-0.005368151887238548,-0.0053955212995803956,-0.002496650267438524
0.004434177367094684,-0.08652803994753405,-0.01446697815093239,-0.01450063479885349,-0.014506395173127675,-0.005173838801865408,-0.005368186093796071,-0.005395555570329012,-0.002496661462640194
0.004436177447097884,-0.08653442395013469,-0.0144680912629835,-0.014501744420999645,-0.01450751034543106,-0.005174282479824998,-0.005368624143804818,-0.005395997854026383,-0.00249687727359222
0.004438177527101085,-0.08653522072462415,-0.014468207897843118,-0.014501861291857572,-0.014507627169100012,-0.0051743146663957695,-0.005368659257336418,-0.005396033039414478,-0.002496888903558897
0.004440177607104284,-0.08654161839147764,-0.014469323345992543,-0.014502973245059576,-0.014508744681971523,-0.005174759242122721,-0.005369098203869571,-0.005396476227200396,-0.0024971051442403765
0.004442177687107485,-0.08654242867200751,-0.014469442289814427,-0.014503092419920944,-0.014508863819024973,-0.005174792315895656,-0.0053691342034604145,-0.005396512306110484,-0.0024971171988935003
0.0044441777671106845,-0.0865488396864601,-0.014470560019750806,-0.014504206650034828,-0.01450998361805801,-0.005175237768244361,-0.00536957402557252,-0.005396956376836571,-0.0024973338592111215
0.004446177847113885,-0.08654966315592179,-0.014470681218145539,-0.014504328074677853,-0.014510105014011211,-0.0051752717080435495,-0.005369610890247087,-0.005396993328089912,-0.0024973463284428776
0.004448177927117085,-0.08655608720041728,-0.014471801175402725,-0.014505444527405357,-0.014511227044644167,-0.005175718015808234,-0.005370051566933034,-0.005397438260547535,-0.0024975633982745973
0.004450178007120285,-0.08655692354081687,-0.014471924573829113,-0.01450556814745696,-0.014511350644860302,-0.005175752800398736,-0.005370089275657289,-0.005397476062906299,-0.002497576271949019
0.004452178087123486,-0.08656336029693175,-0.01447304670379221,-0.014506686768351448,-0.014512474852382523,-0.005176199942315801,-0.005370530785854641,-0.00539792183582897,-0.0024977937411451634
0.004454178167126685,-0.08656420918942348,-0.014473172247563029,-0.014506812529292857,-0.01451260060207847,-0.005176235550405894,-0.005370569317538256,-0.005397960467998512,-0.0024978070090991597
0.004456178247129886,-0.08657065833789905,-0.014474296495474048,-0.014507933263765104,-0.014513726931635919,-0.0051766835051561145,-0.005371011640129434,-0.005398407060064052,-0.002498024867483513
0.0044581783271330855,-0.08657151946282046,-0.014474424129762057,-0.014508061110938029,-0.014513854775888261,-0.005176719915399642,-0.005371050973628106,-0.005398446500695224,-0.002498038519528005
0.004460178407136286,-0.08657798068359837,-0.014475550440725819,-0.014509183904261954,-0.014514983172489546,-0.005177168661610489,-0.005371494087442624,-0.005398893890528079,-0.0024982567568988846
0.004462178487139486,-0.08657885372050292,-0.014475680110569322,-0.014509313782873977,-0.01451511305624021,-0.005177205852609045,-0.00537153420156026,-0.005398934118219452,-0.002498270782819838
0.004464178567142686,-0.08658532669275848,-0.01447680842955934,-0.014510438580192644,-0.014516243464762355,-0.0051776553688569335,-0.005371978085377038,-0.005399382284392975,-0.0024984893889511937
0.004466178647145886,-0.08658621132045123,-0.014476940079868316,-0.014510570435323533,-0.014516375332824759,-0.005177693319162244,-0.005372018958868079,-0.005399423277693193,-0.0024985037785107706
0.004468178727149086,-0.08659269572262714,-0.01447807035173245,-0.014511697181654607,-0.01451750769801883,-0.00517814358397474,-0.005372463591417627,-0.005399872198731832,-0.002498722743153231
0.004470178807152287,-0.0865935916191976,-0.014478203927294256,-0.014511830958261737,-0.014517641495083482,-0.005178182272090904,-0.00537250520298925,-0.005399913936141819,-0.0024987374860908256
0.0044721788871554865,-0.08660008712903904,-0.014479336096760869,-0.014512959598503877,-0.014518775761580992,-0.005178633263949161,-0.005372950562955996,-0.005400363590523566,-0.002498956798972843
0.004474178967158687,-0.08660099397189673,-0.014479471542246226,-0.014513095241428431,-0.014518911432221612,-0.005178672668334928,-0.005372992891270454,-0.0054004060504988976,-0.002498971885006235
0.004476179047161887,-0.08660750026648538,-0.01448060555392985,-0.014514225720366697,-0.014520047544539913,-0.00517912436567589,-0.0053734389572949945,-0.005400856416657462,-0.0024991915358351467
0.004478179127165087,-0.08660841773239346,-0.014480742813898736,-0.014514363174339323,-0.014520185033219266,-0.0051791644647469935,-0.00537348198097184,-0.00540089957761061,-0.002499206954661542
0.004480179207168287,-0.08661493448818176,-0.01448187861230609,-0.014515495436651408,-0.014521322935767786,-0.005179616845965694,-0.005373928731653224,-0.005401350633937742,-0.0024994269331246794
0.004482179287171487,-0.08661586225329107,-0.01448201763121359,-0.014515634646298185,-0.014521462186843444,-0.005179657618097132,-0.005373972429271585,-0.005401394474240376,-0.0024994426744218406
0.004484179367174687,-0.08662238914613726,-0.014483155160749507,-0.014516768636560021,-0.014522601823929508,-0.00518011066154906,-0.005374419843169581,-0.005401846199088225,-0.0024996629701876504
0.0044861794471778875,-0.08662332688602173,-0.014483295882951644,-0.014516909546408384,-0.01452274278166,-0.00518015208507736,-0.0053744641932704906,-0.005401890697073526,-0.0024996790236149775
0.004488179527181088,-0.08662986359122445,-0.01448443508792507,-0.014518045209100425,-0.01452388409749486,-0.005180605769080781,-0.005374912248907942,-0.0054023430687569285,-0.002499899626334116
0.004490179607184288,-0.08663081098091488,-0.014484577457684946,-0.01451818776358502,-0.014524026706045502,-0.005180647822306389,-0.005374957229996526,-0.005402388202721881,-0.0024999159815337455
0.004492179687187488,-0.08663735717324687,-0.014485718282314668,-0.014519325043097752,-0.014525169644750147,-0.005181102125144528,-0.005375405905861578,-0.005402841199520652,-0.002500136880840161
0.004494179767190688,-0.08663831388726666,-0.014485862243808333,-0.014519469186566493,-0.014525313848199058,-0.005181144786334108,-0.005375451496409517,-0.005402886947728459,-0.0025001535274381255
0.004496179847193888,-0.08664486924101034,-0.014487004632229118,-0.014520608027206604,-0.014526458353810206,-0.005181599686257605,-0.0053759007709578786,-0.005403340547889687,-0.00250037471295017
0.004498179927197088,-0.0866458349534099,-0.014487150129551552,-0.014520753703926541,-0.014526604096154338,-0.005181642933646354,-0.00537594694940559,-0.005403386888571993,-0.0025003916405574476
0.0045001800072002884,-0.08665239914239137,-0.014488294025820036,-0.014521894049922875,-0.014527750112630529,-0.005182098408875548,-0.005376396801062935,-0.005403841070312449,-0.002500613101879021
0.004502180087203488,-0.08665337352678265,-0.0144884410029911,-0.014522041204086133,-0.014527897337791503,-0.005182142220669507,-0.005376443545821902,-0.0054038879816716975,-0.0025006303000926866
0.004504180167206689,-0.08665994622440762,-0.014489586351091769,-0.014523182999595586,-0.014529044809018992,-0.005182598249396745,-0.005376893952986116,-0.005404342723180082,-0.0025008520268142986
0.004506180247209889,-0.08666092895399813,-0.014489734752062078,-0.014523331575325229,-0.01452919346084916,-0.005182642603775145,-0.005376941242441181,-0.0054043901833918245,-0.002500869485218594
0.004508180327213089,-0.08666750983328626,-0.014490881495913297,-0.014524474764438758,-0.014530342330647941,-0.005183099164167111,-0.005377392183484659,-0.0054048454628311425,-0.002501091466918515
0.004510180407216289,-0.08666850058091564,-0.014491031264570443,-0.014524624705795058,-0.01453049235293639,-0.0051831440392847376,-0.00537743999599638,-0.0054048934500464125,-0.0025011091750860156
0.004512180487219489,-0.08667508931453566,-0.014492179348030473,-0.014525769232543607,-0.014531642565066219,-0.005183601109484849,-0.005377891449268399,-0.005405349245556342,-0.0025013314013313855
0.004514180567222689,-0.08667608775271005,-0.01449233042820481,-0.014525920483529752,-0.014531793901544835,-0.005183646483474297,-0.005377939763175302,-0.005405397737903971,-0.002501349348824056
0.004516180647225889,-0.08668268401301377,-0.014493479795077679,-0.014527066291890173,-0.014532945399711143,-0.005184104041604978,-0.005378391707004259,-0.005405854027603067,-0.002501571809171976
0.0045181807272290896,-0.08668368981394012,-0.01449363213054844,-0.014527218796458284,-0.014533097994060443,-0.005184149892579055,-0.005378440500625223,-0.005405903003192019,-0.002501589985542348
0.00452018080723229,-0.08669029327299861,-0.014494782724590021,-0.014528365830359534,-0.01453425072192047,-0.005184607916744088,-0.0053788929133209845,-0.005406359765180189,-0.0025018126695410155
0.00452218088723549,-0.08669130610862102,-0.014494936259091339,-0.014528519532416897,-0.014534404517775948,-0.005184654222798184,-0.005378942164957516,-0.005406409202101928,-0.002501831064333263
0.00452418096723869,-0.08669791643825905,-0.014496088024015431,-0.014529667735745848,-0.014535558418944662,-0.005185112691085057,-0.00537939502481378,-0.005406866414462741,-0.002502053961523104
0.00452618104724189,-0.08669893598029284,-0.01449624270124224,-0.014529822579160492,-0.014535713359902492,-0.005185159430299386,-0.005379444712752296,-0.0054069162907935155,-0.0025020725642741627
0.00452818112724509,-0.0867055528521249,-0.014497395580726574,-0.014530971895768064,-0.014536868377958857,-0.005185618320781711,-0.005379897998048886,-0.005407373931596543,-0.002502295664188939
0.00453018120724829,-0.08670657877209134,-0.014497551344340776,-0.014531127824375115,-0.014537024407582047,-0.0051856654712237596,-0.005379948100563137,-0.005407424225399767,-0.002502314464429656
0.0045321812872514905,-0.08671320185755607,-0.014498705282032977,-0.014532278198082279,-0.014538180486074822,-0.005186124761963517,-0.0053804017895683195,-0.005407882272702938,-0.002502537756597581
0.00453418136725469,-0.08671423382681911,-0.014498862075669415,-0.014532435155689933,-0.01453833754789933,-0.005186172301690364,-0.005380452284921656,-0.00540793296203161,-0.0025025567438538153
0.004536181447257891,-0.08672086279721425,-0.014500017015193045,-0.014533586530293536,-0.014539494630353136,-0.00518663197074029,-0.005380906355894445,-0.005408391393883507,-0.002502780217798677
0.004538181527261091,-0.0867219004870145,-0.014500174782465559,-0.014533744460688927,-0.014539652667893877,-0.005186679877800937,-0.0053809572223421755,-0.005408442456782451,-0.0025027993815924326
0.004540181607264291,-0.0867285350135319,-0.014501330667426175,-0.014534896779967865,-0.014540810697815341,-0.005187139903206888,-0.00538141165353469,-0.005408901251224716,-0.0025030230268347155
0.004542181687267491,-0.08672957809502267,-0.014501489351933626,-0.014535055626923277,-0.014540969654572165,-0.0051871881556446574,-0.00538146286932637,-0.005408952665733007,-0.002503042356685261
0.004544181767270691,-0.08673621784878498,-0.014502646125924898,-0.014536208834644578,-0.014542128575455978,-0.00518764851544797,-0.005381917638986202,-0.005409411800802725,-0.0025032661627432872
0.0045461818472738915,-0.08673726599306628,-0.014502805671257247,-0.014536368541923294,-0.014542288394919832,-0.005187697091302809,-0.005381969182368,-0.005409463544956,-0.002503285648168267
0.004548181927277091,-0.0867439106451608,-0.014503963277866839,-0.014537522581848076,-0.014543448150254655,-0.005188157763542637,-0.005382424268740482,-0.005409922998687981,-0.002503509604559308
0.004550182007280292,-0.08674496352331608,-0.014504123627611096,-0.014537683093210511,-0.01454360877591365,-0.005188206640853516,-0.0053824761179575254,-0.005409975050520849,-0.0025035292350758967
0.004552182087283491,-0.08675161274483005,-0.014505282010426881,-0.014538837909099893,-0.014544769309188337,-0.005188667603569184,-0.005382931499288091,-0.005410434800950002,-0.0025037533313172753
0.004554182167286692,-0.08675267002796008,-0.014505443108173244,-0.014538999168309499,-0.014544930684533655,-0.005188716760376395,-0.00538298363258671,-0.005410487138498311,-0.002503773096443266
0.004556182247289892,-0.08675932349001755,-0.014506602210789366,-0.01454015470393101,-0.014546091939243333,-0.005189177991609845,-0.0053834392871232725,-0.005410947163662105,-0.0025039973220535488
0.004558182327293092,-0.08676038484927698,-0.01450676400013725,-0.014540316654760558,-0.014546254007775402,-0.005189227405957441,-0.005383491682753469,-0.005410999764965393,-0.002504017211308507
0.0045601824072962925,-0.08676704222307172,-0.014507923766159985,-0.014541472853893638,-0.014547415927427412,-0.005189688883755421,-0.0053839475887486644,-0.0054114600429060475,-0.0025042415558085497
0.004562182487299492,-0.08676810732970312,-0.014508086190724101,-0.014541635440130972,-0.014547578632661934,-0.005189738533693509,-0.005384000224966335,-0.005411512886009854,-0.002504261558714927
0.004564182567302693,-0.08677476828653578,-0.014509246563778017,-0.01454279224657341,-0.014548741160781946,-0.005190200236110082,-0.005384456360679944,-0.005411973394776789,-0.0025044860116290486
0.004566182647305892,-0.08677583681190625,-0.014509409567194443,-0.014542955412027735,-0.014548904446256021,-0.005190250099697242,-0.005384509215749295,-0.005412026457735045,-0.0025045061177133105
0.004568182727309093,-0.08678250102321859,-0.014510570490928555,-0.014544112769601575,-0.01455006752639411,-0.005190712004796071,-0.00538496555945053,-0.005412487175387259,-0.0025047306685704127
0.004570182807312293,-0.08678357263885353,-0.014510734016860616,-0.01454427645810925,-0.014550231335672298,-0.005190762060101631,-0.005385018611646351,-0.005412540436264557,-0.002504750867364159
0.004572182887315493,-0.08679023977626442,-0.014511895434954285,-0.014545434310666792,-0.014551394911408914,-0.005191224145958318,-0.005385475141616174,-0.005413001340872907,-0.0025049755056988318
0.0045741829673186934,-0.0867913141538848,-0.014512059427098942,-0.0145455984660976,-0.014551559188089298,-0.005191274371064848,-0.005385528369226256,-0.005413054777747038,-0.0025049957867399556
0.004576183047321893,-0.08679798388922443,-0.014513221283267893,-0.014546756757527363,-0.014552723203041426,-0.005191736615769361,-0.005385985063759724,-0.005413515847396659,-0.0025052205020936096
0.004578183127325094,-0.08679906070078004,-0.014513385685361419,-0.014546921323790384,-0.014552887890761526,-0.005191786988774851,-0.005386038445087078,-0.005413569438360743,-0.002505240854927357
0.004580183207328293,-0.08680573270612725,-0.014514547923364169,-0.014548079998023518,-0.014554052288588913,-0.005192249370433907,-0.005386495282495829,-0.005414030651153451,-0.002505465636849405
0.004582183287331494,-0.08680681162383261,-0.014514712679188376,-0.014548244919073056,-0.014554217331031823,-0.005192299869454218,-0.005386548795861051,-0.005414084374318439,-0.0025054860510295394
0.004584183367334693,-0.08681348557154805,-0.014515875242831785,-0.014549403920088947,-0.014555382055442729,-0.005192762366193518,-0.0053870057544753765,-0.005414545708374964,-0.0025057108890784246
0.004586183447337894,-0.08681456626791882,-0.014516040296220209,-0.014549569139930904,-0.014555547396343385,-0.005192812969364801,-0.0053870593782191206,-0.005414599541872,-0.0025057313541683914
0.004588183527341094,-0.08682124183068056,-0.01451720312936579,-0.0145507284117633,-0.01455671239110071,-0.005193275559331476,-0.00538751643639044,-0.005415060975334429,-0.002505956237912773
0.004590183607344294,-0.08682232397856747,-0.014517368424209462,-0.01455089387446092,-0.014556877974251654,-0.005193326244812435,-0.005387570148875553,-0.005415114897317103,-0.0025059767434867327
0.004592183687347495,-0.0868290008294072,-0.01451853147077932,-0.014552053361203986,-0.014558043183179084,-0.005193788906177326,-0.005388027284978767,-0.005415576408351162,-0.0025062016625065926
0.004594183767350694,-0.08683008410203172,-0.014518696951033125,-0.014552219010884014,-0.014558208952436797,-0.005193839652151628,-0.005388081064592754,-0.005415630396998028,-0.0025062221981506385
0.004596183847353895,-0.0868367619143695,-0.01451986015501617,-0.01455337865669852,-0.014559374319424879,-0.005194302363111732,-0.005388538257028503,-0.005416091963795546,-0.002506447142038416
0.004598183927357094,-0.08683784598535839,-0.014520025764704415,-0.014553544437557069,-0.01455954021871538,-0.0051943531477902875,-0.0053885920821857575,-0.005416145997312235,-0.002506467697351604
0.004600184007360295,-0.08684452443303753,-0.01452118907016225,-0.014554704186676133,-0.014560705687727485,-0.005194815886571072,-0.005389049309382836,-0.005416607598093395,-0.0025066926557133036
0.0046021840873634945,-0.08684560897645892,-0.014521354753385165,-0.014554870042984853,-0.014560871661052863,-0.005194866688194416,-0.005389103158527036,-0.005416661654715201,-0.002506713220308852
0.004604184167366695,-0.08685228773378142,-0.014522518104458126,-0.014556029839720146,-0.014562037176131257,-0.005195329433052183,-0.0053895603989446315,-0.005417123267730945,-0.002506938182765184
0.0046061842473698955,-0.08685337242418,-0.0145226838053977,-0.014556195715832191,-0.014562203167575468,-0.005195380229892899,-0.005389614250551067,-0.005417177325725046,-0.0025069587462715637
0.004608184327373095,-0.08686005116594143,-0.014523847146310855,-0.014557355504579797,-0.014563368672847297,-0.005195842959117039,-0.005390071482681111,-0.005417638929259375,-0.0025071837024590237
0.004610184407376296,-0.08686113567837235,-0.014524012809236816,-0.01455752134493576,-0.014563534626582175,-0.0051958937294819905,-0.005390125315258958,-0.005417692966927169,-0.0025072042545210564
0.004612184487379495,-0.08686781407989688,-0.014525176084306042,-0.01455868107018226,-0.01456470006626551,-0.0051963564213974274,-0.005390582517628447,-0.005418154539299487,-0.0025074291940930873
0.004614184567382696,-0.08686889808996238,-0.014525341653581984,-0.014558846819316238,-0.014564865926556989,-0.00519640714363019,-0.005390636309723138,-0.005418208534979042,-0.0025074497243731154
0.0046161846473858955,-0.08687557582713787,-0.01452650480721992,-0.01456000642564472,-0.01456603124496685,-0.005196869776599692,-0.005391093460896462,-0.005418670054546568,-0.002507674637001184
0.004618184727389096,-0.08687665901102136,-0.014526670227309208,-0.01456017202819029,-0.014566196956180699,-0.005196920429082854,-0.005391147191091956,-0.005418723986614822,-0.00250769513518014
0.004620184807392296,-0.0868833357603347,-0.01452783320403138,-0.014561331460286236,-0.014567362097735133,-0.005197382981509358,-0.005391604269673223,-0.005419185431774853,-0.00250792001055492
0.004622184887395496,-0.08688441779483516,-0.014527998419503094,-0.014561496860982391,-0.014567527604343171,-0.005197433542666837,-0.005391657916594352,-0.005419239278650059,-0.002507940466333446
0.004624184967398697,-0.08689109323340735,-0.014529161163933857,-0.014562656063639823,-0.014568692513569265,-0.005197895992995832,-0.0053921149012297,-0.00541970062784234,-0.0025081652941658593
0.004626185047401896,-0.08689217379597497,-0.014529326119468885,-0.014562821207336884,-0.014568857760155075,-0.005197946441295183,-0.0053921684435444175,-0.005419754367986295,-0.0025081856972654307
0.004628185127405097,-0.08689884760159503,-0.014530488576347216,-0.01456398012546415,-0.014570022381694855,-0.005198408768017005,-0.005392625312924293,-0.005420215599695349,-0.0025084104672878057
0.0046301852074082965,-0.08689992637036652,-0.014530653216744249,-0.014564144957129935,-0.014570187312960241,-0.005198459081971859,-0.0053926787293460815,-0.0054202692116158266,-0.0025084308074518557
0.004632185287411497,-0.08690659822152705,-0.014531815330930009,-0.014565303535755685,-0.01457135159157657,-0.005198921263623993,-0.005393135462207545,-0.0054207303043732604,-0.002508655509419013
0.004634185367414697,-0.08690767487535962,-0.014531979601111496,-0.014565468000481304,-0.014571516152347249,-0.005198971421796309,-0.005393188731497667,-0.005420783766626305,-0.002508675776414033
0.004636185447417897,-0.08691434445129095,-0.014533141317591147,-0.014566626184760506,-0.01457268003292998,-0.005199433436965726,-0.005393645306626711,-0.0054212446990131195,-0.0025089004001043903
0.004638185527421098,-0.08691541866979755,-0.014533305162609162,-0.01456679022776628,-0.01457284416816147,-0.00519948341796812,-0.0053936984075964815,-0.005421297990205314,-0.0025089205837210333
0.004640185607424297,-0.08692208565050344,-0.01453446642650189,-0.014567947962986183,-0.014574007595733376,-0.005199945245293637,-0.005394154803830346,-0.005421758740854289,-0.0025091451189377494
0.004642185687427498,-0.08692315711408703,-0.014534629791544242,-0.014568111529627684,-0.014574171250517184,-0.005199995027791705,-0.005394207715343474,-0.005421811839645156,-0.0025091652089919386
0.0046441857674306974,-0.08692982118037842,-0.014535790548107847,-0.01456926876121359,-0.014575334170239882,-0.005200456645966261,-0.00539466391157288,-0.005422272387243084,-0.002509389645563976
0.004646185847433898,-0.08693088957026673,-0.014535953378503778,-0.014569431796987505,-0.014575497289809244,-0.005200506208680875,-0.0053947166125477295,-0.005422325272347333,-0.002509409631898008
0.004648185927437098,-0.08693755040379696,-0.014537113573140623,-0.014570588470508869,-0.014576659646989168,-0.005200967596453872,-0.005395172587719245,-0.005422785595637411,-0.0025096339596812653
0.004650186007440298,-0.08693861540207712,-0.01453727581436698,-0.014570750921058785,-0.014576822176725056,-0.005201016918163495,-0.00539522505713111,-0.005422838245827246,-0.002509653832164906
0.004652186087443498,-0.08694527268537566,-0.014538435392629815,-0.014571906982234992,-0.014577983916819295,-0.005201478054343067,-0.005395680790249373,-0.005423298323611327,-0.002509878041043313
0.004654186167446698,-0.08694633397502848,-0.014538596990316809,-0.014572068793357502,-0.014578145802256392,-0.005201527113886074,-0.00539573300713278,-0.005423350717718772,-0.002509897789574903
0.004656186247449899,-0.08695298739153615,-0.014539755897914794,-0.014573224188063776,-0.014579306870878673,-0.005201987977341417,-0.005396188477262796,-0.005423810528859676,-0.002510121869461504
0.004658186327453098,-0.08695404465647066,-0.014539916797851962,-0.01457338530571421,-0.014579468057711247,-0.005202036753618379,-0.005396240420713797,-0.005423862645778903,-0.0025101414839690597
0.004660186407456299,-0.0869606938905731,-0.014541074980656392,-0.014574539979987427,-0.01458062840063783,-0.005202497323281993,-0.005396695606983168,-0.005424322169202646,-0.002510365424807095
0.004662186487459499,-0.08696174681566052,-0.014541235128798439,-0.014574700350285793,-0.01458078883472562,-0.005202545795257995,-0.005396747256161564,-0.00542437398789222,-0.002510384895249407
0.004664186567462699,-0.08696839155272332,-0.01454239253284889,-0.014575854250330473,-0.014581948397901128,-0.005203006050128042,-0.005397202137762844,-0.005424833202590439,-0.0025106086870134497
0.004666186647465899,-0.08696943982383211,-0.014542551875321606,-0.01457601381956726,-0.01458210802527525,-0.005203054196834907,-0.005397253471894492,-0.005424884702075623,-0.002510628003381147
0.004668186727469099,-0.0869760797502342,-0.014543708446831533,-0.014577166891761329,-0.014583266754818653,-0.0052035141159774805,-0.0053977080280873885,-0.005425343587107759,-0.002510851636078172
0.004670186807472299,-0.08697712305426283,-0.014543866929937517,-0.0145773256064033,-0.014583425521687284,-0.005203561916516071,-0.00539775902646637,-0.005425394746482737,-0.0025108707883948196
0.004672186887475499,-0.0869837578574317,-0.014545022615300272,-0.014578477797303962,-0.014584583363897749,-0.005204021479067472,-0.005398213236580037,-0.0054258532809783894,-0.0025110942520652985
0.0046741869674787,-0.08698479588234387,-0.014545180185524994,-0.014578635604000086,-0.014584741216652316,-0.005204068912610041,-0.005398263878571061,-0.005425904079408625,-0.0025111132303885183
0.0046761870474818995,-0.0869914252507875,-0.014546334931319481,-0.014579786860349452,-0.014585898118014733,-0.0052045280977789515,-0.005398717722006208,-0.005426362242569682,-0.002511336515107454
0.0046781871274851,-0.08699245768564506,-0.014546491535336794,-0.01457994370593655,-0.014586055003235369,-0.005204575143571272,-0.005398767987046702,-0.005426412659294121,-0.002511355309529943
0.0046801872074883,-0.08699908130898844,-0.014547645288333525,-0.014581093974667716,-0.014587210910426727,-0.005205033930641209,-0.005399221443278104,-0.005426870430397194,-0.002511578405408036
0.0046821872874915,-0.08700010784398647,-0.014547800873011827,-0.014581249806176526,-0.014587366774888401,-0.005205080568004996,-0.005399271310880574,-0.005426920444730622,-0.002511597006058718
0.0046841873674947,-0.08700672541300268,-0.0145489535801784,-0.014582399034419121,-0.014588521634783079,-0.0052055389363363505,-0.005399724359459007,-0.005427377803129149,-0.002511819903243352
0.0046861874474979,-0.08700774573950179,-0.014549108092586152,-0.014582553799079655,-0.014588676425461215,-0.005205585144671365,-0.005399773809213191,-0.005427427394464294,-0.0025118383002883916
0.0046881875275011,-0.08701435694614779,-0.014550259701093252,-0.014583701934165692,-0.014589830185137013,-0.005206043073703831,-0.005400226429767881,-0.005427884319590891,-0.002512060988964777
0.0046901876075043005,-0.08701537075670937,-0.014550413088504948,-0.014583855579413432,-0.014589983849213306,-0.005206088832490251,-0.00540027544134301,-0.005427933467400837,-0.0025120791726086977
0.004692187687507501,-0.08702197529415794,-0.014551563545732052,-0.014585002568882979,-0.01459113645595714,-0.005206546301744984,-0.005400727613583724,-0.005428389938769486,-0.002512301643000906
0.004694187767510701,-0.08702298228257595,-0.014551715755633647,-0.014585155042364182,-0.014591288940825252,-0.005206591590545496,-0.005400776166730715,-0.005428438622609742,-0.002512319603487607
0.004696187847513901,-0.0870295798452507,-0.014552865009174801,-0.01458630083397128,-0.014592440342139065,-0.005207048579627374,-0.005401227870450071,-0.005428894619818117,-0.0025125418458596693
0.004698187927517101,-0.08703057970658581,-0.0145530159892697,-0.014586452083548978,-0.014592591595410464,-0.0052070933780895765,-0.005401275945003755,-0.005428942819328954,-0.002512559573473539
0.004700188007520301,-0.08703716999019377,-0.014554163986939267,-0.014587596625267072,-0.014593741739016777,-0.005207549866689434,-0.005401727160079377,-0.005429398322060532,-0.0025127815781304822
0.004702188087523501,-0.08703816242080668,-0.014554313685153985,-0.01458774659902665,-0.014593891708526353,-0.005207594154547906,-0.0054017747359606716,-0.00542944601696918,-0.002512799063197433
0.0047041881675267015,-0.0870447451223709,-0.01455546037499213,-0.014588889839054502,-0.014595040542373964,-0.0052080501224446955,-0.00540222544235735,-0.005429901004995508,-0.0025130208204863186
0.004706188247529902,-0.08704572981995569,-0.014555608739481992,-0.014589038485309324,-0.014595189176185868,-0.005208093879523336,-0.005402272499575486,-0.005429948175118397,-0.0025130380533748605
0.004708188327533102,-0.08705230463784897,-0.014556754069760395,-0.014590180372076449,-0.014596336648455523,-0.005208549306586385,-0.0054027226773474355,-0.0054304026283012825,-0.0025132595536858852
0.004710188407536302,-0.0870532813014658,-0.014556901048915206,-0.014590327639373677,-0.014596483894868744,-0.005208592512800567,-0.005402769196002181,-0.0054304492535462295,-0.0025132765248081774
0.004712188487539502,-0.08705984793544366,-0.014558044968143074,-0.014591468121546124,-0.014597629953979032,-0.005209047378991809,-0.0054032188252951885,-0.005430903151840005,-0.002513497758575716
0.004714188567542702,-0.08706081626555194,-0.014558190510592595,-0.014591613958672164,-0.01459777576153301,-0.005209090014350539,-0.005403264785578903,-0.0054309492122083716,-0.002513514458388593
0.004716188647545902,-0.08706737441678536,-0.014559332967521878,-0.014592752985158094,-0.014598920356145696,-0.00520954429972665,-0.005403713846632489,-0.005431402535662018,-0.0025137354160922145
0.0047181887275491025,-0.08706833411527592,-0.01455947702214164,-0.014592897341144303,-0.014599064673625999,-0.005209586344334825,-0.005403759228832405,-0.005431448011250939,-0.0025137518350982512
0.004720188807552302,-0.08707488348638447,-0.014560617965772887,-0.01459403486109967,-0.014600207752651948,-0.005210040029049461,-0.005404207701982064,-0.005431900740010358,-0.002513972507263816
0.004722188887555503,-0.08707583425661243,-0.014560760481689729,-0.014594177685227827,-0.014600350529095928,-0.005210081463109993,-0.005404252486482379,-0.005431945611014931,-0.0025139886360123604
0.004724188967558703,-0.08708237455169617,-0.014561899861277547,-0.014595313648061811,-0.014601492041700404,-0.005210534527415945,-0.005404700352161615,-0.0054323977253249965,-0.002514209013213001
0.004726189047561903,-0.08708331609851387,-0.014562040787875211,-0.01459545488986974,-0.0146016332264027,-0.005210575331231995,-0.0054047445194456735,-0.005432441972040442,-0.0025142248423012333
0.004728189127565103,-0.08708984702318498,-0.014563178552933738,-0.01459658924525026,-0.014602773122011034,-0.00521102775548328,-0.005405191758188206,-0.005432893452247214,-0.0025144449151583907
0.004730189207568303,-0.08709077905297473,-0.014563317839858439,-0.014596728854537588,-0.014602912664529283,-0.005211067909460412,-0.00540523528884071,-0.0054329370550710975,-0.0025144604352323537
0.004732189287571503,-0.08709730031439172,-0.014564453940167114,-0.01459786155239685,-0.014604050892832537,-0.005211519674114551,-0.005405681881282592,-0.005433387881624022,-0.0025146801944168564
0.004734189367574703,-0.08709822253509637,-0.01456459153733287,-0.014597999479230002,-0.014604188742992574,-0.0052115591587627635,-0.005405724755991549,-0.005433430821058233,-0.0025146953961724095
0.004736189447577904,-0.08710473384199542,-0.014565725922941945,-0.014599130469770322,-0.014605325253953081,-0.00521201024438292,-0.005406170682873374,-0.005433880974512313,-0.0025149148324054883
0.004738189527581103,-0.08710564596315173,-0.01456586178053635,-0.014599266664488438,-0.014605461361854824,-0.00521204904031896,-0.005406212882432383,-0.005433923231165376,-0.002514929706589428
0.004740189607584304,-0.08711214702587844,-0.01456699440177212,-0.014600395898187242,-0.014606596105711446,-0.005212499427575985,-0.005406658124601305,-0.005434372692183212,-0.002515148810643697
0.004742189687587504,-0.08711304875864817,-0.014567128470261658,-0.014600530311407465,-0.01460673042173417,-0.0052125375155253634,-0.0054066996299115795,-0.005434414246772345,-0.002515163348054719
0.004744189767590704,-0.08711953928918888,-0.014568259277732018,-0.014601657739022845,-0.01460786334900786,-0.005212987185199951,-0.005407144168323403,-0.005434862996126292,-0.0025153821107551998
0.004746189847593904,-0.08712043034639179,-0.014568391507867554,-0.014601790321645807,-0.014607995823815785,-0.0052130245459991705,-0.005407184960395975,-0.005434903829479589,-0.00251539630224494
0.004748189927597104,-0.0871269100584063,-0.014569520452467625,-0.014602915894222173,-0.01460912688531519,-0.005213473478984047,-0.005407628776117356,-0.005435351848053909,-0.002515614714470106
0.0047501900076003046,-0.08712779015455027,-0.014569650795289785,-0.014603046597437334,-0.014609257469862696,-0.0052135100935825655,-0.0054076688360750105,-0.005435391941112356,-0.002515628550944129
0.004752190087603504,-0.08713425876340347,-0.014570777828207197,-0.014604170266310628,-0.01461038661668948,-0.005213958270884549,-0.0054081119102854895,-0.005435839209905339,-0.0025158466036268945
0.004754190167606705,-0.08713512761471673,-0.014570906235051707,-0.014604299041601584,-0.014610515262226674,-0.00521399412034699,-0.00540815121936495,-0.005435878543724933,-0.0025158600760456728
0.004756190247609904,-0.0871415848375084,-0.01457203130777185,-0.014605420758404626,-0.014611642445780832,-0.005214441523089068,-0.005408593533358996,-0.005436325043850921,-0.0025160777601743833
0.004758190327613105,-0.08714244216197088,-0.014572157730275186,-0.014605547557554697,-0.014611769103858929,-0.005214476588597302,-0.005408632072912996,-0.005436363599604878,-0.0025160908595543677
0.004760190407616305,-0.08714888771756797,-0.014573280794586634,-0.01460666727422248,-0.01461289427584412,-0.005214923198020692,-0.005409073608102086,-0.005436809312296368,-0.0025163081661737758
0.004762190487619505,-0.08714973323494224,-0.014573405184691073,-0.014606792049319917,-0.014613018898320805,-0.0052149574608759,-0.005409111359601415,-0.005436847071277061,-0.0025163208835883343
0.0047641905676227055,-0.08715616684401054,-0.014574526192691084,-0.014607909718095117,-0.01461414201074991,-0.005215403258342247,-0.005409552097516114,-0.005437291977886829,-0.0025165378038006455
0.004766190647625905,-0.08715700027587203,-0.014574648502649893,-0.014608032421538112,-0.01461426454979436,-0.00521543669996691,-0.005409589042551591,-0.0054373289215078795,-0.00251655013038101
0.004768190727629106,-0.0871634216609053,-0.014575767406749467,-0.014609147994976077,-0.014615385554994524,-0.005215881666960173,-0.005410028964843557,-0.005437773003510995,-0.002516766655346809
0.004770190807632305,-0.08716424273067433,-0.01457588758913264,-0.014609268579478548,-0.014615505963093158,-0.005215914268900322,-0.005410065085128187,-0.005437809113309398,-0.002516778582283182
0.004772190887635506,-0.08717065161602668,-0.01457700434206184,-0.014610382010452824,-0.014616624813711199,-0.005216358387028958,-0.005410504173572251,-0.005438252352305271,-0.0025169947032224428
0.004774190967638706,-0.08717146004899855,-0.014577122349761008,-0.014610500429049227,-0.014616743043672645,-0.005216390130956022,-0.005410539450943184,-0.005438287609943433,-0.0025170062217648465
0.004776191047641906,-0.08717785616091339,-0.014578236904574203,-0.014611611670756508,-0.014617859692680263,-0.005216833381954952,-0.005410977687439282,-0.005438729987657845,-0.002517221929957903
0.0047781911276451065,-0.08717865168428797,-0.014578352690807872,-0.014611727876807194,-0.01461797569764056,-0.005216864249667859,-0.005411012103859803,-0.005438764374925508,-0.0025172330314172002
0.004780191207648306,-0.08718503475092948,-0.014579465000889018,-0.014612836882772682,-0.014619090098339489,-0.005217306615400562,-0.00541144947043507,-0.00543920587321269,-0.0025174483182056995
0.004782191287651507,-0.08718581709384268,-0.01457957851920778,-0.014612950829969043,-0.014619203831767465,-0.005217336588827787,-0.005411483007996639,-0.005439239372029041,-0.0025174589939545616
0.004784191367654706,-0.08719218684532534,-0.014580688538275422,-0.014614057554051638,-0.014620315937794719,-0.005217778051288211,-0.005411919486807329,-0.00543967997287364,-0.0025176738507424403
0.004786191447657907,-0.08719295573887788,-0.014580799742567131,-0.014614169196421129,-0.01462042735349687,-0.0052178071124897255,-0.005411952127731534,-0.005439712565289261,-0.002517684092216295
0.0047881915276611065,-0.08719931190729717,-0.01458190742467978,-0.014615273592818367,-0.014621537118829993,-0.005218247653804421,-0.00541238770106511,-0.0054401522508083985,-0.00251789851047072
0.004790191607664307,-0.08720006708458508,-0.014582016269174625,-0.014615382884729853,-0.014621646170955885,-0.005218275784973744,-0.005412419427705663,-0.005440183919007319,-0.002517908309168712
0.0047921916876675075,-0.08720640940404598,-0.014583121568735577,-0.014616484907983104,-0.014622753549917777,-0.00521871538740371,-0.005412854077982624,-0.005440622671452451,-0.002518122280421031
0.004794191767670707,-0.08720715060019128,-0.014583228008011343,-0.01461659180415181,-0.014622860192965098,-0.005218742570869899,-0.005412884872827355,-0.005440653397754163,-0.0025181316279069593
0.004796191847673908,-0.0872134788068383,-0.014584330879773875,-0.014617691409151206,-0.014623965140229275,-0.005219181216812623,-0.005413318582603252,-0.0054410911995131355,-0.002518345143753649
0.004798191927677107,-0.08721420575901617,-0.014584434868760671,-0.014617795864643634,-0.014624069329048682,-0.005219207435042138,-0.0054133484282759695,-0.005441120966374423,-0.0025183540316569063
0.004800192007680308,-0.08722051959106288,-0.014585535267833091,-0.014618893006633308,-0.014625171799644277,-0.0052196451070336035,-0.00541378118024338,-0.005441557799973491,-0.0025185670837605026
0.004802192087683507,-0.08722123203853283,-0.01458563676181872,-0.014618994976872371,-0.014625273489444713,-0.00521967034263236,-0.005413810059505917,-0.005441586589990467,-0.0025185755037770044
0.004804192167686708,-0.08722753123629157,-0.014586734643669429,-0.014620089611455379,-0.014626373438761619,-0.005220107023348946,-0.005414241836496366,-0.005442022438096162,-0.0025187880838670536
0.004806192247689908,-0.08722822892042531,-0.014586833598303997,-0.014620189052225264,-0.014626472585114968,-0.005220131259064225,-0.005414269732250351,-0.005442050234006227,-0.002518796027760182
0.004808192327693108,-0.08723451322633503,-0.01458792891876628,-0.014621281135368322,-0.014627569968908561,-0.00522056693132459,-0.005414700517236169,-0.005442485079427288,-0.0025190081276341173
0.004810192407696309,-0.08723519589064571,-0.014588025290067542,-0.014621378002819636,-0.014627666527755,-0.005220590150046999,-0.005414727412525113,-0.0054425118641110255,-0.0025190155872356103
0.004812192487699508,-0.08724146504930141,-0.014589118005344619,-0.014622467490858248,-0.014628761302151277,-0.0052210247968141055,-0.005415157188621409,-0.005442945689800364,-0.0025192271987597237
0.004814192567702709,-0.08724213243947271,-0.014589211749702569,-0.01462256174151269,-0.014628855229803854,-0.005221046981579403,-0.005415183066632486,-0.005442971446283474,-0.0025192341659706257
0.004816192647705908,-0.08724838619765321,-0.014590301816372457,-0.014623648591155908,-0.014629947351304174,-0.005221480585962323,-0.005415611817098932,-0.005443404235340005,-0.0025194452810809198
0.004818192727709109,-0.08724903806156728,-0.014590392890554317,-0.01462374018191121,-0.014630038604453863,-0.005221501719953421,-0.005415636661164867,-0.00544342894679519,-0.0025194517478724634
0.0048201928077123085,-0.08725527616826435,-0.014591480265574755,-0.01462482435024664,-0.014631128029940007,-0.00522193426520934,-0.005416064369407723,-0.005443860682465854,-0.002519662358575611
0.004822192887715509,-0.08725591225602937,-0.014591568626729811,-0.014624913238381268,-0.014631216565660488,-0.005221954331758072,-0.0054160881630086685,-0.005443884332214634,-0.0025196683169901022
0.00482419296771871,-0.08726213446247628,-0.014592653267442973,-0.014625994682879789,-0.014632303252399345,-0.005222385801294088,-0.005416514812582527,-0.0054443149978961585,-0.0025198784153643203
0.004826193047721909,-0.08726275452645581,-0.014592738873107454,-0.014626080826058025,-0.014632389028151876,-0.005222404783883242,-0.005416537539347967,-0.0054443375694109165,-0.002519883857516077
0.00482819312772511,-0.08726896058615316,-0.014593820737244688,-0.0146271595045783,-0.01463347293380022,-0.005222835161258175,-0.0054169631139575946,-0.005444767148651681,-0.002520093435711982
0.004830193207728309,-0.0872695643809933,-0.014593903545346438,-0.01462724286085473,-0.014633555907438362,-0.005222853043523213,-0.005416984757668118,-0.005444788625557354,-0.0025200983537881855
0.00483219328773151,-0.08727575404973845,-0.014594982591033189,-0.01462831873164839,-0.014634636990047684,-0.005223282312449592,-0.005417409241170348,-0.005445217102059297,-0.0025203074040297223
0.0048341933677347095,-0.08727634133239504,-0.014595062559896416,-0.014628399259472721,-0.014634717119822088,-0.005223299078180523,-0.005417429785759482,-0.005445237468135293,-0.0025203117902913063
0.00483619344773791,-0.08728251436830928,-0.014596138745656791,-0.014629472281188705,-0.014635795337843288,-0.0052237272225263325,-0.005417853162165003,-0.005445664825755738,-0.002520520304876611
0.00483819352774111,-0.08728308489807539,-0.014596215834006686,-0.014629549939410395,-0.014635872582406218,-0.00522374285566955,-0.0054178725917210305,-0.0054456840649377185,-0.0025205241516591185
0.00484019360774431,-0.08728924106163062,-0.014597289118768184,-0.014630620071099783,-0.014636947894694241,-0.005224169859460068,-0.005418294845196181,-0.005446110287691158,-0.002520732122961371
0.004842193687747511,-0.08728979460016358,-0.014597363285735663,-0.014630694818972617,-0.014637022213104466,-0.005224184344120154,-0.005418313143963926,-0.0054461283840728705,-0.002520735422675827
0.00484419376775071,-0.08729593365420973,-0.014598433628833785,-0.01463176202009316,-0.014638094578922982,-0.0052246101915397174,-0.005418734258832478,-0.005446553456132772,-0.0025209428431441326
0.004846193847753911,-0.0872964699655587,-0.014598504833960047,-0.014631833817279966,-0.014638165930650234,-0.005224623511981287,-0.0054187514112151005,-0.005446570393967871,-0.0025209455882779226
0.0048481939277571105,-0.08730259167535005,-0.014599572195142796,-0.014632898047700696,-0.014639235309676191,-0.005225048187375143,-0.005419171371960014,-0.005446994299668467,-0.002521152450438131
0.004850194007760311,-0.0873031105259815,-0.014599640398383946,-0.014632966854277842,-0.014639303654605747,-0.005225060328024514,-0.005419187362520756,-0.005447010063372236,-0.0025211546335558175
0.004852194087763511,-0.08730921465920356,-0.014600704737816607,-0.0146340280742836,-0.014640370006933976,-0.005225483815900562,-0.0054196061537859766,-0.005447432787210345,-0.0025213609300114123
0.004854194167766711,-0.08730971581802854,-0.014600769899548022,-0.014634093850745518,-0.014640435305371296,-0.0052254947613476046,-0.005419620967249901,-0.005447447361361509,-0.0025213625437555914
0.004856194247769911,-0.08731580214482426,-0.014601831177817404,-0.01463515202104136,-0.01464149859151895,-0.005225917046378133,-0.005420038573842067,-0.005447868887998188,-0.002521568267188494
0.004858194327773111,-0.08731628538322374,-0.014601893258838452,-0.014635214728304959,-0.014641560804194069,-0.005225926781378006,-0.005420052195097791,-0.005447882257340641,-0.0025215693042806193
0.004860194407776312,-0.08732235367621953,-0.014602951436957471,-0.014636269810020777,-0.014642620985105161,-0.0052263478484014655,-0.005420468601987955,-0.00544830257160304,-0.002521774447452045
0.0048621944877795115,-0.08732281876807126,-0.014603010398495821,-0.014636329409429962,-0.01464268007317721,-0.005226356357876327,-0.005420481016089394,-0.005448314721047553,-0.0025217749006932783
0.004864194567782712,-0.08732886880240158,-0.014604065437907803,-0.014637381364124664,-0.014643737110226906,-0.005226776191898969,-0.005420896208414701,-0.005448733807930494,-0.0025219794564445073
0.004866194647785912,-0.08732931552410514,-0.014604121241623767,-0.014637437817454543,-0.014643793035288398,-0.005226783460939684,-0.005420907400582718,-0.005448744722556473,-0.002521979318716499
0.004868194727789112,-0.08733534707744094,-0.014605173104207208,-0.014638486607120794,-0.014644846890287808,-0.0052272020471374496,-0.0054213213636482085,-0.005449162567224359,-0.0025221832799697716
0.004870194807792312,-0.08733577520794264,-0.014605225712198128,-0.01463853987658226,-0.014644899614369048,-0.005227208061005291,-0.0054213313192722976,-0.0054491722322814835,-0.0025221825442355017
0.004872194887795512,-0.08734178806051378,-0.014606274360270635,-0.014639585463650321,-0.014645950249569011,-0.005227625384725304,-0.005421744038552413,-0.005449588820069781,-0.002522385903994761
0.004874194967798712,-0.08734219738133295,-0.014606323735075285,-0.014639635511894206,-0.014645999735142495,-0.005227630128853667,-0.005421752743192414,-0.005449597220979739,-0.0025223845632993216
0.0048761950478019124,-0.08734819131595355,-0.014607369131397818,-0.014640677859236473,-0.01464704711323824,-0.0052280461756159646,-0.0054221642043327705,-0.0054500125373967605,-0.0025225873146510185
0.004878195127805113,-0.08734858161120702,-0.014607415236000726,-0.014640724649357915,-0.014647093323223018,-0.005228049635612019,-0.0054221716437205195,-0.005450019659754921,-0.0025225853621224366
0.004880195207808313,-0.08735455641330159,-0.01460845734378211,-0.014641763720293102,-0.014648137407358125,-0.005228464391111236,-0.005422581832539469,-0.005450433690483416,-0.0025227874982363275
0.004882195287811513,-0.08735492746972835,-0.014608500141617672,-0.014641807215835667,-0.014648180305123869,-0.00522846655275758,-0.005422587992580343,-0.005450439520060439,-0.0025227849270863367
0.004884195367814713,-0.08736088292735589,-0.014609538924518746,-0.014642842974133175,-0.014649221058894926,-0.0052288800028646035,-0.005422996895070708,-0.005450852250959346,-0.002522986441216285
0.004886195447817913,-0.08736123453434015,-0.01460957837947521,-0.014642883139092944,-0.014649260608265961,-0.005228880852120786,-0.005423001761845287,-0.005450856773702768,-0.0025229832447410485
0.004888195527821113,-0.08736717043821811,-0.014610613801613026,-0.014643915548976741,-0.014650297995726484,-0.005229292982884362,-0.00542340936417587,-0.0054512681908087165,-0.002523184130225791
0.004890195607824313,-0.08736750238781596,-0.014610649878037034,-0.014643952347806645,-0.0146503341609863,-0.005229292505888648,-0.005423412923941578,-0.0054512713928446714,-0.0025231803018067726
0.004892195687827514,-0.0873734185313436,-0.014611681903988752,-0.01464498137395952,-0.014651368146650719,-0.005229703303536948,-0.005423819212458752,-0.005451681482373646,-0.002523380552070653
0.0048941957678307136,-0.0873737306183045,-0.014611714566689124,-0.014645014771573187,-0.014651400892545846,-0.005229701486607831,-0.00542382145165134,-0.005451683350008369,-0.0025233760851753042
0.004896195847833914,-0.08737962679758766,-0.014612743161496274,-0.014646040379140742,-0.014652431441393735,-0.005230110937550026,-0.005424226412880659,-0.0054520920983572654,-0.0025235756937290552
0.004898195927837114,-0.08737991881937957,-0.01461277237574826,-0.014646070340916768,-0.014652460733137859,-0.0052301077671878336,-0.005424227318115865,-0.0054520926180787075,-0.0025235705819115924
0.004900196007840314,-0.08738579483325398,-0.01461379750492075,-0.014647092495511537,-0.014653487810618052,-0.005230515858015789,-0.005424630938763619,-0.005452500011826921,-0.002523769542353095
0.004902196087843514,-0.08738606659008522,-0.014613823236469873,-0.01464711898729725,-0.014653513613895974,-0.0052305113209041645,-0.0054246304968386125,-0.005452499170306274,-0.0025237637792552147
0.004904196167846714,-0.08739192224013963,-0.01461484486598991,-0.014648137655002568,-0.014654537185930365,-0.005230918038393841,-0.005425032763793335,-0.005452905196217265,-0.002523962085270236
0.004906196247849914,-0.08739217353498376,-0.014614867081055945,-0.014648160643118153,-0.014654559466902056,-0.005230912121401431,-0.005425030961688341,-0.005452902980310571,-0.002523955664621903
0.0049081963278531145,-0.08739800862558146,-0.014615885177381924,-0.014649175790491862,-0.014655579499889552,-0.005231317452514423,-0.005425431862022265,-0.005453307625333285,-0.0025241533099847656
0.004910196407856315,-0.087398239264199,-0.014615903842662946,-0.014649195241734211,-0.014655598225193986,-0.005231310142696265,-0.005425428686902007,-0.005453304022082908,-0.0025241462256049146
0.004912196487859515,-0.08740405360250197,-0.014616918372733415,-0.014650206835813051,-0.01465661468601456,-0.005231714074581426,-0.005425828207872697,-0.005453707273353446,-0.002524343204179296
0.004914196567862715,-0.08740426339346283,-0.014616933455409467,-0.014650222717459443,-0.014656629822773572,-0.005231705359180524,-0.005425823647087911,-0.0054537022699895485,-0.002524335449976527
0.004916196647865915,-0.08741005678945483,-0.014617944386647057,-0.01465123072576247,-0.014657642678791983,-0.005232107879175393,-0.0054262217761396475,-0.0054541041148326,-0.002524531755716154
0.004918196727869115,-0.08741024554416059,-0.014617955854384065,-0.014651243005574596,-0.014657654194614147,-0.00523209774562415,-0.005426215817228529,-0.005454097698774665,-0.0025245233256894614
0.004920196807872315,-0.08741601781066691,-0.014618963154698959,-0.014652247396106996,-0.014658663413683664,-0.005232498841256401,-0.005426612541993796,-0.005454498124704888,-0.0025247189526387856
0.0049221968878755155,-0.08741618534337223,-0.014618970975652509,-0.014652256042334607,-0.014658671276667996,-0.005232487277178134,-0.00542660517268346,-0.005454490283563218,-0.0025247098408782533
0.004924196967878715,-0.08742193629608325,-0.014619974613446454,-0.014653256783591523,-0.014659676827134344,-0.005232886936167063,-0.005427000480984379,-0.005454889278286836,-0.002524904783173169
0.004926197047881916,-0.08742208242391973,-0.014619978756265447,-0.014653261764976146,-0.014659681005874121,-0.00523287392937745,-0.005426991689192317,-0.00545487999986394,-0.0025248949838606836
0.004928197127885116,-0.08742781188141206,-0.014620978700435423,-0.014654258825946408,-0.014660682856578972,-0.005233272139635422,-0.0054273855690420815,-0.005455277551280097,-0.002525089235729201
0.004930197207888316,-0.08742793642440652,-0.014620979134265794,-0.014654260111724951,-0.0146606833201653,-0.005233257678143878,-0.005427375342877583,-0.005455266823572126,-0.0025250787431391015
0.004932197287891516,-0.08743364420816337,-0.014621975354207558,-0.0146552534618945,-0.014661681440450056,-0.005233654427777711,-0.00542776778248184,-0.005455662919774351,-0.0025252722989020406
0.004934197367894716,-0.08743374698926112,-0.014621972048695697,-0.014655251021802908,-0.014661678158475444,-0.005233638499788813,-0.005427756110247266,-0.005455650730972499,-0.002525261107401773
0.0049361974478979165,-0.08743943292369458,-0.01462296451430745,-0.014656240631158578,-0.014662672518184788,-0.005234033777101246,-0.00542814709800555,-0.00545604536025005,-0.0025254539614734317
0.004938197527901116,-0.08743951376877943,-0.014622957439604171,-0.014656234435435444,-0.014662665460746965,-0.005234016371016178,-0.005428133968197892,-0.005456031698742023,-0.002525442065524277
0.004940197607904317,-0.08744517768124965,-0.014623946121289923,-0.014657220274468297,-0.014663656030232324,-0.0052344101645071155,-0.0054285234927049205,-0.005456424849581286,-0.0025256342124130465
0.004942197687907516,-0.0874452364191643,-0.014623935248053615,-0.014657210293858242,-0.014663645167937472,-0.005234391268924971,-0.005428508894017033,-0.005456409703952561,-0.0025256216065707307
0.004944197767910717,-0.08745087814000169,-0.014624920116726968,-0.014658192333567324,-0.014664631918060769,-0.0052347835672930405,-0.005428896944064133,-0.005456801365038483,-0.0025258130408798074
0.004946197847913917,-0.08745091460256771,-0.014624905416127085,-0.014658178539324393,-0.014664617222027118,-0.005234763171012167,-0.005428880865386062,-0.00545678472407369,-0.002525799719795121
0.004948197927917117,-0.08745653396509143,-0.014625886443214496,-0.014659156751219905,-0.014665600124163855,-0.005235153963155862,-0.0054292674299624335,-0.005457174884290996,-0.002525990436223116
0.0049501980079203175,-0.08745654798713041,-0.014625867886935293,-0.014659139115111295,-0.014665581566025229,-0.005235132055175296,-0.005429249860382862,-0.005457156736975314,-0.0025259763946426277
0.004952198087923517,-0.08746214482766765,-0.014626845044379326,-0.01466011347121801,-0.014666560592068075,-0.005235521330194385,-0.005429634928676875,-0.005457545385409874,-0.002526166387984156
0.004954198167926718,-0.0874621362470192,-0.01462682260462281,-0.014660091965527032,-0.014666538143976986,-0.005235497899715001,-0.00542961585748423,-0.005457525720930242,-0.0025261516207507467
0.004956198247929917,-0.08746771040492725,-0.01462779586488581,-0.014661062438387705,-0.014667513266339293,-0.0052358856469118635,-0.005429999418884771,-0.005457912846870424,-0.002526340885897146
0.004958198327933118,-0.08746767906246887,-0.014627769514375185,-0.014661037035917325,-0.014667486900970415,-0.005235860683337776,-0.00542997883556868,-0.00545789165461691,-0.0025263253879506784
0.004960198407936318,-0.08747323038015135,-0.01462873885044234,-0.014662003598595994,-0.014668458092589131,-0.0052362468922186375,-0.005430360879666383,-0.0054582772475547815,-0.0025265139198905103
0.004962198487939518,-0.08747317611981828,-0.014628708562425555,-0.01466197427267209,-0.014668427783142658,-0.005236220385158478,-0.005430338773918834,-0.00545825451712182,-0.002526497686268448
0.004964198567942718,-0.08747870444274565,-0.014629673947808107,-0.014662936898757152,-0.014669395017481865,-0.005236605045434612,-0.005430719290507331,-0.005458638566754463,-0.0025266854800881765
0.004966198647945918,-0.08747862711154843,-0.014629639696060579,-0.014662903623231503,-0.014669360737686576,-0.0052365769847027305,-0.005430695652223891,-0.00545861428794207,-0.0025266685059261236
0.004968198727949119,-0.08748413228827585,-0.014630601104799058,-0.014663862286838959,-0.014670323988740488,-0.005236960086291819,-0.005431074631301046,-0.005458996784172811,-0.002526855556810672
0.004970198807952318,-0.08748403173631862,-0.014630562863627157,-0.014663825036092516,-0.01467028571285676,-0.005236930461909439,-0.005431049450582127,-0.005458970946987816,-0.002526837837342992
0.004972198887955519,-0.08748951361850449,-0.014631520270294504,-0.014664779711869145,-0.01467124495515304,-0.0052373119949367,-0.005431426882351215,-0.005459351879927359,-0.0025270241405763293
0.004974198967958718,-0.08748938969900442,-0.014631478014538684,-0.014664738460815275,-0.014671202657976416,-0.005237280797133313,-0.005431400149503312,-0.005459324474584754,-0.0025270056711367466
0.004976199047961919,-0.08749484814142829,-0.01463243139424333,-0.01466568912394162,-0.01467215786657899,-0.005237660751932722,-0.005431776024374207,-0.005459703834552508,-0.002527191222102453
0.004978199127965119,-0.08749470071073212,-0.014632385099280835,-0.014665643848028865,-0.014672111523442846,-0.005237627971147141,-0.005431747729910928,-0.005459674851476411,-0.0025271719981245716
0.004980199207968319,-0.08750013557131177,-0.014633334427669814,-0.014666590474222212,-0.01467306267395517,-0.005238006338262589,-0.005432122038501339,-0.00546005262900157,-0.002527356792306404
0.0049821992879715195,-0.087499964488913,-0.01463328406941792,-0.014666541149437376,-0.014673012260733677,-0.0052379719651441245,-0.005432092173144689,-0.0054600220588265505,-0.0025273368093242927
0.004984199367974719,-0.0875053756287232,-0.014634229322679628,-0.014667483714954884,-0.014673959329301689,-0.0052383487353306725,-0.005432464906281237,-0.005460398244649333,-0.0025275208423067744
0.00498619944797792,-0.0875051807572804,-0.014634174877598665,-0.014667430317826054,-0.014673904822413101,-0.005238312760740281,-0.005432433460962695,-0.005460366078221466,-0.002527500095955486
0.004988199527981119,-0.08751056804056719,-0.014635116032465883,-0.014668368799467412,-0.014674847785727878,-0.005238687924965112,-0.005432804609682,-0.005460740663294129,-0.0025276833634243767
0.00499019960798432,-0.08751034924591992,-0.014635057477561919,-0.01466831130706663,-0.014674789162137086,-0.005238650339976575,-0.005432771575543646,-0.0054607068916721875,-0.0025276618494405162
0.0049921996879875195,-0.08751571254012029,-0.014635994511314688,-0.014669245682177097,-0.014675727997438026,-0.005239023889420295,-0.005433141131093518,-0.005461079867160259,-0.002527844347183374
0.00499419976799072,-0.08751546969130587,-0.014635931824142441,-0.014669184072123599,-0.01467566523465962,-0.005238984685321231,-0.00543310649948919,-0.005461044481616789,-0.002527822061405634
0.0049961998479939205,-0.08752080886706246,-0.014636864714610941,-0.014670114318596689,-0.014676599919737158,-0.005239356611378816,-0.005433474453329656,-0.005461415838900084,-0.0025280037853123776
0.00499819992799712,-0.08752054183633204,-0.014636797873276378,-0.014670048569058947,-0.014676532995837849,-0.005239315779671863,-0.005433438215825794,-0.005461378830922413,-0.0025279807236819637
0.005000200008000321,-0.08752585676750846,-0.014637726598843383,-0.014670974665339223,-0.014677463509036048,-0.005239686073953782,-0.005433804559630161,-0.005461748561596132,-0.002528161669745301
0.00500220008800352,-0.08752556543034314,-0.014637655582006987,-0.01467090475503843,-0.014677392402637941,-0.005239643606357571,-0.005433766708007181,-0.005461709922887589,-0.0025281378283065676
0.005004200168006721,-0.08753085599404142,-0.014638580121610805,-0.014671826680124131,-0.01467831872285732,-0.00524001226069087,-0.005434131433663075,-0.005462078018763337,-0.002528317992622577
0.0050062002480099205,-0.08753054022916736,-0.014638504908489496,-0.01467175258833634,-0.014678243413140137,-0.005239968149141075,-0.005434091959916112,-0.0054620377412441246,-0.002528293367523451
0.005008200328013121,-0.0875358063057418,-0.014639425241626643,-0.014672670321782091,-0.014679165519840328,-0.005240335155570376,-0.005434455059526501,-0.005462404194351018,-0.002528472746291994
0.0050102004080163215,-0.08753546599514615,-0.01463934581199692,-0.014672592028341067,-0.014679085986544242,-0.0052402893922207806,-0.0054344139558666115,-0.005462362270159342,-0.002528447333784447
0.005012200488019521,-0.08754070746821933,-0.0146402619187244,-0.014673505550260316,-0.014680003859746436,-0.005240654743009231,-0.005434775421750818,-0.005462727072744872,-0.0025286259233097165
0.005014200568022722,-0.08754034249716348,-0.014640178252924638,-0.014673423035559864,-0.014679920083174416,-0.0052406073202326455,-0.005434732680605797,-0.0054626834942378185,-0.0025285997197502415
0.005016200648025921,-0.08754555925364069,-0.014641090113862824,-0.01467433232662753,-0.014680833703464112,-0.005240971007862982,-0.005435092505300419,-0.0054630466387689735,-0.0025287775164412082
0.005018200728029122,-0.08754516951067706,-0.014641002192795927,-0.014674245571624316,-0.01468074566448469,-0.005240921918252308,-0.0054350481193159135,-0.005463001398523631,-0.002528750518291343
0.0050202008080323214,-0.08755036144076,-0.014641909789130754,-0.014675150613079137,-0.014681655013013968,-0.005241283935427771,-0.005435406295575799,-0.005463362877687767,-0.0025289275186621803
0.005022200888035522,-0.08754994681774411,-0.014641817594266405,-0.014675059599294705,-0.014681562693063427,-0.00524123317179685,-0.005435360257616161,-0.005463315968502049,-0.0025288997224888815
0.005024200968038722,-0.08755511381494617,-0.014642720907751976,-0.014675960372941775,-0.014682467751553468,-0.005241593511442163,-0.005435716778415405,-0.005463675775207878,-0.0025290759231594616
0.005026201048041922,-0.08755467420705197,-0.014642624421129112,-0.014675865082465213,-0.014682371132638379,-0.005241541066826761,-0.005435669081564603,-0.005463627190101495,-0.0025290473256355988
0.005028201128045123,-0.08755981616821108,-0.014643523434089884,-0.014676761570678203,-0.014683271883381711,-0.005241899722088998,-0.005436023940097313,-0.005463985317479971,-0.0025292227233318916
0.005030201208048322,-0.08755935147394374,-0.014643422638319074,-0.014676661986168262,-0.014683170948081206,-0.005241845589747694,-0.005435974577659868,-0.005463935049695318,-0.0025291933212366544
0.005032201288051523,-0.08756446829923534,-0.014644317333652186,-0.014677554171891679,-0.014684067373944076,-0.005242202553997152,-0.005436327767341168,-0.005464291491100527,-0.0025293679127911715
0.005034201368054722,-0.08756397842044467,-0.014644212211917881,-0.014677450276579308,-0.014683962105412183,-0.00524214672741227,-0.00543627673284303,-0.0054642395341036425,-0.0025293377030105174
0.005036201448057923,-0.08756907001339619,-0.014645102573095512,-0.014678338143330846,-0.014684854189836864,-0.005242501994243408,-0.005436628247309889,-0.005464594283113694,-0.0025295114853627295
0.005038201528061123,-0.08756855485528928,-0.014644993109158016,-0.014678229921021026,-0.014684744571804501,-0.005242444467121753,-0.005436575534499212,-0.005464540630594967,-0.0025294804648897337
0.005040201608064323,-0.08757362112279135,-0.014645879120229455,-0.014679113452893718,-0.014685632298811353,-0.0052427980303540594,-0.00543692536761125,-0.005464893681012841,-0.002529653435086486
0.005042201688067523,-0.08757308059394539,-0.014645765298427418,-0.014679000887967825,-0.014685518315588732,-0.005242738796627861,-0.005436870970459318,-0.005464838326887972,-0.002529621601021805
0.005044201768070723,-0.08757812144626481,-0.014646646944021104,-0.014679880069631997,-0.014686401669778349,-0.005243090650306534,-0.0054372191162996575,-0.005465189672742326,-0.0025297937562176642
0.005046201848073924,-0.0875775554586396,-0.01464652874927346,-0.014679763147050004,-0.014686283306257014,-0.005243029704134272,-0.005437163029001646,-0.0054651326111531395,-0.0025297611057699147
0.005048201928077123,-0.0875825708094314,-0.014647406014599252,-0.014680637963755508,-0.014687162272812285,-0.005243379842531171,-0.005437509481877706,-0.0054654822466991045,-0.0025299324432276012
0.005050202008080324,-0.08758197927838016,-0.014647283432407173,-0.014680516669057637,-0.014687039514467063,-0.00524331717829827,-0.0054374516988534615,-0.005465423472014273,-0.0025298989737137065
0.0050522020880835235,-0.08758696904469898,-0.01464815630325808,-0.014681387106635727,-0.014687914079155148,-0.005243665595912613,-0.005437796453297683,-0.005465771391734218,-0.0025300694908044303
0.005054202168086724,-0.08758635188898055,-0.014648029319707073,-0.014681261425944746,-0.014687786912046108,-0.005243601208232276,-0.005437736969192466,-0.005465710898550061,-0.0025300351996499913
0.005056202248089924,-0.08759131599129266,-0.01464889778246156,-0.014682127470810151,-0.014688657061220595,-0.0052439478997914615,-0.005438080019963159,-0.0054660570971544736,-0.002530204893853878
0.005058202328093124,-0.0875906731330827,-0.014648766384223253,-0.014681997390833174,-0.014688525471995048,-0.005243881783505416,-0.005438018829648446,-0.005465994880295691,-0.0025301697785935643
0.005060202408096324,-0.08759561149527538,-0.014649630425846674,-0.014682859029985765,-0.0146893911925975,-0.005244226743965649,-0.005438360171730382,-0.005466339352723715,-0.0025303386474998944
0.005062202488099524,-0.08759494286017706,-0.01464949460018083,-0.014682724538015971,-0.014689255168491894,-0.005244158894144846,-0.005438297270304499,-0.005466275407244157,-0.0025303027057777504
0.005064202568102725,-0.08759985540957121,-0.01465035420822764,-0.014683581759042783,-0.014690116448053878,-0.005244502118691966,-0.005438636898909722,-0.005466618148664446,-0.002530470747085405
0.0050662026481059245,-0.08759916092662537,-0.014650213942983806,-0.01468344284296148,-0.014689975976895427,-0.005244432530637292,-0.005438572281698586,-0.005466552469847737,-0.0025304339766551998
0.005068202728109125,-0.08760404759398449,-0.014651069105599098,-0.014684295634038348,-0.014690832803540277,-0.005244774014687406,-0.005438910192267073,-0.005466893475659073,-0.0025306011881729225
0.005070202808112325,-0.08760332719567952,-0.014650924389218362,-0.01468415228231635,-0.01469068787374877,-0.005244702683930306,-0.00543884385482483,-0.005466826059019327,-0.002530563586898468
0.005072202888115525,-0.08760818791522049,-0.014651775095139654,-0.014685000632209686,-0.014691540236193313,-0.00524504242313044,-0.005439180043025117,-0.005467165324851337,-0.002530729966545207
0.005074202968118725,-0.08760744153750312,-0.014651625916656358,-0.014684852833909306,-0.014691390836782912,-0.005244969345433653,-0.0054391119811348435,-0.005467096166133821,-0.0025306915324006776
0.005076203048121925,-0.08761227624690461,-0.014652472155215304,-0.01468569673197765,-0.014692238724338908,-0.00524530733566241,-0.0054394464428646335,-0.005467433687847562,-0.002530857078205899
0.005078203128125126,-0.08761150382918872,-0.014652318504258674,-0.014685544476754088,-0.014692084844919594,-0.005245232507020583,-0.005439376652538896,-0.005467362783029302,-0.0025308178092761065
0.0050802032081283255,-0.08761631246960089,-0.014653160265382359,-0.014686383912949689,-0.014692928247495563,-0.005245568744388708,-0.005439709383925738,-0.005467698556717871,-0.0025309825193800596
0.005082203288131526,-0.08761551395477624,-0.014653002132178012,-0.014686227191052711,-0.01469276987827475,-0.0052454921610289315,-0.005439637861407203,-0.005467625902008238,-0.00253094241386077
0.005084203368134726,-0.08762029647083108,-0.014653839406390907,-0.014687062155923199,-0.014693608786377509,-0.005245826641880034,-0.005439968858809078,-0.005467959923997483,-0.002531106286514805
0.005086203448137926,-0.08761947180527208,-0.014653676781762324,-0.01468690095819853,-0.014693445918161546,-0.005245748300262473,-0.0054398956005711,-0.00546788551583883,-0.0025310653427130098
0.005088203528141126,-0.08762422814508936,-0.014654509560187382,-0.014687731442888131,-0.014694280322897362,-0.005246081021173455,-0.005440224860576901,-0.005468217782687741,-0.0025312283762798085
0.005090203608144326,-0.08762337727866405,-0.014654342435557372,-0.014687565760778952,-0.014694112947093031,-0.005246000917991922,-0.0054401498633241206,-0.0054681416177559,-0.0025311865926139696
0.005092203688147526,-0.0876281073938615,-0.014655170709917575,-0.01468839175703005,-0.014694942840169357,-0.005246331875773575,-0.005440477382754271,-0.005468472126257269,-0.00253134878556785
0.0050942037681507265,-0.0876272302799388,-0.014654999077309666,-0.014688221582578279,-0.014694770948785053,-0.005246250007956002,-0.005440400643423026,-0.00546839420146212,-0.0025313061605681804
0.005096203848153927,-0.08763193412563877,-0.014655822839929375,-0.014689043082732747,-0.014695596322511727,-0.0052465791996535675,-0.005440726419329978,-0.00546872294864306,-0.0025314675114953074
0.005098203928157127,-0.08763103072109676,-0.014655646691969037,-0.014688868408580476,-0.014695419908158994,-0.005246495564362569,-0.005440647935088914,-0.0054686432611290485,-0.002531424043804001
0.005100204008160327,-0.08763570825593424,-0.01465646593577531,-0.014689685405580865,-0.014696240755449532,-0.005246822987256187,-0.005440971964757617,-0.005468970244251427,-0.0025315845514026487
0.005102204088163527,-0.08763477852116672,-0.014656285265691325,-0.014689506224971408,-0.014696059811344133,-0.005246737581889553,-0.005440891733008122,-0.005468888791397994,-0.00253154023977411
0.005104204168166727,-0.08763942970729657,-0.014657099984214899,-0.014690318712362257,-0.014696876125716962,-0.005247063233494744,-0.005441214013956531,-0.0054692140079589955,-0.002531699902854892
0.005106204248169927,-0.08763847360622055,-0.01465691478584057,-0.014690135019141617,-0.014696690645680268,-0.005246976055685858,-0.005441132032333219,-0.005469130787381129,-0.002531654746155968
0.005108204328173127,-0.08764309840932327,-0.014657724973217276,-0.014690942991070379,-0.014697502421259771,-0.005247299933753965,-0.005441452562312678,-0.005469454235113588,-0.002531813563642003
0.005110204408176327,-0.08764211590938503,-0.014657535240991218,-0.014690754779688052,-0.014697312399719617,-0.005247210981372234,-0.005441368828683772,-0.0054693692446621586,-0.0025317675608521745
0.005112204488179528,-0.08764671429867424,-0.014658340891963016,-0.014691558230906525,-0.014698119631237403,-0.005247533083890868,-0.0054416876056795046,-0.005469690921535098,-0.0025319255317793445
0.005114204568182728,-0.08764570537085593,-0.01465814662093057,-0.014691365496416664,-0.014697925063229342,-0.005247442355042216,-0.005441602118147296,-0.005469604159297329,-0.0025318786819909455
0.005116204648185928,-0.0876502773190842,-0.014658947730846588,-0.014692164422281965,-0.014698727746025283,-0.005247762680235689,-0.005441919140378788,-0.005469924063516334,-0.002532035805508093
0.005118204728189128,-0.0876492419379095,-0.014658748916660793,-0.014691967160344514,-0.014698528627193567,-0.005247670173262857,-0.00544183189728001,-0.0054698355278162145,-0.002531988107926458
0.005120204808192328,-0.08765378742137317,-0.014659545481478117,-0.01469276155681966,-0.014699326757216549,-0.005247988719592468,-0.005442147163201342,-0.005470153657823756,-0.002532144383295514
0.005122204888195528,-0.08765272556491291,-0.01465934212040051,-0.014692559763701176,-0.01469912308381504,-0.005247894433075418,-0.005442058163107516,-0.005470063347222332,-0.0025320958372392222
0.005124204968198728,-0.08765724456345797,-0.014660134136685226,-0.014693349627356299,-0.014699916657624015,-0.005248211199239864,-0.0054423716714077095,-0.005470379701698136,-0.0025322512638353794
0.0051262050482019286,-0.08765615621333518,-0.014659926225586822,-0.014693143299930914,-0.01469970842651712,-0.005248115131996166,-0.005442280913125532,-0.005470287614993983,-0.0025322018687363597
0.005128205128205128,-0.08766064871036247,-0.014660713690514944,-0.014693928627944155,-0.01470049744128199,-0.005248430116931865,-0.005442592662728934,-0.005470602192855399,-0.0025323564460482885
0.005130205208208329,-0.08765953385175637,-0.014660501226876888,-0.014693717763694169,-0.01470028464994528,-0.005248332268016876,-0.0054425001453004785,-0.00547050832908472,-0.00253230620145195
0.005132205288211529,-0.08766399983422556,-0.01466128413823504,-0.014694498553852315,-0.014701069103447626,-0.005248645470898307,-0.005442810135367062,-0.005470821129487023,-0.0025324599290819007
0.005134205368214729,-0.08766285845587742,-0.014661067120149513,-0.014694283150869108,-0.014700851749968793,-0.005248545839605609,-0.0054427158580701894,-0.0054707254879241655,-0.002532408834647336
0.005136205448217929,-0.08766729791431184,-0.014661845476335708,-0.01469505940156844,-0.01470163164060269,-0.00524885725984554,-0.0054430240879957655,-0.00547103651026082,-0.002532561712311281
0.005138205528221129,-0.0876661300085276,-0.014661623902506601,-0.014694839458553188,-0.014701409723682187,-0.005248755845707129,-0.005442928050344335,-0.005470939090418418,-0.0025325097678113623
0.0051402056082243295,-0.08767054293701716,-0.014662397702530727,-0.014695611168799898,-0.014702185050454591,-0.005249065482956826,-0.005443234519760845,-0.00547124833432127,-0.0025326617953390904
0.005142205688227529,-0.08766934849967235,-0.014662171572274297,-0.014695386685064165,-0.014701958569406275,-0.005248962285743426,-0.005443136721504941,-0.005471149135950517,-0.002532609000660597
0.00514420576823073,-0.0876737348958778,-0.014662940815758925,-0.014696153854475206,-0.014702729331937914,-0.00524927013989303,-0.005443441430280689,-0.005471456601290164,-0.0025327601779958743
0.00514620584823393,-0.087672513926419,-0.014662710129004096,-0.014695924829941349,-0.014702498286689457,-0.005249165159614169,-0.005443341871406852,-0.005471355624381015,-0.0025327065331395542
0.00514820592823713,-0.08767687379157516,-0.01466347481618494,-0.014696687458744813,-0.014703264485215294,-0.00524947123079278,-0.0054436448196467325,-0.0054716613112668865,-0.0025328568603401897
0.00515020600824033,-0.08767562629302528,-0.014663239573474268,-0.014696453893946883,-0.014703028876308965,-0.005249364467697163,-0.00544354350037821,-0.005471558556048338,-0.0025328023654209372
0.00515220608824353,-0.08767995963194224,-0.014663999705200485,-0.01469721198298249,-0.014703790511678477,-0.005249668756273047,-0.005443844688423757,-0.0054718624648289055,-0.0025329518426588592
0.0051542061682467305,-0.0876786856109011,-0.014663759907690171,-0.014696973879066107,-0.014703550340271302,-0.005249560210848611,-0.005443741609220597,-0.005471757931769026,-0.002532896497905705
0.00515620624824993,-0.08768299243196884,-0.014664515485425172,-0.014697727429785718,-0.014704307413949127,-0.005249862717429375,-0.005444041037650357,-0.005472060063032018,-0.0025330451254670814
0.005158206328253131,-0.08768169189861595,-0.014664271134885531,-0.014697484788508844,-0.014704062681813394,-0.005249752390403438,-0.005443936199209512,-0.005471953752838203,-0.002532988931223303
0.00516020640825633,-0.08768597221380534,-0.014665022160706895,-0.014698233802976714,-0.014704815195879717,-0.005250053115836221,-0.005444233868839032,-0.005472254107410743,-0.002533136709508591
0.005162206488259531,-0.0876846451819019,-0.014664773259522873,-0.014697986626709892,-0.014704565905403227,-0.0052499410081756305,-0.0054441272720946255,-0.005472146021029748,-0.0025330796662317878
0.005164206568262731,-0.08768889900676545,-0.014665519736122833,-0.014698731107602864,-0.014705313862553691,-0.005250239953547066,-0.00544442318397655,-0.005472444599978328,-0.002533226595755706
0.005166206648265931,-0.08768754549365614,-0.014665266287294055,-0.014698479399329367,-0.01470506001674019,-0.0052501260664583466,-0.0054443148300998175,-0.005472334738596483,-0.002533168704017827
0.0051682067282691315,-0.08769177284733,-0.014666008217979634,-0.014699219349937181,-0.01470580342028636,-0.00525042323309475,-0.005444608985524028,-0.0054726315432271876,-0.002533314785409524
0.005170206808272331,-0.08769039287394371,-0.014665750225120715,-0.014698963113253421,-0.0147055450227555,-0.005250307568024079,-0.005444498875923536,-0.005472519908270376,-0.0025332560458968833
0.005172206888275532,-0.08769459377914882,-0.014666487613814007,-0.01469969853747888,-0.014706283876625157,-0.0052506029574915,-0.005444791276417201,-0.005472814940128886,-0.0025334012798998865
0.005174206968278731,-0.08769318736999883,-0.014666225081154451,-0.01469943777659412,-0.014706020931612647,-0.005250485516124779,-0.005444679412738741,-0.005472701533262598,-0.0025333416934132176
0.005176207048281932,-0.08769736185304111,-0.01466695793239258,-0.0147001686789532,-0.014706755240349628,-0.005250779130229041,-0.005444970060066345,-0.005472994794134246,-0.002533486080885456
0.005178207128285131,-0.08769592903622593,-0.014666690864777107,-0.014699903398689956,-0.014706487752707392,-0.005250659914491948,-0.00544485644419305,-0.005472879617263628,-0.002533425648339892
0.005180207208288332,-0.08770007712699701,-0.014667419183712347,-0.014700629784311829,-0.01470721752147173,-0.005250951755278612,-0.005445145340356406,-0.005473171109173393,-0.002533569190253733
0.0051822072882915324,-0.08769861793420027,-0.014667147586600765,-0.014700359990105777,-0.01470694549666792,-0.005250830767336612,-0.005445029974408736,-0.005473054164443228,-0.0025335079126788387
0.005184207368294732,-0.08770273966617631,-0.014667871379000386,-0.014701081864732598,-0.01470767073123572,-0.005251120837090973,-0.005445317121646946,-0.005473343889655702,-0.0025336506101210315
0.005186207448297933,-0.0877012541326666,-0.014667595258467413,-0.014700807562632496,-0.014707394175354473,-0.005250998079349225,-0.005445200007982657,-0.005473225179450399,-0.002533588488660781
0.005188207528301132,-0.08770534954290783,-0.01466831453071373,-0.01470152493261951,-0.014708114882117939,-0.0052512863805963365,-0.00544548540877209,-0.005473513140469802,-0.0025337303428324765
0.005190207608304333,-0.08770383770753773,-0.014668033893449133,-0.01470124612928706,-0.014707833801859358,-0.005251161855699703,-0.005445366549986169,-0.005473392667413333,-0.002533667378745195
0.005192207688307532,-0.08770790683668873,-0.014668748652539169,-0.014701959001602335,-0.014708549987826563,-0.0052514483912042146,-0.005445650207040396,-0.005473678866983371,-0.0025338083909619185
0.005194207768310733,-0.08770636874189354,-0.014668463505847374,-0.014701675704311997,-0.014708264390506657,-0.00525132210203717,-0.005445529605965021,-0.005473556633939211,-0.0025337445856202854
0.0051962078483139326,-0.08771041163418022,-0.014669173759392785,-0.014702384086536319,-0.014708976063301285,-0.005251606874803297,-0.005445811522234755,-0.005473841075043068,-0.0025338847573118583
0.005198207928317133,-0.08770884732597664,-0.014668884111192527,-0.014702096303174962,-0.014708685956851385,-0.005251478824489791,-0.0054456891819390976,-0.005473717085114068,-0.0025338201122028555
0.005200208008320334,-0.08771286402920536,-0.01466958986741926,-0.014702800203501391,-0.014709393124712453,-0.005251761837761207,-0.005445969360612047,-0.005473999770974223,-0.0025339594449133762
0.005202208088323533,-0.08771127355718943,-0.014669295726243503,-0.01470250794256814,-0.014709098517679245,-0.005251632029664569,-0.005445845284402298,-0.005473874027502484,-0.002533893961638193
0.005204208168326734,-0.08771526412274558,-0.014669996993991354,-0.014703207369801621,-0.01470980118946075,-0.005251913286924265,-0.005446123728903013,-0.005474154961580637,-0.002534032457025946
0.005206208248329933,-0.08771364754009056,-0.014669698368986784,-0.014702910640407366,-0.014709502091005546,-0.005251781724647067,-0.005445997920322101,-0.005474027468147376,-0.002533966137299946
0.005208208328333134,-0.08771761202293503,-0.01467039515770917,-0.014703605603964609,-0.014710200276176224,-0.005252061229617142,-0.005446274634311879,-0.005474306654144249,-0.0025341037971373576
0.0052102084083363335,-0.08771596938638891,-0.01467009205863573,-0.014703304415831592,-0.014709896696074722,-0.005251927917000995,-0.0054461470971393765,-0.005474177414569634,-0.002534036642789983
0.005212208488339534,-0.08771990784505498,-0.014670784378398955,-0.014703994925740151,-0.014710590404717172,-0.005252205673642469,-0.005446422084515988,-0.005474454856424735,-0.002534173468963472
0.0052142085683427345,-0.08771823921493674,-0.014670476815629269,-0.014703689289201353,-0.014710282353358911,-0.005252070614767829,-0.005446292822767852,-0.005474323874767646,-0.002534105481938132
0.005216208648345934,-0.08772215171152946,-0.014671164677112295,-0.014704375356099579,-0.01471097159616944,-0.005252346627280556,-0.005446566087665436,-0.005474599576659191,-0.002534241476448082
0.005218208728349135,-0.08772045715172691,-0.014670852661631295,-0.014704065282098309,-0.014710659084557286,-0.005252209826466489,-0.005446435105593845,-0.005474466857217019,-0.002534172658802065
0.005220208808352334,-0.08772434375191576,-0.01467153607612474,-0.014704746917234314,-0.014711343872845017,-0.0052524840992887335,-0.00544670665238255,-0.005474740823561533,-0.0025343078237626397
0.005222208888355535,-0.08772262332988097,-0.014671219619528825,-0.0147044324173234,-0.014711026912594315,-0.005252345561092705,-0.005446573954475625,-0.005474606370869946,-0.0025342381776669943
0.0052242089683587345,-0.08772648410289921,-0.014671898598934762,-0.014705109632554728,-0.014711707258280773,-0.005252618098901039,-0.005446843787761469,-0.005474878606322157,-0.0025343725153060947
0.005226209048361935,-0.08772473788964434,-0.014671577713431123,-0.01470479071889596,-0.014711385861618784,-0.005252477828118575,-0.005446709378742978,-0.005474742425154764,-0.002534302043045462
0.005228209128365135,-0.08772857290828273,-0.014672252270261848,-0.01470546352668844,-0.014712061777236853,-0.005252748635827463,-0.0054469775033674644,-0.0054750129346071595,-0.0025344355557044835
0.005230209208368335,-0.08772680097837669,-0.014671926968667943,-0.014705140212051852,-0.014711735957002134,-0.005252606637491941,-0.0054468413881966354,-0.005474875029975348,-0.0025343642596770393
0.005232209288371536,-0.08773061031897944,-0.01467259711604547,-0.014705808625479185,-0.014712407455695537,-0.005252875720253494,-0.0054471078092364865,-0.0054751438185579775,-0.0025344969498108006
0.005234209368374735,-0.08772881275054134,-0.01467226741178782,-0.014705480923241991,-0.014712077225336757,-0.005252731999635749,-0.005446969993107539,-0.005475004195710403,-0.0025344248325280044
0.005236209448377936,-0.08773259649300161,-0.014672933163443053,-0.014706144955984757,-0.014712744320859011,-0.005252999362839397,-0.005447234715874411,-0.0054752712687905205,-0.002534556702704586
0.0052382095283811355,-0.08773077336769639,-0.014672599070556529,-0.014705812880130559,-0.014712409694434263,-0.005252853925447341,-0.005447095204216254,-0.005475129933212874,-0.0025344837667910453
0.005240209608384336,-0.08773453159545061,-0.014673260440828204,-0.014706472546475323,-0.01471307240114788,-0.005253119574719483,-0.005447358234256316,-0.00547539529639455,-0.0025346148196915886
0.005242209688387536,-0.08773268299848384,-0.014672921973955113,-0.01470613611159327,-0.01471273339332376,-0.005252972426297814,-0.005447217032732254,-0.005475252253809177,-0.002534541067884907
0.005244209768390736,-0.08773641579850479,-0.014673578977788834,-0.014706791426431476,-0.014713391726199178,-0.00525323636750135,-0.005447478375825805,-0.005475515912932914,-0.0025346713063034263
0.005246209848393936,-0.08773454181861676,-0.014673236152177886,-0.014706450647715206,-0.014713048352249727,-0.005253087514031155,-0.005447335490333082,-0.00547537116929843,-0.0025345967414540263
0.005248209928397136,-0.08773824928140955,-0.014673888805125136,-0.014707101626542282,-0.014713702326864243,-0.005253349753265173,-0.005447595152494209,-0.005475633130440804,-0.0025347261682972435
0.005250210008400337,-0.08773635001086712,-0.014673541636630184,-0.014706756519788602,-0.014713354602669702,-0.005253199200963372,-0.005447450589163546,-0.005475486691951548,-0.0025346507933680686
0.0052522100884035364,-0.08774003223046098,-0.014674189954847075,-0.014707403178702753,-0.014714004235206378,-0.005253459744562665,-0.0054477085766396,-0.005475746961424684,-0.0025347794116551787
0.005254210168406737,-0.08773810776505402,-0.014673838459926326,-0.014707053760311001,-0.01471365217725239,-0.0052533074998817675,-0.005447562341834933,-0.005475598834510506,-0.0025347032297216173
0.005256210248409937,-0.0877417648389958,-0.01467448246017261,-0.014707696116012043,-0.014714297484498894,-0.0052535663544163325,-0.005447818661106118,-0.00547585741886168,-0.002534831042584074
0.005258210328413137,-0.08773981527802742,-0.014674126655886988,-0.014707342402982304,-0.014713941109874874,-0.005253412424043813,-0.00544767076142387,-0.005475707610187216,-0.0025347540568336165
0.005260210408416337,-0.08774344730737503,-0.014674766355524647,-0.014707980472770485,-0.014714582109222217,-0.005253669596318468,-0.005447925419202834,-0.0054759645161984016,-0.0025348810675149165
0.005262210488419537,-0.08774147275365532,-0.014674406259536876,-0.01470762248270274,-0.014714221435620395,-0.005253513987176311,-0.0054477758614716425,-0.00547581303266274,-0.0025348032812469853
0.005264210568422738,-0.08774507984296943,-0.014675041676528855,-0.014708256284477347,-0.0147148581450616,-0.00525376948423009,-0.005448028864702825,-0.005476068267349993,-0.002534929493102412
0.005266210648425937,-0.08774308040280762,-0.01467467730710184,-0.014707894035569945,-0.014714493190775545,-0.005253612203474278,-0.005447877655982896,-0.005475915116086105,-0.0025348509097280866
0.005268210728429138,-0.08774666266014411,-0.014675308460010838,-0.014708523587828051,-0.014715125628904388,-0.0052538660325799815,-0.005448129011842157,-0.005476168686699155,-0.0025349763262244498
0.0052702108084323376,-0.08774463844334035,-0.014674939836006515,-0.014708157098876323,-0.014714756412827518,-0.005253707087599928,-0.0054479761594247705,-0.005476013875073327,-0.002534896949266211
0.005272210888435538,-0.08774819598024151,-0.014675566743993309,-0.014708782420711284,-0.014715384598836916,-0.0052539592562634825,-0.005448225875318737,-0.005476265789094944,-0.0025350215739816033
0.005274210968438738,-0.08774614710007875,-0.014675193884871103,-0.014708411711106276,-0.014715011140461375,-0.0052537986546815464,-0.0054480713867257734,-0.005476109324706294,-0.0025349414070730872
0.005276211048441938,-0.08774968003156476,-0.01467581656769317,-0.014709032822206236,-0.014715635094141992,-0.005254049170641484,-0.005448319470291267,-0.005476359589851691,-0.0025350652436965733
0.005278211128445138,-0.08774760660479888,-0.01467543949350833,-0.014708657911932902,-0.014715257413556749,-0.005253886920312217,-0.005448163353274416,-0.005476201480531453,-0.0025349842905822337
0.005280211208448338,-0.08775111504935937,-0.014676057971518384,-0.014709274832579262,-0.014715877155295471,-0.005254135791539051,-0.005448409812377905,-0.005476450104747742,-0.002535107342913605
0.005282211288451539,-0.08774901719621062,-0.014675676702920538,-0.014708895742215086,-0.014715495273184857,-0.005253971900548733,-0.0054482520749182094,-0.005476290358558702,-0.0025350256074484507
0.0052842113684547385,-0.08775250127579447,-0.014676290997064762,-0.014709508493281027,-0.014716110823963166,-0.0052542191352443176,-0.005448496917655191,-0.005476537350024273,-0.0025351478793978954
0.005286211448457939,-0.08775037911993759,-0.014675905555296251,-0.014709125243994266,-0.014715724761605285,-0.005254053611910232,-0.0054483375679623604,-0.005476375975260175,-0.0025350653655472027
0.005288211528461139,-0.08775383895994343,-0.014676515687112719,-0.014709733846942765,-0.014716336142997456,-0.00525429921850711,-0.005448580802656629,-0.005476621342383924,-0.0025351868611349733
0.005290211608464339,-0.08775169262849822,-0.014676126094006819,-0.014709346460490848,-0.0147159459222624,-0.00525413207137688,-0.005448419849168421,-0.005476458347568766,-0.0025351035729739312
0.005292211688467539,-0.08775512835776436,-0.01467673208562373,-0.014709950937373317,-0.014716553156433972,-0.005254376058537623,-0.005448661484371473,-0.005476702098989546,-0.002535224296330076
0.005294211768470739,-0.08775295798128484,-0.014676338363603035,-0.01470955943610096,-0.014716158799782064,-0.0052542072963885685,-0.0054484989357529365,-0.005476537492876813,-0.002535140238043464
0.005296211848473939,-0.0877563697320781,-0.0146769402377368,-0.014710159809555094,-0.014716761909487808,-0.005254449673005042,-0.005448738980243243,-0.005476779637462703,-0.0025352601934074477
0.0052982119284771395,-0.08775417544454217,-0.014676542409811264,-0.014709764216392668,-0.014716363439967888,-0.005254279304843419,-0.005448574845386092,-0.005476613429034816,-0.0025351753692893345
0.00530021200848034,-0.08775756335254827,-0.014677140189764763,-0.014710360509640799,-0.014716962448549994,-0.0052545200800360806,-0.005448813308168363,-0.0054768539758822945,-0.0025352945610096936
0.00530221208848354,-0.08775534529134588,-0.014676738279529774,-0.014709960848102149,-0.014716559889797276,-0.005254348115096344,-0.0054486475961901554,-0.005476686174349713,-0.002535208975463017
0.00530421216848674,-0.08775870949565717,-0.014677331989190474,-0.014710553084949328,-0.014717154821183553,-0.0052545872982134685,-0.005448884486494649,-0.005476925132783051,-0.0025353274079970164
0.00530621224848994,-0.08775646780158015,-0.01467692602082498,-0.014710149379130103,-0.01471674819741787,-0.005254413745957552,-0.005448717206738135,-0.0054767557475836155,-0.0025352410655332803
0.00530821232849314,-0.08775980844468413,-0.014677515684662839,-0.01471073758396199,-0.014717339076119657,-0.005254651346574497,-0.005448952534019853,-0.005476993127154025,-0.0025353587434465454
0.00531021240849634,-0.08775754326191353,-0.014677105682927283,-0.014710329858537484,-0.01471692841214334,-0.005254476216690958,-0.005448783696052084,-0.0054768221679521185,-0.0025352716486854057
0.0053122124884995405,-0.08776086048968129,-0.01467769132599272,-0.014710914056318452,-0.014717515263253385,-0.005254712244609312,-0.005449017469989972,-0.0054770579784369396,-0.0025353885766515294
0.00531421256850274,-0.08775857196577518,-0.014677277316226969,-0.014710502336541515,-0.014717100584449241,-0.005254535547012597,-0.005448847083601604,-0.0054768854551226955,-0.0025353007343204277
0.005316212648505941,-0.08776186592744929,-0.01467785896414875,-0.014711082552812369,-0.014717683433639765,-0.0052547700122593825,-0.005449079314097751,-0.005477119706524609,-0.002535416917120587
0.005318212728509141,-0.0877595542133305,-0.01467744097226995,-0.014710666864511283,-0.014717264765968668,-0.005254591757088896,-0.005448907389302107,-0.005476945629213024,-0.002535328332054303
0.005320212808512341,-0.0877628250615113,-0.01467801865125311,-0.014711243125387342,-0.014717843639489124,-0.005254824669915763,-0.005449138086480952,-0.00547717833175922,-0.002535443774576854
0.005322212888515541,-0.08776049031145523,-0.014677596703753496,-0.014710823494963712,-0.014717421009488321,-0.005254644867535082,-0.005448964633513277,-0.00547700271078941,-0.002535354451717193
0.005324212968518741,-0.08776373820208914,-0.01467817044057692,-0.014711395827132314,-0.014717995934162925,-0.0052548762384173634,-0.005449193807720642,-0.005477233874930672,-0.002535469158957238
0.0053262130485219415,-0.08776138057370964,-0.014677744564521677,-0.014710972281558828,-0.014717569368943431,-0.005254694899413395,-0.005449018837037204,-0.005477056720864902,-0.002535379103352538
0.005328213128525141,-0.08776460566607473,-0.01467831438653598,-0.014711540712277198,-0.014718140372169166,-0.005254924739049227,-0.005449246498839497,-0.005477286357274721,-0.002535493080411508
0.005330213208528342,-0.08776222532031053,-0.014677884609560508,-0.014711113279095056,-0.014717709899413305,-0.005254741874231178,-0.005449070021116614,-0.005477107680897472,-0.0025354022972161982
0.005332213288531542,-0.08776542777700344,-0.014678450544685638,-0.014711677836187976,-0.01471827700915754,-0.005254970193540646,-0.0054492961812999,-0.005477335800471157,-0.0025355155493014406
0.005334213368534742,-0.08776302487810522,-0.014678016894993639,-0.01471124654350481,-0.014717842657116897,-0.005254785813939171,-0.0054491182074331125,-0.005477155612788319,-0.00253542404377564
0.005336213448537942,-0.08776620486502641,-0.014678578971716365,-0.014711807255362084,-0.0147184059019147,-0.005255012624063273,-0.005449342877002167,-0.00547738222664204,-0.002535536576199934
0.005338213528541142,-0.08776377958054202,-0.014678141478077302,-0.014711372131849438,-0.01471796769940752,-0.005254826740929547,-0.005449163418105279,-0.005477200538879862,-0.0025354443537089853
0.005340213608544342,-0.08776693726688232,-0.014678699725448857,-0.014711929027423569,-0.01471852710835951,-0.00525505205322933,-0.005449386608282638,-0.005477425658349661,-0.0025355561718900933
0.005342213688547542,-0.08776448976764124,-0.014678258417195065,-0.014711490102314206,-0.014718085084767985,-0.005254864678033988,-0.0054492056756866815,-0.005477242481953762,-0.00253546323790407
0.005344213768550743,-0.08776762532586663,-0.014678812864828639,-0.014712043211117876,-0.014718640687537692,-0.005255088504089509,-0.005449427397911684,-0.0054774661185946535,-0.002535574347364293
0.005346213848553942,-0.08776515578596689,-0.014678367771853301,-0.014711600514203548,-0.014718194872805816,-0.005254899648521716,-0.00544924500316402,-0.005477281465229091,-0.0025354807074575592
0.005348213928557143,-0.08776826939180267,-0.014678918449921233,-0.014712149866306758,-0.01471874669961679,-0.0052551220001309665,-0.0054494652690917815,-0.005477503630813914,-0.002535591113823189
0.005350214008560343,-0.08776577798859389,-0.014678469602675406,-0.014711703427935345,-0.01471829712424737,-0.0052549316760973665,-0.005449281423955021,-0.005477317512360136,-0.002535496773673889
0.005352214088563543,-0.08776886982101068,-0.014679016541906797,-0.014712249053963258,-0.014718845205881086,-0.0052551525652753915,-0.005449500245455414,-0.005477538218878673,-0.0025356064826747983
0.005354214168566743,-0.08776635673507928,-0.014678563971396793,-0.014711798905036147,-0.014718391900933183,-0.005254960784899061,-0.00544931496190642,-0.005477350647434437,-0.002535511448064356
0.005356214248569943,-0.08776942697627543,-0.014679107203074629,-0.01471234083616582,-0.014718936268725766,-0.005255180223876753,-0.005449532351063027,-0.005477569907092205,-0.002535620465533422
0.0053582143285731436,-0.08776689239142892,-0.01467865094085942,-0.014711887008135329,-0.014718479265812082,-0.005254986999496173,-0.005449345641291856,-0.005477380894970588,-0.0025355247423460518
0.005360214408576343,-0.08776994122681595,-0.01467919049681779,-0.01471242527609339,-0.014719019951651788,-0.0052552050007192465,-0.005449561610400929,-0.005477598720187868,-0.002535633074218667
0.005362214488579544,-0.0877673853300652,-0.01467873057500596,-0.01471196780095969,-0.014718559282935575,-0.0052550103448871285,-0.005449373486809716,-0.005477408279916068,-0.0025355366684408276
0.005364214568582743,-0.08777041294825087,-0.01467926648762739,-0.014712502438019361,-0.01471909631926008,-0.005255226921015068,-0.005449588048379021,-0.005477624683326783,-0.0025356443207544006
0.005366214648585944,-0.08776783592979556,-0.014678802938874524,-0.014712041348327912,-0.014718632017452533,-0.005255030846497324,-0.005449398523580945,-0.0054774328276451165,-0.0025355472384742915
0.005368214728589144,-0.08777084252256556,-0.01467933524108683,-0.014712572387305965,-0.014719165437245753,-0.00525524601040215,-0.005449611690328718,-0.0054776478220956385,-0.00253565421736765
0.005370214808592344,-0.0877682445757754,-0.014678868098592526,-0.014712107716144453,-0.014718697535602966,-0.00525504853017672,-0.005449420777146791,-0.005477454563956336,-0.0025355564647746394
0.0053722148885955445,-0.0877712303380788,-0.014679396823866103,-0.01471263519039863,-0.014719227372392316,-0.005255262294941935,-0.005449632562000555,-0.005477668162504446,-0.002535662776487544
0.005374214968598744,-0.08776861165947622,-0.014678926121370662,-0.01471216697139385,-0.014718755904712125,-0.005255063422197555,-0.0054494402734664845,-0.005477473515070454,-0.0025355643598716005
0.005376215048601945,-0.08777157678940636,-0.014679451303715438,-0.01471269091481967,-0.014719282192565507,-0.005255275801116963,-0.005449650689561909,-0.005477685730984075,-0.002535670010744163
0.005378215128605144,-0.0877689375786505,-0.014678977075497436,-0.01471221918213487,-0.014718807193184948,-0.005255075549252137,-0.005449457038915039,-0.005477489707628019,-0.0025355709364953734
0.005380215208608345,-0.08777188227742624,-0.014679498749459594,-0.014712739629162327,-0.014719329966707448,-0.005255286555828569,-0.005449666099594751,-0.005477700554384069,-0.002535675932967438
0.0053822152886115445,-0.0877692227372934,-0.014679021030332442,-0.014712264417493985,-0.014718851470499214,-0.005255084938450263,-0.0054494711002807256,-0.005477503168686914,-0.002535576207575352
0.005384215368614745,-0.08777214720924355,-0.014679539230991566,-0.014712781403084942,-0.014719370764830255,-0.005255294586394451,-0.005449678819093118,-0.005477712659970076,-0.0025356805561860033
0.0053862154486179455,-0.08776946754560824,-0.014679058056300097,-0.014712302747659242,-0.014718888807199576,-0.0052550916173167974,-0.005449482484762707,-0.005477513925719906,-0.0025355801862390324
0.005388215528621145,-0.08777237199815076,-0.014679572819265987,-0.014712816307303974,-0.014719404658009643,-0.005255299920546119,-0.0054496888754607,-0.005477722075421417,-0.002535683893625957
0.005390215608624346,-0.0877696724199697,-0.014679088224883898,-0.014712334243874279,-0.01471891927489134,-0.005255095613789338,-0.00544949121996866,-0.005477522006612263,-0.0025355828858108806
0.005392215688627545,-0.08777255706359348,-0.014679599586293083,-0.014712844413588139,-0.014719431718378693,-0.005255302586426487,-0.005449696296508427,-0.0054777288288286475,-0.0025356859587097424
0.005394215768630746,-0.08776983778288386,-0.014679111608619115,-0.01471235897843128,-0.01471894294623364,-0.005255096956215519,-0.005449497333912102,-0.005477527439659166,-0.002535584319810997
0.0053962158486339454,-0.08777270283113014,-0.014679619605131792,-0.01471286579475169,-0.01471945201912105,-0.0052553026125873115,-0.005449701110451874,-0.005477732948690888,-0.0025356867650548755
0.005398215928637146,-0.08776996406295166,-0.014679128281086697,-0.014712377024664717,-0.014718959894933046,-0.005255095673350488,-0.005449500855009997,-0.005477530253563089,-0.0025355845019540027
0.0054002160086403465,-0.08777280973239304,-0.014679632949883196,-0.014712880524647615,-0.014719465634464291,-0.005255300027986458,-0.005449703345908665,-0.005477734463913307,-0.0025356863264727083
0.005402216088643546,-0.08777005169482806,-0.014679138316906292,-0.01471238845694461,-0.01471897019573655,-0.005255091794354285,-0.005449501812080038,-0.005477530477431212,-0.002535583446147696
0.005404216168646747,-0.08777287820505124,-0.014679639695683967,-0.014712888678161208,-0.014719472639673414,-0.0052552948619855044,-0.005449703031895965,-0.005477733403804498,-0.002535684656967222
0.005406216248649946,-0.08777010111918389,-0.014679141791729567,-0.01471239335066959,-0.014718973924425121,-0.005255085348789198,-0.005449500234338113,-0.0054775281407727985,-0.0025355811664918566
0.005408216328653147,-0.08777290869276667,-0.014679639918699035,-0.014712890331202828,-0.014719473111043426,-0.005255287144346778,-0.005449700197827688,-0.00547772979807367,-0.002535681770733654
0.005410216408656346,-0.08777011278266421,-0.01467913878223326,-0.014712391782260222,-0.014718971157806392,-0.005255076366617042,-0.005449496151395572,-0.00547752327349645,-0.002535577677276912
0.005412216488659547,-0.08777290164515694,-0.014679633696115064,-0.014712885560701319,-0.014719467125892904,-0.005255276905230864,-0.0054496948735119274,-0.005477723676828102,-0.00253567768215729
0.005414216568662747,-0.0877700871378473,-0.014679129366111923,-0.014712383829151627,-0.014718961973707747,-0.005255064878196374,-0.005449489593256465,-0.005477515905907311,-0.002535572992982625
0.005416216648665947,-0.08777285751775123,-0.014679621106132931,-0.014712874444596501,-0.014719454762556343,-0.0052552641751936555,-0.005449687089148074,-0.005477715070570222,-0.0025356724058120607
0.005418216728669148,-0.08777002464320326,-0.01467911362207108,-0.014712369569786644,-0.014718946450969229,-0.005255050914279783,-0.005449480590314908,-0.005477506068704419,-0.0025355671282767905
0.005420216808672347,-0.08777277677194874,-0.014679602227960654,-0.014712857061832197,-0.01471943610037714,-0.0052552489851836045,-0.005449676875324122,-0.005477704010194804,-0.0025356659564592285
0.005422216888675548,-0.0877699257630509,-0.014679091629819578,-0.014712349083608373,-0.01471892466943589,-0.005255034506010919,-0.005449469173352079,-0.00547749379297766,-0.002535560098013823
0.005424216968678747,-0.08777265987497872,-0.014679577141806358,-0.014712833492349156,-0.014719411219700601,-0.005255231366538986,-0.005449664263013878,-0.005477690526986287,-0.002535658349046097
0.005426217048681948,-0.08776979096751603,-0.014679063470062557,-0.01471232245105298,-0.014718896709950871,-0.005255015684921767,-0.005449455373533586,-0.005477479110205111,-0.0025355519172334663
0.0054282171286851475,-0.08777250729985211,-0.014679545928870219,-0.014712803817077057,-0.014719380201865707,-0.005255211350984728,-0.005449649283573948,-0.005477674652615595,-0.0025356495987044598
0.005430217208688348,-0.08776962073248631,-0.014679029224493724,-0.014712289753542135,-0.014718862654347664,-0.005254994482929657,-0.005449439222406409,-0.0054774620522499845,-0.0025355426011593354
0.005432217288691548,-0.08777231952532157,-0.014679508671337462,-0.014712768117927433,-0.014719343129198299,-0.005255188970629711,-0.005449631968740945,-0.005477656419137417,-0.0025356397207493627
0.005434217368694748,-0.08776941553956781,-0.014678988975787769,-0.014712251073475366,-0.014718822585442354,-0.005254970932334235,-0.005449420751896031,-0.0054774426513576596,-0.0025355321651975007
0.005436217448697949,-0.08777209703583555,-0.01467946545237045,-0.014712726477785995,-0.014719300085002997,-0.0052551642579636935,-0.005449612350628492,-0.005477635858987149,-0.0025356287306776003
0.005438217528701148,-0.08776917587603986,-0.014678942807592825,-0.014712206494222436,-0.014718776587026177,-0.005254945065814576,-0.005449399994303481,-0.005477420940152783,-0.0025355206249351105
0.005440217608704349,-0.08777184032149277,-0.014679416356101009,-0.014712678980504799,-0.014719251153555568,-0.005255137245854273,-0.005449590461724255,-0.005477613004977883,-0.002535616644166268
0.0054422176887075485,-0.0877689022348091,-0.014678890804522348,-0.014712156100115672,-0.014718724743857407,-0.00525491691642605,-0.005449376982302269,-0.005477396951636095,-0.002535507996138864
0.005444217768710749,-0.08777154987799662,-0.01467936146762248,-0.014712625710894304,-0.014719196420095011,-0.005255107967543837,-0.00544956633488685,-0.005477587890297282,-0.002535603477071339
0.005446217848713949,-0.08776859511436391,-0.014678833052147608,-0.014712099976441873,-0.01471866714165373,-0.0052548865175972865,-0.005449351748935378,-0.005477370719181452,-0.0025354942947536027
0.005448217928717149,-0.08777122620660913,-0.014679300872981799,-0.014712566754715658,-0.014719135970815552,-0.005255076456646474,-0.005449540003342846,-0.005477560548504582,-0.002535589245426136
0.005450218008720349,-0.08776825501872748,-0.014678769636989232,-0.014712038209434411,-0.014718603867083955,-0.005254853903127022,-0.0054493243276121355,-0.005477342276532632,-0.002535479536900783
0.005452218088723549,-0.08777086981410219,-0.01467923465917136,-0.014712502198672435,-0.014719069892858523,-0.005255042747144752,-0.005449511500683535,-0.005477531013527316,-0.002535573965439846
0.00545421816872675,-0.08776788245741034,-0.014678700646509377,-0.014711970886265092,-0.014718535007759936,-0.0052548191071808996,-0.005449294752105065,-0.005477311657800193,-0.0025354637388769505
0.0054562182487299495,-0.08777048121271314,-0.014679162914121134,-0.014712432130402752,-0.014718998274304411,-0.005255006873386683,-0.0054494808608619464,-0.005477499319658315,-0.002535557653496049
0.00545821832873315,-0.0877674779453624,-0.01467862616910346,-0.014711898095036095,-0.014718460652228503,-0.0052547821642883906,-0.005449263056546809,-0.005477278897458298,-0.002535446917152268
0.00546021840873635,-0.08777006092009272,-0.014679085726689786,-0.014712356638470647,-0.014718921204164157,-0.005254968870082292,-0.005449448118189484,-0.005477465501552233,-0.002535540326151073
0.00546221848873955,-0.0877670420029247,-0.014678546294091693,-0.014711819924771464,-0.014718380889962848,-0.005254743109339395,-0.005449229275426825,-0.005477244030341422,-0.0025354290883689164
0.00546421856874275,-0.0877696094592585,-0.014679003186656842,-0.014712275812357936,-0.014718838772370959,-0.005254928772300485,-0.005449413307332721,-0.005477429594222452,-0.0025355220001325057
0.00546621864874595,-0.08776657515577872,-0.014678461111710686,-0.014711736465408689,-0.01471829581135413,-0.0052547019775809785,-0.0054491934435880315,-0.005477207091641016,-0.002535410269339497
0.005468218728749151,-0.08776912735854567,-0.014678915384714067,-0.014712189742455932,-0.014718751069772062,-0.005254886615465776,-0.005449376463310296,-0.005477391633037809,-0.002535502692337649
0.0054702188087523505,-0.08776607793489945,-0.014678370713105043,-0.014711647807790464,-0.014718205507703115,-0.005254658804614155,-0.00544915559622378,-0.005477168116902358,-0.002535390477045544
0.005472218888755551,-0.0877686151515545,-0.014678822412456632,-0.014712098520056345,-0.014718658188119469,-0.005254842435354749,-0.005449337621489311,-0.005477351653719036,-0.0025354824198318055
0.005474218968758751,-0.0877655508765023,-0.014678275190318548,-0.014711554043655761,-0.014718110071211345,-0.005254613626390378,-0.005449115768874287,-0.005477127142020944,-0.002535369728635806
0.005476219048761951,-0.08776807337710334,-0.014678724362374773,-0.014712002237343267,-0.014718560220061978,-0.0052547962680929115,-0.005449296817582281,-0.005477309692335669,-0.0025354611998467964
0.005478219128765151,-0.08776499452199317,-0.014678174636285467,-0.01471145526563124,-0.014718009594972343,-0.005254566479208226,-0.00544907399742332,-0.0054770842032393074,-0.0025353480414246833
0.005480219208768351,-0.08776750257917373,-0.014678621327844655,-0.014711900987383912,-0.01471845725913587,-0.005254748150151064,-0.005449254087643457,-0.0054772657853023295,-0.002535439049779212
0.005482219288771551,-0.0877644094179182,-0.01467806914482195,-0.014711351567222654,-0.014717904172963056,-0.005254517399709951,-0.005449030318094912,-0.0054770393371434654,-0.0025353254328906176
0.0054842193687747514,-0.08776690330686178,-0.014678513403119965,-0.014711794864120078,-0.014718349399756237,-0.005254698118341996,-0.005449209468065665,-0.005477219969375519,-0.002535415987188845
0.005486219448777952,-0.08776379611590891,-0.01467795881061661,-0.014711243042805478,-0.014717793900034418,-0.005254466424877924,-0.00544898476744971,-0.0054769925806594,-0.002535301920674307
0.005488219528781152,-0.0877662761143233,-0.014678400683322343,-0.014711683962358935,-0.014718236737207903,-0.005254646209816867,-0.005449162995576636,-0.005477172281649929,-0.002535392029796979
0.005490219608784352,-0.08776315517263296,-0.014677843729222054,-0.01471112978761643,-0.014717678871902841,-0.005254413592031258,-0.005448937382381715,-0.005476943971049695,-0.002535277522577169
0.005492219688787552,-0.08776562156072214,-0.01467828326443266,-0.014711568377764137,-0.014718119367636302,-0.005254592462061698,-0.0054491147072355944,-0.005477122759554973,-0.0025353671954846725
0.005494219768790752,-0.08776248714973757,-0.014677723997045209,-0.014711011897743874,-0.014717559185140642,-0.005254358938822041,-0.005448888200114503,-0.005476893545909736,-0.0025352522565595405
0.005496219848793952,-0.08776494021017753,-0.014678161243282013,-0.014711448206846832,-0.014717997388038497,-0.005254536912893926,-0.0054490646404297535,-0.005477071440851323,-0.002535341502291154
0.005498219928797152,-0.08776179261379875,-0.014677599711338678,-0.014710889470119105,-0.014717434937167161,-0.005254302503231969,-0.005448837258197942,-0.005476841343164434,-0.0025352261407390227
0.005500220008800352,-0.08776423263170753,-0.01467803471754182,-0.014711323546955894,-0.01471787089625359,-0.00525447960045852,-0.005449012832870615,-0.005477018363627046,-0.0025353149684119534
0.0055022200888035526,-0.08776107213626476,-0.014677470970190893,-0.014710762602506687,-0.014717306226239048,-0.005254244323568595,-0.005448784594504384,-0.005476787401064294,-0.0025351991933887253
0.005504220168806753,-0.08776349939917706,-0.014677903785715332,-0.014711194496269269,-0.014717739990953585,-0.005254420563224635,-0.005448959322590521,-0.0054769635662942386,-0.00253528761219729
0.005506220248809953,-0.08776032629340234,-0.014677337872516969,-0.014710631393495242,-0.01471717315144111,-0.005254184438461594,-0.005448730247225133,-0.005476731758181903,-0.0025351714329355005
0.005508220328813153,-0.08776274109124112,-0.014677768547127277,-0.01471106115378398,-0.014717604771633771,-0.00525435983998167,-0.00544890414793882,-0.005476907087585095,-0.0025352594521502415
0.005510220408816353,-0.08775955566624156,-0.014677200518049287,-0.014710495942487998,-0.01471703581267681,-0.0052541228868592535,-0.005448674254866781,-0.0054766744534082805,-0.0025351428779582063
0.005512220488819553,-0.08776195829129045,-0.014677629101915021,-0.014710923619306955,-0.014717465338603235,-0.0052542974698357265,-0.005448847347578389,-0.005476848966548391,-0.0025352305069249845
0.005514220568822753,-0.08775876084051885,-0.014677059007327563,-0.014710356349693083,-0.014716894310658413,-0.005254059708024509,-0.005448616656247436,-0.00547661552594892,-0.0025351135471858833
0.0055162206488259535,-0.08776115158739363,-0.014677485551018504,-0.014710781993445268,-0.014717321792975116,-0.005254233492205765,-0.005448788960481711,-0.0054767892425456,-0.002535200795325015
0.005518220728829154,-0.08775794240662149,-0.014676913441689594,-0.014710212716114114,-0.014716748746897615,-0.00525399494153136,-0.005448557490493093,-0.005476555015320311,-0.002535083459496021
0.005520220808832354,-0.08776032157224165,-0.014677337996170665,-0.01471063637759639,-0.014717174236656963,-0.005254167946819775,-0.005448729025927258,-0.00547672795524708,-0.002535170336301299
0.005522220888835554,-0.08775710095953035,-0.014676763923261154,-0.01471006514354013,-0.014716599223695368,-0.005253928627260955,-0.005448496797033767,-0.005476492961345877,-0.002535052633912666
0.005524220968838754,-0.08775946884309138,-0.014677186539887784,-0.014710486873938746,-0.014717022772340946,-0.005254100873711143,-0.0054486675834957065,-0.005476665144628466,-0.0025351391489505364
0.005526221048841954,-0.08775623709876193,-0.014676610554946226,-0.014709913734536093,-0.014716445844132309,-0.005253860805397768,-0.005448434615599734,-0.005476429404152283,-0.0025350210896046233
0.005528221128845154,-0.08775859400170488,-0.01467703128545906,-0.01471033358542117,-0.014716867503493597,-0.00525403231321445,-0.0054486046730659295,-0.005476600850966456,-0.002535107252513166
0.0055302212088483545,-0.08775535142831135,-0.01467645344041712,-0.01470975859243268,-0.01471628871205872,-0.005253791516425722,-0.005448370986217684,-0.005476364384165485,-0.002534988845883586
0.005532221288851554,-0.08775769765429463,-0.014676872336937286,-0.014710176615753684,-0.01471670853434631,-0.005253962305961954,-0.005448540334811457,-0.005476535114835251,-0.002535074666371674
0.005534221368854755,-0.08775444455659281,-0.014676292684104263,-0.014709599821316447,-0.014716127932084294,-0.005253720801124265,-0.005448305949206829,-0.005476297942106832,-0.0025349559222022995
0.005536221448857955,-0.0877567804114621,-0.014676709799128183,-0.014710016069396887,-0.0147165459698847,-0.005253890892879366,-0.005448474609196242,-0.0054764679771024255,-0.0025350414100485954
0.005538221528861155,-0.08775351709638077,-0.014676128391186316,-0.014709437526019681,-0.014715963609568226,-0.005253648700564452,-0.005448239545175031,-0.005476230118989159,-0.0025349223381526532
0.005540221608864355,-0.0877558428881403,-0.014676543777580608,-0.014709852051552202,-0.014716379915838868,-0.00525381811518205,-0.005448407536971014,-0.005476399478925014,-0.002535007503204678
0.005542221688867555,-0.08775256966475094,-0.01467596066757969,-0.014709271812110132,-0.014715795850608825,-0.0052535752561049314,-0.005448171815014788,-0.005476160956112731,-0.0025348881134637626
0.0055442217688707555,-0.08775488570353279,-0.014676374378576154,-0.014709684668151366,-0.014716210478672918,-0.005253744014370967,-0.005448339159169183,-0.005476329661745604,-0.0025349729656369818
0.005546221848873955,-0.08775160288302034,-0.014675789619928537,-0.014709102785881105,-0.014715624762033336,-0.005253500509387971,-0.00544810279989941,-0.005476090495061351,-0.0025348532680001244
0.005548221928877156,-0.0877539094810537,-0.014676201709118743,-0.014709514025846198,-0.014716037765574466,-0.005253668632228629,-0.0054482695171027915,-0.0054762585672880944,-0.002534937817276891
0.005550222008880355,-0.08775061737668521,-0.014675615355594075,-0.014708930554340449,-0.01471545045138738,-0.005253424502335351,-0.0054480325412788145,-0.005476018777698173,-0.002534817821759598
0.005552222088883556,-0.08775291484826789,-0.014676025876924428,-0.014709340231998482,-0.014715861884444577,-0.005253592010815112,-0.005448198652358745,-0.005476186237553941,-0.002534902078188293
0.005554222168886756,-0.08774961377536224,-0.014675437982644307,-0.01470875522520094,-0.014715273026924575,-0.005253347277144345,-0.005447961080875676,-0.005475945846161731,-0.0025347817948715135
0.005556222248889956,-0.08775190243682789,-0.014675846990410529,-0.014709163394668968,-0.014715682943886846,-0.005253514192463835,-0.0054481266067943936,-0.005476112714817747,-0.0025348657685654763
0.0055582223288931564,-0.08774859271272595,-0.014675257609843553,-0.01470857690686904,-0.014715092597595967,-0.00525326887628357,-0.005447888460681225,-0.0054758717428618035,-0.002534745207594709
0.005560222408896356,-0.08775087288241365,-0.01467566515868542,-0.014708983622607297,-0.01471550105319692,-0.005253435219777591,-0.0054480534225338105,-0.005476038041623345,-0.0025348289087312854
0.005562222488899557,-0.08774755482644629,-0.014675074346641467,-0.014708395708434649,-0.014714909273039289,-0.00525318934248887,-0.005447814722951174,-0.005475796510475223,-0.0025347080803155096
0.005564222568902756,-0.08774982682467057,-0.014675480491537754,-0.014708801025241174,-0.014715316322352167,-0.005253355135624247,-0.005447979141963444,-0.005475962260779612,-0.0025347915191350962
0.005566222648905957,-0.0877465007581273,-0.01467488830316279,-0.01470821173966063,-0.014714723163568396,-0.005253108718759143,-0.005447739910201705,-0.0054757201919418035,-0.0025346704335458114
0.005568222728909156,-0.08774876490714524,-0.01467529309942543,-0.014708615712665523,-0.014715128862000095,-0.00525327398313261,-0.005447903807727985,-0.00547588541535618,-0.0025347536203507537
0.005570222808912357,-0.08774543115324346,-0.014674699590196195,-0.014708025110971551,-0.01471453438016239,-0.005253027048352106,-0.005447664065205113,-0.005475642830460021,-0.0025346322879209898
0.005572222888915557,-0.08774768777722428,-0.014675103093465263,-0.01470842779563213,-0.014714938783448575,-0.005253191805688314,-0.005447827462726406,-0.005475807548679369,-0.0025347152330747087
0.005574222968918757,-0.08774434666107689,-0.014674508319183729,-0.014707835933443271,-0.014714343034454616,-0.005252944374780101,-0.005447587230985771,-0.005475564469482896,-0.0025345936641979535
0.005576223048921958,-0.08774659608606934,-0.0146749105854216,-0.014708237385538161,-0.014714746198653927,-0.005253108646929336,-0.0054477501501073895,-0.005475728704327796,-0.0025346763781238044
0.005578223128925157,-0.0877432479346529,-0.014674314602209443,-0.01470764431879186,-0.014714149238721894,-0.005252860741805782,-0.005447509450815812,-0.005475485152713648,-0.002534554583253056
0.005580223208928358,-0.08774549048855383,-0.01467471568769581,-0.014708044594415819,-0.014714551220210622,-0.005253024550741962,-0.0054476719132655,-0.005475648926128237,-0.0025346370764333984
0.005582223288931557,-0.08774213563067688,-0.014674118551988979,-0.014707450379362634,-0.01471395310587341,-0.005252776193437925,-0.005447430768210967,-0.005475404924101441,-0.0025345150660800856
0.005584223368934758,-0.08774437164319844,-0.014674518513314758,-0.01470784953492087,-0.01471435396133981,-0.005252939561256303,-0.005447592795836551,-0.005475568258151173,-0.0025345973490551853
0.005586223448937958,-0.08774101040946916,-0.01467392028185796,-0.01470725422811931,-0.014713754749439659,-0.005252690773926975,-0.005447351226926255,-0.005475323827837092,-0.0025344751337881884
0.005588223528941158,-0.08774324021210596,-0.014674319175920008,-0.014707652320321793,-0.014714154535878267,-0.005252853722842042,-0.005447512841693574,-0.005475486744706564,-0.0025345572171552107
0.0055902236089443585,-0.08773987293489831,-0.014673719905760933,-0.01470705597863229,-0.014713554283560967,-0.005252604527760732,-0.005447270870951565,-0.0054752419083486,-0.002534434807599752
0.005592223688947558,-0.08774209686089686,-0.014674117789756642,-0.014707453064488712,-0.014713953058267499,-0.0052527670801041215,-0.005447432094942423,-0.005475404430339518,-0.002534516702011763
0.005594223768950759,-0.08773872387431907,-0.014673517538240515,-0.014706855745068236,-0.014713351822976754,-0.005252517499660068,-0.005447189744507533,-0.0054751592102969425,-0.0025343941088483996
0.005596223848953958,-0.08774094225864158,-0.01467391446966154,-0.014707251881881649,-0.014713749643541676,-0.005252679677878136,-0.005447350599917272,-0.0054753213598256875,-0.002534475825013218
0.005598223928957159,-0.08773756389850353,-0.014673313294425552,-0.014706653642178292,-0.014713147483013791,-0.005252429734574403,-0.005447107892041,-0.005475075778571564,-0.0025343530589768343
0.0056002240089603585,-0.08773977707779733,-0.014673709331052782,-0.01470704888754,-0.014713544407317373,-0.005252591561226225,-0.005447268401176567,-0.005475237578167164,-0.002534434607656051
0.005602224088963559,-0.0877363936815755,-0.014673107290019971,-0.014706449785286764,-0.014712941379574872,-0.005252341277677303,-0.005447025358220666,-0.005474991658285912,-0.002534311679534682
0.0056042241689667595,-0.08773860199413938,-0.014673502489917556,-0.01470684419707047,-0.014713337465781061,-0.005252502775432349,-0.005447185543498275,-0.005475153130587764,-0.0025343930715426032
0.005606224248969959,-0.08773521390094514,-0.014672899641291513,-0.01470624429028006,-0.014712733629127683,-0.005252252174362066,-0.005446942187932782,-0.005474906894773121,-0.002534269992176484
0.00560822432897316,-0.08773741768669446,-0.014673294062800962,-0.0147066379266359,-0.014713128935678246,-0.005252413365997935,-0.005447102071875651,-0.005475068062528663,-0.002534351238378979
0.005610224408976359,-0.08773402523723943,-0.01467269046505987,-0.014706037273594668,-0.014712524348692623,-0.005252162470237144,-0.005446858426276531,-0.00547482153358131,-0.0025342280186594025
0.00561222448897956,-0.08773622483767411,-0.014673084166794541,-0.014706430192943825,-0.014712918934301687,-0.005252323378637402,-0.00544701803151279,-0.005474982419643944,-0.002534309129972928
0.0056142245689827595,-0.08773282837423757,-0.014672479878685406,-0.01470582885220623,-0.01471231365583185,-0.005252072211121759,-0.005446774118559691,-0.005474735620469322,-0.0025341857808412168
0.00561622464898596,-0.08773502413240657,-0.014672872919524493,-0.014706221113234753,-0.014712707579479836,-0.005252232859273542,-0.005446933467820007,-0.005474896247795956,-0.002534266768231654
0.00561822472898916,-0.08773162399880002,-0.014672268000057278,-0.014705619143617295,-0.014712101668637264,-0.005251981443041215,-0.0054466893102941,-0.005474649201401968,-0.0025341433006780306
0.00562022480899236,-0.08773381625926895,-0.014672660439140065,-0.014706010805270727,-0.014712494989565124,-0.005252141854033104,-0.005446848426409525,-0.005474809593050888,-0.002534224175159665
0.005622224888995561,-0.08773041280080253,-0.01467205494758184,-0.014705408265846164,-0.014711888505718702,-0.0052518902122224145,-0.00544660404719111,-0.005474562322545575,-0.0025341006002221602
0.00562422496899876,-0.0877326019096181,-0.014672446844301799,-0.01470579938732324,-0.014712281283422057,-0.005252050409242015,-0.005446762953090708,-0.0054747225016740664,-0.0025341813728565403
0.005626225049001961,-0.08772919547306668,-0.014671840840170966,-0.014705196337414954,-0.014711674286192584,-0.005251798565089309,-0.005446518375157108,-0.005474475030263414,-0.0025340577016199563
0.0056282251290051604,-0.0877313817777226,-0.014672232254169752,-0.014705586978161886,-0.014712066580415639,-0.005251958571420985,-0.005446677093865741,-0.0054746350201254615,-0.002534138383514805
0.005630225209008361,-0.08772797271129021,-0.014671625797229894,-0.014704983477337528,-0.01471145912966939,-0.005251706548258128,-0.005446432340288831,-0.0054743873711109396,-0.0025340146271095247
0.005632225289011561,-0.08773015656069297,-0.014672016788391584,-0.014705373697042187,-0.014711851000399196,-0.005251866387280772,-0.005446590894924905,-0.005474547195055031,-0.0025340952294176577
0.005634225369014761,-0.0877267452139794,-0.014671409938645677,-0.014704769805108238,-0.0147112431562424,-0.005251614208532969,-0.005446345988868948,-0.005474299391831423,-0.0025339713990186227
0.005636225449017961,-0.08772892695841265,-0.014671800567090653,-0.014705159663694024,-0.014711634663702743,-0.00525177390371752,-0.005446504402641989,-0.005474459073298025,-0.002534051932936799
0.005638225529021161,-0.08772551368237717,-0.01467119338477498,-0.014704555440689337,-0.014711026486475218,-0.0052515215929009205,-0.005446259367361247,-0.005474211139350965,-0.0025339280397623258
0.005640225609024362,-0.0877276936734675,-0.014671583710854006,-0.014704944998309313,-0.014711417691120601,-0.00525168116780812,-0.00544641766356971,-0.00547437070187036,-0.0025340085165301623
0.005642225689027561,-0.08772427882039452,-0.01467097625643217,-0.014704340504499537,-0.014710809241390002,-0.005251428748527473,-0.005446172522406182,-0.00547412266077411,-0.002533884571840863
0.005644225769030762,-0.08772645741107547,-0.014671366340720202,-0.014704729821530245,-0.014711200203899577,-0.005251588226805496,-0.005446330724435006,-0.00547428212796388,-0.002533965002739687
0.005646225849033962,-0.08772304133453936,-0.014670758674877188,-0.014704125117401521,-0.014710591542455194,-0.005251335722751826,-0.005446085500816063,-0.0054740340033789005,-0.0025338410178373447
0.005648225929037162,-0.0877252188790174,-0.01467114857816761,-0.014704514254437235,-0.01471098232372692,-0.005251495128133957,-0.005446243632134445,-0.005474193398941774,-0.002533921414189099
0.005650226009040362,-0.08772180193384695,-0.01467054076180347,-0.014703909400690229,-0.014710373511573574,-0.0052512425630821535,-0.005445998349570482,-0.005473945214612329,-0.0025337974004155097
0.005652226089043562,-0.08772397878756373,-0.014670930545101594,-0.014704298418536507,-0.014710764172717659,-0.005251401919384282,-0.005446156433729412,-0.005474104562333571,-0.002533877773581571
0.005654226169046763,-0.08772056132980638,-0.014670322639325627,-0.014703693476080406,-0.014710155271069749,-0.005251149317190758,-0.005445911115811508,-0.005473856342085463,-0.0025337537423174425
0.005656226249049962,-0.08772273784940604,-0.014670712363843031,-0.0147040824357484,-0.014710545873403043,-0.005251308648309186,-0.00544606917644156,-0.005474015665830723,-0.0025338341036975453
0.005658226329053163,-0.08771932023629192,-0.014670104429967329,-0.01470347746569455,-0.01470993694367814,-0.005251056032909432,-0.005445823846839049,-0.00547376743356873,-0.0025337100663613155
0.0056602264090563625,-0.08772149677958277,-0.014670494157115311,-0.014703866428394507,-0.014710327548717652,-0.005251215362818312,-0.005445981907647834,-0.005473926757281446,-0.002533790427392356
0.005662226489059563,-0.08771807936948968,-0.014669886256648952,-0.014703261492050639,-0.01470971865253058,-0.005250962758224577,-0.005445736590106087,-0.005473678536987154,-0.002533666395439095
0.005664226569062763,-0.08772025629540933,-0.014670276048032631,-0.014703650519186,-0.014710109321987344,-0.005251122110973589,-0.005445894674876003,-0.005473837884686291,-0.002533746767594003
0.005666226649065963,-0.08771683944782628,-0.014669668242675241,-0.014703045678049743,-0.014709500521143901,-0.005250869541272423,-0.005445649393213874,-0.005473589700415446,-0.00253362275251425
0.005668226729069163,-0.0877190171164052,-0.014670058160087244,-0.01470343483121083,-0.014709891316916773,-0.005251028940984367,-0.005445807525799634,-0.005473749096193024,-0.0025337031473008525
0.005670226809072363,-0.0877156011918954,-0.01466945051172281,-0.014702830146963657,-0.01470928267340744,-0.005250776430334165,-0.005445562303907116,-0.005473500972073273,-0.002533579160619399
0.005672226889075564,-0.08771777996422118,-0.014669840617136977,-0.014703219487921564,-0.014709673657576933,-0.0052509359012024555,-0.005445720508233439,-0.005473660440091894,-0.002533659589579221
0.0056742269690787635,-0.08771436532438698,-0.014669233187827752,-0.014702615022422573,-0.014709065233570679,-0.0052506834738310715,-0.00544547537006932,-0.005473412400320268,-0.002533535642854063
0.005676227049081964,-0.08771654556256737,-0.01466962354339316,-0.014703004613122971,-0.01470945646839276,-0.00525084304011747,-0.005445633670128439,-0.005473571964810883,-0.0025336161175612236
0.005678227129085164,-0.08771313257001243,-0.014669016395373234,-0.014702400428402576,-0.014708848326230775,-0.005250590720319796,-0.005445388639717757,-0.0054733240336514175,-0.002533492222382287
0.005680227209088364,-0.08771531463713887,-0.01466940706340755,-0.014702790330959172,-0.014709239874130338,-0.005250750406351717,-0.005445547059567026,-0.005473483718910563,-0.002533572754442273
0.005682227289091564,-0.08771190365543376,-0.01466880025907686,-0.014702186489213164,-0.014708632076319802,-0.005250498218487252,-0.005445302160998847,-0.005473235920691864,-0.0025334489224303554
0.005684227369094764,-0.08771408791554482,-0.014669191302060345,-0.014702576765901797,-0.01470902399988463,-0.005250658048655537,-0.005445460724758301,-0.005473395751079493,-0.002533529523478899
0.005686227449097964,-0.08771067930918724,-0.0146685849039778,-0.014701973329484412,-0.014708416609092237,-0.005250406017145774,-0.005445215982183053,-0.0054731481101921555,-0.0025334057662843483
0.0056882275291011645,-0.08771286612723211,-0.014668976384546874,-0.01470236404273657,-0.014708808971066476,-0.005250566015902125,-0.005445374714032983,-0.005473308110129014,-0.002533486447986238
0.005690227609104365,-0.08770946026161196,-0.014668370455424766,-0.014701761074154862,-0.014708202050112255,-0.005250314165228338,-0.005445130151660206,-0.005473060651023357,-0.0025333627772879366
0.005692227689107565,-0.08771165000341226,-0.014668762436365631,-0.014702152286551326,-0.014708594913390141,-0.005250474357082798,-0.005445289075838741,-0.0054732208449885696,-0.0025334435513357993
0.005694227769110765,-0.0877082472447746,-0.014668157039062582,-0.014701549848458331,-0.014707988525240873,-0.005250222711783299,-0.00544504471793449,-0.0054729735921719355,-0.002533319978839875
0.005696227849113965,-0.08771044027698903,-0.014668549583305017,-0.014701941622723041,-0.014708381952860469,-0.005250383121301936,-0.005445203858735077,-0.005473134004700564,-0.0025334008569530488
0.005698227929117165,-0.08770704099239679,-0.014667944780820197,-0.014701339777911826,-0.014707776160623836,-0.005250131705969829,-0.005444959729619611,-0.005472886982735067,-0.0025332773943917554
0.005700228009120365,-0.08770923768248241,-0.014668337951430884,-0.014701732176905132,-0.014708170215760291,-0.005250292357772073,-0.005445119111388597,-0.005473047638415538,-0.0025333583883150766
0.0057022280891235655,-0.0877058422397783,-0.014667733806897168,-0.014701130988302112,-0.014707565082677725,-0.005250041197052604,-0.005444875235433796,-0.005472800871915351,-0.0025332350474455275
0.005704228169126766,-0.08770804295595457,-0.014668127667073722,-0.014701524075014866,-0.014707959828637368,-0.005250202115808859,-0.005445034882567941,-0.005472961795387029,-0.002533316168948153
0.005706228249129966,-0.08770465172372394,-0.014667524243751524,-0.01470092360567352,-0.014707355418078138,-0.005249951234396914,-0.005444791284194833,-0.005472715309016058,-0.002533192961551205
0.005708228329133166,-0.08770685683493375,-0.014667918856815499,-0.014701317443220325,-0.0147077509182916,-0.005250112444826027,-0.005444951221138888,-0.005472876524966723,-0.0025332742224253722
0.005710228409136366,-0.08770347018246846,-0.014667316218086292,-0.014700717756314796,-0.014707147293746205,-0.005249861867463745,-0.005444707924815237,-0.005472630343435992,-0.002533151160304403
0.005712228489139566,-0.08770568005834213,-0.014667711647477417,-0.014701112407927763,-0.014707543611762202,-0.005250023394330504,-0.005444868176059379,-0.005472791876599334,-0.0025332325723643
0.005714228569142766,-0.08770229835560088,-0.014667109856837125,-0.014700513566746353,-0.014706940836835918,-0.0052497731458046384,-0.005444625206297127,-0.005472546024664523,-0.0025331096673439743
0.005716228649145966,-0.08770451336641719,-0.014667506166106181,-0.014700909095768506,-0.01470733803631465,-0.0052499350139171876,-0.005444785796374458,-0.0054727078998175705,-0.0025331912424244834
0.005718228729149166,-0.08770113698399046,-0.01466690528715912,-0.014700311163707546,-0.014706736174721144,-0.005249685119056743,-0.005444543177727364,-0.005472462402276539,-0.002533068506349613
0.005720228809152367,-0.08770335750063926,-0.014667302539961853,-0.014700707633586434,-0.014707134319427976,-0.005249847353264138,-0.005444704131211511,-0.005472624644237247,-0.002533150256305125
0.005722228889155567,-0.08769998680970766,-0.014666702636413726,-0.014700110674143218,-0.014706533434982554,-0.005249597836937609,-0.005444461888272407,-0.005472379525927356,-0.0025330277010394064
0.005724228969158767,-0.08770221320365365,-0.014667100896504422,-0.014700508148424697,-0.014706932588781396,-0.005249760462127319,-0.005444623229774959,-0.00547254215955201,-0.002533109637742643
0.005726229049161967,-0.08769884857595389,-0.014666502032156158,-0.01469991222519161,-0.01470633274539481,-0.005249511349240362,-0.005444381387173496,-0.005472297445347754,-0.002532987275167481
0.005728229129165167,-0.08770108121919536,-0.014666901363380731,-0.014700310767512775,-0.01470673297224145,-0.005249674390335539,-0.005444543141341419,-0.005472460495528353,-0.0025330694105082053
0.005730229209168367,-0.0876977230269797,-0.014666303602121762,-0.014699715944170319,-0.014706134233913083,-0.005249425705828323,-0.005444301723741327,-0.005472216210338704,-0.0025329472525214653
0.005732229289171567,-0.08769996229201364,-0.014666704068411664,-0.014700115618253578,-0.014706535597848963,-0.005249589187785521,-0.005444463915254591,-0.005472379702000598,-0.002533029598405368
0.0057342293691747676,-0.08769661090801306,-0.014666107474213626,-0.014699521958564207,-0.014705938028660515,-0.005249340956630214,-0.005444222947351369,-0.0054721358707665434,-0.002532907656920199
0.005736229449177967,-0.08769885716779506,-0.014666509139578988,-0.01469992282821045,-0.014706340593806008,-0.005249504904436626,-0.005444385600920322,-0.005472299828865729,-0.0025329902252676025
0.005738229529181168,-0.08769551296518066,-0.014665913776488952,-0.01469933039601185,-0.014705744257914702,-0.005249257151634847,-0.005444145107438542,-0.005472056476557656,-0.0025328685122111986
0.005740229609184368,-0.08769776659308724,-0.01466631670501208,-0.014699732525093826,-0.014706148088462276,-0.005249421590305826,-0.005444308247801364,-0.005472220926078243,-0.0025329513149558534
0.005742229689187568,-0.08769442994543175,-0.014665722637146092,-0.014699141384292383,-0.01470555305009461,-0.005249174340886069,-0.005444068253492214,-0.005471978077693436,-0.002532829842268251
0.005744229769190768,-0.08769669131522233,-0.01466612689297509,-0.014699544836748483,-0.014705958210302813,-0.005249339295462601,-0.005444231905412466,-0.005472143043645183,-0.002532912891356138
0.005746229849193968,-0.08769336259646221,-0.014665534184511534,-0.014698955051312822,-0.014705364533747555,-0.0052490925744776975,-0.0054439924350512476,-0.005471900724205185,-0.002532791670988962
0.0057482299291971685,-0.08769563208224057,-0.014665939831853481,-0.014699359891140157,-0.014705771087933911,-0.005249258070023777,-0.005444156623315244,-0.005472066231620827,-0.0025328749783770418
0.005750230009200368,-0.08769231166663674,-0.014665348547026507,-0.014698771525094365,-0.01470517883753577,-0.005249011902548235,-0.005443917701698677,-0.0054718244661689204,-0.0025327540222922773
0.005752230089203569,-0.08769458964281235,-0.014665755650141029,-0.014699177816342527,-0.014705586850070484,-0.005249177964148343,-0.005444082451113026,-0.005471990540101667,-0.002532837599947299
0.005754230169206768,-0.08769127790491288,-0.014665165853233927,-0.01469859093375983,-0.01470499609022337,-0.005248932375275931,-0.005443844103056901,-0.005471749353700305,-0.0025327169201161083
0.005756230249209969,-0.08769356474616209,-0.014665574476426359,-0.014698998740523902,-0.014705405625522517,-0.0052490990280323595,-0.005444009438445846,-0.005471916019221184,-0.002532800780013302
0.005758230329213169,-0.08769026206076293,-0.014664986231765138,-0.014698413405519854,-0.014704816420663043,-0.005248854042873364,-0.005443771688782312,-0.005471675436949414,-0.0025326803884147455
0.005760230409216369,-0.08769255814199141,-0.014665396439380201,-0.01469882279193427,-0.014705227543182047,-0.005249021311903832,-0.005443937634985309,-0.005471842719144812,-0.0025327645425367138
0.0057622304892195695,-0.08768926488409738,-0.01466480981132649,-0.014698239068660166,-0.014704639957782692,-0.005248776955582566,-0.005443700508560377,-0.005471602766095607,-0.002532644451156538
0.005764230569222769,-0.08769157058039967,-0.014665221667741386,-0.01469865009889155,-0.0147050527320095,-0.005248944866017349,-0.005443867090429366,-0.005471770690064532,-0.0025327289114918704
0.00576623064922597,-0.08768828712518677,-0.014664636720686304,-0.014698068051528063,-0.014704466830572189,-0.00524870116366956,-0.005443630612100363,-0.0054715313913423665,-0.002532609132321272
0.005768230729229169,-0.08769060281180985,-0.01466505029030428,-0.01469848078976922,-0.014704881321020888,-0.005248869740649189,-0.005443797854497407,-0.005471699982194003,-0.0025326939108634475
0.00577023080923237,-0.08768732953458533,-0.014664467088661478,-0.014697900482519318,-0.014704297168070117,-0.005248626717419449,-0.005443562049130387,-0.005471461362912112,-0.0025325744558978417
0.00577223088923557,-0.08768965558688753,-0.014664882435904913,-0.01469831499298196,-0.014704713439273976,-0.005248795986091851,-0.005443729976924876,-0.005471630645763109,-0.002532659564643876
0.00577423096923877,-0.08768639286305195,-0.014664301044104069,-0.014697736490064757,-0.014704131099350247,-0.005248553667130956,-0.00544349486939205,-0.005471392731040932,-0.0025325404458816266
0.0057762310492419705,-0.08768872965646601,-0.014664718233408137,-0.014698152836973491,-0.014704549215855319,-0.005248723652649135,-0.005443663507458354,-0.005471562731012949,-0.0025326258968309543
0.00577823112924517,-0.08768547786147354,-0.014664138715888089,-0.014697576202617142,-0.014703968753508434,-0.0052484820631114775,-0.005443429122635513,-0.0054713255459736074,-0.002532507126272182
0.005780231209248371,-0.08768782577146604,-0.01466455781169382,-0.014697994450202203,-0.014704388779866594,-0.005248652790630638,-0.005443598495850222,-0.005471496288190502,-0.0025325929314252782
0.00578223128925157,-0.08768458528078675,-0.014663980232896136,-0.014697419748637626,-0.014703810259648977,-0.005248411955671686,-0.005443364858614162,-0.0054712598579580805,-0.002532474521070573
0.005784231369254771,-0.08768694468282069,-0.014664401299643868,-0.01469783996112876,-0.014704232260411502,-0.005248583450346851,-0.005443534991853635,-0.0054714313675435465,-0.002532560692427846
0.00578623144925797,-0.08768371587189974,-0.014663825724005897,-0.014697267256582597,-0.014703655746871411,-0.005248343395120433,-0.005443302127079582,-0.0054711957172405585,-0.002532442654277039
0.005788231529261171,-0.08768608714139402,-0.014664248826128464,-0.014697689498201987,-0.01470407978658199,-0.005248515682103666,-0.005443473045217285,-0.005471368019315304,-0.0025325292038374542
0.0057902316092643714,-0.08768287038561544,-0.014663675318076996,-0.014697118854890457,-0.014703505344257083,-0.00524827643175951,-0.005443240977776359,-0.005471133174060124,-0.0025324115498884144
0.005792231689267571,-0.08768525389790745,-0.014664100519993263,-0.014697543189846314,-0.014703931487445431,-0.005248449536197441,-0.0054434127056803535,-0.005471306293739447,-0.0025324984896483737
0.005794231769270772,-0.0876820495725514,-0.014663529143937318,-0.014696974671967847,-0.014703359180855573,-0.005248211115878354,-0.005443181460436838,-0.005471072278643543,-0.0025323812318956596
0.005796231849273971,-0.08768444570285633,-0.014663956510045068,-0.014697401164447517,-0.014703787492030374,-0.005248385062909446,-0.005443354022967089,-0.005471246241034544,-0.00253246857384764
0.005798231929277172,-0.08768125418306358,-0.014663387330369869,-0.014696834836176788,-0.014703217385671508,-0.005248147497748956,-0.0054431236247760575,-0.005471013081200095,-0.002532351724281388
0.005800232009280371,-0.08768366330643704,-0.014663816925039663,-0.014697263550340288,-0.014703647929314029,-0.005248322312501017,-0.005443297046782001,-0.005471187911399248,-0.0025324394804128046
0.005802232089283572,-0.08768048496716688,-0.014663250006099127,-0.014696699475820873,-0.014703080087650871,-0.005248085627620492,-0.005443067520486501,-0.0054709556319162715,-0.0025323230510173452
0.0058042321692867715,-0.08768290745846366,-0.014663681893667044,-0.014697130475793971,-0.014703512928207926,-0.005248261335207939,-0.0054432418268042845,-0.005471131355006642,-0.0025324112333091954
0.005806232249289972,-0.08767974267445801,-0.01466311729977784,-0.014696568719132204,-0.01470294741566781,-0.005248025555714228,-0.005443013197232972,-0.0054708999809506146,-0.0025322952360619243
0.005808232329293173,-0.08768217890829483,-0.014663551544539147,-0.01469700206899991,-0.014703382617545273,-0.005248202181235557,-0.005443188412682979,-0.0054710766219993505,-0.002532383856487637
0.005810232409296372,-0.0876790280540357,-0.014662989339973382,-0.01469644269425782,-0.014702819498510959,-0.00524796733221814,-0.005442960704647336,-0.005470846178428445,-0.0025322683033576683
0.005812232489299573,-0.08768147840475109,-0.014663426006175526,-0.014696878458057535,-0.014703257126066854,-0.0052481449007532295,-0.0054431368540315515,-0.005471023762484097,-0.0025323573738817717
0.005814232569302772,-0.08767834185442341,-0.014662866255154464,-0.01469632152924629,-0.014702696464870052,-0.0052479110072817916,-0.005442910092323419,-0.005470794274436622,-0.0025322422768287575
0.005816232649305973,-0.08768080669603912,-0.014663305406990582,-0.01469675977096124,-0.014703136582407936,-0.005248089543889384,-0.005443087200422818,-0.00547097282652655,-0.002532331809405679
0.0058182327293091725,-0.08767768482349131,-0.014662748173677544,-0.014696205352034444,-0.014702578443322439,-0.005247856631011029,-0.005442861409811715,-0.0054707443190183044,-0.002532217180378521
0.005820232809312373,-0.08768016452967223,-0.014663189875279672,-0.014696646135586954,-0.014703021115084695,-0.005248036160726014,-0.005443039501383759,-0.005470923864146105,-0.002532307186951331
0.005822232889315573,-0.08767705770837636,-0.01466263522377358,-0.014696094290433876,-0.014702465562319663,-0.005247804253462764,-0.0054428147066143415,-0.005470696362167747,-0.002532193037886927
0.005824232969318773,-0.08767955265239197,-0.01466307953920575,-0.014696537679678491,-0.014702910852480657,-0.005247984801293611,-0.005442993806390247,-0.005470876925310524,-0.0025322835303860547
0.005826233049321974,-0.08767646125540514,-0.014662527533534288,-0.014695988472117416,-0.014702357950173937,-0.00524775392463971,-0.0054427700321797055,-0.005470650453825003,-0.0025321698732080813
0.005828233129325173,-0.08767897181009032,-0.014662974526786101,-0.014696434530834504,-0.014702805922833323,-0.005247935515565815,-0.005442950164861957,-0.005470832059930862,-0.0025322608635501152
0.005830233209328374,-0.08767589621001527,-0.014662425230898992,-0.014695888024606005,-0.014702255735044708,-0.005247705694485178,-0.0054427274358973925,-0.00547060664387074,-0.0025321477101677425
0.0058322332893315735,-0.08767842274773074,-0.0146628749658787,-0.014696336816494732,-0.014702706454220655,-0.005247888353454278,-0.005442908626157095,-0.005470789317856075,-0.002532239210254124
0.005834233369334774,-0.08767536331667658,-0.014662328443640984,-0.014695793075255039,-0.014702159044925079,-0.005247659612877777,-0.0054426869670929755,-0.005470564982120944,-0.0025321265725607826
0.005836233449337974,-0.0876779062092702,-0.014662780984168738,-0.014696244663926862,-0.014702612574547634,-0.005247843364803299,-0.005442869239567276,-0.005470748748867878,-0.002532218594276613
0.005838233529341174,-0.08767486331881313,-0.014662237299354139,-0.014695703751241025,-0.014702068007628478,-0.005247615729626257,-0.005442648675022767,-0.005470525518321729,-0.0025321064841487273
0.005840233609344375,-0.08767742293758021,-0.014662692709155465,-0.014696158200213015,-0.014702524411532749,-0.005247800599384689,-0.005442832054312269,-0.005470710402675478,-0.0025321990393614704
0.005842233689347574,-0.0876743969587243,-0.014662151925439345,-0.014695620179548253,-0.014701982750775045,-0.005247574094464127,-0.005442612608868716,-0.005470488302144058,-0.0025320874686572178
0.005844233769350775,-0.0876769736743678,-0.014662610268138102,-0.014696077552236146,-0.014702442092694378,-0.005247760106892411,-0.005442797119534833,-0.005470674328910254,-0.0025321805692154593
0.0058462338493539745,-0.08767396497750682,-0.014662072449091344,-0.014695542486955234,-0.014701903401778293,-0.0052475347570445675,-0.005442578817733138,-0.005470453383178519,-0.0025320695497735393
0.005848233929357175,-0.08767655916010025,-0.014662533788203279,-0.014696002846667033,-0.014702365745337719,-0.005247721936937515,-0.005442764484295563,-0.005470640577120711,-0.0025321632075057487
0.005850234009360375,-0.08767356811497613,-0.014661998997284839,-0.014695470800021414,-0.014701830087831479,-0.005247497766935069,-0.005442547350633569,-0.00547042081093007,-0.0025320527511440904
0.005852234089363575,-0.08767618013392196,-0.014662463396210789,-0.014695934209950495,-0.014702295496540872,-0.005247686139042685,-0.005442734197567671,-0.005470609196766997,-0.0025321469778573635
0.005854234169366775,-0.08767320710958848,-0.014661931696761556,-0.014695405245073767,-0.014701762935894237,-0.005247463173612299,-0.005442518256497572,-0.005470390634812847,-0.0025320370963719087
0.005856234249369975,-0.08767583733358078,-0.014662399218780646,-0.0146958717682923,-0.01470223147314168,-0.005247652762637181,-0.0054427063082317885,-0.005470580237215867,-0.0025321319038507247
0.005858234329373176,-0.08767288269836213,-0.014661870674016416,-0.014695345948193475,-0.014701702072679235,-0.005247431026456759,-0.005442491584157579,-0.0054703629041448956,-0.0025320226090141756
0.0058602344093763754,-0.08767553149534639,-0.014662341382279447,-0.014695815647645502,-0.014702173801724094,-0.005247621857051495,-0.005442680865070791,-0.005470553747735362,-0.0025321180090191317
0.005862234489379576,-0.08767259561680008,-0.01466181605528444,-0.014695293035202343,-0.014701647624638613,-0.005247401374747701,-0.005442467382345706,-0.005470337668143001,-0.0025320093125797004
0.005864234569382776,-0.08767526335393451,-0.014662290012807177,-0.014695765973697494,-0.014702122608605091,-0.0052475934715122555,-0.0054426579167647406,-0.00547052977748966,-0.002532105316846294
0.005866234649385976,-0.08767234659880983,-0.01466176796652688,-0.014695246631649566,-0.014701599717950374,-0.005247374267657671,-0.005442445699688509,-0.005470314975917284,-0.002531997230526416
0.005868234729389176,-0.08767503364242668,-0.014662245236183348,-0.014695722871856118,-0.014702078019820588,-0.005247567655136788,-0.0054426375118854856,-0.005470508375533689,-0.002532093850763779
0.005870234809392376,-0.08767213637662845,-0.01466172653341853,-0.014695206862798535,-0.014701558478505421,-0.005247349754247606,-0.0054424265847019485,-0.005470294876466305,-0.0025319863862589584
0.005872234889395576,-0.08767484309219413,-0.01466220717793422,-0.01469568646723665,-0.014702040161112836,-0.005247544456928142,-0.005442619698891721,-0.005470489590808129,-0.002532083634148596
0.005874234969398776,-0.08767196568074113,-0.014661691881333582,-0.014695173853613198,-0.014701524031893658,-0.005247327883461285,-0.005442410085786115,-0.00547027741867149,-0.002531976803126072
0.005876235049401977,-0.08767469243281785,-0.014662175963278798,-0.014695656884648349,-0.014702009157916208,-0.005247523925769644,-0.005442604526123666,-0.005470473472133972,-0.002532074690320656
0.0058782351294051766,-0.08767183523980623,-0.01466166413533279,-0.014695147728744803,-0.014701496503390935,-0.005247308704120391,-0.005442396251220109,-0.005470262651292206,-0.00253196850441822
0.005880235209408377,-0.08767458239201352,-0.014662151717116254,-0.014695634248581467,-0.014701985135344695,-0.005247506110419972,-0.005442592041798036,-0.005470460068207626,-0.002532067042540336
0.005882235289411577,-0.08767174578057552,-0.014661643420149851,-0.01469512861251883,-0.014701476017945572,-0.005247292264919108,-0.005442385129156895,-0.005470250622960386,-0.002531961513365021
0.005884235369414777,-0.08767451369554971,-0.01466213456401154,-0.01469561868319317,-0.014701968218177541,-0.005247491059507585,-0.005442582294002747,-0.005470449427595281,-0.0025320607140058965
0.005886235449417977,-0.08767169802781738,-0.014661629860178247,-0.014695116628921425,-0.014701462700164937,-0.005247278614419079,-0.005442376767618174,-0.005470241382175427,-0.0025319558531328385
0.005888235529421177,-0.08767448706717486,-0.014662124628183164,-0.014695610312295257,-0.014701958530846892,-0.0052474788215259175,-0.005442575330691974,-0.0054704415987281915,-0.002532055727851157
0.005890235609424377,-0.08767169270423833,-0.01466162357945771,-0.014695111901586184,-0.014701456674302104,-0.005247267801044055,-0.0054423712144891796,-0.0054702349772989605,-0.0025319515468222534
0.0058922356894275775,-0.08767450322853511,-0.014662122033488895,-0.014695609259339878,-0.014701956197423531,-0.005247469444827859,-0.005442571199680764,-0.005470436629897082,-0.002532052107142846
0.005894235769430778,-0.08767173053040674,-0.01466162470166112,-0.014695114553781002,-0.01470145806424273,-0.00524725987307491,-0.005442368517513622,-0.005470231456549649,-0.0025319486174656108
0.005896235849433978,-0.087674562899101,-0.014662126903413342,-0.014695615647407305,-0.014701961341604524,-0.005247462977620837,-0.0054425699486401954,-0.005470434569247314,-0.0025320498748783184
0.005898235929437178,-0.08767181222467416,-0.014661633350081074,-0.014695124708394656,-0.014701466993491426,-0.005247254878644227,-0.005442368724288491,-0.005470230867998086,-0.002531947088024536
0.005900236009440378,-0.08767466679608565,-0.01466213936105386,-0.014695629599191571,-0.014701974086698795,-0.0052474594679614165,-0.005442571625091916,-0.0054704354647733475,-0.002532049053982865
0.005902236089443578,-0.08767193850309939,-0.014661649647616872,-0.01469514248792386,-0.014701483585158827,-0.00524725286573138,-0.005442371882259075,-0.005470233259561557,-0.0025319469813875188
0.005904236169446778,-0.0876748156343737,-0.014662159529108135,-0.014695651236988624,-0.014701994555615201,-0.005247458963750411,-0.005442576276403484,-0.005470439364314031,-0.0025320496673075063
0.0059062362494499785,-0.08767211007936897,-0.01466167371676084,-0.014695168014459697,-0.014701507961947932,-0.005247253882157159,-0.005442378038713643,-0.005470238678998904,-0.002531948320367354
0.005908236329453179,-0.08767501012643664,-0.014662187529860222,-0.014695680682681659,-0.014702022870847873,-0.0052474615127273755,-0.005442583949782727,-0.005470446315546969,-0.002532051737626274
0.005910236409456379,-0.08767232766472398,-0.0146617056795857,-0.01469520140967485,-0.014701540246141353,-0.005247257975578794,-0.00544238724077856,-0.005470247173905457,-0.002531951127698814
0.005912236489459579,-0.08767525098226325,-0.01466222348516789,-0.014695718057729347,-0.014702059154464344,-0.005247467162465846,-0.005442594692273169,-0.005470456365983825,-0.002532055287633979
0.005914236569462779,-0.087672591967879,-0.014661745657730796,-0.014695242794810194,-0.014701580559587629,-0.005247265193484679,-0.005442399535413033,-0.0054702587917077345,-0.0025319554260360448
0.005916236649465979,-0.08767553890927664,-0.014662267516448939,-0.014695763483151507,-0.014702103528091065,-0.0052474759603678605,-0.005442608550748546,-0.005470469562964791,-0.0025320603399435876
0.005918236729469179,-0.08767290369494878,-0.014661793772389405,-0.014695292290661664,-0.014701629023688398,-0.005247275583189332,-0.005442414969404187,-0.005470273579658458,-0.0025319612379502737
0.0059202368094723795,-0.08767587461226335,-0.01466231974466886,-0.01469581707951713,-0.014702156112901526,-0.005247487953659139,-0.005442625571908042,-0.005470485953653843,-0.0025320669170839265
0.005922236889475579,-0.08767326354937009,-0.014661850144295557,-0.014695350017567577,-0.014701685759385255,-0.005247289191828313,-0.0054424335893619126,-0.005470291584831479,-0.0025319685859272706
0.00592423696947878,-0.08767625879329094,-0.014662380290326675,-0.014695878966930209,-0.014702217029601925,-0.005247503189383703,-0.0054426458022709505,-0.005470505585033289,-0.002532075041497088
0.00592623704948198,-0.08767367223182491,-0.014661914893710383,-0.01469541609539482,-0.014701750887146139,-0.005247306066352927,-0.005442455441713748,-0.00547031285411642,-0.0025319774923649213
0.00592823712948518,-0.08767669215163774,-0.014662449273442813,-0.014695949265017732,-0.014702286398419102,-0.005247521714399024,-0.00544266928817192,-0.00547052850389898,-0.002532084735536179
0.00593023720948838,-0.08767413044016657,-0.014661988140409987,-0.014695490643526748,-0.014701824526953039,-0.005247326253525404,-0.0054424805727000605,-0.00547033743421392,-0.0025319879795708405
0.00593223728949158,-0.08767717538371163,-0.014662526813545313,-0.014696028092915743,-0.014702364339086468,-0.005247543575370709,-0.005442696075755615,-0.005470554756854945,-0.002532096021462685
0.0059342373694947805,-0.08767463886934053,-0.014662070003671472,-0.014695573780849338,-0.014701906798288176,-0.005247349799913604,-0.005442509028368732,-0.0054703653716302965,-0.0025320000697599005
0.00593623744949798,-0.08767770918297832,-0.01466261302965751,-0.014696115569257184,-0.014702450970832044,-0.005247568818767635,-0.00544272621097199,-0.0054705843903085916,-0.0025321089214442732
0.005938237529501181,-0.08767519821131167,-0.014662160602260714,-0.014695665625738836,-0.014701997820121477,-0.005247376751886043,-0.005442540854570371,-0.005470396712672627,-0.0025320137850518482
0.00594023760950438,-0.08767829423988156,-0.014662708040284207,-0.014696211812158204,-0.014702546412364334,-0.005247597490856678,-0.0054427597395710035,-0.005470617450465357,-0.0025321234575521527
0.005942237689507581,-0.0876758091549865,-0.014662260054418735,-0.014695766296048421,-0.014702097710897291,-0.0052474071556068095,-0.005442576096953165,-0.005470431503443609,-0.002532029147468851
0.005944237769510781,-0.08767893124177248,-0.01466281196339974,-0.014696316939205995,-0.01470265078186043,-0.005247629637697906,-0.005442796707097896,-0.005470653983323971,-0.002532139651758883
0.005946237849513981,-0.08767647238613907,-0.01466236847784942,-0.014695875909095765,-0.014702206588521751,-0.005247441057030577,-0.005442614800958037,-0.005470469789836613,-0.0025320461789331544
0.005948237929517181,-0.08767962087282934,-0.014662924916434075,-0.014696431067445233,-0.01470276419695213,-0.005247665305139341,-0.005442837158887951,-0.005470694034671166,-0.002532157525935769
0.005950238009520381,-0.0876771885873353,-0.014662485989705997,-0.01469599458164955,-0.014702324570349496,-0.005247478501897511,-0.005442657011813491,-0.005470511617530542,-0.0025320649012646286
0.005952238089523582,-0.08768036381398692,-0.0146630470162607,-0.014696554313365726,-0.014702886774713764,-0.005247704538812033,-0.00544288114006171,-0.005470737650076819,-0.0025321771018506434
0.005954238169526781,-0.08767795843785854,-0.01466261270657879,-0.014696122429917437,-0.014702451773171149,-0.0052475195357283115,-0.005442702774530844,-0.005470557031985004,-0.002532085336178411
0.005956238249529982,-0.08768116074285819,-0.014663178379183295,-0.014696686792889444,-0.014703018631648933,-0.005247747384125058,-0.005442928695519949,-0.005470784874888887,-0.0025321984011653547
0.005958238329533182,-0.08767878261363352,-0.014662748744481698,-0.0146962595695325,-0.01470258831320005,-0.005247564203819152,-0.005442752133899067,-0.005470606078435034,-0.002532107505282477
0.005960238409536382,-0.0876820123336622,-0.014663319120923212,-0.01469682862135771,-0.014703159883677841,-0.005247793886260516,-0.00544297986993876,-0.00547083575422847,-0.00253222144543346
0.005962238489539582,-0.08767966178715494,-0.014662894218840403,-0.014696406115541223,-0.014702734306060143,-0.0052476125512368665,-0.005442805134480147,-0.005470658801886526,-0.0025321314300753676
0.005964238569542782,-0.08768291925714827,-0.014663469356606685,-0.014696979913518671,-0.014703310646124446,-0.005247844090168585,-0.0054430347077646145,-0.005470890332984755,-0.002532246256097813
0.0059662386495459825,-0.08768059662740861,-0.014663049244478423,-0.014696562182390141,-0.014702889866772297,-0.005247664622813696,-0.00544286182060385,-0.005470715247110812,-0.002532157131943679
0.005968238729549182,-0.0876838821805229,-0.014663629200751958,-0.014697140783514416,-0.014703471033703855,-0.005247898040562536,-0.005443093253209471,-0.005470948655810182,-0.0025322728544882275
0.005970238809552383,-0.08768158779980273,-0.014663213935605593,-0.01469672788391376,-0.014703055109742515,-0.005247720463142696,-0.005442922236363081,-0.005470775458640123,-0.0025321846321598256
0.005972238889555582,-0.0876849017673752,-0.014663798767256809,-0.014697311344868465,-0.014703641160509479,-0.005247955781913789,-0.005443155550245884,-0.005471010767115424,-0.0025323012618190897
0.005974238969558783,-0.08768263596608902,-0.01466338840580447,-0.014696903333321526,-0.014703230148748553,-0.005247780116572464,-0.005442986425608832,-0.005470839480762364,-0.002532213951879604
0.005976239049561983,-0.08768597867760378,-0.014663978169385852,-0.014697491710473203,-0.01470382114000057,-0.00524801735844706,-0.005443221642602162,-0.005471076711064474,-0.002532331499187054
0.005978239129565183,-0.08768374178429483,-0.014663572768018607,-0.014697088643185686,-0.014703415096927942,-0.005247843627202571,-0.005443054431945518,-0.005470907357516439,-0.0025322451121399343
0.0059802392095683835,-0.08768711356734392,-0.014664167519758062,-0.01469768199257745,-0.014704011084989433,-0.005248082814135405,-0.005443291573757519,-0.005471146531569852,-0.00253236358756868
0.005982239289571583,-0.08768490590864453,-0.014663767134539207,-0.014697283925428293,-0.01470361006676474,-0.0052479110388783615,-0.005443126298725909,-0.005470979132687175,-0.0025322781338564236
0.005984239369574784,-0.08768830708889264,-0.014664366930333989,-0.014697882302773581,-0.014704211107629062,-0.005248152192695331,-0.005443365386937139,-0.005471220272287542,-0.002532397547818098
0.005986239449577983,-0.08768612898949069,-0.014663971616993189,-0.014697489291309183,-0.014703815170077631,-0.0052479823951862995,-0.0054432020690464815,-0.0054710548498005974,-0.002532313037821145
0.005988239529581184,-0.08768955989063901,-0.014664576512403642,-0.014698092751985635,-0.014704421319400503,-0.005248225537582016,-0.005443443125107559,-0.0054712979766123266,-0.002532433400664697
0.0059902396095843835,-0.08768741167323993,-0.014664186326330451,-0.014697704851413362,-0.014704030518007068,-0.0052480577394490215,-0.0054432817857425365,-0.005471134552118992,-0.0025323498447002457
0.005992239689587584,-0.08769087261698896,-0.01466479637657384,-0.014698313450456559,-0.014704641831100583,-0.005248302891984353,-0.0054435248309716725,-0.0054713796876728355,-0.002532471166710823
0.0059942397695907845,-0.08768875460228005,-0.01466441137281157,-0.014697930715638604,-0.014704256221002946,-0.0052481371147205,-0.005443365491383425,-0.005471218282636097,-0.0025323885750316837
0.005996239849593984,-0.08769224590829505,-0.014665026632755842,-0.014698544507735943,-0.014704872752829267,-0.005248384298820192,-0.005443610546964092,-0.005471465448326729,-0.0025325108664294676
0.005998239929597185,-0.08769015841490961,-0.01466464686599551,-0.014698166993183303,-0.01470449238881235,-0.005248220563781286,-0.005443453228267836,-0.00547130608407231,-0.002532429249222906
0.006000240009600384,-0.08769368040078362,-0.014665267390153156,-0.014698786032667823,-0.014705114193977537,-0.00524846980073157,-0.005443700315246344,-0.00547155530115593,-0.0025325525201619786
0.006002240089603585,-0.08769162374526546,-0.014664892914727197,-0.014698413792534084,-0.014704739130467066,-0.005248308129133669,-0.005443545038418941,-0.005471397998869919,-0.0025324718875485916
0.0060042401696067844,-0.08769517672648365,-0.0146655187572491,-0.014699038133378407,-0.014705366263215043,-0.005248559440079861,-0.005443794177702152,-0.005471649288461847,-0.0025325961481157695
0.006006240249609985,-0.08769315122325072,-0.014665149627125333,-0.014698671221453689,-0.014704996554271502,-0.005248399852996932,-0.00544364096357981,-0.005471494069188229,-0.0025325165101483292
0.006008240329613185,-0.08769673551315572,-0.014665780841794766,-0.014699300917263894,-0.014705629068477761,-0.005248653258941062,-0.0054438921759327125,-0.0054717474522605666,-0.002532641770362074
0.006010240409616385,-0.08769474147446565,-0.014665417110570346,-0.014698939386968774,-0.014705264767790317,-0.005248495777302596,-0.005443741045208632,-0.005471594336898975,-0.0025325631370244238
0.006012240489619586,-0.08769835738422066,-0.014666053750796763,-0.014699574490978405,-0.01470590271695607,-0.005248751299101024,-0.005443994351252029,-0.005471849834278235,-0.0025326894068336573
0.006014240569622785,-0.08769639512013487,-0.0146656954716921,-0.014699218395357915,-0.014705543877836416,-0.005248595943689712,-0.005443845324474051,-0.0054716988435814734,-0.002532611788039556
0.006016240649625986,-0.08770004295869019,-0.01466633759050525,-0.014699858960421903,-0.014706187315082416,-0.005248853602050819,-0.005444100744682234,-0.005471956475946209,-0.002532739077322605
0.006018240729629185,-0.08769811277703868,-0.014665984816357872,-0.014699508352139417,-0.0147058339904588,-0.005248700393500113,-0.005443953842250516,-0.005471807630517982,-0.0025326624829146247
0.006020240809632386,-0.08770179285109533,-0.01466663246640163,-0.01470015443072816,-0.014706482968519246,-0.005248960208981903,-0.005444211396948918,-0.005472067418396442,-0.0025327908014780203
0.006022240889635586,-0.08769989505744195,-0.014666285249660318,-0.014699809362059542,-0.01470613521093049,-0.005248809167773808,-0.005444066639113627,-0.005471920738689011,-0.0025327152412264187
0.006024240969638786,-0.08770360767141785,-0.014666938483186905,-0.014700461006252875,-0.014706789782147225,-0.00524907116078162,-0.005444326348476568,-0.005472182702456827,-0.002532844598803864
0.006026241049641987,-0.08770174256902526,-0.0146665968759057,-0.014700121529080437,-0.014706447643736633,-0.005248922307244234,-0.005444183755335563,-0.0054720382087686086,-0.0025327700824054984
0.006028241129645186,-0.08770548802501985,-0.014667255744769495,-0.014700778790561744,-0.014707107860053121,-0.005249186498028413,-0.005444445639383924,-0.005472302368646521,-0.0025329004886567195
0.006030241209648387,-0.08770365591481541,-0.014666919798601739,-0.014700444956368458,-0.014706771392562667,-0.005249039852333729,-0.005444305230880524,-0.005472160081119914,-0.002532827025733905
0.006032241289651586,-0.08770743451257539,-0.01466758435425362,-0.01470110788641874,-0.014707437305517912,-0.005249306260987325,-0.005444569309479436,-0.005472426457171324,-0.002532958490243554
0.006034241369654787,-0.08770563569311675,-0.014667254120446139,-0.014700779746282273,-0.014707106560282372,-0.005249161843148867,-0.005444431105400056,-0.005472286395790298,-0.0025328860903429985
0.0060362414496579865,-0.0877094477300016,-0.014667924413927351,-0.014701448395774332,-0.01470777822100525,-0.0052494304896053105,-0.0054446973982566985,-0.005472555007919174,-0.002533018622619575
0.006038241529661187,-0.08770768249744154,-0.014667599943314354,-0.014701126000361052,-0.014707453248945975,-0.005249288319475831,-0.005444561418228646,-0.005472417192506988,-0.002532947295211273
0.006040241609664387,-0.08771152826838961,-0.014668276025250832,-0.014701800419753573,-0.01470813070814918,-0.005249559223506682,-0.005444829944889901,-0.0054726880604553975,-0.002533080904685996
0.006042241689667587,-0.0877097969164437,-0.014667957368248498,-0.014701483819313074,-0.014707811559768821,-0.005249419320775991,-0.005444696208379139,-0.005472552510672422,-0.002533010659162162
0.006044241769670788,-0.0877136767139384,-0.014668639288844874,-0.014702164058644928,-0.014708494867743206,-0.005249692501988643,-0.005444966988229412,-0.0054728256540184,-0.0025331453551879412
0.006046241849673987,-0.08771197953384915,-0.014668326495445022,-0.014701853303003911,-0.01470818159311933,-0.005249554886181197,-0.005444835514538242,-0.005472692389359746,-0.0025330762008618957
0.006048241929677188,-0.08771589364788503,-0.014669014304479101,-0.014702539411888349,-0.014708870799727948,-0.005249830364016693,-0.00544510856679724,-0.005472967827514958,-0.0025332119927122232
0.0060502420096803875,-0.08771423092839054,-0.014668707424243949,-0.014702234550445076,-0.014708563448507699,-0.00524969505448949,-0.005444979375062175,-0.005472836867308306,-0.0025331439388173614
0.006052242089683588,-0.08771817964643945,-0.014669401171060683,-0.01470292657806389,-0.014709258603180156,-0.005249972848220162,-0.005445254718782622,-0.005473114619515848,-0.002533280835685238
0.006054242169686788,-0.08771655167373783,-0.014669100253116626,-0.014702627659782438,-0.01470895722457419,-0.0052498398641603865,-0.005445127827972067,-0.005472985982919174,-0.0025332138913739194
0.006056242249689988,-0.08772053528071656,-0.014669799986622609,-0.01470332565488045,-0.014709658376300897,-0.005250119992887753,-0.005445405482037559,-0.005473266068251334,-0.002533351902370814
0.006058242329693188,-0.08771894233843411,-0.014669505079654891,-0.014703032728284859,-0.014709363019077883,-0.005249989353310636,-0.005445280910949722,-0.0054731397742506715,-0.0025332860767133393
0.006060242409696388,-0.08772296111666994,-0.014670210848312519,-0.014703736739164051,-0.014710070216404268,-0.005250271835963077,-0.005445560894072462,-0.005473422211606707,-0.0025334252108681057
0.006062242489699589,-0.08772140348582753,-0.014669922000559332,-0.014703449852333015,-0.014709780928885134,-0.00525014355970966,-0.005445438661333089,-0.005473298279014007,-0.0025333605128516376
0.0060642425697027885,-0.08772545771502682,-0.01467063385238133,-0.014704159926847208,-0.01471049421990623,-0.005250428415040339,-0.005445720992051863,-0.005473583087118016,-0.0025335007791095114
0.006066242649705989,-0.08772393567400777,-0.014670351111628462,-0.014703879127408068,-0.01471021104995856,-0.005250302520775292,-0.005445601116112127,-0.005473461534568905,-0.002533437217637059
0.006068242729709189,-0.08772802563122163,-0.014671069094171972,-0.014704595312956915,-0.014710930482312994,-0.005250589767359806,-0.005445885812789902,-0.005473748731967469,-0.0025335786248585307
0.006070242809712389,-0.08772653945573755,-0.014670792507746791,-0.014704320648080358,-0.014710653477345282,-0.005250466273569194,-0.00544576831192414,-0.005473629577919063,-0.0025335162087478528
0.006072242889715589,-0.08773066541533134,-0.014671516668108285,-0.0147050429916042,-0.014711379098210204,-0.005250755929803592,-0.005446055392746178,-0.005473919182979309,-0.0025336587657077353
0.006074242969718789,-0.08772921537839172,-0.014671246282874587,-0.014704774507998722,-0.01471110830516653,-0.005250634854792812,-0.005445940285049902,-0.005473802445708089,-0.0025335975036903918
0.006076243049721989,-0.08773337761201111,-0.014671976667683842,-0.014705503055972804,-0.014711840161251585,-0.005250926938891283,-0.005446229768021408,-0.00547409447661534,-0.0025337412190767
0.0060782431297251895,-0.08773196398388988,-0.014671712530036168,-0.01470524079987901,-0.014711575626605949,-0.005250808300782844,-0.005446117071409062,-0.005473980174214988,-0.0025336811197969396
0.00608024320972839,-0.08773616276042899,-0.014672449185451053,-0.014705975598308028,-0.014712313764148064,-0.005251102830775652,-0.005446408974353179,-0.00547427464897073,-0.0025338260022099274
0.00608224328973159,-0.08773478580863364,-0.014672191341309248,-0.014705719615493476,-0.014712055533898911,-0.005250986647507044,-0.005446298706556093,-0.005474162799349971,-0.0025337670742237397
0.00608424336973479,-0.08773902139420467,-0.01467293431301019,-0.014706460709906305,-0.014712799998656732,-0.005251283641238384,-0.0054465930471117785,-0.005474459735769678,-0.0025339131321748623
0.00608624344973799,-0.0877376813834433,-0.01467268280781392,-0.014706211045659764,-0.014712548118321596,-0.005251169930559986,-0.005446485225676007,-0.005474350356650222,-0.0025338553839489167
0.00608824352974119,-0.08774195404134298,-0.014673432140998447,-0.014706958481103836,-0.014713298955570022,-0.005251469405685869,-0.005446782021295907,-0.005474649772361252,-0.002534002625859813
0.00609024360974439,-0.08774065123349363,-0.014673187019701816,-0.01470671518023016,-0.01471305347017989,-0.005251358185158801,-0.005446676663580179,-0.005474542881275607,-0.002533946065770474
0.00609224368974759,-0.0877449612241732,-0.014673942759079324,-0.014707469001266316,-0.01471381072470484,-0.005251660159144994,-0.00544697593152863,-0.005474844793715135,-0.0025340944999719937
0.006094243769750791,-0.08774369587825277,-0.01467370406614562,-0.014707232108080972,-0.014713571678799121,-0.005251551446139101,-0.005446873054702334,-0.005474740408004635,-0.0025340391363043464
0.006096243849753991,-0.08774804345928705,-0.014674466255931882,-0.01470799235877803,-0.014714335394892057,-0.005251855936258994,-0.0054471748120532215,-0.005475044834417569,-0.002534188771035536
0.006098243929757191,-0.08774681583141962,-0.01467423403532804,-0.014707761917101783,-0.014714102832512925,-0.005251749747950697,-0.0054470744330942485,-0.005474942971230136,-0.0025341346119823515
0.006100244009760391,-0.08775120125747485,-0.014675002719239934,-0.01470852864103118,-0.01471487305396553,-0.005252056771283251,-0.005447378696729,-0.005475249928667008,-0.002534285455389476
0.006102244089763591,-0.0877500116008618,-0.014674777014431513,-0.014708304694184972,-0.014714647018652872,-0.005251953124653539,-0.005447280832421792,-0.005475150604955268,-0.0025342325090502607
0.006104244169766791,-0.08775443512366629,-0.014675552235681932,-0.014709077934415787,-0.014715423788751927,-0.005252262698081269,-0.005447587619027361,-0.005475460110270259,-0.0025343845691858475
0.006106244249769991,-0.08775328368855496,-0.014675333089627684,-0.014708860525215322,-0.014715204323538044,-0.005252161609913672,-0.005447492285960869,-0.0054753633427894076,-0.0025343328435658654
0.006108244329773191,-0.08775774555686766,-0.014676114890919986,-0.014709640324308723,-0.014715987685059977,-0.005252473750120547,-0.005447801612027668,-0.005475675412638226,-0.002534486128387672
0.0061102444097763916,-0.0877566325905219,-0.014675902346066836,-0.014709429495059552,-0.014715774832464324,-0.0052523752369990715,-0.005447708826593376,-0.005475581217944054,-0.002534435631396998
0.006112244489779592,-0.08776113305010357,-0.014676690769590101,-0.014710215895063989,-0.014716564827670314,-0.005252689960468611,-0.00544802070841339,-0.005475895868782021,-0.0025345901487671208
0.006114244569782792,-0.08776005879677322,-0.014676484867867877,-0.014710011687556142,-0.014716358629694436,-0.005252594038775757,-0.005447930486803231,-0.005475804263228874,-0.002534540888219643
0.006116244649785992,-0.08776459809035535,-0.014677279955291474,-0.014710804730001996,-0.014717155300325073,-0.005252911361788967,-0.005448244940467953,-0.005476121511308846,-0.00253469664590354
0.006118244729789192,-0.08776356279124586,-0.014677080738107664,-0.014710607185504864,-0.014716955798447303,-0.00525281804770367,-0.0054481572986724265,-0.0054760325110476136,-0.0025346486295160097
0.006120244809792392,-0.08776814115850194,-0.014677882530576256,-0.014711406911399563,-0.014717759185717579,-0.005253137986337047,-0.005448474340070922,-0.005476352372418088,-0.0025348056351815512
0.006122244889795592,-0.08776714505174692,-0.014677690038811492,-0.014711216070657264,-0.014717566420888287,-0.005253047295832858,-0.005448389293877172,-0.005476265993394318,-0.002534758870572704
0.0061242449697987925,-0.08777176272926188,-0.014678498576939923,-0.014712022520480006,-0.014718376565482505,-0.005253369865956415,-0.005448708938694101,-0.005476588483897351,-0.0025349171317892182
0.006126245049801992,-0.08777080604989157,-0.014678312850942307,-0.014711838423705865,-0.014718190578118805,-0.005253281814799432,-0.005448626503683904,-0.005476504741849194,-0.002534871626478779
0.006128245129805193,-0.08777546327113438,-0.014679128174810846,-0.014712651637402973,-0.014719007520185666,-0.005253607032074828,-0.005448948767397672,-0.005476829877118598,-0.0025350311507161536
0.006130245209808393,-0.0877745462510478,-0.014678949254391322,-0.014712474324274846,-0.014718828350166427,-0.005253521635821746,-0.005448868958945524,-0.0054767487875749445,-0.0025349869121239327
0.006132245289811593,-0.08777924324634073,-0.01467977140354047,-0.014713294341254533,-0.014719652129313927,-0.005253849515700313,-0.005449193856826297,-0.005477076583034221,-0.0025351477067516743
0.006134245369814793,-0.08777836611427736,-0.0146795993279679,-0.014713123850909894,-0.014719479815975147,-0.005253766789696572,-0.0054491166900975845,-0.0054769981613127725,-0.002535104742196653
0.006136245449817993,-0.08778310311076905,-0.014680428341393555,-0.0147139507100376,-0.014720310471265837,-0.005254097347417356,-0.0054494442372054214,-0.005477328632173286,-0.002535266814482996
0.0061382455298211935,-0.0877822660922796,-0.014680263149389751,-0.014713787081068571,-0.014720145053395368,-0.005254017306795206,-0.005449369727154445,-0.00547725289337862,-0.0025352251311824246
0.006140245609824393,-0.087787043313916,-0.014681099065538458,-0.014714620820662001,-0.014720982623341356,-0.005254350557383172,-0.005449699938337484,-0.005477586054637717,-0.0025353884882933987
0.006142245689827594,-0.08778624663133412,-0.014680940795273358,-0.014714464091110624,-0.01472082413917432,-0.005254273217059771,-0.005449628099705683,-0.0054775130136594345,-0.0025353480933618757
0.006144245769830794,-0.08779106429883025,-0.014681783652037336,-0.014715304748934979,-0.0147216686617325,-0.005254609175323857,-0.005449960989598168,-0.005477848880098485,-0.0025355127423604485
0.006146245849833994,-0.08779030817124538,-0.014681632341124252,-0.014715154956288376,-0.014721517148946386,-0.005254534549999444,-0.005449891836912174,-0.0054777785516093086,-0.002535473642809053
0.006148245929837194,-0.08779516650205858,-0.014682482175836757,-0.014716002569551646,-0.01472236866151371,-0.00525487323053073,-0.005450227419932755,-0.005478117137792001,-0.0025356395906542067
0.006150246009840394,-0.08779445114528837,-0.014682337861327745,-0.014715859750737487,-0.01472222415722372,-0.005254801334686784,-0.005450160967502709,-0.005478049536246,-0.0025356017933896202
0.0061522460898435945,-0.0877993503535885,-0.014683194710758216,-0.014716714356085563,-0.014723082696632325,-0.005255142751856621,-0.0054504992578524505,-0.005478390856516267,-0.002535769046935477
0.006154246169846794,-0.08779867598015038,-0.014683057429139086,-0.01471657854746706,-0.014722945237386513,-0.005255073599753962,-0.005450435519770022,-0.005478325996146957,-0.002535732558759084
0.006156246249849995,-0.08780361627679553,-0.01468392132948863,-0.014717440180979358,-0.014723810839899253,-0.005255417767712199,-0.005450776531430772,-0.005478670064627401,-0.002535901124754078
0.006158246329853194,-0.08780298309588093,-0.014683791116674602,-0.01471731141835087,-0.014723680461674007,-0.005255351373389243,-0.0054507155215674855,-0.00547860795944597,-0.0025358659523611188
0.006160246409856395,-0.08780796468838979,-0.01468466210357148,-0.014718180115535722,-0.014724553162979775,-0.005255698306062472,-0.005451059268300064,-0.005478954790035977,-0.0025360358374471206
0.006162246489859595,-0.08780737290583623,-0.014684538994902414,-0.014718058434118206,-0.014724429901175283,-0.005255634683333456,-0.005451001000305504,-0.005478895453829504,-0.002536001987425854
0.006164246569862795,-0.08781239599835877,-0.014685417103396981,-0.014718934229907901,-0.014725309736384189,-0.005255984394423029,-0.00545134749564778,-0.005479245060203352,-0.0025361731981372645
0.0061662466498659954,-0.08781184581662423,-0.014685301133632915,-0.014718819664344178,-0.014725193625819633,-0.00525592355687616,-0.005451291982947808,-0.005479188506532978,-0.002536140676968085
0.006168246729869195,-0.08781691060991942,-0.014686186398193716,-0.014719702593090954,-0.014726080629458934,-0.005256276059856734,-0.005451641240213193,-0.005479540902138303,-0.002536313219731091
0.006170246809872396,-0.08781640222805627,-0.014686077601510415,-0.014719595177441456,-0.014725971704368238,-0.0052562180208525116,-0.005451588496008254,-0.005479487144337597,-0.00253628203378574
0.006172246889875595,-0.08782150891946276,-0.014686970056019218,-0.014720485272912755,-0.014726865910377364,-0.005256573328970008,-0.005451940528283772,-0.005479842342393383,-0.0025364559149173914
0.006174246969878796,-0.08782104253309043,-0.014686868466003516,-0.01472038504065088,-0.014726764204404571,-0.005256518101639426,-0.005451890565547109,-0.005479791393566441,-0.002536426070458053
0.006176247049881995,-0.08782619131650303,-0.014687768143751275,-0.014721282336025066,-0.014727665646131132,-0.0052568762279095104,-0.005452245385691863,-0.005480149407061569,-0.0025366012961655347
0.006178247129885196,-0.08782576711778416,-0.014687673793397,-0.014721189320032992,-0.01472757119232615,-0.0052568238251524515,-0.0054521982171679365,-0.0054801012800815,-0.0025365727993441247
0.006180247209888396,-0.08783095818362684,-0.014688580727079171,-0.014722093847894885,-0.014728479902521236,-0.005257184782358726,-0.005452555837811265,-0.005480462121772807,-0.002536749375723838
0.006182247289891596,-0.08783057636124102,-0.01468849364878256,-0.014722008080459153,-0.014728392733335377,-0.005257135216842164,-0.005452511476013982,-0.005480416829279891,-0.0025367222325811184
0.006184247369894797,-0.08783580989644282,-0.014689407870495087,-0.014722919872795955,-0.014729308744149449,-0.0052574990175345586,-0.005452871909553921,-0.005480780511690684,-0.0025369001656179698
0.006186247449897996,-0.08783547063556124,-0.014689328096050369,-0.014722841385602982,-0.014729228891431101,-0.005257452301690859,-0.005452830366764954,-0.005480738066090688,-0.002536874382082745
0.006188247529901197,-0.08784074682353055,-0.014690249637285126,-0.014723760473799714,-0.014730152234409613,-0.005257818958183915,-0.0054531936253665566,-0.005481104601508946,-0.0025370536776493065
0.006190247609904396,-0.08784045030579356,-0.014690177197880957,-0.014723689297932234,-0.014730079729400275,-0.005257775104209402,-0.005453154913633896,-0.005481065014971711,-0.002537029259537728
0.006192247689907597,-0.0878457693263938,-0.014691106089521684,-0.014724615712767659,-0.014731010435479417,-0.00525814462858064,-0.005453521009227524,-0.005481434415448479,-0.0025372099233934593
0.0061942477699107965,-0.08784551572988247,-0.014691041015735998,-0.01472455187869962,-0.014730945308809012,-0.00525810364843364,-0.005453485140363577,-0.0054813976999059265,-0.0025371868764081104
0.006196247849913997,-0.08785087775940868,-0.014691977288054247,-0.014725485650342318,-0.014731883408311676,-0.005258476052521935,-0.005453854084643416,-0.005481769977253755,-0.0025373689141985913
0.0061982479299171975,-0.08785066725862503,-0.014691919609850897,-0.014725429187935582,-0.014731825689994971,-0.005258437957921473,-0.005453821070223699,-0.005481736144398564,-0.0025373472439278438
0.006200248009920397,-0.08785607246977871,-0.01469286329250173,-0.014726370345939438,-0.014732771212626502,-0.005258813253325487,-0.005454192874646108,-0.005482111310189843,-0.002537530661184012
0.006202248089923598,-0.08785590523561833,-0.014692813039225995,-0.014726321284439193,-0.01473272093205851,-0.005258778055749453,-0.0054541627260074575,-0.005482080371473746,-0.0025375103731011864
0.006204248169926797,-0.08786135379748457,-0.014693764161243968,-0.014727269857739726,-0.014733673906902766,-0.005259156253826012,-0.0054545374017894045,-0.00548245843703913,-0.002537695175238562
0.006206248249929998,-0.08786122999721598,-0.014693721361618747,-0.014727228225770725,-0.014733631092855122,-0.0052591239645097985,-0.005454510130028543,-0.00548243040367135,-0.0025376762747012184
0.0062082483299331975,-0.08786672207524027,-0.014694679951414054,-0.014728184242680992,-0.014734591548370398,-0.005259505076372387,-0.0054548876881461246,-0.0054828113800982434,-0.0025378624670192177
0.006210248409936398,-0.0878666418724797,-0.014694644633535784,-0.014728150068243481,-0.014734556228987082,-0.005259475706307163,-0.005454863304118099,-0.005482786263043962,-0.002537844959268395
0.0062122484899395985,-0.0878721776284439,-0.014695610718890017,-0.014729113556449928,-0.014735524193002104,-0.005259859742824283,-0.005455243755304881,-0.005483170161174911,-0.0025380325469494995
0.006214248569942798,-0.08787214118313394,-0.014695582910224766,-0.014729086866915828,-0.014735496395795673,-0.00525983330275558,-0.005455222269621483,-0.005483147971153707,-0.0025380164371089976
0.006216248649945999,-0.08787772077513456,-0.01469655651828738,-0.01473005785347472,-0.014736471895505837,-0.005260220274549358,-0.0054556056243671635,-0.005483534801584985,-0.0025382054252181393
0.006218248729949198,-0.08787772824352062,-0.014696536245666945,-0.014730038675583694,-0.014736451647353542,-0.005260196774975506,-0.005455587047395584,-0.0054835155490693946,-0.0025381907182938056
0.006220248809952399,-0.08788335182594696,-0.014697517402951355,-0.014731017186917272,-0.014737434709317099,-0.0052605866924201996,-0.005455973315944457,-0.0054839053221494415,-0.0025383811117775826
0.0062222488899555985,-0.0878834033605553,-0.014697504692569523,-0.014731005546772948,-0.01473742203645702,-0.005260566143590881,-0.005455957657805666,-0.00548388901736341,-0.002538367812656583
0.006224248969958799,-0.0878890710840659,-0.014698493424949036,-0.014731991608665397,-0.014738412686590962,-0.00526095901681124,-0.005456346850155061,-0.005484281743191345,-0.002538559616342578
0.006226249049961999,-0.08788916683368263,-0.014698488302357884,-0.014731987531731713,-0.01473840761461832,-0.0052609414287260224,-0.005456334120722475,-0.005484268396108823,-0.002538547729792742
0.006228249129965199,-0.08789487884518474,-0.014699484635062227,-0.014732981169325678,-0.014739405878195059,-0.005261337267596012,-0.0054567262466214735,-0.005484664084533009,-0.0025387409483888187
0.0062302492099684,-0.08789501895483279,-0.014699487125168288,-0.014732984680423068,-0.014739408432058466,-0.005261322650002898,-0.005456716455519463,-0.00548465370487647,-0.002538730479057898
0.006232249289971599,-0.08790077539746083,-0.01470049108277999,-0.014733985918215974,-0.014740414333702044,-0.005261721464144218,-0.005457111524467423,-0.005485052365493152,-0.00253892511715155
0.0062342493699748,-0.08790096000838006,-0.014700501209840724,-0.01473399704151784,-0.014740424537699828,-0.005261709826538204,-0.005457104681069912,-0.005485044962732191,-0.0025389160695665734
0.0062362494499779994,-0.08790676102147332,-0.014701512816291184,-0.014735005903358132,-0.01474143810138194,-0.0052621116253187975,-0.005457502702314972,-0.005485446604883953,-0.002539112131624206
0.0062382495299812,-0.0879069902710994,-0.014701530603911321,-0.014735024662387262,-0.014741455979158668,-0.005262102976940523,-0.005457498815744107,-0.005485442188233881,-0.0025391045101908188
0.0062402496099844,-0.08791283599018368,-0.014702549882477756,-0.014736041171471094,-0.014742477228195706,-0.005262507769473369,-0.00545789979828204,-0.005485846821008411,-0.0025393020005571227
0.0062422496899876,-0.08791311001212603,-0.014702575353605763,-0.014736067589096055,-0.014742502802738538,-0.005262502119307703,-0.005457898877406771,-0.0054858453994288785,-0.0025392958095588982
0.0062442497699908,-0.08791900056889172,-0.014703602326907216,-0.014737091767963693,-0.01474353175978768,-0.005262909914449274,-0.005458302829979423,-0.005486253031657519,-0.0025394947324562053
0.006246249849994,-0.08791931949291636,-0.014703635503832102,-0.01473712586639561,-0.01474356505342306,-0.00526290727122403,-0.005458304883414233,-0.005486254613851247,-0.0025394899760540664
0.006248249929997201,-0.08792525501519799,-0.014704670193826284,-0.01473815773692796,-0.01474460174047891,-0.005263318077573045,-0.005458711814508297,-0.005486665254107638,-0.0025396903355816665
0.0062502500100004,-0.08792561896720429,-0.014704711098173685,-0.014738199537716755,-0.014744642774868798,-0.005263318449757529,-0.005458716850611782,-0.005486669848518928,-0.002539687017813152
0.006252250090003601,-0.08793159957896246,-0.014705753526153581,-0.014739239121132109,-0.014745687213260174,-0.005263732275653663,-0.005459126768457524,-0.005487083505117789,-0.0025398888179467252
0.0062542501700068006,-0.08793200868096598,-0.014705802178882841,-0.014739288645163473,-0.01474573600939912,-0.005263735671457516,-0.005459134795331194,-0.005487091119931353,-0.002539886942725447
0.006256250250010001,-0.08793803450226642,-0.014706852365473339,-0.01474033596201412,-0.014746788219785414,-0.005264152524980002,-0.005459547707901078,-0.005487507800927101,-0.002540090187316409
0.006258250330013201,-0.08793848887237878,-0.01470690878687401,-0.01474039322950609,-0.014746844797996967,-0.005264158952351782,-0.005459558733388072,-0.005487518444066739,-0.0025400897584314176
0.006260250410016401,-0.08794456001937445,-0.014707966752028597,-0.014741448299675044,-0.01474790480036516,-0.005264578841318249,-0.005459974648395565,-0.005487938157252228,-0.002540294451206283
0.006262250490019601,-0.08794505977178509,-0.014708030961717359,-0.014741513330174932,-0.01474796918029889,-0.005264588307944313,-0.005459988680079396,-0.005487951836379581,-0.0025402954723214746
0.006264250570022801,-0.08795117635669661,-0.014709096724714932,-0.014742576172872805,-0.01474903699396007,-0.005265011239909431,-0.00546040760497772,-0.005488374589284888,-0.0025405016168813417
0.006266250650026002,-0.08795172160165332,-0.014709168741632294,-0.01474264898525379,-0.014749109194588127,-0.005265023753212558,-0.005460424650181015,-0.00548839131179816,-0.0025405040915348325
0.0062682507300292015,-0.08795788373275089,-0.014710242321074134,-0.014743719619015569,-0.014750184838174678,-0.0052654497354669184,-0.005460846592161913,-0.0054888171116893245,-0.0025407116913547124
0.006270250810032402,-0.08795847457654249,-0.014710322163481254,-0.014743800231473791,-0.014750264877788674,-0.005265465302605153,-0.005460866657945269,-0.005488836884722114,-0.002540715622958299
0.006272250890035602,-0.08796468235812945,-0.014711403577287866,-0.014744878674156055,-0.014751348369251106,-0.005265894342174061,-0.005461291623937891,-0.005489265738600013,-0.0025409246813866354
0.006274250970038802,-0.08796531890306793,-0.014711491262763745,-0.01474496710420745,-0.014751436265459404,-0.00526591297003958,-0.00546131471709865,-0.005489288569020106,-0.0025409300732252135
0.006276251050042002,-0.08797157243546044,-0.014712580528171768,-0.014746053372984843,-0.014752527622062866,-0.005266345073681736,-0.0054617427137682575,-0.005489720483619152,-0.002541140593483211
0.006278251130045202,-0.08797225477986272,-0.014712676073610079,-0.014746149637462265,-0.014752623391787168,-0.0052663667688995835,-0.005461768840839401,-0.005489746378027372,-0.002541147448714223
0.006280251210048403,-0.08797855415937454,-0.014713773207169394,-0.014747243748824997,-0.014753722630109165,-0.005266801943106084,-0.005462199874586365,-0.00549018135981443,-0.0025413594338953888
0.0062822512900516025,-0.08797928239754657,-0.014713876628775492,-0.014747347863875241,-0.014753826289581821,-0.005266826712033105,-0.005462229041835321,-0.005490210324543448,-0.0025413677555482465
0.006284251370054803,-0.08798562771647184,-0.014714981646346423,-0.014748449833626096,-0.014754933425508942,-0.005267264963026274,-0.005462663118793917,-0.005490648379716793,-0.002541581208617819
0.006286251450058003,-0.08798640193869096,-0.014715092959634718,-0.014748561814706965,-0.014755044990269996,-0.0052672928117499605,-0.005462695332221486,-0.00549068042083006,-0.0025415909995934204
0.006288251530061203,-0.08799279328528642,-0.014716205876384917,-0.014749671657958239,-0.014756160038994999,-0.005267734145482185,-0.005463132458258812,-0.005491121555318082,-0.0025418059233878274
0.006290251610064403,-0.0879936135777861,-0.014716325096175837,-0.014749791519836066,-0.014756279523889412,-0.005267765079819592,-0.005463167723598144,-0.005491156678608755,-0.002541817186458016
0.006292251690067603,-0.08800005103625663,-0.01471744592657782,-0.014750909251007058,-0.01475740249990873,-0.005268209501972311,-0.005463607904313041,-0.005491600898069016,-0.0025420335836843617
0.006294251770070803,-0.08800091748120896,-0.01471757306699515,-0.014751037007753508,-0.014757529919083561,-0.005268243527468977,-0.005463646227028458,-0.005491639109058805,-0.0025420463214913987
0.0062962518500740035,-0.08800740113169037,-0.014718701824823361,-0.014752162640567713,-0.014758660836194305,-0.005268691043451577,-0.005464089467750499,-0.005492086418876953,-0.0025422641947269813
0.006298251930077204,-0.08800831380719133,-0.014718836899291618,-0.014752298305557387,-0.014758796203096112,-0.005268728165380488,-0.005464130853036545,-0.005492127722815138,-0.0025422784097830576
0.006300252010080404,-0.08801484372573619,-0.014719973597619946,-0.014753431853039888,-0.01475993507439358,-0.005269178780329303,-0.005464577158825002,-0.005492578128103839,-0.0025424977614748536
0.006302252090083604,-0.08801580270579021,-0.014720116618861625,-0.01475357543894771,-0.014760078401765752,-0.005269219003689856,-0.005464621611605412,-0.005492622529966238,-0.0025425134561616125
0.006304252170086804,-0.08802237896435161,-0.01472126127006059,-0.014754716913422606,-0.01476122523964076,-0.005269672722467107,-0.005465070987248207,-0.005493076035564214,-0.0025427342886257965
0.006306252250090004,-0.08802338431885691,-0.0147214122500937,-0.014754868432221088,-0.014761376539520884,-0.005269716051984135,-0.005465118512174893,-0.0054931235400521965,-0.0025427514651938403
0.006308252330093204,-0.08803000698527368,-0.014722564865828154,-0.01475601784530882,-0.014762531355657223,-0.005270172879177003,-0.005465570962187674,-0.005493580150523159,-0.002542973780615323
0.0063102524100964045,-0.08803105878000737,-0.014722723815963706,-0.014756177308265861,-0.014762690639374748,-0.005270219319299789,-0.00546562156363978,-0.0054936307620626216,-0.002542992441183759
0.006312252490099604,-0.08803772791799118,-0.014723884407190233,-0.01475733467088099,-0.014763853444746835,-0.005270679259219426,-0.005466077092264993,-0.0054940904816944665,-0.002543216241615737
0.006314252570102805,-0.08803882621459494,-0.014724051338029861,-0.014757502088557176,-0.014764020722920436,-0.005270728814120747,-0.00546613077434797,-0.005494144204434947,-0.00254323638817172
0.006316252650106005,-0.0880455418837148,-0.014725219914994401,-0.01475866741090582,-0.014765191527790747,-0.005271191870801323,-0.005466589385553855,-0.0054946070372386266,-0.0025434616755352036
0.006318252730109205,-0.08804668673968111,-0.01472539483642776,-0.01475884279315218,-0.014765366810326109,-0.005271244544376512,-0.0054666461520985,-0.005494663875052346,-0.0025434833099334878
0.006320252810112405,-0.08805344899535032,-0.014726571408663389,-0.014760016084729773,-0.014766545624242977,-0.005271710721574357,-0.005467107849578256,-0.005495129824761118,-0.0025437100860168926
0.006322252890115605,-0.08805464046400979,-0.014726754329866221,-0.014760199440685556,-0.014766728920330452,-0.005271766517440485,-0.005467167704139935,-0.005495189781242091,-0.002543733209979438
0.006324252970118805,-0.0880614493574725,-0.014727938906190625,-0.014761380710274483,-0.014767915752125582,-0.005272235818633123,-0.005467632491310764,-0.005495658851310526,-0.0025439614764381255
0.006326253050122005,-0.08806268748798057,-0.014728129835622225,-0.014761572048364827,-0.014768107070237952,-0.005272294740128021,-0.00546769543716841,-0.005495721929773712,-0.0025439860915536395
0.006328253130125206,-0.08806954306629898,-0.0147293224241357,-0.014762761304032342,-0.014769301928024474,-0.005272767168513382,-0.005468163317170764,-0.0054961941233769,-0.002544215849909554
0.006330253210128405,-0.08807082790362172,-0.014729521369536813,-0.014762960631966004,-0.014769501275914578,-0.005272829218694845,-0.005468229357326105,-0.005496260326857282,-0.002544241957633098
0.006332253290131606,-0.0880777302096643,-0.014730721977620103,-0.014764157881062098,-0.01477070416708485,-0.005273304777190412,-0.005468700333022838,-0.005496735646889967,-0.0025444732092743468
0.006334253370134806,-0.08807906179456815,-0.014730928946010876,-0.014764365205829588,-0.014770911551783766,-0.005273369958835375,-0.005468769470199563,-0.005496804978141819,-0.002544500810926948
0.006336253450138006,-0.08808601086699573,-0.014732137580322971,-0.01476557045498468,-0.01477212248300698,-0.005273848650077323,-0.005469243544175015,-0.005497283427217571,-0.002544733557107382
0.006338253530141206,-0.08808738923603476,-0.014732352578000896,-0.014765785782856136,-0.014772337910821902,-0.00527391696568106,-0.005469315780818053,-0.005497355888713637,-0.0025447626538756727
0.006340253610144406,-0.0880943851092906,-0.014733569244477104,-0.014766999037979393,-0.014773556888042444,-0.005274398792023529,-0.005469792955377421,-0.005497837469164079,-0.0025449968957145627
0.0063422536901476066,-0.08809581029479427,-0.014733792277014844,-0.014767222374502391,-0.014773780364554399,-0.005274470243798856,-0.0054698682936520325,-0.0054979130630946945,-0.0025450274886503516
0.006344253770150806,-0.0881028529990923,-0.014735016980865004,-0.014768443640779593,-0.014775007392989838,-0.005274955207313198,-0.005470348570820564,-0.00549839777696885,-0.0025452632271320227
0.006346253850154007,-0.08810432502915508,-0.01473524805310872,-0.014768674990777553,-0.01477523892305216,-0.005275029797189756,-0.005470427012611725,-0.005498476505241372,-0.0025452953171520064
0.006348253930157207,-0.08811141459046805,-0.014736480798814875,-0.014769904272669193,-0.014776474007191061,-0.005275517899663706,-0.005470910394133954,-0.005498964354304655,-0.002545532553125411
0.006350254010160407,-0.08811293348893862,-0.01473671991488233,-0.014770143640239325,-0.014776713594927361,-0.005275595629287225,-0.005470991941045603,-0.0054990462185426185,-0.002545566141010793
0.006352254090163607,-0.08812006992898835,-0.014737960706197381,-0.014771380941478934,-0.014777956738527902,-0.0052760868722243415,-0.005471478428384694,-0.0054995372042764895,-0.002545804875189296
0.006354254170166807,-0.08812163571545882,-0.014738207869476048,-0.014771628329990537,-0.014778204387330221,-0.005276167742955945,-0.005471563081739024,-0.005499622205818923,-0.002545839961585448
0.0063562542501700075,-0.08812881905170555,-0.014739456709421702,-0.01477287365358281,-0.014779455593417937,-0.005276662127574767,-0.005472052676076062,-0.005500116329419897,-0.002546080194546386
0.006358254330173207,-0.0881304317415021,-0.014739711922567119,-0.01477312906567561,-0.014779711305945256,-0.005276746140490306,-0.0054721404369129185,-0.005500204469320699,-0.0025461167799625613
0.006360254410176408,-0.08813766198713471,-0.014740968813432306,-0.014774382413894713,-0.014780970576811913,-0.005277243667723823,-0.005472633139146258,-0.005500701731699854,-0.0025463585121469922
0.006362254490179607,-0.08813932159130651,-0.014741232078366407,-0.01477464585147698,-0.014781234354988008,-0.005277330823613188,-0.005472724008222391,-0.005500793010727056,-0.002546396596955969
0.006364254570182808,-0.08814659875523302,-0.014742497021705594,-0.014775907225865052,-0.014782501692189472,-0.0052778314941081175,-0.005473219818967107,-0.005501293412509327,-0.0025466398286683595
0.006366254650186008,-0.08814830528054515,-0.01474276833961512,-0.014776178690112348,-0.014782773537201959,-0.00527792179347476,-0.005473313796755661,-0.005501387831144665,-0.0025466794131062094
0.006368254730189208,-0.0881556293673842,-0.01474404133624693,-0.01477744809147794,-0.014784048941556906,-0.005278425607590992,-0.0054738127163428225,-0.005501891372668291,-0.0025469241445141228
0.0063702548101924085,-0.08815738281630653,-0.014744320707581884,-0.014777727582831348,-0.014784328853855389,-0.005278519050651131,-0.005473909803032735,-0.0055019889311064,-0.0025469652286798836
0.006372254890195608,-0.08816475382637794,-0.014745601757587415,-0.014779005011247726,-0.014785612325443636,-0.0052790260084610895,-0.005474411831508889,-0.005502495612422281,-0.0025472114598137315
0.006374254970198809,-0.0881665541970784,-0.01474588918205964,-0.01477929252941261,-0.014785900304738062,-0.005279122595143315,-0.0054745120270042556,-0.00550259631057024,-0.002547254043669115
0.006376255050202008,-0.08817397212639526,-0.014747178284781082,-0.014780577984216565,-0.014787191842899538,-0.005279632696431525,-0.005475017164130957,-0.005503106131441463,-0.002547501774421889
0.006378255130205209,-0.08817581941273045,-0.014747473761362926,-0.014780873528160904,-0.014787487888159128,-0.0052797324263761155,-0.005475120468050565,-0.005503209968918218,-0.002547545857791088
0.0063802552102084084,-0.08818328425299184,-0.014748770915402321,-0.014782167007951487,-0.014788787491492166,-0.005280245670638603,-0.005475628713303758,-0.005503722928819506,-0.0025477950879180906
0.006382255290211609,-0.08818517844450001,-0.014749074442325111,-0.014782470575904703,-0.01478909160094387,-0.005280348543197076,-0.0054757351249805465,-0.005503829904955334,-0.0025478406704874746
0.0063842553702148095,-0.0881926901830817,-0.014750379645542917,-0.014783772078541594,-0.014790399267303847,-0.0052808649296407955,-0.005476246477550049,-0.005504346003072477,-0.0025480913996060897
0.006386255450218009,-0.08819463126497562,-0.01475069122029587,-0.014784083667993395,-0.014790711438431244,-0.005280970943875454,-0.005476355996030611,-0.0055044561169085675,-0.0025481384809239787
0.00638825553022121,-0.08820218988492479,-0.014752004469809808,-0.014785393190595967,-0.014792027164929628,-0.005281490471417907,-0.005476870454819707,-0.005504975352137992,-0.002548390708513463
0.006390255610224409,-0.08820417783808447,-0.014752324089139002,-0.01478571279829514,-0.014792347394471807,-0.005281599626101361,-0.005476983078863945,-0.005505088602425975,-0.0025484392879899656
0.00639225569022761,-0.0882117833181125,-0.014753645381323028,-0.014787030337241196,-0.014793671177474809,-0.005282122293370129,-0.005477500642488932,-0.0055056109733743475,-0.002548693013391185
0.006394255770230809,-0.08821381811907829,-0.014753973041229862,-0.014787357959194338,-0.01479399946142494,-0.005282234586984788,-0.005477616370569442,-0.005505727358575773,-0.002548743090297917
0.00639625585023401,-0.08822147043355387,-0.014755302371712763,-0.01478868351011902,-0.014795331296552547,-0.00528276039231704,-0.005478137037359182,-0.005506252863559479,-0.002548998312713198
0.0063982559302372104,-0.08822355205452143,-0.014755638067453196,-0.014789019141589612,-0.014795667630157019,-0.005282875823054828,-0.0054782558676609834,-0.005506372381845461,-0.0025490498861831176
0.00640025601024041,-0.08823125117346564,-0.014756975431117965,-0.014790352699384592,-0.014797007512281996,-0.005283404764497099,-0.0054787796356565895,-0.005506901018890305,-0.002549306604676028
0.006402256090243611,-0.08823337958227923,-0.01475731915720158,-0.014790696334892038,-0.014797351890039638,-0.005283523330258921,-0.005478901566076693,-0.0055070236681412045,-0.0025493596737032704
0.00640425617024681,-0.08824112547135786,-0.014758664548183998,-0.014792037893704188,-0.014798699813286272,-0.005284055405566473,-0.00547942843303096,-0.005507555434981929,-0.0025496178871984325
0.006406256250250011,-0.08824330063150544,-0.014759016298372977,-0.014792389527022812,-0.01479905222894696,-0.005284177103962003,-0.005479553461178046,-0.005507681212786869,-0.0025496724506381056
0.00640825633025321,-0.08825109325202692,-0.014760369710061309,-0.014793739080253625,-0.014800408186690633,-0.005284712310598736,-0.005480083424555413,-0.005508216106866942,-0.002549932157921074
0.006410256410256411,-0.08825331512263485,-0.014760729477369438,-0.014794098704411857,-0.014800768633254776,-0.005284837138945956,-0.005480211547749449,-0.0055083450105235495,-0.002549988214489096
0.0064122564902596105,-0.08826115443154317,-0.01476209090240308,-0.014795456244716638,-0.014802132618120875,-0.005285375474083945,-0.005480744604725395,-0.0055088830289947,-0.002550249414206171
0.006414256570262811,-0.08826342296737255,-0.014762458679095293,-0.014795823851996317,-0.014802501087838685,-0.005285503429408967,-0.005480875819997397,-0.005509015055508851,-0.0025503069624791975
0.0064162566502660116,-0.08827130891724382,-0.014763828109364283,-0.014797189371283147,-0.014803873091701818,-0.0052860448899282,-0.005481411967458335,-0.005509556195230904,-0.0025505696531372703
0.006418256730269211,-0.0882736240686848,-0.014764203886955698,-0.014797564953218661,-0.014804249576072272,-0.00528617596896485,-0.005481546271550038,-0.005509691341316285,-0.00255062869155245
0.006420256810272412,-0.08828155660772354,-0.014765581313600165,-0.014798938442648185,-0.01480562959005579,-0.005286720551453038,-0.005482085506093047,-0.005510235598856895,-0.002550892871518961
0.006422256890275611,-0.0882839183207937,-0.014765965082855598,-0.014799321990026053,-0.014806014079826414,-0.0052868547506427855,-0.005482222895456717,-0.005510373860934971,-0.0025509533983739236
0.006424256970278812,-0.0882918973928281,-0.014767350496264823,-0.014800703440010372,-0.014807402094301593,-0.005287402451394982,-0.005482765213389154,-0.005510921232569239,-0.0025512190658766288
0.0064262570502820115,-0.08829430560916667,-0.01476774224719803,-0.014801094942868347,-0.01480779457946739,-0.005287539766886494,-0.005482905684187307,-0.005511062606768824,-0.0025512810793292943
0.006428257130285212,-0.08830233115364733,-0.014769135637010182,-0.01480248434307089,-0.01480919058405314,-0.0052880905819050125,-0.005483451081526785,-0.005511613088479262,-0.0025515482324562633
0.006430257210288412,-0.08830478581051424,-0.014769535358883526,-0.014802883790697859,-0.014809591053856538,-0.00528823100955415,-0.0054835946296320345,-0.005511757570636462,-0.0025516117305248074
0.006432257290291612,-0.08831285776250976,-0.014770936713985123,-0.014804281130032702,-0.014810995037418676,-0.005288784934548336,-0.005484143102106157,-0.005512311158112709,-0.0025518803672242986
0.006434257370294813,-0.08831535879278211,-0.014771344395309107,-0.01480468851096791,-0.01481140348034887,-0.005288928469917879,-0.005484289723101016,-0.005512458743770686,-0.002551945347787029
0.006436257450298012,-0.08832347708297725,-0.014772753703834436,-0.014806093777599342,-0.014812815430999748,-0.005289485500303898,-0.005484841266147147,-0.00551301543240939,-0.0025522154658673894
0.006438257530301213,-0.08832602441514717,-0.014773169332367235,-0.014806509079632078,-0.014813231834792304,-0.00528963213866343,-0.0054849909553239115,-0.0055131661168182225,-0.002552281926662696
0.0064402576103044125,-0.08833418896984138,-0.014774586581698316,-0.014807922260974474,-0.014814651739890711,-0.005290192269564226,-0.005485545564089223,-0.00551372590172288,-0.0025525535237923553
0.006442257690307613,-0.08833678252801488,-0.014775010144445589,-0.014808345471143994,-0.014815076091527385,-0.005290342005890014,-0.005485698316449822,-0.005513879679839463,-0.0025526214624186647
0.006444257770310813,-0.08834499326912043,-0.014776435321211702,-0.014809766553861408,-0.014816503937678003,-0.005290905232135212,-0.00548625598579105,-0.005514442555820385,-0.0025528945361260377
0.006446257850314013,-0.08834763297301555,-0.014776866804426326,-0.014810197658456451,-0.01481693622338642,-0.00529105806111011,-0.0054864117960469975,-0.00551459942230835,-0.002552963950041749
0.006448257930317213,-0.08835588981805577,-0.014778299894503846,-0.01481162662846235,-0.014818371996439778,-0.005291624377235797,-0.0054869725205303815,-0.005515165383882456,-0.0025532384977152126
0.006450258010320413,-0.08835857558300164,-0.014778739283685739,-0.014812065613021171,-0.014818812201693371,-0.00529178029324921,-0.005487131383102703,-0.005515325333112083,-0.0025533093842386944
0.006452258090323614,-0.08836687844511143,-0.014780180272198063,-0.014813502455478406,-0.014820255886745702,-0.00529234969349806,-0.005487695157004016,-0.0055158943745029715,-0.002553585403126572
0.0064542581703268135,-0.08836961018204817,-0.014780627552094082,-0.014813949304788545,-0.014820703996263444,-0.005292508690645875,-0.005487857066023181,-0.005516057400551178,-0.0025536577594361116
0.006456258250330014,-0.0883779589699726,-0.014782076423411592,-0.014815394004109368,-0.014822155577656542,-0.005293081168967002,-0.005488423883327617,-0.005516629515689074,-0.0025539352466466673
0.006458258330333214,-0.0883807365854508,-0.014782531578015493,-0.014815848702207684,-0.014822611575403129,-0.005293243241051613,-0.005488588832633559,-0.005516795612339371,-0.0025540090697804842
0.006460258410336414,-0.08838913120354583,-0.014783988315755477,-0.014817301242053642,-0.014824071036724526,-0.005293818791100645,-0.00548915868703581,-0.005517370794861091,-0.0025542880222819025
0.006462258490339614,-0.08839195459972642,-0.014784451328308131,-0.014817763772226357,-0.014824534905910269,-0.005293983931630919,-0.005489326670177954,-0.005517539955603624,-0.0025543633091381626
0.006464258570342814,-0.08840039494795923,-0.014785915915334874,-0.01481922413550836,-0.01482600222999319,-0.00529456254677002,-0.005489899555082181,-0.005518118198852664,-0.0025546437237585905
0.006466258650346015,-0.08840326402261524,-0.014786386768324115,-0.014819694480291178,-0.014826473953074187,-0.005294730748961379,-0.005490070565319441,-0.005518290416884258,-0.002554720471095401
0.006468258730349214,-0.08841174999656443,-0.014787859186749089,-0.014821162649169722,-0.014827949121997551,-0.005295312422259251,-0.00549064647383935,-0.005518871713910794,-0.0025550023445229412
0.006470258810352415,-0.08841466464308129,-0.014788337861910101,-0.014821640790347996,-0.014828428680675923,-0.005295483679033754,-0.005490820504140289,-0.005519046982135005,-0.0025550805489584394
0.006472258890355615,-0.08842319613393912,-0.014789818093092254,-0.014823116746233383,-0.01482991167576504,-0.005296068403265802,-0.0054913994290992415,-0.005519631325696023,-0.0025553638777412215
0.006474258970358815,-0.08842615624131661,-0.014790304571407762,-0.014823602664842395,-0.014830399050989087,-0.005296242707252224,-0.005491576472142051,-0.0055198096367233065,-0.002555443535753555
0.006476259050362015,-0.08843473313589072,-0.014791792595953684,-0.014825086388394977,-0.0148318898528155,-0.005296830474900646,-0.005492158406073194,-0.005520397019282712,-0.002555728316299804
0.006478259130365215,-0.08843773858874428,-0.014792286857654246,-0.014825580064720284,-0.01483238502478009,-0.005297007818434585,-0.0054923384542459285,-0.0055205783654304515,-0.002555809424227233
0.006480259210368415,-0.08844636076945835,-0.014793782655418523,-0.014827071535850786,-0.014833883613162017,-0.005297598621688428,-0.005492923389392208,-0.0055211687791591555,-0.0025560956528052625
0.006482259290371615,-0.0884494114480213,-0.014794284679982924,-0.014827572949428401,-0.014834386561308923,-0.005297778996812486,-0.005493106434792849,-0.005521353152451851,-0.0025561782068462204
0.006484259370374816,-0.08845807879291981,-0.014795788230068704,-0.01482907214729855,-0.01483589291531184,-0.005298372827567941,-0.005493694363107329,-0.005521946589228009,-0.0025564658795845917
0.0064862594503780156,-0.08846117457304715,-0.014796297996224504,-0.014829581276915775,-0.014836403618330319,-0.005298556226031922,-0.005493880397544024,-0.005522133981397499,-0.0025565498757977837
0.006488259530381216,-0.08846988695579597,-0.014797809276983914,-0.014831088179938475,-0.014837917716267404,-0.005299153075892453,-0.005494471310690003,-0.005522730432806675,-0.002556838988685364
0.006490259610384416,-0.08847302770896626,-0.014798326762707868,-0.014831605003634162,-0.014838436152094594,-0.005299339489153527,-0.005494660325681254,-0.005522920835292303,-0.0025569244229898423
0.006492259690387616,-0.08848178499885727,-0.01479984575174243,-0.014833119589474222,-0.014839957971527073,-0.005299939349430038,-0.005495254215032465,-0.0055235202926276475,-0.0025572149718758983
0.006494259770390816,-0.08848497059217665,-0.014800370934261202,-0.014833644084539438,-0.0148404841173487,-0.005300128768652972,-0.005495446201807326,-0.005523713696576489,-0.002557301840051181
0.006496259850394016,-0.08849377265413161,-0.01480189760842278,-0.01483516633011436,-0.014842013635086892,-0.005300731630364183,-0.005496043058448238,-0.0055243161508390665,-0.0025575938206455233
0.006498259930397216,-0.08849700295033823,-0.014802430464213492,-0.014835698473093071,-0.01484254746733784,-0.00530092404642166,-0.005496238007946651,-0.005524512547106228,-0.0025576821183317506
0.0065002600104004165,-0.0885058496449123,-0.01480396479960481,-0.014837228354573517,-0.014844084659441535,-0.0053015299002942915,-0.005496837822672716,-0.005525117989005271,-0.0025579755262048537
0.006502260090403617,-0.08850912450237926,-0.014804505304395832,-0.01483776812126326,-0.014844626153806693,-0.0053017253037671115,-0.0054970357255456894,-0.005525317368154103,-0.0025580652489028558
0.006504260170406817,-0.08851801568576541,-0.014806047276371116,-0.014839305614073874,-0.01484617099558595,-0.005302334140236175,-0.005497638488863615,-0.005525925788107213,-0.002558360079485995
0.006506260250410017,-0.0885213349585068,-0.014806595405142944,-0.01483985297952664,-0.01484672012700097,-0.005302532521413655,-0.005497839335473615,-0.005526128140409731,-0.0025584512225575195
0.006508260330413217,-0.08853027048254111,-0.014808144988309107,-0.014841398058347034,-0.01484827259301724,-0.005303144330622829,-0.005498445037601709,-0.0055267395285433655,-0.0025587474711429394
0.006510260410416417,-0.08853363402021647,-0.014808700715295135,-0.014841952996870137,-0.01484882933566934,-0.005303345679503111,-0.00549864881802301,-0.005526944843980512,-0.0025588400298107708
0.006512260490419617,-0.08854261373238327,-0.014810257883512385,-0.014843505635635551,-0.014850389399736043,-0.0053039604513050636,-0.005499257448891548,-0.005527559190130232,-0.0025591376915518322
0.0065142605704228175,-0.08854602138030317,-0.014810821182199911,-0.014844068120792565,-0.014850953727065111,-0.005304164757595463,-0.005499464152910503,-0.005527767458392255,-0.0025592316608999705
0.006516260650426017,-0.08855504512374092,-0.014812385908582776,-0.01484562829269502,-0.014852521362248699,-0.00530478248155224,-0.0055000757021620595,-0.005528384752103087,-0.0025595307308113498
0.006518260730429218,-0.0885584967228737,-0.014812956751714115,-0.014846198297306833,-0.014853093246948343,-0.00530498973466969,-0.005500285319277634,-0.0055285959625900214,-0.002559626105785232
0.006520260810432418,-0.08856756433638166,-0.014814529008632801,-0.014847765974796293,-0.014854668425569626,-0.0053056104000532,-0.0055008997762675945,-0.005529216193117025,-0.0025599265787431564
0.006522260890435618,-0.08857105972335767,-0.014815107368206026,-0.014848343470941935,-0.014855247839587847,-0.0053058205891245705,-0.005501112295691618,-0.005529430334938944,-0.0025600233541497796
0.006524260970438818,-0.08858017104140059,-0.0148166871272871,-0.014849918625727097,-0.014856830533222738,-0.005306444184916852,-0.005501729649488467,-0.005530053491247443,-0.0025603252248921396
0.006526261050442018,-0.08858371004852156,-0.014817272974557597,-0.014850503584745352,-0.014857417447763664,-0.0053066572987795465,-0.005501945060146222,-0.005530270553225065,-0.0025604233954003796
0.0065282611304452185,-0.08859286490123858,-0.014818860206685415,-0.014852086187795089,-0.014859007627244611,-0.005307283813673422,-0.005502565299532098,-0.005530896623991259,-0.0025607266585270395
0.006530261210448418,-0.0885964473564834,-0.014819453512166996,-0.014852678580285312,-0.014859602012769368,-0.005307499840875745,-0.005502783590062744,-0.005531116594656384,-0.002560826218667815
0.006532261290451619,-0.08860564556969422,-0.014821048187484951,-0.014854268601829802,-0.01486119964818645,-0.00530812926327515,-0.005503406703533895,-0.00553174556826774,-0.002561130868640792
0.006534261370454819,-0.0886092712967257,-0.014821648920950921,-0.014854868397653308,-0.014861801474414522,-0.005308348192076836,-0.005503627862290882,-0.0055319684358636975,-0.0025612318128072917
0.006536261450458019,-0.0886185126919395,-0.014823251008862824,-0.014856465807185575,-0.01486340653511704,-0.005308980510097462,-0.005504253838058234,-0.005532600300419585,-0.002561537843951053
0.006538261530461219,-0.08862218151011357,-0.014823859139347553,-0.014857072975467126,-0.01486401577102762,-0.005309202328470236,-0.005504477853109958,-0.005532826052901796,-0.002561640166399035
0.006540261610464419,-0.0886314659045358,-0.014825468608518801,-0.014858677741744044,-0.014865628225625172,-0.005309837529939978,-0.0055051066790995145,-0.005533460796213884,-0.0025619475729007
0.0065422616904676194,-0.08863517762890984,-0.014826084104319228,-0.014859292250873169,-0.0148662448394587,-0.0053100622255680885,-0.005505333538229829,-0.0055336894212504725,-0.0025620512677487334
0.006544261770470819,-0.0886445048354512,-0.0148277009226785,-0.014860904341917208,-0.014867864655822802,-0.005310700298027652,-0.005505965202083353,-0.005534327030843409,-0.0025623600436583726
0.00654626185047402,-0.08864825927679229,-0.01482832375135548,-0.01486152615954981,-0.014868488615082423,-0.005310927858308466,-0.005506194892792139,-0.005534558515815725,-0.0025624651048881245
0.006548261930477219,-0.0886576291040781,-0.014829947886096128,-0.014863145542650518,-0.01487011576034812,-0.005311568789011997,-0.00550682938186774,-0.0055351989789276974,-0.0025627752441190624
0.00655026201048042,-0.08866142606887199,-0.014830578014475987,-0.014863774635710201,-0.0148707470318011,-0.005311799201056554,-0.005507061891371449,-0.005535433310930912,-0.002562881665575574
0.00655226209048362,-0.08867083832125122,-0.014832209432057786,-0.014865401277425814,-0.014872381472368502,-0.0053124429769722545,-0.005507699192744175,-0.005536076614514288,-0.0025631931619046555
0.00655426217048682,-0.08867467761171245,-0.014832846826233982,-0.014866037612105684,-0.014873020022048088,-0.005312676227605981,-0.005507934507976541,-0.005536313780358067,-0.002563300937296658
0.00655626225049002,-0.08868413208926726,-0.014834485492384643,-0.014867671478264637,-0.01487466172358387,-0.005313322835416659,-0.005508574608438957,-0.005536959911079997,-0.002563613784364585
0.00655826233049322,-0.08868801350334844,-0.014835130117719614,-0.014868315020029114,-0.014875307516790878,-0.005313558911180046,-0.0055088127160516686,-0.005537199897289182,-0.002563722907264812
0.006560262410496421,-0.08869751000190472,-0.014836775997436583,-0.014869956075732028,-0.0148769564442304,-0.005314208337283918,-0.005509455602114675,-0.005537848841532312,-0.0025640370985764395
0.00656226249049962,-0.08870143333330754,-0.014837427818563337,-0.014870606789318295,-0.01487760944553503,-0.005314447224433112,-0.005509696488477969,-0.005538091634347589,-0.0025641475624219776
0.006564262570502821,-0.0887109716444453,-0.014839080876115638,-0.014872254998939533,-0.014879265563083811,-0.00531509945494447,-0.005510342146371376,-0.005538743378210787,-0.002564463091346667
0.00656626265050602,-0.0887149366826305,-0.01483973985693967,-0.014872912848359664,-0.014879925736327383,-0.005315341139452028,-0.0055105857975747945,-0.00553898896358935,-0.0025645748894392506
0.006568262730509221,-0.08872451659369494,-0.014841400055869777,-0.014874568175549416,-0.014881589007463185,-0.005315996160201972,-0.0055112342132480905,-0.005539643492888406,-0.002564891749211231
0.006570262810512421,-0.08872852312389488,-0.014842066159570951,-0.014875233124092115,-0.014882256315760305,-0.005316240627757689,-0.005511480615101258,-0.00553989185650481,-0.002565004874717649
0.006572262890515621,-0.08873814441800677,-0.014843733462696592,-0.014876895531778143,-0.01488392670323486,-0.005316898424294824,-0.005512131774224357,-0.005540549156773173,-0.002565323058436346
0.0065742629705188215,-0.08874219222123453,-0.014844406651731139,-0.01487756754201075,-0.01488460110897508,-0.00531714566030636,-0.00551238091225768,-0.005540800284020001,-0.0025654375043887693
0.006576263050522021,-0.08875185467730355,-0.014846081021147598,-0.01487923699240055,-0.01488627857481639,-0.005317806217897675,-0.005513034800221702,-0.005541460340509627,-0.0025657570050192165
0.006578263130525222,-0.08875594353036749,-0.014846761257250183,-0.014879916026171183,-0.014886960039666533,-0.005318056207491522,-0.005513286659687204,-0.005541714216498341,-0.002565872764315605
0.006580263210528421,-0.08876564692310326,-0.014848442654332054,-0.01488159248075394,-0.014888644545180739,-0.005318719511123117,-0.0055139432616052395,-0.005542377014180421,-0.0025661935746887866
0.006582263290531622,-0.08876977659861766,-0.014849129898517867,-0.014882278499193399,-0.014889333030086844,-0.005318972239145243,-0.005514197827477335,-0.005542633623742195,-0.002566310640093273
0.0065842633705348215,-0.0887795206985419,-0.014850818283921362,-0.014883961918742139,-0.01489102453586036,-0.0053196382735231995,-0.005514857128185308,-0.005543299147308053,-0.0025666327529065423
0.006586263450538022,-0.08878369096493993,-0.014851512496488238,-0.01488465488226634,-0.014891720001049907,-0.005319893724540014,-0.00551511438516165,-0.005543558474994588,-0.0025667511170498376
0.0065882635305412225,-0.08879347553840075,-0.014853207830153455,-0.01488634522684023,-0.014893418466951875,-0.005320562474091295,-0.00551577636921921,-0.005544226708856516,-0.002567074524867366
0.006590263610544422,-0.08879768615994794,-0.014853908970684216,-0.01488704509515212,-0.014894120871936065,-0.0053208206323904885,-0.005516036301721602,-0.00554448873894091,-0.0025671941802471593
0.006592263690547623,-0.08880751096913225,-0.014855611211837346,-0.014888742324098717,-0.014895826257120399,-0.005321492081263774,-0.005516700953412937,-0.00554515966723307,-0.0025675188755003016
0.006594263770550822,-0.08881176170593998,-0.014856319239202075,-0.014889449056190896,-0.014896535560696464,-0.005321752930855244,-0.005516963545588168,-0.005545424383710754,-0.002567639814481725
0.006596263850554023,-0.08882162650888663,-0.01485802834635764,-0.01489115312814832,-0.014898247823604266,-0.005322427062921813,-0.005517630848922892,-0.005546097990290075,-0.002567965789469469
0.0065982639305572225,-0.08882591711692579,-0.01485874321871611,-0.014891866682305252,-0.014898963983857847,-0.005322690587538544,-0.005517896084643691,-0.005546365376879727,-0.002568088004285521
0.006600264010560423,-0.0888358216675409,-0.014860459149679624,-0.014893577555204882,-0.014900683082219842,-0.005323367386393325,-0.005518566023357874,-0.005547041645326867,-0.002568415251174981
0.0066022640905636235,-0.08884015189865535,-0.01486118082448351,-0.014894297889005217,-0.014901406056527367,-0.005323633569492338,-0.005518833886223825,-0.005547311685471324,-0.0025685387339269535
0.006604264170566823,-0.08885009594672617,-0.014862903536353826,-0.014896015520073892,-0.014903131947366512,-0.005324313018454829,-0.005519506443780869,-0.005547990599091623,-0.0025688672447537883
0.006606264250570024,-0.08885446554864994,-0.014863631970349643,-0.014896742590393402,-0.014903861692397878,-0.005324581843218264,-0.005519776917119439,-0.005548263275958977,-0.002568991987411811
0.006608264330573223,-0.08886444883985892,-0.014865361419521337,-0.014898466936156115,-0.01490559433203163,-0.0053252639253334195,-0.00552045207671106,-0.005548944817783411,-0.002569321754080677
0.006610264410576424,-0.08886885755622838,-0.014866096568752693,-0.01489920069916974,-0.014906330803752671,-0.005325535374669426,-0.005520725143578527,-0.0055492201142678605,-0.0025694477484841187
0.0066122644905796234,-0.08887887983216979,-0.014867832710918944,-0.014900931715452134,-0.014908070147795794,-0.005326220072708824,-0.005521402888125811,-0.00554990426705415,-0.0025697787627692167
0.006614264570582824,-0.08888332740254032,-0.014868574530729272,-0.014901672126636937,-0.014908813301470963,-0.005326494129252634,-0.005521678531308297,-0.005550182165777127,-0.002569906000627209
0.006616264650586024,-0.08889338840073548,-0.01487031732088452,-0.014903409768568208,-0.01491055930483833,-0.005327181425715448,-0.005522358843462711,-0.005550868912010713,-0.002570238254172752
0.006618264730589224,-0.08889787456059749,-0.014871065765919775,-0.014904156782706063,-0.014911309095033383,-0.005327458071830453,-0.005522637045477293,-0.005551149395321934,-0.0025703667270647124
0.006620264810592425,-0.08890797401451021,-0.014872815158362298,-0.014905901004721441,-0.014913061711942408,-0.005328147948944551,-0.005523319907621745,-0.005551838717217072,-0.002570700211385426
0.006622264890595624,-0.0889124984953053,-0.014873570182573837,-0.014906654575901623,-0.01491381809252729,-0.005328427166723356,-0.005523600650717428,-0.0055521217671955945,-0.0025708299107615263
0.006624264970598825,-0.08892263613435795,-0.014875326130908542,-0.014908405331745141,-0.014915577276500908,-0.00532911960644631,-0.005524286044967299,-0.005552813646696375,-0.0025711646172431736
0.006626265050602024,-0.0889271986634952,-0.014876087687555816,-0.014909165413367452,-0.014916340200652467,-0.0053294013777118445,-0.005524569311126194,-0.00555309924515173,-0.0025712955344249205
0.006628265130605225,-0.08893737421308733,-0.014877850144697478,-0.014910922656095192,-0.01491810590452224,-0.005330096361732213,-0.005525257219330581,-0.0055537936639333775,-0.0025716314543248737
0.006630265210608425,-0.08894197451395984,-0.014878618186351014,-0.014911689200872522,-0.014918875324727198,-0.005330380668038868,-0.005525542990268984,-0.005554081792406654,-0.0025717635805056083
0.006632265290611625,-0.08895218769548396,-0.01488038710452687,-0.01491345288285519,-0.014920647500635908,-0.005331078177777235,-0.005526233394011717,-0.005554778731876495,-0.002572100704953359
0.006634265370614825,-0.08895682548748708,-0.014881161583071286,-0.01491422584281673,-0.014921423368693853,-0.005331365000412004,-0.005526521651181258,-0.005555069371641557,-0.0025722340311988418
0.006636265450618025,-0.08896707601834554,-0.014882936913824031,-0.014915995915742716,-0.01492320196809863,-0.005332065017022104,-0.005527214531782067,-0.005555768812940245,-0.002572572351196535
0.006638265530621226,-0.08897175101689428,-0.014883717780461029,-0.01491677524223691,-0.014923984235125122,-0.005332354337005834,-0.00552750525637091,-0.005556061945004886,-0.0025727068684454975
0.006640265610624425,-0.08898203861051869,-0.01488549947465206,-0.01491855165711544,-0.01492576920880052,-0.005333056841375824,-0.005528200594886646,-0.0055567638690076455,-0.0025730463748685657
0.006642265690627626,-0.08898675052706542,-0.014886286679903514,-0.014919337300813027,-0.014926557825230025,-0.005333348639464332,-0.00552849376782066,-0.005557059474114788,-0.002573182073933269
0.0066442657706308255,-0.08899707489293451,-0.014888074687716078,-0.014921120007977327,-0.014928349123271418,-0.005334053612218069,-0.005529191545046551,-0.005557763861432614,-0.0025735227575310045
0.006646265850634026,-0.08900182343498804,-0.014888868181427314,-0.014921911918874669,-0.014929144038860658,-0.005334347868903445,-0.005529487146990553,-0.005558061920061591,-0.0025736596290978726
0.006648265930637226,-0.08901218427864532,-0.014890662452369549,-0.014923700867984972,-0.01493094161068706,-0.005335055290401606,-0.005530187343461337,-0.005558768751042453,-0.0025740014804939665
0.006650266010640426,-0.0890169691497896,-0.014891462183712333,-0.014924498995407086,-0.014931742774518175,-0.0053353519859134476,-0.005530485354820319,-0.005559069243410206,-0.0025741395151241456
0.006652266090643627,-0.0890273661728634,-0.014893262666620584,-0.014926294135453903,-0.0149335465688755,-0.005336061836254814,-0.0055311879508115275,-0.005559778498140319,-0.0025744825248173314
0.006654266170646826,-0.08903218707277642,-0.014894068584096792,-0.014927098428057882,-0.014934353929359424,-0.005336360950561526,-0.005531488351731938,-0.005560081404202744,-0.0025746217129473292
0.006656266250650027,-0.08904261997299927,-0.014895875227139022,-0.0149288997073656,-0.01493616389432429,-0.0053370732095844075,-0.005532193327261264,-0.005560793062507958,-0.0025749658713120327
0.0066582663306532265,-0.08904747659747253,-0.01489668727858359,-0.01492971011314378,-0.014936977399203914,-0.00533737472239446,-0.005532496097632293,-0.005561098361961121,-0.0025751062032543137
0.006660266410656427,-0.08905794506870074,-0.0148985000292628,-0.014931517479373832,-0.014938793482186649,-0.005338089369677906,-0.005533203432460798,-0.005561812403408163,-0.002575451500541246
0.006662266490659627,-0.08906283710965994,-0.014899318161847459,-0.014932333945657433,-0.014939613078540493,-0.005338393260441241,-0.005533508551915749,-0.00556212007568977,-0.0025755929664849054
0.006664266570662827,-0.0890733408418934,-0.014901136967004956,-0.014934147345811666,-0.014941435226288635,-0.005339110275306384,-0.005534218225549253,-0.005562836479587589,-0.0025759393928216938
0.006666266650666027,-0.08907826798741858,-0.014901961127241573,-0.014934969819274216,-0.014942260860534276,-0.005339416523215742,-0.00553452567346681,-0.0055631465038782245,-0.0025760819828330884
0.006668266730669227,-0.08908880666682138,-0.014903785933060559,-0.01493678919969847,-0.01494408901913609,-0.005340135884727206,-0.005535237665157198,-0.00556386524927937,-0.0025764295282249493
0.006670266810672428,-0.08909376860116677,-0.014904616066804745,-0.01493761762635921,-0.014944920637033643,-0.005340444468719492,-0.005535547420662858,-0.005564177604503938,-0.002576573232248363
0.0066722668906756275,-0.08910434191008917,-0.014906446818814095,-0.014939442932747016,-0.014946754751921969,-0.005341166155686819,-0.00553626170940956,-0.005564898670206,-0.002576921886578791
0.006674266970678828,-0.08910933831370449,-0.014907282871268681,-0.01494027725797451,-0.014947592298577556,-0.00534147705444446,-0.005536573751376922,-0.005565213335035062,-0.0025770666944370524
0.006676267050682028,-0.08911994593070295,-0.01490911951434638,-0.014942108435370671,-0.014949432314533176,-0.0053422010454234874,-0.005537290315928236,-0.005565936699582055,-0.002577416447468477
0.006678267130685228,-0.08912497648025632,-0.01490996143006533,-0.014942948603886657,-0.014950275734403102,-0.005342514237376013,-0.0055376046229806035,-0.005566253652433394,-0.0025775623488637437
0.006680267210688428,-0.08913561808011441,-0.014911803908442085,-0.014944785596690704,-0.014952121595558455,-0.005343240510670258,-0.005538323441835075,-0.005566979294117149,-0.0025779131902381822
0.006682267290691628,-0.08914068244851223,-0.014912651631334007,-0.014945631552573665,-0.014952970832452407,-0.005343555973995645,-0.005538639992346745,-0.005567298513157099,-0.002578060174752563
0.006684267370694828,-0.08915135770226475,-0.01491449988859727,-0.014947474304543889,-0.014954822482295481,-0.005344284507657864,-0.0055393610437547295,-0.005568026410018828,-0.002578412093992373
0.0066862674506980285,-0.08915645555867494,-0.01491535336192945,-0.014948325991232952,-0.014955677479380751,-0.005344602220284043,-0.005539679815852499,-0.005568347873163825,-0.0025785601510886547
0.006688267530701229,-0.08916716413362893,-0.014917207341027227,-0.014950174445490263,-0.014957534860759047,-0.005345332992117747,-0.005540403077817679,-0.0055690780029955785,-0.0025789131375972456
0.006690267610704429,-0.08917229514350299,-0.014918066507429155,-0.014951031805788826,-0.014958395560564044,-0.00534565293172409,-0.00554072404938233,-0.005569401687913614,-0.002579062256619602
0.006692267690707629,-0.08918303670326011,-0.01491992615067367,-0.014952885904820253,-0.014960258615688069,-0.00534638591928491,-0.005541449499663014,-0.005570134028259729,-0.0025794162996821144
0.006694267770710829,-0.08918820052835598,-0.01492079095214126,-0.01495374888090013,-0.014961124960106523,-0.005346708063303763,-0.0055417726483308625,-0.005570459912371906,-0.0025795664698568576
0.006696267850714029,-0.08919897473283571,-0.014922656201212933,-0.014955608566563118,-0.014962993630554037,-0.005347443243901126,-0.005542500264441643,-0.005571194440530613,-0.002579921558640914
0.006698267930717229,-0.08920417103124115,-0.01492352657911245,-0.014956477099968439,-0.014963865560848942,-0.005347767569519411,-0.005542825567606018,-0.005571522501012728,-0.0025800727690772
0.006700268010720429,-0.08921497753670571,-0.014925397375064266,-0.014958342313494797,-0.014965739787569005,-0.005348504920218092,-0.0055435553268193835,-0.005572259194037737,-0.002580428892633706
0.006702268090723629,-0.0892202059628617,-0.014926273270136178,-0.014959216345145946,-0.01496661724437642,-0.0053488314043787875,-0.005543882761632213,-0.005572589407821762,-0.0025805811323243023
0.00670426817072683,-0.0892310444219371,-0.014928149553397345,-0.014961087027145714,-0.01496849696769335,-0.005349570902000411,-0.0055446146409799625,-0.005573328242523764,-0.0025809382795881105
0.00670626825073003,-0.0892363046266624,-0.01492903090576075,-0.014961966497343625,-0.014969379891026924,-0.00534989952140425,-0.0055449441843534,-0.005573660586299576,-0.0025810915374102103
0.00670826833073323,-0.08924717468836471,-0.014930912616140985,-0.014963842587809405,-0.014971265050644441,-0.005350641142528987,-0.005545678160628355,-0.005574401539247927,-0.0025814496972009506
0.00671026841073643,-0.08925246631887822,-0.014931799365297318,-0.01496472743623928,-0.014972153379899072,-0.005350971873635961,-0.0055460097892362555,-0.0055747359894647505,-0.0025816039619168327
0.00671226849073963,-0.08926336762863742,-0.014933686441991159,-0.014966608874550367,-0.01497404391490468,-0.00535171559460413,-0.00554674583899384,-0.005575479036989096,-0.002581963122939693
0.00671426857074283,-0.08926869032858538,-0.014934578526828874,-0.014967499040286426,-0.014974937588861204,-0.005352048413635254,-0.005547079529273547,-0.005575815569857305,-0.002582118383197591
0.00671626865074603,-0.08927962252826899,-0.014936470908419628,-0.014969385765212836,-0.014976833437730057,-0.005352794210548929,-0.005547817628833343,-0.005576560688049145,-0.0025824785340440638
0.0067182687307492306,-0.08928497593774834,-0.014937368267218271,-0.014970281186722363,-0.014977732394559424,-0.005353129093487853,-0.005548153356987244,-0.005576899279541919,-0.0025826347783789757
0.006720268810752431,-0.08929593866568851,-0.014939265891682678,-0.014972173136429472,-0.014979633495159064,-0.005353876942212651,-0.005548893482434848,-0.005577646444256428,-0.00258299590752771
0.006722268890755631,-0.08930132242127192,-0.014940168462117114,-0.01497307375157682,-0.014980537672426358,-0.005354213864807299,-0.005549231224432026,-0.005577987070111284,-0.002583153124362116
0.006724268970758831,-0.08931231531228954,-0.014942071266829457,-0.014974970863629474,-0.0149824439620209,-0.005354963740973976,-0.005549973351620554,-0.005578736256968905,-0.0025835152201796954
0.006726269050762031,-0.08931772904705182,-0.014942978985974412,-0.014975876609680971,-0.014983353296690122,-0.005355302678738352,-0.005550313083198567,-0.005579078892689611,-0.002583673397824467
0.006728269130765231,-0.08932875173248236,-0.014944886907711055,-0.014977778821047954,-0.014985264711944607,-0.005356054557744585,-0.005551057187750425,-0.005579830077077793,-0.002584036448566225
0.006730269210768431,-0.08933419507602683,-0.01494579971204569,-0.01497868963467609,-0.01498617914038313,-0.005356395485960493,-0.005551398884417003,-0.005580174697936018,-0.002584195575221415
0.0067322692907716315,-0.08934524718374685,-0.014947712686989478,-0.01498059688173459,-0.014988095617368103,-0.005357149342972565,-0.005552144941725596,-0.005580927855011018,-0.0025845595690323193
0.006734269370774831,-0.08935071976223008,-0.014948630512401547,-0.014981512699022384,-0.014989015075350904,-0.005357492236691288,-0.005552488578760311,-0.005581274436048006,-0.0025847196327879805
0.006736269450778032,-0.08936180091668364,-0.014950548476146446,-0.014983424917562568,-0.014990936549547012,-0.00535824804664597,-0.005553236563991854,-0.005582029540736602,-0.0025850845577034156
0.006738269530781232,-0.08936730235284371,-0.014951471257937186,-0.014984345674008403,-0.01499186097226147,-0.005358592880690111,-0.005553582116447953,-0.005582378056765089,-0.0025852455465404877
0.006740269610784432,-0.08937841217506903,-0.014953394145492818,-0.014986262799237933,-0.014993787378563989,-0.0053593506182963244,-0.005554332004543183,-0.005583135083766409,-0.002585611390487143
0.006742269690787632,-0.08938394208825104,-0.014954321818381357,-0.01498718842975993,-0.014994716700614396,-0.0053596973672616075,-0.005554679447249337,-0.005583485509372333,-0.002585773292278285
0.006744269770790832,-0.08939508019590799,-0.014956249564177718,-0.014989110396308682,-0.014996647973337997,-0.0053604570070023404,-0.005555431212925339,-0.005584244433159649,-0.0025861400430750294
0.0067462698507940325,-0.0894006382020929,-0.014957182062306002,-0.01499004083524954,-0.014997582128750438,-0.0053608056452594255,-0.005555780520487479,-0.005584596742704039,-0.0025863028455855204
0.006748269930797232,-0.08941180420948931,-0.014959114600197942,-0.014991967577174114,-0.014999518201633592,-0.005361567161393467,-0.0055565341382394565,-0.005585357537526521,-0.0025866704909442246
0.006750270010800433,-0.08941738992132044,-0.01496005185713527,-0.014992902758305747,-0.015000457123860547,-0.005361917663089828,-0.0055568852850426,-0.005585711705147311,-0.00258683418183281
0.006752270090803632,-0.08942858343944181,-0.014961989120407616,-0.014994834209094454,-0.015002397930070787,-0.005362681029653718,-0.005557640729145774,-0.005586474345032064,-0.002587202709359317
0.006754270170806833,-0.08943419646625253,-0.014962931069155404,-0.01499577406562273,-0.015003341551995831,-0.005363033368715426,-0.005557993689355821,-0.005586830344645909,-0.0025873672761791066
0.006756270250810033,-0.08944541710278843,-0.014964872990527574,-0.014997710158200303,-0.015005287024134215,-0.0053637985595252876,-0.005558750933867287,-0.005587594803399712,-0.0025877366733740516
0.006758270330813233,-0.08945105705063143,-0.01496581956352427,-0.014998654622769897,-0.01500623527807701,-0.005364152709658948,-0.0055591056814329,-0.0055879526087039616,-0.002587902103573441
0.0067602704108164335,-0.08946230441000459,-0.014967766075155091,-0.015000595289502292,-0.015008185348183085,-0.005364919698312394,-0.005559864700193441,-0.0055887188599151585,-0.0025882723578331975
0.006762270490819633,-0.08946797088168003,-0.014968717204281244,-0.015001544294201686,-0.015009138165904372,-0.005365275633007087,-0.005560221208848025,-0.005589078444389727,-0.0025884386387567604
0.006764270570822834,-0.08947924456507532,-0.014970668237774041,-0.01500348946690107,-0.015011092765461248,-0.005366044392885161,-0.005560981975484101,-0.005589846461430277,-0.0025888097373743518
0.006766270650826033,-0.08948493716015982,-0.014971623854357042,-0.015004442943267379,-0.015012050078167673,-0.005366402085414352,-0.005561340218747643,-0.005590207798339563,-0.002588976856263784
0.006768270730829234,-0.08949623676555188,-0.014973579340764405,-0.01500639255319695,-0.015014009138106686,-0.0053671725896833646,-0.005562102706673182,-0.005590977554366798,-0.0025893487864297768
0.006770270810832433,-0.08950195508042719,-0.014974539375583486,-0.015007350432220956,-0.0150149708764558,-0.005367532013106854,-0.005562462657854175,-0.0055913406167616315,-0.0025895167304247906
0.006772270890835634,-0.08951328020261239,-0.014976499245412639,-0.015009304410100281,-0.015016934327162057,-0.005368304234720522,-0.0055632268402727066,-0.005592112084720399,-0.0025898894792282935
0.0067742709708388344,-0.08951902383049541,-0.014977463628704068,-0.015010266622231403,-0.015017900421267518,-0.005368665361886372,-0.005563588472470093,-0.005592476845440085,-0.002590058235367607
0.006776271050842034,-0.08953037406111919,-0.014979427811921658,-0.015012224898241194,-0.015019868192584539,-0.0053694392735876735,-0.005564354322376577,-0.005593249998064602,-0.0025904317897971676
0.006778271130845235,-0.08953614259209165,-0.01498039647338377,-0.015013191373392664,-0.015020838572021088,-0.005369802077134255,-0.0055647176084817895,-0.00559361642973881,-0.002590601345019399
0.006780271210848434,-0.08954751751967954,-0.014982364899421122,-0.01501515387717999,-0.015022810593256155,-0.005370577651457476,-0.0055654850986645915,-0.005594391239554698,-0.0025909756919639737
0.006782271290851635,-0.08955331054071816,-0.014983337768219529,-0.015016124544734036,-0.015023785187064946,-0.005370942103815466,-0.0055658500113634915,-0.005594759314605521,-0.002591146033108648
0.006784271370854834,-0.08956470975070585,-0.01498531036597785,-0.01501809120541756,-0.015025761386994319,-0.005371719313088213,-0.005566619114406474,-0.005595535753931904,-0.0025915211593585718
0.006786271450858035,-0.08957052684571293,-0.014986287370750683,-0.015019065994230628,-0.015026740123688065,-0.005372085386482673,-0.0055669856261813914,-0.0055959054445759325,-0.0025916922731670892
0.006788271530861235,-0.08958194992047676,-0.014988264068606294,-0.01502103674040574,-0.015028720430562208,-0.005372864202827902,-0.0055677563144658545,-0.005596683485527359,-0.002592068165415051
0.006790271610864435,-0.08958779067031063,-0.014989245137469343,-0.015022015578813521,-0.015029703238130363,-0.005373231869280247,-0.005568124397597614,-0.005597054763777666,-0.0025922400385316375
0.006792271690867636,-0.08959923718919906,-0.014991225863279,-0.015023990338557782,-0.015031687579679272,-0.005374012264618387,-0.005568896643304404,-0.005597834378266276,-0.002592616683373673
0.006794271770870835,-0.08960510117170527,-0.01499221092383125,-0.015024973154380835,-0.015032674385593596,-0.005374381495948503,-0.0055692662698743345,-0.005598207215934544,-0.0025927893023463956
0.006796271850874036,-0.08961657071106861,-0.014994195604937387,-0.015026951855259041,-0.01503466268903205,-0.005375163441999459,-0.00557004004498586,-0.005598988375672059,-0.0025931666862828396
0.006798271930877235,-0.08962245750111147,-0.01499518458426626,-0.015027938575808013,-0.015035653420251914,-0.005375534209827836,-0.005570411186877986,-0.005599362744370644,-0.0025933400375646
0.006800272010880436,-0.0896339496343353,-0.014997173147502553,-0.015029921144877879,-0.01503764561228502,-0.0053763176781131605,-0.005571186463180318,-0.005600145420870567,-0.0025937181470011626
0.0068022720908836355,-0.08963985880382892,-0.014998165972189255,-0.015030911696958808,-0.015038640195262649,-0.005376689953862943,-0.005571559092083309,-0.005600521292014621,-0.002593892216950697
0.006804272170886836,-0.08965137310136445,-0.015000158343885947,-0.015032898060776182,-0.015040636202091276,-0.005377474915707924,-0.005572335841168302,-0.005601305456594303,-0.00259427103819941
0.0068062722508900365,-0.08965730421930512,-0.015001154940011191,-0.015033892370696125,-0.01504163456277747,-0.005377848670607058,-0.005572709928577697,-0.005601682801403891,-0.002594445813082324
0.006808272330893236,-0.0896688402487016,-0.015003151046000654,-0.015035882455320542,-0.015043634310103682,-0.005378635097142836,-0.005573488121845042,-0.0056024684251866595,-0.002594825332362602
0.006810272410896437,-0.08967479288120005,-0.015004151339149882,-0.015036880448892986,-0.015044636373953235,-0.005379010302226274,-0.005573863639065308,-0.005602847214688955,-0.002595000798352383
0.006812272490899636,-0.0896863502071376,-0.015006151104772141,-0.01503887417989331,-0.015046639786985939,-0.005379798164392086,-0.005574643247724791,-0.005603634268606325,-0.0025953810017920473
0.006814272570902837,-0.08969232391745147,-0.01500715502004142,-0.015039875782443778,-0.015047645478963322,-0.005380174790503896,-0.005575020165871531,-0.0056040144736377384,-0.0025955571449711077
0.0068162726509060365,-0.08970390210177297,-0.015009158370149803,-0.0150418730849036,-0.015049652482423867,-0.005380964059049199,-0.005575801160945102,-0.005604802928431571,-0.0025959380186074206
0.006818272730909237,-0.08970989645033838,-0.015010165832150993,-0.015042878221275141,-0.015050661727008589,-0.005381342076844728,-0.005576179450947117,-0.005605184519639911,-0.0025961148249681186
0.006820272810912437,-0.08972149505208313,-0.015012172691117718,-0.015044879019798497,-0.015052672245136366,-0.005382132722331424,-0.005576961803271091,-0.005605974345864603,-0.00259649635474884
0.006822272890915637,-0.08972750959655039,-0.015013183623984726,-0.015045887614357571,-0.015053684966329072,-0.00538251210227964,-0.005577341435872747,-0.0056063572937114165,-0.002596673810194603
0.006824272970918838,-0.08973912817198651,-0.0150151939157066,-0.015047891833074624,-0.015055698922887197,-0.005383304095084228,-0.005578125116099986,-0.005607148461736119,-0.0025970559819790445
0.006826273050922037,-0.08974516246725042,-0.01501620824310062,-0.015048903809716484,-0.015056715044215054,-0.005383684807469787,-0.005578506061863242,-0.005607532736498727,-0.0025972340723253336
0.006828273130925238,-0.08975680056990874,-0.015018221891004706,-0.015050911372289175,-0.015058732362496196,-0.005384478117785671,-0.005579291040465383,-0.005608325216509582,-0.002597616871885418
0.0068302732109284375,-0.08976285416814431,-0.015019239536120183,-0.015051926654443902,-0.015059751807018759,-0.005384860132711274,-0.005579673269772095,-0.005608710788283479,-0.0025977955828608837
0.006832273290931638,-0.08977451134885228,-0.015021256463169775,-0.01505393748407187,-0.01506177240985098,-0.00538565473055103,-0.005580459517041824,-0.005609504550285881,-0.002598178995882247
0.006834273370934838,-0.08978058379954774,-0.01502227734874022,-0.015054955994709981,-0.015062795100166093,-0.005386038017939622,-0.005580843000095992,-0.005609891388986937,-0.0025983583131297594
0.006836273450938038,-0.08979225960646306,-0.015024297477440527,-0.015056970014136192,-0.015064818909918476,-0.005386833873137198,-0.005581630486149205,-0.0056106864028078116,-0.0025987423252128044
0.006838273530941239,-0.08979835045645417,-0.015025321525744333,-0.015057991675774644,-0.01506584476816815,-0.005387218402734327,-0.005582015192979241,-0.005611074478174592,-0.002598922234290586
0.006840273610944438,-0.08981004443509882,-0.01502734477814832,-0.015060008807291267,-0.015067871706756858,-0.005388015484947349,-0.0055828038877573285,-0.005611870713464623,-0.002599306830951575
0.006842273690947639,-0.08981615322860347,-0.015028371911014709,-0.015061033541999178,-0.015068900654633004,-0.0053884012263233985,-0.0055831897882182915,-0.005612259995060608,-0.0025994873173342597
0.0068442737709508384,-0.08982786492189941,-0.015030398208729232,-0.015063053707453736,-0.015070930643527252,-0.005389199505035551,-0.005583979661490552,-0.005613057421296689,-0.002599872484006464
0.006846273850954039,-0.08983399120055131,-0.015031428347544023,-0.015064081436858301,-0.015071962602277765,-0.00538958642758803,-0.00558436672526643,-0.0056134478785126235,-0.002600053533086185
0.006848273930957239,-0.08984572014885396,-0.015033457611735591,-0.01506610455765935,-0.015073995562505707,-0.005390385872111315,-0.005585157746632197,-0.005614246465000024,-0.0026004392551209413
0.006850274010960439,-0.08985186345173894,-0.01503449067744742,-0.01506713520295198,-0.015075030452940423,-0.005390773945067271,-0.005585545943238282,-0.0056146380670563005,-0.0026006208522085157
0.006852274090963639,-0.08986360919287238,-0.01503652282884825,-0.015069161200075135,-0.015077066305095126,-0.00539157452454432,-0.005586338082129329,-0.005615437782931062,-0.002601007114876353
0.006854274170966839,-0.08986976905656312,-0.015037558741974624,-0.015070194682017358,-0.015078104047592043,-0.005391963716962669,-0.005586727380914513,-0.005615830498880067,-0.0026011892452023505
0.00685627425097004,-0.08988153112585688,-0.015039593700888816,-0.01507222347601157,-0.015080142711837753,-0.005392765400369261,-0.005587520606597424,-0.005616631313111426,-0.002601576033694154
0.006858274330973239,-0.08988770708444745,-0.015040632381521868,-0.015073259714941067,-0.015081183226348775,-0.005393155681143105,-0.005587910976746516,-0.005617025111839795,-0.0026017586824100265
0.00686027441097644,-0.08989948501477026,-0.015042670067831387,-0.015075291225934385,-0.015083224622426825,-0.005393958437290328,-0.005588705258324983,-0.005617826993232507,-0.002602145981838132
0.0068622744909796396,-0.08990567659991223,-0.015043711435644236,-0.015076330141771087,-0.015084267828484127,-0.005394349775149362,-0.005589096668861081,-0.005618221843463625,-0.0026023291340173636
0.00686427457098284,-0.08991746992170857,-0.015045751768815008,-0.015078364289476936,-0.015086311875719126,-0.005395153572686136,-0.005589891975278248,-0.005619024760660284,-0.0026027169294167017
0.00686627465098604,-0.08992367666264854,-0.015046795743068136,-0.015079405801729404,-0.015087357692441435,-0.005395545936199138,-0.005590284395065208,-0.0056194206309566775,-0.0026029005700559803
0.00686827473098924,-0.0899354849039742,-0.015048838642156328,-0.015081442505452741,-0.015089404309747546,-0.005396350743614582,-0.005591080695106096,-0.005620224552440258,-0.0026032888463852428
0.00687027481099244,-0.08994170632758758,-0.015049885141703278,-0.015082486533223928,-0.015090452655846022,-0.005396744101191681,-0.00559147409285076,-0.005620621411205937,-0.0026034729604055657
0.00687227489099564,-0.08995352901414695,-0.015051930525361554,-0.01508452571186747,-0.015092501761733131,-0.005397549886817603,-0.005592271355144715,-0.005621426305302178,-0.002603861702548356
0.006874274970998841,-0.08995976464497565,-0.015052979468655515,-0.01508557217386133,-0.015093552555517928,-0.0053979442067128075,-0.00559266569939946,-0.005621824120785128,-0.0026040462747962206
0.0068762750510020405,-0.0899716013001575,-0.015055027255139245,-0.015087613745931759,-0.015095604068097958,-0.005398750938726067,-0.005593463892422481,-0.005622629955664897,-0.002604435467562234
0.006878275131005241,-0.08997785066044652,-0.015056078560239286,-0.0150886625604593,-0.015096657227484378,-0.0053991461890397045,-0.00559385915158759,-0.005623028695959555,-0.002604620482810802
0.006880275211008441,-0.08998970080536081,-0.015058128667412761,-0.015090706444073518,-0.015098711064477549,-0.005399953835464659,-0.005594658243664801,-0.005623835439641367,-0.0026050101109369554
0.006882275291011641,-0.08999596341509425,-0.015059182251990119,-0.015091757529059155,-0.015099766506992346,-0.0054003499841458,-0.0055950543859908585,-0.005624235072690988,-0.0026051955538872276
0.006884275371014841,-0.09000782656860937,-0.015061234597333044,-0.015093803641950678,-0.015101822585733542,-0.005401158512856871,-0.005595854345298971,-0.005625042693043499,-0.0026055856020388867
0.006886275451018041,-0.09001410194554864,-0.015062290378677469,-0.015094856914938557,-0.015102880228521411,-0.005401555527705849,-0.005596251338889381,-0.005625443186642699,-0.0026057714573208676
0.006888275531021241,-0.09002597762432842,-0.015064344879291378,-0.015096905174463895,-0.015104938465966757,-0.005402364906429947,-0.005597052133459162,-0.005626251651387171,-0.002606161910093011
0.0068902756110244415,-0.09003226528404912,-0.0150654027743176,-0.015097960552624396,-0.01510599822579662,-0.005402762755100857,-0.005597449946272627,-0.005626652973184439,-0.0026063481622669435
0.006892275691027642,-0.09004415300259033,-0.015067459346931999,-0.01510001087576933,-0.015108058538529612,-0.00540357295141986,-0.00559825154399131,-0.005627462249897194,-0.0026067390041853585
0.006894275771030842,-0.09005045245851995,-0.01506851927218613,-0.01510106827590535,-0.015109120331801219,-0.0054039716014230325,-0.0055986501438442735,-0.005627864367397368,-0.0026069256377428806
0.006896275851034042,-0.09006235172918997,-0.015070577833165366,-0.015103120579291522,-0.015111182636039402,-0.00540478258277637,-0.005599452512458132,-0.005628674423512379,-0.002607316853265375
0.006898275931037242,-0.09006866249264533,-0.015071639704831427,-0.015104179917845031,-0.01511224637878978,-0.005405182001480928,-0.00559985186702733,-0.005629077304079205,-0.002607503852630762
0.006900276011040442,-0.09008057282571985,-0.01507370017018077,-0.01510623411773626,-0.01511431059039112,-0.0054059937351680284,-0.005600654974144113,-0.0056298881068905585,-0.0026078954261483417
0.006902276091043642,-0.0900868944059453,-0.015074763904087159,-0.015107295310794746,-0.01511537619830098,-0.00540639388980443,-0.005601055050969009,-0.005630291717749151,-0.002608082775679678
0.0069042761710468425,-0.09009881530964688,-0.01507682618945969,-0.015109351323103752,-0.015117442232770633,-0.00540720634298737,-0.005601858864060555,-0.0056311032344137065,-0.002608474691517813
0.006906276251050043,-0.09010514721385253,-0.015077891701085656,-0.015110414286406675,-0.015118509621170976,-0.005407607200649898,-0.005602259630545892,-0.005631507542653171,-0.002608662375508214
0.006908276331053243,-0.09011707819438845,-0.015079955721788626,-0.01511247202670151,-0.015120577393667676,-0.00540842034035591,-0.005603064116950571,-0.005632319740192951,-0.002609054617928013
0.006910276411056443,-0.0901234199277883,-0.015081022926271033,-0.015113536675647021,-0.015121646477546583,-0.005408821868005312,-0.005603465540369002,-0.005632724712768957,-0.0026092426206068995
0.006912276491059643,-0.09013536048938915,-0.015083088597272544,-0.015115596059157617,-0.01512371590288927,-0.005409635661129301,-0.0056042706672943185,-0.00563353755807387,-0.002609635173806372
0.006914276571062843,-0.0901417115552408,-0.015084157409412475,-0.015116662308809162,-0.01512478659689837,-0.005410037825595401,-0.005604672714788855,-0.005633943161811207,-0.002609823479340651
0.006916276651066043,-0.09015366120019984,-0.015086224645348107,-0.01511872325043399,-0.015126857589572948,-0.005410852238902646,-0.005605478449314,-0.005634756621641562,-0.0026102163274559216
0.0069182767310692435,-0.0901600210998412,-0.015087294979617366,-0.015119791015526811,-0.015127929808034088,-0.005411255006886809,-0.005605881087900631,-0.00563516282323672,-0.0026104049199512456
0.006920276811072443,-0.0901719793285522,-0.01508936369479687,-0.015121853429839564,-0.01513000228220001,-0.005412070007015475,-0.00560668739697902,-0.005635976864225831,-0.0026107980470578074
0.006922276891075644,-0.09017834756144265,-0.015090435465344752,-0.015122922624787444,-0.015131075939111878,-0.0054124733450933125,-0.0056070905935492665,-0.005636383630249614,-0.002610986910559799
0.006924276971078844,-0.09019031387244013,-0.015092505573758791,-0.015124986426043742,-0.015133149808609003,-0.005413288898557143,-0.005607897444011215,-0.005637198218906477,-0.0026113803006737545
0.006926277051082044,-0.09019668993619889,-0.015093578694418944,-0.015126056964945843,-0.015134224817654245,-0.0054136927731811444,-0.005608301165334788,-0.005637605515806655,-0.0026115694191693206
0.006928277131085244,-0.09020866382619602,-0.015095650109745683,-0.015128122067089873,-0.015136299996009375,-0.005414508846372,-0.005609108523889986,-0.005638420618518455,-0.002611963056248616
0.006930277211088444,-0.09021504721664123,-0.015096724494042712,-0.01512919386373713,-0.01513737627056089,-0.005414913223874104,-0.005609512736617316,-0.0056388284126223836,-0.0026121524136671227
0.006932277291091644,-0.09022702818057121,-0.015098797129654873,-0.015131260180408612,-0.015139452670994888,-0.0054157297830646845,-0.005610320569857593,-0.005639643995657273,-0.0026125462816128826
0.006934277371094844,-0.09023341839175977,-0.015099872690811094,-0.01513233314829088,-0.015140530124122854,-0.00541613462965895,-0.005610725240522464,-0.005640052253174477,-0.002612735861827435
0.006936277451098045,-0.09024540592281374,-0.015101946459782491,-0.015134400592831434,-0.015142607659557095,-0.005416951641005386,-0.005611533514924312,-0.005640868282684126,-0.002613129944485134
0.006938277531101244,-0.0902518024470819,-0.015103023110725013,-0.01513547464514422,-0.015143686204035984,-0.005417356922790734,-0.005611938609946593,-0.005641276969709119,-0.002613319731313924
0.006940277611104445,-0.09026379603675028,-0.015105097925837576,-0.01513754313060469,-0.015145764787099482,-0.005418174352335306,-0.005612747291873821,-0.005642093411731422,-0.0026137140124747145
0.006942277691107645,-0.09027019836475174,-0.015106175579204807,-0.015138618180255721,-0.01514684433541455,-0.005418580035298039,-0.005613152777561948,-0.005642502494246164,-0.0026139039896821968
0.006944277771110845,-0.09028219750286318,-0.015108251352955357,-0.015140687619402675,-0.015148923878450704,-0.0054193978489717924,-0.005613961833268351,-0.005643319314707902,-0.0026142984530841754
0.006946277851114045,-0.09028860512361199,-0.015109329921104262,-0.015141763579019073,-0.015150004342805255,-0.0054198038989884045,-0.005614367675822153,-0.005643728758584664,-0.0026144886043824016
0.006948277931117245,-0.09030060929837382,-0.01511140656571141,-0.015143833884341798,-0.01515208475787881,-0.005420622062613904,-0.005615177071454169,-0.00564454592330422,-0.002614883233711892
0.0069502780111204455,-0.09030702169928168,-0.015112485960724089,-0.015144910666276835,-0.015153166050200818,-0.005421028445453688,-0.00561558323696739,-0.00564495569430817,-0.00261507354276178
0.006952278091123645,-0.09031903039732095,-0.015114563388135207,-0.015146981749994265,-0.01515524724910482,-0.005421846924747673,-0.005616392938566784,-0.005645773168998181,-0.002615468321654618
0.006954278171126846,-0.09032544706423999,-0.015115643521826098,-0.015148059266334292,-0.015156329281054115,-0.005422253606075515,-0.00561679939302984,-0.00564618323279015,-0.002615658772067246
0.006956278251130045,-0.09033745977064378,-0.015117721643724389,-0.015150131040402016,-0.015158411175316919,-0.005423072366651671,-0.005617609366536398,-0.005647000983060306,-0.0026160536841100903
0.006958278331133246,-0.09034388018790576,-0.015118802427647028,-0.015151209202973437,-0.01515949385829206,-0.005423479312030672,-0.005618016075839085,-0.00564741130519945,-0.0026162442594480045
0.006960278411136446,-0.090355896386262,-0.015120881155458362,-0.015153281579090516,-0.015161576359184291,-0.005424298319402283,-0.0056188262870932705,-0.0056482292965591326,-0.0026166392881796195
0.006962278491139646,-0.09036232003672043,-0.015121962500912627,-0.015154360299466796,-0.015162659604329585,-0.0054247054942966,-0.0056192332170274155,-0.005648639842505726,-0.0026168299719581236
0.0069642785711428465,-0.0903743392091579,-0.015124041745812515,-0.015156433189082748,-0.015164742622871057,-0.005425524713879295,-0.005620043631773092,-0.005649458040366746,-0.002617225100870672
0.006966278651146046,-0.09038076557422808,-0.015125123563851513,-0.015157512378591415,-0.01516582634108381,-0.005425932083656782,-0.005620450748035299,-0.005649868775484893,-0.0026174158765591518
0.006968278731149247,-0.09039278720145841,-0.015127203236772243,-0.01515958569291338,-0.01516790978805066,-0.005426751480771304,-0.00562126133192246,-0.005650687145164261,-0.0026178110890995245
0.006970278811152446,-0.09039921576115911,-0.01512828543820934,-0.015160665262642993,-0.0151689938899879,-0.005427159010706297,-0.005621668600116837,-0.005651098034724601,-0.0026180019401227353
0.006972278891155647,-0.09041123932251821,-0.015130365449847218,-0.015162738912642863,-0.015171077675919955,-0.005427978550581323,-0.005622479318704373,-0.005651916541447345,-0.0026183972196939073
0.006974278971158847,-0.09041766955551239,-0.015131447945263145,-0.015163818773450122,-0.01517216207200567,-0.005428386205857401,-0.0056228867043452025,-0.005652327550629876,-0.002618588129433299
0.006976279051162047,-0.09042969452900136,-0.015133528206085295,-0.015165892669871341,-0.015174246107213152,-0.005429205853632154,-0.00562369752310355,-0.0056531461595316895,-0.0026189834593955616
0.0069782791311652475,-0.09043612591263804,-0.0151346109058354,-0.01516697273238825,-0.015175330707645556,-0.0054296135993449355,-0.0056241049916181335,-0.005653557253428523,-0.0026191744111906216
0.006980279211168447,-0.09044815177496417,-0.015136691326086964,-0.015169046785752947,-0.015177414902216324,-0.005430433320072056,-0.005624915875932074,-0.005654375929558589,-0.002619569774862958
0.006982279291171648,-0.0904545837853204,-0.01513777414030815,-0.0151701269603938,-0.015178499616974858,-0.005430841121231954,-0.005625323392663394,-0.0056547870731767,-0.002619760752012515
0.006984279371174847,-0.09046661001194037,-0.01513985463001968,-0.015172201081010268,-0.015180583880781738,-0.005431660879880322,-0.005626134307834836,-0.005655605781500499,-0.002620156132673946
0.006986279451178048,-0.0904730421238621,-0.015140937468637686,-0.015173281277978918,-0.015181668619634324,-0.005432068701415333,-0.005626541838044393,-0.005656016939764585,-0.002620347118437517
0.0069882795311812474,-0.09048506818902251,-0.015143017937631975,-0.015175355375948352,-0.015183752862342118,-0.005432888462872779,-0.005627352749295124,-0.005656835645166671,-0.0026207424993283995
0.006990279611184448,-0.09049149987616693,-0.015144100710368522,-0.015176435505245217,-0.015184837534852247,-0.005433296269631281,-0.005627760258165628,-0.005657246782921845,-0.002620933476927512
0.0069922796911876485,-0.09050352525294636,-0.015146181068267973,-0.01517850949046911,-0.015186921665925026,-0.005434115998707433,-0.005628571130640035,-0.005658065450208655,-0.0026213288412508828
0.006994279771190848,-0.09050995598782458,-0.015147263684648068,-0.015179589461898551,-0.015188006181459136,-0.0054345237554610255,-0.0056289785832782935,-0.0056584765322233496,-0.0026215197938704395
0.006996279851194049,-0.09052198014817554,-0.015149343840881879,-0.01518166324408579,-0.015190090110167333,-0.005435343416890094,-0.005629789382046184,-0.0056592951261259725,-0.0026219151247933595
0.006998279931197248,-0.09052840940219342,-0.015150426210240832,-0.015182742967263102,-0.015191174377901916,-0.005435751088336345,-0.005630196743485778,-0.005659706117094686,-0.0026221060355829506
0.007000280011200449,-0.09054043181698596,-0.01515250607405232,-0.015184816455937273,-0.01519325801332987,-0.005436570646780016,-0.005631007433545225,-0.005660524602271768,-0.0026225013162378763
0.007002280091203648,-0.0905468590604867,-0.01515358810554311,-0.015185895840296025,-0.015194341942258684,-0.00543697819754534,-0.005631414668749347,-0.005660935466817936,-0.0026226921683131284
0.007004280171206849,-0.09055887919954943,-0.015155667585996936,-0.015187968944802663,-0.01519642519331167,-0.0054377976175955375,-0.005632225215029449,-0.005661753807858443,-0.0026230873817992464
0.007006280251210049,-0.09056530390185746,-0.015156749188597609,-0.01518904789960209,-0.015197508692253347,-0.00543820501223806,-0.00563263228889377,-0.005662164510537277,-0.0026232781582432208
0.007008280331213249,-0.09057732123402004,-0.015158828194587012,-0.015191120529115816,-0.015199591467664968,-0.005439024258419783,-0.005633442656257435,-0.0056629826719633534,-0.0026236732876277896
0.00701028041121645,-0.0905837428634817,-0.015159909277107808,-0.015192198963447862,-0.015200674445269935,-0.005439431461432141,-0.005633849533612851,-0.005663393177264652,-0.0026238639714922995
0.007012280491219649,-0.09059575685661757,-0.015161987717361792,-0.015194271026979723,-0.015202756653609328,-0.00544025049820632,-0.005634659686859629,-0.005664211123534436,-0.0026242589998120044
0.00701428057122285,-0.09060217488064427,-0.015163068188452544,-0.015195348849776405,-0.015203839018367369,-0.005440657474018485,-0.0056350663324750685,-0.005664621395885436,-0.002624449574118973
0.007016280651226049,-0.09061418500171384,-0.01516514597154344,-0.015197420256181211,-0.015205920568046684,-0.005441476265784844,-0.005635876236344005,-0.005665439091395949,-0.002624844484381314
0.00701828073122925,-0.09062059888682515,-0.015166225739700804,-0.015198497376221963,-0.015207002228294153,-0.005441882978767033,-0.005636282614929306,-0.005665849095164204,-0.002625034932124147
0.0070202808112324495,-0.09063260460191835,-0.01516830277405162,-0.015200568034205643,-0.01520908302757594,-0.005442701489866997,-0.005637092234101765,-0.005666666504254267,-0.0026254297073088012
0.00702228089123565,-0.09063901381378506,-0.01516938174762657,-0.015201644360124621,-0.015210163891503243,-0.005443107904332485,-0.005637498310310512,-0.005667076203750469,-0.0026256200114537667
0.00702428097123885,-0.09065101458816391,-0.015171457941518161,-0.015203714178251513,-0.015212243848507685,-0.005443926099052008,-0.00563830760941301,-0.005667893290703445,-0.0026260146345139512
0.00702628105124205,-0.09065741859165051,-0.015172536028723324,-0.015204789618545047,-0.01521332382416667,-0.005444332179260079,-0.005638713347845368,-0.005668302650184372,-0.002626204778001546
0.007028281131245251,-0.09066941388979265,-0.015174611290301829,-0.015206858505245172,-0.01521540284687899,-0.0054451500218324345,-0.0056395222914523875,-0.005669119379231115,-0.002626599231865356
0.00703028121124845,-0.09067581214899985,-0.015175688399218772,-0.015207932968278857,-0.015216481842190146,-0.005445555731991164,-0.005639927656657893,-0.005669528362902405,-0.002626789197611647
0.007032281291251651,-0.09068780143464053,-0.015177762636502978,-0.015210000831855329,-0.015218559838468041,-0.005446373186599937,-0.005640736209294764,-0.005670344698224092,-0.002627183465183476
0.0070342813712548505,-0.09069419341294975,-0.015178838675089684,-0.01521107422587174,-0.015219637761228177,-0.005446778490869156,-0.005641141165775283,-0.005670753270243252,-0.002627373236081525
0.007036281451258051,-0.09070617614912647,-0.015180911795978634,-0.015213140974508273,-0.015221714638809317,-0.005447595521651098,-0.005641949291921064,-0.005671569175974336,-0.0026277673002434256
0.007038281531261251,-0.09071256130924298,-0.015181986672076994,-0.015214213207634173,-0.015222791396698897,-0.0054480003841452605,-0.005642353804133586,-0.0056719773004535266,-0.0026279568591646555
0.007040281611264451,-0.09072453695833836,-0.015184058584357233,-0.015216278749402422,-0.015224867063208285,-0.005448816955193239,-0.005643161468223928,-0.0056727927406846216,-0.0026283507027777347
0.007042281691267652,-0.09073091476233248,-0.015185132205700287,-0.015217349729656125,-0.015225942563798719,-0.005449221339984237,-0.005643565500583434,-0.005673200381693562,-0.002628540032573262
0.007044281771270851,-0.09074288278611824,-0.015187202817053463,-0.015219413972523143,-0.015228016926756318,-0.005450037415350066,-0.005644372667013448,-0.0056740153204743494,-0.0026289336384790825
0.007046281851274052,-0.09074925269547182,-0.015188275091273075,-0.015220483607822133,-0.015229091077517704,-0.005450441286470302,-0.005644776183895829,-0.005674422442043295,-0.0026291227219811804
0.0070482819312772515,-0.09076121255514992,-0.015190344309283113,-0.015222546459657621,-0.01523116404434555,-0.0054512568301676,-0.005645582817022893,-0.0056752368433852975,-0.002629516073003058
0.007050282011280452,-0.0907675740307976,-0.015191415143917326,-0.015223614657825811,-0.015232236752653925,-0.005451660151612746,-0.005645985782767783,-0.00567564340950789,-0.002629704893026504
0.007052282091283652,-0.09077952518704595,-0.015193482876078102,-0.015225676026409752,-0.015234308230683866,-0.005452475127619951,-0.005646791846914493,-0.00567645723738755,-0.0026300979719709816
0.007054282171286852,-0.09078587768942002,-0.015194552178578591,-0.01522674269518499,-0.015235379403828813,-0.005452877863351927,-0.00564719422582819,-0.005676863212023739,-0.0026302865113144403
0.007056282251290052,-0.09079781960243584,-0.015196618332301402,-0.015228802488215041,-0.01523744930031005,-0.005453692235615168,-0.005647999685285251,-0.005677676430385247,-0.0026306793009726642
0.007058282331293252,-0.09080416259150915,-0.015197686010041025,-0.015229867535256758,-0.015238518845502196,-0.005454094349565054,-0.005648401441643594,-0.005678081777464225,-0.0026308675424201065
0.007060282411296453,-0.09081609472105263,-0.015199750492662147,-0.015231925660355767,-0.01524058706760873,-0.005454908082001102,-0.0056492062606726965,-0.005678894350222486,-0.0026312600255692198
0.0070622824912996525,-0.09082242765638299,-0.015200816452942415,-0.015232988993252128,-0.015241654891987222,-0.00545530953807206,-0.005649607358723961,-0.005679299033645582,-0.0026314479518912966
0.007064282571302853,-0.09083434946181965,-0.015202879171730514,-0.015235045357975607,-0.015243721346825166,-0.005456122594571194,-0.005650411501560693,-0.0056801109246890835,-0.002631840111295814
0.007066282651306053,-0.09084067180259289,-0.015203943321789,-0.015236106884251298,-0.015244787357465213,-0.005456523356641387,-0.00565081190552843,-0.005680514908332696,-0.0026320277052512514
0.007068282731309253,-0.09085258274293963,-0.015206004183952588,-0.015238161396094765,-0.015246851952080713,-0.0054573357010703465,-0.005651615336385103,-0.005681326081526479,-0.0026324195236644694
0.007070282811312453,-0.09085889394801382,-0.01520706643097069,-0.015239221023218123,-0.01524791605600106,-0.005457735732995859,-0.005652015010471175,-0.005681729329245019,-0.0026326067680014892
0.007072282891315653,-0.0908707934819816,-0.01520912534366586,-0.01524127358962505,-0.01524997869738755,-0.005458547329200851,-0.0056528176935398255,-0.005682539748433633,-0.0026329982281669017
0.007074282971318853,-0.09087709300993127,-0.015210185594776252,-0.015242331225016168,-0.015251040801558272,-0.005458946594818683,-0.0056532166019272285,-0.005682942224062499,-0.0026331851056246233
0.007076283051322053,-0.09088898059596902,-0.015212242465114025,-0.015244381753384877,-0.015253101396664073,-0.00545975740662822,-0.005654018501382505,-0.005683751853072857,-0.0026335761902772994
0.007078283131325254,-0.0908952679051286,-0.015213300627407984,-0.015245437304422571,-0.015254161408013759,-0.005460155869759128,-0.005654416608238198,-0.005684153520431261,-0.0026337626835870975
0.007080283211328454,-0.0909071430014673,-0.015215355362461958,-0.015247485702114141,-0.015256219863749762,-0.005460965860987008,-0.0056552176882402405,-0.005684962323075692,-0.002634153375455095
0.007082283291331654,-0.09091341754997587,-0.015216411342997218,-0.015248539076143722,-0.0152572776891734,-0.005461363485438565,-0.005655614957718263,-0.005685363145969716,-0.0026343394673420764
0.007084283371334854,-0.09092527961467287,-0.015218463849811107,-0.015250585250489626,-0.015259333912420571,-0.005462172619886826,-0.005656415182415615,-0.005686171086048782,-0.0026347297491478624
0.007086283451338054,-0.09093154086051682,-0.015219517555619249,-0.01525163635483036,-0.015260389458786938,-0.00546256936945626,-0.005656811578659799,-0.005686571028274268,-0.00263491542233219
0.007088283531341254,-0.09094338935149977,-0.015221567741214297,-0.015253680213139633,-0.015262443356403707,-0.005463377610918062,-0.005657610912192355,-0.00568737806957978,-0.002635305276794014
0.007090283611344454,-0.0909496367525585,-0.015222619079308332,-0.015254728955092303,-0.015263496530562944,-0.005463773449395272,-0.005658006399339342,-0.005687777094925279,-0.002635490513992372
0.007092283691347655,-0.09096147112766895,-0.01522466685069118,-0.015256770404659342,-0.015265548009393108,-0.005464580761657944,-0.005658804805841253,-0.005688583201243253,-0.002635879923825702
0.0070942837713508546,-0.09096770414175835,-0.015225715728073224,-0.01525781669151393,-0.015266598718184525,-0.005464975652828445,-0.005659199348023459,-0.005688981273493006,-0.002636064707752703
0.007096283851354055,-0.0909795238587979,-0.015227760992243426,-0.01525985563962622,-0.015268647685064762,-0.005465781999676457,-0.0056599967916261314,-0.005689786408606672,-0.002636453655671635
0.007098283931357255,-0.09098574194371452,-0.015228807315912144,-0.015260899378669283,-0.01526969583532418,-0.005466175907324295,-0.005660390352974582,-0.005690183491543512,-0.002636637969041198
0.007100284011360455,-0.09099754646048631,-0.015230849979869435,-0.015262935732614356,-0.015271742197091412,-0.005466981252542062,-0.0056611867978094005,-0.005690987619236105,-0.00263702643775985
0.007102284091363655,-0.09100374907405165,-0.01523189365682772,-0.015263976831136653,-0.015272787695658827,-0.0054673741404528044,-0.005661579342456713,-0.005691383676644463,-0.002637210263286643
0.007104284171366855,-0.0910155378484061,-0.015233933627579969,-0.015266010498210324,-0.0152748313591581,-0.005468178447827761,-0.005662374752658214,-0.0056921867607023415,-0.002637598235520561
0.007106284251370055,-0.09102172444851067,-0.015234974564842395,-0.015267048863514448,-0.015275874112885425,-0.00546857027979147,-0.005662766244741477,-0.005692581756371182,-0.0026377815559213797
0.0071082843313732555,-0.09103349693838905,-0.015237011749412936,-0.015269079751027877,-0.015277914984977228,-0.005469373513116964,-0.005663560584450057,-0.005693383760586595,-0.002638169014388971
0.007110284411376456,-0.09103966698303698,-0.015238049854013596,-0.015270115290435583,-0.01527895490073571,-0.005469764252931049,-0.005663950988113802,-0.005693777658312358,-0.0026383518123841722
0.007112284491379656,-0.09105142264651728,-0.015240084159449035,-0.015272143305723278,-0.015280992888303967,-0.005470566376009418,-0.005664744221478858,-0.005694578546486655,-0.002638738739808109
0.007114284571382856,-0.0910575755938702,-0.01524111933844898,-0.015273175926583428,-0.015282029872991904,-0.0054709559874817635,-0.005665133500877989,-0.005694971310076249,-0.002638920998123034
0.007116284651386056,-0.09106931388920916,-0.015243150671826597,-0.015275200977010383,-0.015284064882951287,-0.005471756964127089,-0.005665925592060646,-0.005695771046022639,-0.00263930737723165
0.007118284731389256,-0.09107544919763118,-0.015244182832321424,-0.015276230586706255,-0.015285098843501578,-0.005472145411078898,-0.005666313711363374,-0.005696162639296375,-0.002639489078598013
0.007120284811392456,-0.09108716958331084,-0.015246211100757084,-0.015278252579675933,-0.015287130782805221,-0.00547294520512025,-0.005667104624539608,-0.00569696118684302,-0.0026398748921267643
0.0071222848913956565,-0.09109328671141145,-0.01524724014988446,-0.015279279085632877,-0.015288161626193056,-0.005473332451389017,-0.0056674915479302855,-0.005697351573637539,-0.002640056019284058
0.007124284971398856,-0.09110498864618137,-0.015249265260539874,-0.015281297928594444,-0.01529019040184013,-0.00547413102667314,-0.005668281247293734,-0.005698148896630423,-0.0026404412499768867
0.007126285051402057,-0.091111087052862,-0.015250291105487495,-0.015282321238287553,-0.015291218035090672,-0.005474517036115689,-0.005668666938975984,-0.005698538040801778,-0.002640621785673862
0.007128285131405257,-0.09112276999578481,-0.015252312965577872,-0.015284336838743697,-0.015293243554133964,-0.005475314356510105,-0.005669455388740857,-0.005699334103107656,-0.0026410064162846114
0.007130285211408457,-0.09112884914028087,-0.015253335513590592,-0.01528535685970508,-0.015294267884329698,-0.005475699093005421,-0.005669839812940315,-0.005699721968534136,-0.002641186343280598
0.007132285291411657,-0.09114051255077608,-0.015255354030392396,-0.015287369125219448,-0.015296290053883404,-0.005476495122401358,-0.005670626977344418,-0.0057005167340435595,-0.0026415703565744477
0.007134285371414857,-0.09114657189270252,-0.015256373188780143,-0.015288385765046193,-0.015297310988171983,-0.005476878549853661,-0.005671010098311779,-0.005700903284628737,-0.0026417496576408416
0.0071362854514180575,-0.09115821523059212,-0.015258388269638757,-0.015290394603251154,-0.01529932971541922,-0.005477673252169088,-0.005671795941619438,-0.005701696717259043,-0.002642133036395749
0.007138285531421257,-0.09116425422998731,-0.015259403945784048,-0.01529140776961267,-0.01530034716102105,-0.005478055334510752,-0.00567217772363333,-0.00570208191693469,-0.002642311694317369
0.007140285611424458,-0.09117587695553789,-0.015261415498121036,-0.015293413088216577,-0.01530236235322133,-0.005478848673693219,-0.005672962210138243,-0.005702873980632856,-0.0026426944213254156
0.007142285691427657,-0.09118189507290889,-0.015262427599486594,-0.01529442268886226,-0.015303376217437135,-0.005479229374887754,-0.005673342617508186,-0.005703257793361932,-0.002642872418901975
0.007144285771430858,-0.09119349664687752,-0.015264435530807603,-0.015296424395657393,-0.015305387781934205,-0.005480021314917431,-0.005674125711536431,-0.005704048452107641,-0.002643254476970825
0.007146285851434058,-0.09119949334324291,-0.015265443964943943,-0.01529743033842415,-0.015306397972152629,-0.005480400598962421,-0.0056745047086057985,-0.0057044308418872395,-0.002643431797018316
0.007148285931437258,-0.09121107322692108,-0.015267448182846277,-0.015299428341293999,-0.015308405816382029,-0.005481191103855039,-0.005675286374518734,-0.00570522005969575,-0.0026438131689726207
0.0071502860114404584,-0.09121704796385584,-0.015268452857399245,-0.015300430534113854,-0.015309412240087288,-0.005481568934785113,-0.005675663925667629,-0.005705600990560073,-0.002643989794324694
0.007152286091443658,-0.09122860561911356,-0.015270453269579294,-0.01530242474104085,-0.015311416271583795,-0.005482357968594921,-0.005676444127864801,-0.005706388731485235,-0.0026443704630074983
0.007154286171446859,-0.09123455785879367,-0.015271454092297717,-0.015303423091948478,-0.015312418836363242,-0.005482734310484677,-0.005676820197512983,-0.005706768167508516,-0.0026445463765169307
0.007156286251450058,-0.09124609274812401,-0.015273450606558697,-0.015305413411021535,-0.015314418962768753,-0.0054835218373074325,-0.0056775989004351395,-0.005707554395645719,-0.0026449263247910995
0.007158286331453259,-0.09125202195337011,-0.01527444748530193,-0.01530640782816182,-0.01531541757632048,-0.005483896654274437,-0.005677973453044971,-0.00570793230094521,-0.002645101509331172
0.007160286411456459,-0.0912635335399325,-0.015276440009561267,-0.015308394167583715,-0.015317413705391261,-0.005484682638250262,-0.0056787506211768615,-0.00570871698043429,-0.00264548072008075
0.007162286491459659,-0.09126943917425465,-0.015277432852306944,-0.01530938455921947,-0.015318408275531752,-0.005485055894458016,-0.005679123621256261,-0.005709093319173214,-0.002645655158546673
0.007164286571462859,-0.09128092692192034,-0.01527942129460412,-0.015311366827314644,-0.015320400315146265,-0.005485840299774447,-0.005679899219129652,-0.00570987641420147,-0.002646033614678372
0.007166286651466059,-0.09128680844956195,-0.015280410009455517,-0.015312353101833952,-0.015321390749817976,-0.005486211959435292,-0.00568027063123498,-0.0057102511505919655,-0.00264620728998869
0.00716828673146926,-0.09129827182295758,-0.015282394277959558,-0.015314331207056069,-0.015323378607984547,-0.005486994750330256,-0.005681044623431569,-0.005711032625397124,-0.00264658497443324
0.007170286811472459,-0.09130412870893952,-0.015283378773153236,-0.015315313272979837,-0.015324364815263428,-0.005487364777708361,-0.005681414412170577,-0.005711405723703184,-0.0026467578695312326
0.00717228689147566,-0.09131556717349089,-0.015285358776170148,-0.015317287123919108,-0.01532634840012753,-0.005488145918473,-0.00568218676332488,-0.005712185542576257,-0.002647134765244802
0.007174286971478859,-0.09132139888365515,-0.015286338960083449,-0.015318264889908754,-0.015327330288230594,-0.005488514277887259,-0.005682554893359545,-0.0057125569671166495,-0.002647306863099889
0.00717628705148206,-0.0913328119056323,-0.015288314606064007,-0.015320234395299703,-0.015329309508082794,-0.00548929373286901,-0.005683325568161845,-0.0057133350944049725,-0.0026476829530655247
0.00717828713148526,-0.0913386179066865,-0.015289290387222784,-0.015321207770164578,-0.015330286985375766,-0.005489660388696053,-0.005683692004211434,-0.0057137048095562614,-0.0026478542366746762
0.00718028721148846,-0.09135000495324586,-0.015291261584769691,-0.01532317283889322,-0.015332261748658777,-0.005490438122301422,-0.005684460967410582,-0.005714481209666308,-0.002648229503903632
0.0071822872914916605,-0.09135578471280778,-0.015292232871855757,-0.015324141731598235,-0.015333234723663661,-0.005490803038978509,-0.005684825674254438,-0.005714849179865748,-0.0026483999562927863
0.00718428737149486,-0.09136714525203792,-0.01529419952973165,-0.015326102272710073,-0.015335204938980475,-0.005491579015676218,-0.005685592890660958,-0.005715623817266243,-0.002648774383825995
0.007186287451498061,-0.0913728982386784,-0.01529516623159023,-0.015327066592383021,-0.015336173320382913,-0.005491942157704184,-0.005685955833141429,-0.005715990007014686,-0.002648943988051429
0.00718828753150126,-0.09138423173964375,-0.0152971282587249,-0.015329022515090173,-0.015338138896503947,-0.0054927163420279215,-0.005686721267630298,-0.00571676284623939,-0.0026493175589608897
0.007190287611504461,-0.0913899574229306,-0.015298090284372257,-0.015329982171029405,-0.015339102593160996,-0.005493077673974101,-0.005687082410655659,-0.005717127220104254,-0.0026494862981106364
0.0071922876915076605,-0.09140126335571444,-0.01530004758987042,-0.015331933384718376,-0.015341063439031813,-0.005493850030525628,-0.005687846028169236,-0.005717898225754992,-0.0026498589955007775
0.007194287771510861,-0.09140696120625733,-0.015301004848501384,-0.01533288828640026,-0.01534202235997939,-0.00549420951702681,-0.00568820533671661,-0.005718260748373196,-0.0026500268526960385
0.0071962878515140615,-0.09141823904200584,-0.015302957341649784,-0.015334834700639129,-0.015343978384728058,-0.00549498001047869,-0.005688967102267473,-0.005719029885122707,-0.0026503986597051525
0.007198287931517261,-0.09142390853149912,-0.015303909742645292,-0.015335784757725549,-0.01534493243918847,-0.005495337616244058,-0.005689324541385735,-0.0057193905212035824,-0.002650565618101668
0.007200288011520462,-0.09143515774246559,-0.015305857332920721,-0.015337726282271723,-0.015346883552133305,-0.005496106211342719,-0.00569008442005968,-0.005720157753798482,-0.002650936517903297
0.007202288091523661,-0.09144079834373214,-0.015306804785855088,-0.015338671404617405,-0.015347832649522677,-0.005496461901156706,-0.005690439954872276,-0.005720516468126696,-0.0026511025606927455
0.007204288171526862,-0.09145201840332036,-0.015308747382931542,-0.015340607949424974,-0.015349778760179632,-0.0054972285627253635,-0.005691197911831162,-0.005721281761390415,-0.002651472536497073
0.0072062882515300615,-0.09145762959035555,-0.0153096897975802,-0.015341548047085185,-0.015350722810115474,-0.005497582301450593,-0.005691551507539026,-0.005721638518828849,-0.0026516376469084705
0.007208288331533262,-0.09146881997316296,-0.015311627311336323,-0.015343479522312265,-0.015352663828205463,-0.005498346994392042,-0.005692307508023628,-0.005722401837664469,-0.0026520066819636866
0.007210288411536462,-0.09147440122117746,-0.015312564597683164,-0.015344414505550002,-0.015353602740514128,-0.0054986987469722685,-0.0056926591299081165,-0.005722756603157185,-0.002652170843264781
0.007212288491539662,-0.09148556140303908,-0.015314496938209904,-0.015346340821566386,-0.015355538575970747,-0.0054994614362719055,-0.005693413139241017,-0.005723517912550442,-0.002652538920858495
0.007214288571542863,-0.09149111218850345,-0.015315429006454816,-0.01534727060086003,-0.01535647226069498,-0.005499811167734921,-0.005693762752666717,-0.005723870651125538,-0.0026527021163571343
0.007216288651546062,-0.09150224164653584,-0.015317356084062836,-0.015349191668254552,-0.015358402823671952,-0.005500571818463648,-0.005694514736255259,-0.005724629916147667,-0.0026530692198177943
0.007218288731549263,-0.09150776144722254,-0.01531828284462894,-0.015350116154305104,-0.01535933119107815,-0.005500919493924089,-0.005694862306672871,-0.005724980592920203,-0.0026532314328633084
0.0072202888115524624,-0.09151885965986598,-0.015320204569855972,-0.015352031883892916,-0.01536125639195664,-0.005501678071241112,-0.005695612230011898,-0.005725737778730851,-0.0026535975455615098
0.007222288891555663,-0.09152434795489386,-0.015321125933397364,-0.01535295098763153,-0.015362179352542521,-0.005502023655903508,-0.00569595772296115,-0.005726086358905754,-0.0026537587595461144
0.007224288971558863,-0.09153541440195599,-0.015323042217015527,-0.015354861290461569,-0.015364099101938538,-0.005502780125059281,-0.005696705551635923,-0.005726841430755811,-0.00265412386489602
0.007226289051562063,-0.09154087067183288,-0.015323958094424448,-0.015355774923056885,-0.01536501656644043,-0.005503123584220809,-0.0056970489327483696,-0.005727187879630726,-0.0026542840632561805
0.007228289131565264,-0.09155190483453202,-0.01532586884744787,-0.015357679710419318,-0.015366930775212385,-0.005503877910559948,-0.005697794632437429,-0.005727940802865279,-0.0026546481447168916
0.007230289211568463,-0.0915573285611976,-0.015326779149862134,-0.015358587783284817,-0.015367842654612598,-0.005504219209613343,-0.005698135867439328,-0.00572828508583347,-0.0026548073109346885
0.007232289291571664,-0.09156832992220602,-0.015328684283554264,-0.01536048696671832,-0.01536975123386865,-0.005504971358577481,-0.0056988794039173896,-0.00572903582589468,-0.0026551703520116244
0.007234289371574863,-0.0915737205890754,-0.015329588922364728,-0.015361389391519695,-0.015370657439402967,-0.005505310463013959,-0.005699218458632526,-0.005729377908447873,-0.0026553284696161513
0.007236289451578064,-0.09158468863256206,-0.015331488348245631,-0.015363282882818862,-0.015372560300508395,-0.005506060400144605,-0.005699959797773215,-0.005730126430877813,-0.0026556904538624056
0.0072382895315812636,-0.09159004572456868,-0.015332387235103512,-0.015364179571481437,-0.015373460743673446,-0.0055063972755566935,-0.005700296638125824,-0.005730466278609145,-0.0026558475064311178
0.007240289611584464,-0.09160097993624128,-0.015334280864957296,-0.01536606728270396,-0.015375357798257923,-0.005507144966498083,-0.005701035745904575,-0.005731212549052648,-0.002656208417448838
0.007242289691587664,-0.09160630293987872,-0.015335173911781365,-0.015366958147419838,-0.01537625239081841,-0.005507479578582482,-0.005701370337922029,-0.005731550127659407,-0.0026563643886088977
0.007244289771590864,-0.09161720280702798,-0.015337061657663504,-0.015368839990894074,-0.015378143550783558,-0.005508224989084488,-0.005702107180418934,-0.005732294111866979,-0.0026567242100506458
0.007246289851594065,-0.09162249121039372,-0.015337948776647617,-0.01536972494412946,-0.015379032204779656,-0.005508557303644888,-0.005702439490234661,-0.005732629387153529,-0.0026568790834803277
0.007248289931597264,-0.09163335622193443,-0.015339830550892093,-0.015371600832461465,-0.015380917382306139,-0.005509300399565785,-0.005703174033637225,-0.005733371050984118,-0.0026572377990504155
0.007250290011600465,-0.091638609514772,-0.015340711654512448,-0.01537247978696411,-0.015381800010060885,-0.005509630382515804,-0.005703504027493546,-0.005733703988864764,-0.002657391558480439
0.0072522900916036645,-0.09164943916128633,-0.01534258736973931,-0.015374349633044971,-0.015383679117615769,-0.005510371129825179,-0.005704236238099529,-0.005734443298288646,-0.0026577491519363134
0.007254290171606865,-0.09165465683502763,-0.015343462370761611,-0.015375222501851306,-0.015384555631742293,-0.005510698747191115,-0.0057045638823504195,-0.005734773864790398,-0.002657901781151208
0.007256290251610065,-0.09166545060880822,-0.015345331939884105,-0.015377086218864522,-0.015386428582086496,-0.0055114371119726925,-0.005705293726570675,-0.00573551078589206,-0.0026582582363047997
0.007258290331613265,-0.09167063215661544,-0.015346200751370814,-0.015377952915306753,-0.015387298895495099,-0.005511762329896339,-0.005705618987684526,-0.005735838947157479,-0.0026584097191442164
0.007260290411616465,-0.09168138955170592,-0.015348064087602697,-0.015379810416735364,-0.01538916560169047,-0.005512498278350796,-0.005706346432045768,-0.005736573446138351,-0.002658765019863277
0.007262290491619665,-0.09168653446851482,-0.015348926622920488,-0.015380670854449018,-0.01539002962759626,-0.005512821063092363,-0.005706669276608243,-0.005736899168428422,-0.002658915340223387
0.007264290571622866,-0.09169725498075286,-0.015350783639783025,-0.015382522054082673,-0.01539189000301284,-0.005513554561540075,-0.005707394287755822,-0.005737631211609716,-0.002659269470432832
0.0072662906516260655,-0.0917023627633142,-0.015351639812609801,-0.01538337614701351,-0.0153927476549427,-0.005513874879480912,-0.005707714682472662,-0.0057379544613066135,-0.0026594186122676404
0.007268290731629266,-0.09171304589037368,-0.015353490423939227,-0.015385220958955885,-0.015394601613265942,-0.005514605894364876,-0.0057084372271733125,-0.0057386840151321195,-0.0026597715559508917
0.007270290811632466,-0.09171811603729488,-0.015354340148271374,-0.015386068621367186,-0.015395452805065718,-0.0055149237120102924,-0.005708755138873021,-0.005739004758742,-0.0026599195032735814
0.007272290891635666,-0.09172876127872726,-0.015356184268226011,-0.015387906960042967,-0.015397300260303759,-0.00551565220989884,-0.005709475184017718,-0.0057397317897809755,-0.0026602712444739004
0.007274290971638866,-0.0917337932905144,-0.01535702745838549,-0.015388748106522625,-0.015398144906145609,-0.005515967493880896,-0.005709790579654387,-0.005740049993936787,-0.002660417981358139
0.007276291051642066,-0.09174440014779096,-0.015358865001452827,-0.015390579886684705,-0.015399985772636335,-0.005516693441470536,-0.005710508092261067,-0.005740774468886582,-0.0026607685041799734
0.007278291131645266,-0.09174939352689075,-0.015359701572094467,-0.015391414432152431,-0.01540082378702573,-0.00551700615855085,-0.005710820938917123,-0.005741090100350879,-0.0026609140147613036
0.0072802912116484665,-0.0917599615034435,-0.01536153245309841,-0.015393239568889047,-0.015402657979443972,-0.005517729522669012,-0.005711535886133378,-0.005741811986039868,-0.002661263303371574
0.007282291291651667,-0.09176491575428408,-0.015362362319216907,-0.015394067428603424,-0.015403489277226895,-0.005518039639741534,-0.005711846151022343,-0.0057421250117074924,-0.002661407571848665
0.007284291371654867,-0.0917754443555478,-0.015364186453324723,-0.015395885837345163,-0.015405316710591532,-0.005518760387349328,-0.005712558500128253,-0.0057428442750977375,-0.002661755610478144
0.007286291451658067,-0.09178035898458047,-0.01536500953026171,-0.015396706926910567,-0.01540614120696151,-0.0055190678714430105,-0.005712866150597406,-0.005743154661998667,-0.002661898621114149
0.007288291531661267,-0.09179084771803384,-0.0153668268329912,-0.01539851852343755,-0.015407961796642574,-0.005519785969638016,-0.005713575869008199,-0.005743871270188729,-0.002662245394058719
0.007290291611664467,-0.09179572223377426,-0.015367643036442457,-0.015399332758811423,-0.015408779407147877,-0.0055200907879197295,-0.005713880872541406,-0.005744178985490802,-0.002662387131182595
0.007292291691667667,-0.09180617060898015,-0.01536945342366901,-0.015401137459260077,-0.015410593068873544,-0.005520806203938699,-0.005714587927810199,-0.005744892905718461,-0.0026627326228045732
0.0072942917716708675,-0.09181100452204936,-0.015370262669691303,-0.015401944756759763,-0.015411403709424145,-0.005521108323715834,-0.005714890252030532,-0.005745197916730077,-0.0026628730708123625
0.007296291851674068,-0.09182141205069676,-0.015372066057654836,-0.015403742477630166,-0.01541321035928786,-0.00552182102493749,-0.0057155946118510655,-0.005745909116375089,-0.002663217265541852
0.007298291931677268,-0.09182620487386213,-0.015372868262673128,-0.015404542753940102,-0.015414013946162394,-0.00552212041366076,-0.005715894224523582,-0.005746211390548033,-0.0026633564088980144
0.007300292011680468,-0.09183657106980682,-0.015374664567985388,-0.015406333412102707,-0.015415813500629953,-0.0055228303676085,-0.005716595856732924,-0.005746919837134831,-0.0026636992912341543
0.007302292091683668,-0.09184132231802228,-0.01537545964879957,-0.015407126584281108,-0.015416609950482862,-0.005523126992874591,-0.0057168927257673086,-0.0057472193420668675,-0.0026638371144728167
0.007304292171686868,-0.09185164669732689,-0.015377248788450577,-0.01540891009698371,-0.015418402326399096,-0.005523834167219134,-0.005717591598348441,-0.0057479250032672876,-0.002664178668985088
0.007306292251690068,-0.09185635588777384,-0.015378036662242776,-0.015409696082469752,-0.015419191556267597,-0.0055241279967735415,-0.00571788569180173,-0.00574822170670502,-0.0026643151567114194
0.007308292331693268,-0.09186663796874885,-0.015379818553608227,-0.015411472367344553,-0.01542097667086364,-0.00552483235933575,-0.0057185817728863594,-0.005748924550341019,-0.002664655368040953
0.007310292411696468,-0.09187130462087656,-0.015380599137949369,-0.01541225108396514,-0.015421758598174412,-0.0055251233610753405,-0.005718873058965566,-0.005749218420182409,-0.0026647905049323743
0.007312292491699669,-0.09188154392411994,-0.015382373698797242,-0.015414020059035445,-0.015423536369074434,-0.0055258248798288,-0.005719566316836707,-0.005749918414228717,-0.0026651293577932104
0.007314292571702869,-0.09188616755968616,-0.015383146911654192,-0.015414791425012132,-0.015424310911650913,-0.005526113021804611,-0.005719854763901532,-0.0057502094185259535,-0.0026652631286007158
0.007316292651706069,-0.09189636360812409,-0.015384914060151841,-0.01541655300869942,-0.015426081256879103,-0.005526811664878393,-0.005720545166996197,-0.005750906531112792,-0.002665600607781113
0.007318292731709269,-0.09190094375123341,-0.015385679819894135,-0.015417316942655166,-0.015426848332947947,-0.005527096915298182,-0.005720830743561624,-0.0057511946380748215,-0.002665732997330529
0.007320292811712469,-0.0919110960701601,-0.015387439474615027,-0.015419071053785644,-0.015428611170935308,-0.005527792650979465,-0.005721518260473422,-0.005751888837490559,-0.002666069087694204
0.007322292891715669,-0.09191563224730546,-0.01538819770002166,-0.015419827474751718,-0.015429370699133523,-0.0055280749782104805,-0.005721800935212372,-0.0057521740154857825,-0.0026662000808874648
0.007324292971718869,-0.09192574036442248,-0.0153899497799522,-0.015421574032563399,-0.015431125948724733,-0.00552876777494723,-0.005722485534694208,-0.005752865270179566,-0.0026665347673749
0.0073262930517220696,-0.09193023210452397,-0.015390700390218597,-0.015422322859986097,-0.01543187784810635,-0.005529047147518773,-0.005722765276440152,-0.005753147487738536,-0.0026666643491913126
0.007328293131725269,-0.09194029554998015,-0.015392444814764884,-0.015424061784135358,-0.015433625428566538,-0.005529736973922348,-0.005723446927406774,-0.005753835766322986,-0.0026669976168209714
0.00733029321172847,-0.09194474238442504,-0.0153931877295096,-0.015424802937882794,-0.015434369618609455,-0.005530013360528511,-0.005723723705156392,-0.005754114992141,-0.002667125772318482
0.00733229329173167,-0.091954760690855,-0.015394924418504156,-0.015426534148451104,-0.015436109449630914,-0.005530700185376322,-0.005724402376687006,-0.005754800263394707,-0.0026674576061880765
0.00733429337173487,-0.09195916215353678,-0.015395659557775552,-0.015427267548819953,-0.015436845850243696,-0.005530973554878548,-0.005724676159602727,-0.005755076466334471,-0.002667584320504517
0.00733629345173807,-0.09196913485610203,-0.015397388431484216,-0.015428990966320779,-0.01543857785195282,-0.005531657347116698,-0.005725351820943637,-0.005755758699204853,-0.002667914705792301
0.00733829353174127,-0.09197349048345825,-0.015398115715767113,-0.015429716534042811,-0.015439306383481139,-0.005531927668546353,-0.005725622578356246,-0.005756031848298983,-0.0026680399641466155
0.0073402936117444705,-0.09198341711988381,-0.015399836694895521,-0.01543143207942798,-0.015441030476444838,-0.005532608397292175,-0.005726295198923373,-0.005756711011904643,-0.002668368886112575
0.00734229369174767,-0.09198772645093693,-0.015400556045117987,-0.015432149735676885,-0.015441751059678521,-0.005532875639853218,-0.0057265629003345805,-0.005756981076358395,-0.002668492673806084
0.007344293771750871,-0.09199760656155119,-0.015402269050818231,-0.015433857330343444,-0.01544346716491097,-0.00553355327439791,-0.0057272324497160436,-0.005757657139991793,-0.0026688201177931686
0.007346293851754071,-0.09200186913794603,-0.015402980388358202,-0.015434566996741254,-0.015444179721090388,-0.005533817407469462,-0.00572749706480105,-0.005757924089185586,-0.0026689424202108072
0.007348293931757271,-0.09201170226571971,-0.015404685342235646,-0.015436266562537975,-0.015445887760059744,-0.005534491917280679,-0.0057281635127597345,-0.005758597022315715,-0.0026692683716462015
0.007350294011760471,-0.09201591763176149,-0.015405388588927319,-0.015436968161161725,-0.015446592210882423,-0.005534752910419504,-0.005728425011369705,-0.005758860825807645,-0.0026693891742576993
0.007352294091763671,-0.09202570332234497,-0.015407085413046886,-0.015438659620395631,-0.015448292105517382,-0.005535424265143869,-0.005729088327845804,-0.00575953059808245,-0.0026697136186540267
0.0073542941717668715,-0.09202987102503898,-0.015407780491187592,-0.015439353073783973,-0.015448988373144672,-0.005535682088087076,-0.005729346680010537,-0.005759791225610951,-0.0026698329070151817
0.007356294251770071,-0.09203960882680155,-0.015409469108080493,-0.015441036349226929,-0.01545068004584094,-0.00553635025755277,-0.005730006835124036,-0.005760457806859952,-0.0026701558299717177
0.007358294331773272,-0.09204372841588969,-0.015410155940437032,-0.015441721580386526,-0.015451368052904545,-0.005536604880220245,-0.005730262011054364,-0.005760715228346264,-0.0026702735897255804
0.007360294411776471,-0.09205341787995587,-0.015411836273107243,-0.015443396595281605,-0.01545305142653137,-0.005537269834439511,-0.005730918975107549,-0.0057613785885830635,-0.0026705949769294506
0.007362294491779672,-0.09205748890795536,-0.01541251478292231,-0.015444073527693575,-0.015453731096139789,-0.00553752122693647,-0.005731170945197879,-0.00576163277413379,-0.0026707111938075326
0.007364294571782872,-0.092067129588244,-0.015414186754852918,-0.0154457402057616,-0.015455406094046439,-0.005538182936108138,-0.005731824688677875,-0.005762292883558568,-0.0026710310310349298
0.007366294651786072,-0.09207115161048501,-0.015414856865851735,-0.015446408763388122,-0.015456077349791413,-0.005538431068727682,-0.005732073423508659,-0.005762543803468165,-0.002671145690858416
0.0073682947317892725,-0.09208074306374585,-0.015416520401011487,-0.015448067028833945,-0.015457743895813659,-0.005539089503239646,-0.005732723917089849,-0.005763200632470228,-0.002671463963975775
0.007370294811792472,-0.09208471563840727,-0.01541718203740793,-0.015448727136124326,-0.015458406661776546,-0.005539334346465156,-0.005732969387430056,-0.005763448257223468,-0.002671577052656675
0.007372294891795673,-0.09209425742425884,-0.015418837060257661,-0.015450376913643492,-0.015460064680243073,-0.005539989476896958,-0.005733616601976637,-0.005764101776383745,-0.0026718937476219117
0.007374294971798872,-0.09209818011240788,-0.01541949014676087,-0.015451028495540748,-0.015460718881001348,-0.005540231001404666,-0.005733858778786216,-0.005764346076658277,-0.0026720052511642885
0.007376295051802073,-0.09210767179337433,-0.015421136582259647,-0.015452669710325445,-0.01546236829674001,-0.005540882798529868,-0.005734502685354548,-0.005764996256751736,-0.0026723203540279105
0.007378295131805272,-0.09211154415900118,-0.015421781044080433,-0.01545331269227268,-0.015463013857373564,-0.005541120975191309,-0.005734741539786897,-0.00576523720342049,-0.002672430258529044
0.007380295211808473,-0.09212098530054837,-0.015423418817692014,-0.01545494527001818,-0.01546465459571774,-0.005541769409979958,-0.0057353821096279576,-0.005765884015418621,-0.0026727437554353653
0.0073822952918116734,-0.09212480691060372,-0.015424054580548645,-0.015455579577964522,-0.015465291441815082,-0.005542004209864349,-0.005735617613032283,-0.0057661215795522525,-0.002672852047086887
0.007384295371814873,-0.09213419708117679,-0.015425683618247778,-0.015457203444875585,-0.015466923428610039,-0.005542649253485518,-0.005736254817594138,-0.005766764994625546,-0.0026731639242752007
0.007386295451818074,-0.09213796750560889,-0.015426310608372872,-0.015457829005282748,-0.015467551486274638,-0.005542880647862294,-0.005736486941517926,-0.005766999147494916,-0.002673270589364326
0.007388295531821273,-0.09214730627666744,-0.015427930836651385,-0.015459444088079578,-0.015469174647883626,-0.005543522271686364,-0.005737120752448062,-0.005767639137015179,-0.0026735808331700053
0.007390295611824474,-0.09215102508845674,-0.015428548980797582,-0.015460060827927813,-0.015469793843740035,-0.005543750232027499,-0.005737349468639416,-0.00576786985009371,-0.002673685858080607
0.007392295691827673,-0.09216031203451183,-0.015430160326670647,-0.0154616670538523,-0.015471408107050593,-0.00554438840762866,-0.005737979857787182,-0.005768506385636597,-0.002673994454936338
0.007394295771830874,-0.09216397880970872,-0.015430769552117153,-0.015462274900646734,-0.015472018368250894,-0.005544612905611163,-0.005738205138197272,-0.005768733630602777,-0.0026740978261501434
0.0073962958518340735,-0.09217321350835825,-0.015432371943129373,-0.015463872197468656,-0.015473623660680913,-0.005545247604769786,-0.005738832077616191,-0.005769366683950114,-0.002674404762586999
0.007398295931837274,-0.09217682782611653,-0.015432972177687788,-0.015464471079245218,-0.015474224914910366,-0.005545468612277977,-0.00573905389440151,-0.005769590432689694,-0.0026745064666847183
0.0074002960118404746,-0.09218600985808031,-0.01543456554191937,-0.015466059375268208,-0.015475821164414259,-0.005546099806982987,-0.005739677356351692,-0.005770219975831882,-0.0026748117293333056
0.007402296091843674,-0.09218957130069493,-0.015435156713939946,-0.015466649220599713,-0.015476413339897856,-0.005546317296110965,-0.00573989568187648,-0.0057704402004404316,-0.002674911752995746
0.007404296171846875,-0.09219870024985101,-0.015436740980012716,-0.015468228444667394,-0.015478000474972591,-0.0055469449585621965,-0.0057405156388269105,-0.005771066205578761,-0.0026752153285873595
0.007406296251850074,-0.09220220840279172,-0.015437323018390403,-0.015468809182669754,-0.01547858350048089,-0.005547158901616138,-0.0057407304456655135,-0.00577128287836395,-0.0026753136585965795
0.007408296331853275,-0.0922112838562099,-0.01543889811547367,-0.015470379264171549,-0.015480161450171925,-0.005547783004226632,-0.0057413468702963546,-0.005771905317912964,-0.002675615533964273
0.0074102964118564745,-0.09221473830815624,-0.01543947094965383,-0.015470950824509392,-0.015480735255026941,-0.005547993373727097,-0.005741558131235399,-0.005772118411396827,-0.0026757121572046354
0.007412296491859675,-0.09222375985613471,-0.015441036807470753,-0.015472511693386752,-0.015482303948934482,-0.005548613889125571,-0.0057421709964403786,-0.005772737257986695,-0.002676012319284406
0.0074142965718628755,-0.09222716019901127,-0.015441600367455465,-0.015473074006279647,-0.015482868463015852,-0.005548820657809883,-0.005742378684481201,-0.005772946744908042,-0.0026761072227437527
0.007416296651866075,-0.0922361274351095,-0.015443156916288395,-0.01547462559303166,-0.015484427831300406,-0.005549437558842816,-0.005742987963369779,-0.005773561971386766,-0.002676405658575542
0.007418296731869276,-0.09223947326411969,-0.01544371113264213,-0.015475178589259814,-0.01548498298505109,-0.005549640699667303,-0.005743192051730585,-0.00577376782470342,-0.0026764988293462343
0.007420296811872475,-0.09224838578519357,-0.015445258303339062,-0.015476720824949292,-0.015486532958439644,-0.0055502539594014496,-0.005743797717630353,-0.0057743794041392295,-0.002676795526075101
0.007422296891875676,-0.09225167669885409,-0.01544580310719449,-0.015477264435859452,-0.015487078682871991,-0.005550453445543756,-0.005743998179748572,-0.005774581597030342,-0.0026768869513551477
0.0074242969718788755,-0.09226053410508979,-0.015447340831174506,-0.015478797252118629,-0.01548861919266369,-0.005551063037268243,-0.005744600206207367,-0.00577518950271388,-0.0026771818962323247
0.007426297051882076,-0.09226376970526408,-0.015447876154238527,-0.015479331409629852,-0.015489155419365084,-0.005551258842129581,-0.005744797015741841,-0.005775388008582152,-0.002677271563326422
0.007428297131885276,-0.09227257160021099,-0.01544940436349762,-0.015480854738666094,-0.015490686397437019,-0.005551864739358248,-0.00574539537653005,-0.005775992214028748,-0.0026775647437103606
0.007430297211888476,-0.0922757514921435,-0.015449930138056922,-0.015481379375275557,-0.015491213058575768,-0.005552056836565644,-0.005745588507363251,-0.005776187006502711,-0.002677652640031017
0.007432297291891677,-0.09228449748274867,-0.01545144876517391,-0.015482893149877134,-0.015492734437388805,-0.005552659013039251,-0.005746183176475998,-0.005776787485454635,-0.0026779440433884988
0.007434297371894876,-0.09228762127509679,-0.015451964924100723,-0.01548340819866569,-0.015493251465719737,-0.0055528473764477415,-0.005746372602716256,-0.005776978538390843,-0.0026780301564570275
0.007436297451898077,-0.09229631097173754,-0.015453473902242687,-0.015484912352207444,-0.015494763178324145,-0.005553445806136195,-0.005746963554375594,-0.005777575264819502,-0.0026783197703642114
0.0074382975319012765,-0.09229937827660686,-0.015453980379000566,-0.015485417746845403,-0.015495270507194427,-0.005553630409831101,-0.005747149250359283,-0.005777762552304764,-0.002678404087811846
0.007440297611904477,-0.09230801129312319,-0.015455479641928744,-0.015486912213294405,-0.015496772487235544,-0.005554225066935625,-0.005747736459016388,-0.005778355500412911,-0.002678691899955276
0.007442297691907677,-0.09231102172609751,-0.015455976370577943,-0.015487407888046985,-0.015497270050590145,-0.005554405885234661,-0.005747918399310044,-0.0057785389967664556,-0.002678774409524184
0.007444297771910877,-0.09231959767982614,-0.015457465852653125,-0.01548889260196805,-0.015498762232313975,-0.005554996744189995,-0.005748501839647357,-0.005779128140990331,-0.0026790604077018866
0.007446297851914077,-0.09232255086000173,-0.015457952767856342,-0.01548937849170099,-0.015499249964701334,-0.00555517375164549,-0.005748679999049863,-0.005779307820765993,-0.0026791410972461993
0.007448297931917277,-0.09233106937180659,-0.015459432404044512,-0.015490853388262222,-0.015500732282960124,-0.005555760787122057,-0.005749259645983251,-0.005779893135777531,-0.0026794252693686698
0.007450298011920478,-0.09233396492182373,-0.01545990944107236,-0.015491329428447338,-0.015501210119537626,-0.005555933958523044,-0.005749433999527924,-0.005780068973765878,-0.0026795041268555145
0.007452298091923677,-0.09234242561612944,-0.01546137916695016,-0.01549279444342563,-0.015502682509795368,-0.0055565171454291,-0.005750009828208774,-0.005780650434474818,-0.0026797864609467794
0.007454298171926878,-0.09234526316220384,-0.01546184626168652,-0.015493260570146073,-0.015503150386334808,-0.0055566864558034765,-0.005750180351165523,-0.005780822405705244,-0.002679863474457276
0.007456298251930078,-0.09235366566702573,-0.015463306013446497,-0.015494715639932297,-0.0155046127846725,-0.005557265769287117,-0.0057507523369827495,-0.005781399987261217,-0.002680143958655841
0.007458298331933278,-0.09235644483898152,-0.015463763102394194,-0.015495171789888289,-0.01550507063756564,-0.005557431193903829,-0.0057509190048601845,-0.005781568067004169,-0.002680219116386173
0.007460298411936478,-0.09236478878595937,-0.015465212816850607,-0.01549661685149311,-0.015506522980687013,-0.005558006609355291,-0.00575148712344253,-0.005782141744798899,-0.0026804977389460953
0.007462298491939678,-0.09236750921725835,-0.015465659837136509,-0.015497062962006928,-0.015506970746950717,-0.005558168123726284,-0.005751649911989919,-0.005782305908567826,-0.0026805710292084305
0.007464298571942878,-0.09237579424168488,-0.015467099451730247,-0.015498497953065633,-0.015508412972187267,-0.00555873961677978,-0.005752214139207776,-0.005782875658237066,-0.0026808477785002487
0.007466298651946078,-0.09237845556945952,-0.015467536341110635,-0.015498933962087033,-0.015508850589469055,-0.005558897196662167,-0.005752373024417196,-0.005783035881790596,-0.002680919189723756
0.007468298731949279,-0.092386681310313,-0.015468965793914763,-0.015500358820865286,-0.015510282634785582,-0.005559464743198179,-0.005752933336384809,-0.005783601679216298,-0.002681194054235528
0.0074702988119524786,-0.09238928317539537,-0.015469392490780746,-0.015500784666976863,-0.015510710041368735,-0.0055596183645962504,-0.00575308829449314,-0.005783757938560222,-0.0026812635749673764
0.007472298891955679,-0.09239744927536954,-0.015470811720505531,-0.01550219933237538,-0.015512131845368253,-0.005560181940743409,-0.005753644667570524,-0.005784319759872509,-0.0026815365433056
0.007474298971958879,-0.09239999132232192,-0.015471228163887891,-0.015502614954797506,-0.015512548980177069,-0.005560331579910625,-0.005753795675061418,-0.005784472031261765,-0.002681604162211865
0.007476299051962079,-0.0924080974278564,-0.015472637109886235,-0.015504019366357697,-0.015513960482106471,-0.005560891162047797,-0.005754348085856416,-0.005785029852841029,-0.0026818752231024877
0.007478299131965279,-0.09241057930500284,-0.015473043239461111,-0.015504424704953973,-0.015514367284711462,-0.005561036795488903,-0.005754495119462384,-0.005785178112781871,-0.0026819409289692052
0.007480299211968479,-0.0924186250663123,-0.015474441841733392,-0.015505818802862776,-0.015515768424466215,-0.005561592360247148,-0.0057550435448325875,-0.005785731911260635,-0.002682210071258532
0.00748229929197168,-0.09242104642576608,-0.015474837597826864,-0.015506213798144817,-0.01551616483508917,-0.0055617339647200436,-0.005755186581536868,-0.005785876136512449,-0.00268227385299255
0.0074842993719748795,-0.0924290314968704,-0.015476225797026184,-0.015507597523239788,-0.015517555553218565,-0.00556228548898459,-0.005755730998591626,-0.005786425888777443,-0.002682541065648216
0.00748629945197808,-0.09243139199456557,-0.015476611120619592,-0.015507982116372413,-0.015517941512737662,-0.00556242304150239,-0.0057558700156301575,-0.005786566056354826,-0.0026826029122781953
0.00748829953198128,-0.09243931603331924,-0.015477988858056811,-0.01550935541014693,-0.015519321750449946,-0.005562970502414675,-0.005756410401732525,-0.005787111739548959,-0.002682868184390111
0.00749029961198448,-0.09244161532903768,-0.015478363690791695,-0.015509729542953076,-0.015519697200404602,-0.005563103980247551,-0.005756545376595895,-0.0057872478267235435,-0.0026829280850674177
0.00749229969198768,-0.0924494779971586,-0.015479730908440261,-0.015511092347560927,-0.015521066899571773,-0.0055636473552070406,-0.00575708170936447,-0.005787789418247757,-0.0026831914058486517
0.00749429977199088,-0.09245171575456027,-0.015480095192623273,-0.015511455962526611,-0.015521431782167772,-0.00556377673588423,-0.005757212619799776,-0.005787921402550278,-0.0026832493498482783
0.00749629985199408,-0.09245951671765723,-0.015481451833124212,-0.015512808220787164,-0.015522790885330547,-0.005564316002550375,-0.005757744877110638,-0.005788458880065494,-0.002683510708635995
0.0074982999319972805,-0.09246169260430827,-0.015481805511731983,-0.015513161261066308,-0.015523145143444807,-0.005564441263862044,-0.005757871701123436,-0.0057885867392875765,-0.0026835666853575082
0.007500300012000481,-0.09246943153191112,-0.015483151518398786,-0.01551450291646926,-0.015524493593817525,-0.005564976400156214,-0.005758399861112027,-0.005789120080716613,-0.002683826071613865
0.007502300092003681,-0.09247154521931171,-0.015483494535082819,-0.015514845325888572,-0.015524837171003053,-0.005565097520155383,-0.005758522576968142,-0.005789243792912706,-0.0026838800705822584
0.007504300172006881,-0.09247922178489831,-0.015484829851906157,-0.015516176322598782,-0.015526174912478463,-0.005565628504262638,-0.005759046618031126,-0.005789772976442101,-0.0026841374738952985
0.007506300252010081,-0.09248127294851012,-0.015485162150997442,-0.01551650804566231,-0.015526507752968894,-0.005565745461266916,-0.005759165204258446,-0.005789892519931285,-0.0026841894847618717
0.007508300332013281,-0.09248888682953312,-0.015486486722649908,-0.015517828328524356,-0.015527834730122843,-0.005566272271637972,-0.005759685105055475,-0.005790417524013166,-0.0026844448948464034
0.007510300412016481,-0.092490875148808,-0.015486808249163878,-0.015518149310418458,-0.015528156778837409,-0.005566385044231557,-0.0057597995404458915,-0.005790532877381071,-0.0026844949073896837
0.0075123004920196815,-0.09249842602672402,-0.015488122021004708,-0.015519458824961457,-0.015529472936933566,-0.005566907659584478,-0.005760315279901484,-0.005791053680734947,-0.002684748314088148
0.007514300572022881,-0.09250035118512943,-0.015488432720645633,-0.015519769011559253,-0.015529784139481645,-0.005567016226619834,-0.005760425543512563,-0.00579116482283548,-0.00268479631821471
0.007516300652026082,-0.09250783874542456,-0.015489735638725336,-0.01552106770400145,-0.015531089424476273,-0.00556753462594195,-0.005760937100817829,-0.005791681404450114,-0.0026850477114980526
0.007518300732029282,-0.09250970043047196,-0.015490035457891073,-0.015521367041867438,-0.015531389727161945,-0.005567638966541697,-0.00576104317197469,-0.005791788314407284,-0.002685093697243417
0.007520300812032482,-0.09251712436268912,-0.01549132746895605,-0.015522654859120836,-0.015532684085708202,-0.005568153129091338,-0.005761550526589143,-0.005792300653542432,-0.002685343067211922
0.007522300892035682,-0.0925189222659592,-0.015491616354742475,-0.015522943295515429,-0.015532973435534938,-0.005568253222649917,-0.005761652384886113,-0.005792403310752123,-0.002685387024741357
0.007524300972038882,-0.09252628226372395,-0.015492897406239332,-0.01552422018519,-0.015534256814987586,-0.005568763127958153,-0.005762155516539368,-0.005792911386940239,-0.0026856343616254866
0.0075263010520420824,-0.09252801608089319,-0.015493175306444968,-0.015524497668074002,-0.015534535159662514,-0.005568858954143671,-0.005762253141841781,-0.005793009771071956,-0.0026856762812348584
0.007528301132045282,-0.09253531184193994,-0.015494445346525172,-0.015525763578482435,-0.015535807508082372,-0.0055693645820160675,-0.005762752030535282,-0.005793513564119988,-0.0026859215753961053
0.007530301212048483,-0.09253698127280698,-0.01549471220965548,-0.015526030056521416,-0.015536074796020972,-0.005569456120771951,-0.005762845402981132,-0.005793607655118552,-0.0026859614475127063
0.007532301292051683,-0.09254421249900391,-0.015495971187179531,-0.015527284936683258,-0.01553733606217913,-0.0055699574512902235,-0.0057633400289898665,-0.005794107145109633,-0.002686204689444352
0.007534301372054883,-0.09254581724751391,-0.015496226962451362,-0.015527540359251966,-0.01553759224250945,-0.005570044682836992,-0.005763429128991533,-0.005794196923196929,-0.0026862425046277087
0.007536301452058083,-0.09255298364488974,-0.015497474826993412,-0.015528784158898155,-0.015538842375891879,-0.0055705416963607885,-0.005763919472865677,-0.005794692090492077,-0.0026864836849557062
0.007538301532061283,-0.0925545234191601,-0.015497719464339197,-0.015529028476084705,-0.015539087398458728,-0.005570624601197648,-0.0057640042811115556,-0.00579477753616866,-0.002686519433898361
0.007540301612064483,-0.09256162469792721,-0.015498956166191109,-0.015530261145661677,-0.01554032634927036,-0.005571117278366167,-0.005764490323678124,-0.005795268361408408,-0.0026867585433820707
0.007542301692067683,-0.09256309921027228,-0.01549918961626316,-0.015530494308271863,-0.015540560164639896,-0.005571195837272673,-0.005764570821134281,-0.005795349455455229,-0.0026867922169104123
0.007544301772070884,-0.0925701350848522,-0.015500415106438785,-0.015531715798945767,-0.015541787883808908,-0.005571684159006293,-0.005765052543498785,-0.0057958359195613195,-0.002687029246443399
0.007546301852074083,-0.09257154405180731,-0.015500637320613492,-0.015531937758507176,-0.015542010443272438,-0.0055717583530440476,-0.00576512871141055,-0.0057959126430412785,-0.002687060835518376
0.007548301932077284,-0.09257851424085561,-0.015501851550852796,-0.015533148022168064,-0.015543226882454438,-0.005572242300545948,-0.005765606094958553,-0.0057963947272182455,-0.0026872957761292157
0.007550302012080484,-0.09257985738320108,-0.015502062481234738,-0.015533358730934182,-0.015543438138032812,-0.0055723121110601145,-0.005765677914852114,-0.005796467061477863,-0.0026873252718471593
0.007552302092083684,-0.09258676160962949,-0.01550326540400794,-0.015534557720200069,-0.015544643249614912,-0.0055727916658179,-0.00576615094125083,-0.005796944747214589,-0.0026875581147001327
0.007554302172086884,-0.0925880386524149,-0.01550346500343397,-0.015534757131154427,-0.015544843154062456,-0.005572857074438872,-0.005766218394934802,-0.005797012673885574,-0.002687585508293503
0.007556302252090084,-0.09259487664341583,-0.01550465657194541,-0.015535944799375182,-0.015546036891167181,-0.005573332218226053,-0.005766687046134637,-0.005797485942956911,-0.0026878162446893937
0.0075583023320932845,-0.09259608731598276,-0.01550484479398857,-0.0155361328662352,-0.015546225397975833,-0.005573393206870985,-0.00576675011570166,-0.005797549443957686,-0.002687841527527494
0.007560302412096484,-0.09260285880305262,-0.015506024962180991,-0.015537309167496793,-0.015547407714465361,-0.005573863921748668,-0.0057672143739377745,-0.005798018278426015,-0.0026880701489043176
0.007562302492099685,-0.09260400283905756,-0.015506201761154463,-0.015537485844717732,-0.01554758477786842,-0.005573920472622892,-0.005767273041765885,-0.005798077335963239,-0.002688093312494054
0.007564302572102884,-0.09261070755801903,-0.01550737048371265,-0.015538650733845862,-0.015548755628348314,-0.005574386740941194,-0.005767732889559688,-0.005798541718179959,-0.0026883198104277824
0.007566302652106085,-0.09261178469545639,-0.015507535814673757,-0.015538815976624815,-0.015548921203324469,-0.005574438836539954,-0.005767787138313978,-0.005798596314750127,-0.002688340846414365
0.007568302732109285,-0.09261842238648073,-0.015508693047028368,-0.015539969409188727,-0.015550080543147502,-0.005574900640939487,-0.005768242558474553,-0.005799056227357112,-0.0026885652126196397
0.007570302812112485,-0.0926194323677045,-0.01550884686578223,-0.015540123173468225,-0.015550234585424613,-0.005574948264049222,-0.005768292371108532,-0.005799106345747917,-0.0026885841127873
0.0075723028921156855,-0.0926260027753342,-0.015509992564113784,-0.015541265105784767,-0.015551382370694639,-0.005575405587462659,-0.005768743346734178,-0.005799561771679086,-0.0026888063391181235
0.007574302972118885,-0.09262694534708013,-0.015510134827217118,-0.015541407348256667,-0.015551524836753467,-0.005575448721162569,-0.005768788706491259,-0.005799607394970968,-0.002688823095390818
0.007576303052122086,-0.09263344822025031,-0.015511268948459557,-0.015542537737393659,-0.015552661024329138,-0.005575901546816008,-0.0057692352209709015,-0.005800058317453654,-0.0026890431738412677
0.007578303132125285,-0.09263432313365724,-0.015511399613224319,-0.015542668415502659,-0.015552791871407018,-0.0055759401744794376,-0.005769276111385814,-0.005800099429021173,-0.0026890577782833452
0.007580303212128486,-0.0926407582257161,-0.01551252211506864,-0.015543787219282665,-0.015553916418905356,-0.0055763884858938614,-0.005769718148400357,-0.005800545831577575,-0.0026892757009882315
0.0075823032921316855,-0.09264156523634785,-0.015512641139565882,-0.015543906291230196,-0.015554035605000002,-0.005576422591189781,-0.0057697545533005766,-0.005800582415090904,-0.002689288145805141
0.007584303372134886,-0.09264793230507827,-0.01551375198046376,-0.015545013468234153,-0.015555148470800018,-0.005576866372182401,-0.005770192096824316,-0.005801024281539454,-0.002689503905040665
0.0075863034521380865,-0.09264867117294298,-0.015513859323526762,-0.015545120892981556,-0.015555255954672763,-0.0055768959390767,-0.00577022400033137,-0.005801056320965668,-0.002689514182579559
0.007588303532141286,-0.09265496998058394,-0.01551495846269418,-0.015546216402552292,-0.015556357097919199,-0.00557733517376246,-0.005770657034633439,-0.005801493635422454,-0.0026897277707640306
0.007590303612144487,-0.0926556404701558,-0.015515054083922394,-0.015546312139824691,-0.01555645283909883,-0.0055773601865193945,-0.005770684421164329,-0.005801521115027014,-0.0026897358735144946
0.007592303692147686,-0.09266187078342111,-0.015516141481342975,-0.01554739594207024,-0.015557542219705282,-0.005577794859312201,-0.00577111293080991,-0.005801953861907093,-0.002689947283208891
0.007594303772150887,-0.09266247266365847,-0.015516225341105036,-0.015547479952359451,-0.015557626178491145,-0.005577815302495604,-0.0057711357850783376,-0.005801976766254987,-0.002689953203803479
0.0075963038521540864,-0.09266863425375713,-0.01551730095753343,-0.015548552008156585,-0.015558703757143641,-0.005578245398109646,-0.005771559754930019,-0.005802404930273718,-0.0026901624277121295
0.007598303932157287,-0.09266916729812477,-0.01551737301697094,-0.015548624252725095,-0.015558775894609396,-0.005578261256584476,-0.0057715780619478066,-0.005802423244231005,-0.002690166158927097
0.0076003040121604875,-0.09267525994078081,-0.015518436813936257,-0.01554968452372254,-0.015559841632769819,-0.005578686760035603,-0.0057719974771669,-0.0058028468104053665,-0.0026903731898982918
0.007602304092163687,-0.0926757239272663,-0.015518497034966622,-0.015549744964606212,-0.015559901910766295,-0.005578698018968904,-0.005772011222245127,-0.00580286051914021,-0.0026903747246541138
0.007604304172166888,-0.09268174740273719,-0.015519548974775654,-0.015550793413227975,-0.015560955770675521,-0.0055791189155758375,-0.005772426068292889,-0.005803279472790024,-0.002690579555680718
0.007606304252170087,-0.09268214211387199,-0.015519597320095708,-0.01555084201323969,-0.01556100415183433,-0.005579125560438285,-0.005772435237043274,-0.005803288561774212,-0.00269057888704277
0.007608304332173288,-0.0926880962069673,-0.01552063736583605,-0.015551878602688175,-0.0155620460965154,-0.00557954183582388,-0.00577284549968212,-0.005803702888523421,-0.002690781511262782
0.007610304412176487,-0.09268842142984425,-0.015520673798925019,-0.015551915325420747,-0.015562082544251914,-0.005579543852390844,-0.005772850078018134,-0.005803707343533405,-0.002690778632441865
0.007612304492179688,-0.09269430592994422,-0.015521701914468332,-0.015552940019679985,-0.015563112537513324,-0.0055799554924833095,-0.005773255743312901,-0.005804117029311302,-0.0026909790431390423
0.007614304572182888,-0.09269456145623599,-0.015521726399591113,-0.015552964829509417,-0.015563137016029967,-0.005579952866836182,-0.0057732557174510575,-0.005804116836429516,-0.0026909739474920247
0.007616304652186088,-0.09270037615730915,-0.015522742549595996,-0.015553977593347996,-0.015564155022468579,-0.005580359857870273,-0.005773656771770156,-0.005804521867471887,-0.002691172138096436
0.007618304732189289,-0.09270056178328477,-0.015522755051805864,-0.015553990455436251,-0.015564167496757498,-0.005580352576397498,-0.0057736521282310636,-0.0058045170130878315,-0.002691164819126725
0.007620304812192488,-0.09270630648390613,-0.015523759201721195,-0.015554991254410446,-0.01556517348176171,-0.005580754904915736,-0.005774048558247658,-0.005804917375938221,-0.0026913607832153193
0.007622304892195689,-0.09270642201044957,-0.015523759686863032,-0.015554992134708656,-0.015565173917608068,-0.005580742954314077,-0.0057740392838572345,-0.005804907846749664,-0.002691351234573493
0.007624304972198888,-0.09271209651381697,-0.015524751802930581,-0.015555980935165256,-0.01556616784736065,-0.00558114060716782,-0.005774431076550348,-0.005805303528260461,-0.002691544965870632
0.007626305052202089,-0.09271214174644374,-0.015524740237643707,-0.01555596980041655,-0.015566156211345506,-0.005581123974443485,-0.005774417158440981,-0.005805289311274629,-0.0026915331813549713
0.0076283051322052885,-0.0927177458603945,-0.015525720286901116,-0.01555694656949571,-0.01556713805282643,-0.0055815169387940415,-0.005774804301096602,-0.0058056802986081145,-0.0026917246737329504
0.007630305212208489,-0.0927177206092682,-0.015525696638622235,-0.015556923387238047,-0.01556711431232952,-0.005581495611263793,-0.005774785726708196,-0.0058056613811427234,-0.002691710647289923
0.007632305292211689,-0.09272325414629547,-0.015526664588905741,-0.015557888092876039,-0.01556808403331883,-0.005581883874583558,-0.00577516820692034,-0.005806047661772277,-0.0026918998947695135
0.007634305372214889,-0.09272315822624382,-0.015526628825871523,-0.015557852831444879,-0.015568048156521285,-0.005581857839875733,-0.005775144964001376,-0.00580602403145663,-0.0026918836204943325
0.00763630545221809,-0.09272862100351337,-0.015527584645818864,-0.015558805442377043,-0.01556900572560192,-0.00558224138994927,-0.00577552276967323,-0.005806405593167743,-0.002692070617245297
0.007638305532221289,-0.09272845423404338,-0.015527536737068666,-0.015558758070908032,-0.015568957681488915,-0.005582210636004844,-0.005775494846281764,-0.005806377237943752,-0.002692052089382381
0.00764030561222449,-0.09273384607340823,-0.015528480396121628,-0.015559698556671206,-0.015569903068049182,-0.005582589460929878,-0.005775867965626634,-0.005806754068835079,-0.0026922368297239516
0.0076423056922276895,-0.09273360827872244,-0.01552842031150027,-0.015559639045102963,-0.015569842826412862,-0.005582553976003542,-0.005775835350131434,-0.005806720976958345,-0.0026922160426674532
0.00764430577223089,-0.09273892900673776,-0.015529351779907165,-0.015560567376037993,-0.015570776000649125,-0.005582928064191925,-0.005776203771673697,-0.005807093065442636,-0.002692398521068788
0.00764630585223409,-0.0927386200157486,-0.01552927949006732,-0.015560495695114474,-0.015570703532090857,-0.005582887836853041,-0.005776166452755107,-0.005807055225483413,-0.0026923754693630457
0.00764830593223729,-0.09274386946368776,-0.015530198738885923,-0.01556141184236909,-0.015571624465010146,-0.0055832571770318765,-0.005776530165331342,-0.005807422560288659,-0.002692555680443775
0.00765030601224049,-0.0927434891100324,-0.015530114215290755,-0.015561327963642301,-0.015571539740943222,-0.0055832121961654725,-0.0057764881319823285,-0.005807379961132847,-0.002692530358783786
0.00765230609224369,-0.09274866711389997,-0.015531021216390188,-0.015562231899173211,-0.015572448404365589,-0.005583576777377939,-0.005776847124742112,-0.005807742531303071,-0.0026927082973143925
0.007654306172246891,-0.09274821523595413,-0.01553092443131564,-0.015562135795005247,-0.015572351397017434,-0.005583527032185596,-0.005776800366269143,-0.0058076951621530894,-0.0026926807005462463
0.0076563062522500905,-0.09275332163650005,-0.015531819157379226,-0.015563027491580728,-0.015573247763578433,-0.005583886843791941,-0.005777154628676051,-0.005808052957049393,-0.0026928563614485534
0.007658306332253291,-0.0927527980773922,-0.015531710083916498,-0.015562919135146533,-0.015573138445993262,-0.005583832323792812,-0.005777103134700055,-0.005808000807425233,-0.0026928264845699065
0.007660306412256491,-0.09275783272012657,-0.01553259250844396,-0.015563798566348687,-0.015574022489146244,-0.005584187355471299,-0.005777452656532586,-0.00580835381672666,-0.002692999862917503
0.007662306492259691,-0.09275723732775036,-0.015532471120501663,-0.015563677931638062,-0.01557390083518699,-0.005584128050502874,-0.005777396416989754,-0.005808296876466614,-0.0026929677010779592
0.007664306572262891,-0.0927622000629548,-0.015533341217811237,-0.015564545071865069,-0.01557477252920534,-0.005584478292250534,-0.005777741188342103,-0.005808645090171003,-0.0026931387920965987
0.007666306652266091,-0.09276153268998279,-0.015533207490117768,-0.01556441213368496,-0.015574638513556203,-0.005584414192469634,-0.005777680193484838,-0.005808583349432637,-0.0026931043405981577
0.007668306732269292,-0.09276642337272407,-0.015534065235348395,-0.015565266958153084,-0.015575497833535382,-0.005584759634603203,-0.005778020204767782,-0.005808926757857502,-0.0026932731396661696
0.0076703068122724915,-0.0927656838766206,-0.015533919143454051,-0.015565121692129888,-0.015575351431704,-0.005584690730486751,-0.005777954445165495,-0.005808860207118523,-0.002693236393963628
0.007672306892275692,-0.09277050236676275,-0.01553476451256774,-0.015565964176875892,-0.01557619835356395,-0.005585031363643498,-0.005778289687107241,-0.005809198800901851,-0.0026934028966123366
0.007674306972278892,-0.09276969060979486,-0.015534606032846645,-0.0155658065594572,-0.015576039541883044,-0.005584957645989303,-0.005778219153647138,-0.005809127430960772,-0.0026933638523136292
0.007676307052282092,-0.09277443677201126,-0.01553543900263029,-0.01556663668134024,-0.015576874042370114,-0.0055852934611278085,-0.005778549617294078,-0.00580946120106188,-0.0026935280542277054
0.007678307132285292,-0.09277355262126155,-0.015535268112282532,-0.015566466689797087,-0.015576702797999996,-0.005585214921055396,-0.005778474301181909,-0.005809385003038944,-0.0026934867070943324
0.007680307212288492,-0.09277822632504597,-0.015536088660349915,-0.015567284426500525,-0.01557752485468882,-0.005585545909456304,-0.0057787999778993685,-0.00580971394073916,-0.002693648604112171
0.007682307292291692,-0.09277726965242271,-0.015535905337403521,-0.015567102038929243,-0.015577341155619028,-0.005585462538407648,-0.005778719870660235,-0.005809632906077019,-0.002693604950059527
0.007684307372294892,-0.09278187077210148,-0.015536713442197245,-0.015567907368962765,-0.01557815074691455,-0.005585788691674426,-0.005779040752133258,-0.005809957002980485,-0.002693764538173603
0.007686307452298093,-0.09278084145435046,-0.015536517665509862,-0.01556771256428684,-0.0155779545719658,-0.005585700481414645,-0.005778955845612296,-0.0058098711234449195,-0.0026937185732713084
0.007688307532301293,-0.09278536986909214,-0.01553731330630332,-0.015568505466988347,-0.015578751677105138,-0.005586021791474353,-0.005779271923846314,-0.005810190371479321,-0.002693875848628534
0.007690307612304493,-0.09278426778780735,-0.01553710505556434,-0.015568298224960286,-0.01557854300593132,-0.005585928734092527,-0.005779182210209409,-0.005810099639160048,-0.002693827569100841
