time,BrainSurface_free,BrainSurface
0.0,0.0,1.3882845047055723e-09
2.000080003200128e-06,0.0,-1.3882845046393447e-09
4.000160006400256e-06,0.0,1.388284504693229e-09
6.000240009600385e-06,0.0,-1.3882845045918738e-09
8.000320012800513e-06,0.0,1.3882845047641838e-09
1.000040001600064e-05,0.0,-1.388284504532221e-09
1.200048001920077e-05,0.0,1.3882845050752788e-09
1.4000560022400898e-05,0.0,-1.388284504334909e-09
1.6000640025601025e-05,0.0,1.388284504589255e-09
1.8000720028801153e-05,0.0,-1.388284504748551e-09
2.000080003200128e-05,0.0,1.3882845048199865e-09
2.200088003520141e-05,0.0,-1.3882845046953961e-09
2.400096003840154e-05,0.0,1.3882845046765773e-09
2.6001040041601667e-05,0.0,-1.388284504674627e-09
2.8001120044801795e-05,0.0,1.3882845042501949e-09
3.0001200048001923e-05,0.0,-1.3882845048810508e-09
3.200128005120205e-05,0.0,1.388284504657443e-09
3.400136005440218e-05,0.0,-1.3882845047697576e-09
3.6001440057602306e-05,0.0,1.3882845045466366e-09
3.800152006080244e-05,0.0,-1.3882845049142342e-09
4.000160006400256e-05,0.0,1.388284504535105e-09
4.200168006720269e-05,0.0,-1.38828450462139e-09
4.400176007040282e-05,0.0,1.3882845046605321e-09
4.600184007360295e-05,0.0,-1.3882845047498682e-09
4.800192007680308e-05,0.0,1.3882845044966606e-09
5.0002000080003204e-05,0.0,-1.3882845050438364e-09
5.2002080083203335e-05,0.0,1.3882845044611158e-09
5.400216008640346e-05,0.0,-1.3882845047666894e-09
5.600224008960359e-05,0.0,1.3882845046772054e-09
5.8002320092803715e-05,0.0,-1.388284504742975e-09
6.0002400096003846e-05,0.0,0.0030000013882845048
6.200248009920397e-05,0.0,0.0029999986117154958
6.40025601024041e-05,0.0,0.003000001388284505
6.600264010560423e-05,0.0,0.0029999986117154958
6.800272010880436e-05,0.0,0.003000001388284505
7.000280011200448e-05,0.0,0.0029999986117154953
7.200288011520461e-05,0.0,0.003000001388284504
7.400296011840474e-05,0.0,0.002999998611715495
7.600304012160487e-05,0.0,0.0030000013882845048
7.800312012480499e-05,0.0,0.0029999986117154958
8.000320012800512e-05,0.0,0.0030000013882845048
8.200328013120525e-05,0.0,0.0029999986117154945
8.400336013440539e-05,0.0,0.0030000013882845048
8.600344013760552e-05,0.0,0.0029999986117154958
8.800352014080563e-05,-0.0,0.0030000013882845048
9.000360014400577e-05,-0.0,0.0029999986117154958
9.20036801472059e-05,-0.0,0.003000001388284505
9.400376015040603e-05,-0.0,0.0029999986117154945
9.600384015360616e-05,-0.0,0.0030000013882845048
9.800392015680628e-05,-0.0,0.0029999986117154966
0.00010000400016000641,-0.0,0.0030000013882845048
0.00010200408016320654,-0.0,0.0029999986117154953
0.00010400416016640667,-0.0,0.003000001388284505
0.00010600424016960679,-0.0,0.0029999986117154953
0.00010800432017280692,-0.0,0.0030000013882845048
0.00011000440017600705,-0.0,0.002999998611715497
0.00011200448017920718,-0.0,0.0030000013882845048
0.00011400456018240731,-0.0,0.0029999986117154953
0.00011600464018560743,-0.0,0.0030000013882845043
0.00011800472018880756,-0.0,0.002999998611715495
0.00012000480019200769,-0.0,1.3882845047101112e-09
0.00012200488019520782,-0.0,-1.3882845046401677e-09
0.00012400496019840794,-0.0,1.3882845045441544e-09
0.00012600504020160807,0.0,-1.3882845051360724e-09
0.0001280051202048082,0.0,1.3882845044800758e-09
0.00013000520020800833,0.0,-1.388284505185851e-09
0.00013200528021120847,0.0,1.3882845043824216e-09
0.0001340053602144086,0.0,-1.3882845048352854e-09
0.00013600544021760873,0.0,1.3882845045074036e-09
0.00013800552022080883,0.0,-1.38828450495159e-09
0.00014000560022400896,0.0,1.3882845045829728e-09
0.0001420056802272091,0.0,-1.3882845045672044e-09
0.00014400576023040922,0.0,1.38828450465016e-09
0.00014600584023360936,0.0,-1.3882845049931005e-09
0.0001480059202368095,0.0,1.3882845046562754e-09
0.00015000600024000962,0.0,-1.3882845046716633e-09
0.00015200608024320975,0.0,1.3882845044012606e-09
0.00015400616024640988,0.0,-1.3882845048359732e-09
0.00015600624024960998,0.0,1.3882845044836222e-09
0.00015800632025281012,0.0,-1.3882845046514765e-09
0.00016000640025601025,0.0,1.3882845048202371e-09
0.00016200648025921038,0.0,-1.3882845046494615e-09
0.0001640065602624105,0.0,1.3882845044305269e-09
0.00016600664026561064,0.0,-1.388284504854441e-09
0.00016800672026881077,0.0,1.3882845042835646e-09
0.0001700068002720109,0.0,-1.38828450480875e-09
0.00017200688027521103,0.0,1.388284504272536e-09
0.00017400696027841114,0.0,-1.3882845051687777e-09
0.00017600704028161127,0.0,1.3882845045323257e-09
0.0001780071202848114,0.0,-1.3882845048970563e-09
0.00018000720028801153,0.0,1.3882845046624532e-09
0.00018200728029121166,0.0,-1.3882845045719313e-09
0.0001840073602944118,0.0,1.3882845046446006e-09
0.00018600744029761192,0.0,-1.38828450497621e-09
0.00018800752030081206,0.0,1.3882845045424792e-09
0.0001900076003040122,0.0,-1.3882845048780864e-09
0.00019200768030721232,0.0,1.3882845048619322e-09
0.00019400776031041242,0.0,-1.3882845050569958e-09
0.00019600784031361255,0.0,1.3882845044068625e-09
0.00019800792031681268,-0.0,-1.3882845049166876e-09
0.00020000800032001282,-0.0,1.388284504540829e-09
0.00020200808032321295,-0.0,-1.388284504651091e-09
0.00020400816032641308,-0.0,1.388284504598707e-09
0.0002060082403296132,-0.0,-1.3882845049520287e-09
0.00020800832033281334,-0.0,1.3882845046162316e-09
0.00021000840033601347,-0.0,-1.3882845048671653e-09
0.00021200848033921357,-0.0,1.3882845045004327e-09
0.0002140085603424137,-0.0,-1.388284504836392e-09
0.00021600864034561384,0.0,1.3882845044801904e-09
0.00021800872034881397,0.0,-1.3882845048406418e-09
0.0002200088003520141,0.0,1.3882845045873959e-09
0.00022200888035521423,0.0,-1.3882845048649423e-09
0.00022400896035841436,0.0,1.388284504917557e-09
0.0002260090403616145,0.0,-1.388284504807056e-09
0.00022800912036481462,0.0,1.38828450448896e-09
0.00023000920036801473,0.0,-1.3882845045920205e-09
0.00023200928037121486,0.0,1.3882845047889577e-09
0.000234009360374415,0.0,-1.3882845045556907e-09
0.00023600944037761512,0.0,1.388284504820714e-09
0.00023800952038081525,0.0,-1.3882845048341453e-09
0.00024000960038401538,0.0,1.3882845046620957e-09
0.00024200968038721551,0.0,-1.3882845047863576e-09
0.00024400976039041565,0.0,1.3882845047228147e-09
0.00024600984039361575,0.0,-1.3882845046373136e-09
0.0002480099203968159,0.0,1.3882845049251304e-09
0.000250010000400016,0.0,-1.38828450434871e-09
0.00025201008040321614,0.0,1.3882845049242106e-09
0.0002540101604064163,0.0,-1.3882845042900536e-09
0.0002560102404096164,0.0,1.3882845050899604e-09
0.00025801032041281654,0.0,-1.3882845045002212e-09
0.00026001040041601667,0.0,1.3882845049413297e-09
0.0002620104804192168,0.0,-1.3882845046369591e-09
0.00026401056042241693,-0.0,1.388284504859806e-09
0.00026601064042561706,-0.0,-1.388284504491011e-09
0.0002680107204288172,-0.0,1.388284504838198e-09
0.0002700108004320173,-0.0,-1.3882845047121161e-09
0.00027201088043521745,-0.0,1.3882845048993267e-09
0.0002740109604384176,-0.0,-1.3882845047435184e-09
0.00027601104044161766,-0.0,1.3882845048908953e-09
0.0002780111204448178,0.0,-1.3882845045907218e-09
0.0002800112004480179,0.0,1.388284504711817e-09
0.00028201128045121806,0.0,-1.3882845047113837e-09
0.0002840113604544182,0.0,1.3882845047578261e-09
0.0002860114404576183,0.0,-1.3882845046163696e-09
0.00028801152046081845,0.0,1.3882845049784521e-09
0.0002900116004640186,0.0,-1.3882845045810992e-09
0.0002920116804672187,0.0,1.3882845047560516e-09
0.00029401176047041884,0.0,-1.3882845047410319e-09
0.000296011840473619,0.0,1.3882845046477249e-09
0.0002980119204768191,0.0,-1.388284504823337e-09
0.00030001200048001924,0.0,1.3882845046020058e-09
0.00030201208048321937,0.0,-1.3882845047804201e-09
0.0003040121604864195,0.0,1.3882845046341279e-09
0.00030601224048961963,0.0,-1.3882845048486158e-09
0.00030801232049281976,0.0,1.3882845043602184e-09
0.0003100124004960199,0.0,-1.3882845047395473e-09
0.00031201248049921997,0.0,1.3882845045229883e-09
0.0003140125605024201,0.0,-1.3882845051171736e-09
0.00031601264050562023,0.0,1.388284504353224e-09
0.00031801272050882036,-0.0,-1.388284505015498e-09
0.0003200128005120205,-0.0,1.3882845043953889e-09
0.0003220128805152206,-0.0,-1.3882845048821416e-09
0.00032401296051842076,-0.0,1.3882845043288875e-09
0.0003260130405216209,-0.0,-1.3882845049445518e-09
0.000328013120524821,-0.0,1.3882845045644784e-09
0.00033001320052802115,0.0,-1.3882845048395487e-09
0.0003320132805312213,0.0,1.388284504564882e-09
0.0003340133605344214,0.0,-1.3882845047128546e-09
0.00033601344053762154,0.0,1.3882845045485314e-09
0.0003380135205408217,0.0,-1.3882845045702544e-09
0.0003400136005440218,0.0,1.3882845047468567e-09
0.00034201368054722194,0.0,-1.3882845047378193e-09
0.00034401376055042207,0.0,1.3882845046053734e-09
0.0003460138405536222,0.0,-1.388284504734361e-09
0.0003480139205568223,0.0,1.3882845047867464e-09
0.0003500140005600224,0.0,-1.3882845044486889e-09
0.00035201408056322254,0.0,1.3882845048522329e-09
0.00035401416056642267,0.0,-1.3882845044342655e-09
0.0003560142405696228,0.0,1.3882845048551933e-09
0.00035801432057282293,0.0,-1.388284504384974e-09
0.00036001440057602306,0.0,1.3882845050040455e-09
0.0003620144805792232,-0.0,-1.3882845046626637e-09
0.0003640145605824233,-0.0,1.3882845048403639e-09
0.00036601464058562346,-0.0,-1.3882845045284082e-09
0.0003680147205888236,-0.0,1.3882845047861372e-09
0.0003700148005920237,-0.0,-1.3882845046457326e-09
0.00037201488059522385,-0.0,1.3882845047279893e-09
0.000374014960598424,0.0,-1.3882845047564025e-09
0.0003760150406016241,0.0,1.3882845046673832e-09
0.00037801512060482424,0.0,-1.3882845048502445e-09
0.0003800152006080244,0.0,1.3882845048659537e-09
0.0003820152806112245,0.0,-1.3882845045882706e-09
0.00038401536061442464,0.0,1.3882845047235961e-09
0.0003860154406176247,0.0,-1.3882845049341666e-09
0.00038801552062082484,0.0,1.388284504390585e-09
0.000390015600624025,0.0,-1.3882845048955658e-09
0.0003920156806272251,0.0,1.388284504396466e-09
0.00039401576063042524,0.0,-1.3882845049900424e-09
0.00039601584063362537,0.0,1.3882845046444178e-09
0.0003980159206368255,0.0,-1.3882845048235884e-09
0.00040001600064002563,0.0,1.3882845047381297e-09
0.00040201608064322576,-0.0,-1.3882845046000222e-09
0.0004040161606464259,-0.0,1.3882845047856138e-09
0.000406016240649626,-0.0,-1.3882845046404035e-09
0.00040801632065282615,-0.0,1.388284504774884e-09
0.0004100164006560263,-0.0,-1.388284504738192e-09
0.0004120164806592264,0.0,1.3882845045781792e-09
0.00041401656066242655,0.0,-1.3882845045087842e-09
0.0004160166406656267,0.0,1.3882845048225003e-09
0.0004180167206688268,0.0,-1.3882845045430133e-09
0.00042001680067202694,0.0,1.388284504623121e-09
0.000422016880675227,0.0,-1.388284504914963e-09
0.00042401696067842715,0.0,1.3882845047394317e-09
0.0004260170406816273,0.0,-1.3882845048027633e-09
0.0004280171206848274,0.0,1.3882845047682194e-09
0.00043001720068802754,0.0,-1.3882845046320444e-09
0.0004320172806912277,0.0,1.388284504658704e-09
0.0004340173606944278,0.0,-1.3882845046773255e-09
0.00043601744069762794,0.0,1.3882845047029673e-09
0.00043801752070082807,0.0,-1.388284504655826e-09
0.0004400176007040282,-0.0,1.3882845047448206e-09
0.00044201768070722833,-0.0,-1.3882845045867474e-09
0.00044401776071042846,-0.0,1.3882845046106473e-09
0.0004460178407136286,-0.0,-1.388284504814157e-09
0.0004480179207168287,0.0,1.388284504567765e-09
0.00045001800072002885,0.0,-1.3882845047346165e-09
0.000452018080723229,0.0,1.3882845045280533e-09
0.0004540181607264291,0.0,-1.3882845050548874e-09
0.00045601824072962925,0.0,1.388284504390936e-09
0.0004580183207328293,0.0,-1.3882845048885296e-09
0.00046001840073602946,0.0,1.3882845043942668e-09
0.0004620184807392296,0.0,-1.3882845048405673e-09
0.0004640185607424297,0.0,1.388284504567413e-09
0.00046601864074562985,0.0,-1.388284504959681e-09
0.00046801872074883,0.0,1.3882845045836816e-09
0.0004700188007520301,0.0,-1.3882845048722928e-09
0.00047201888075523024,0.0,1.3882845044764106e-09
0.0004740189607584304,-0.0,-1.388284504793463e-09
0.0004760190407616305,-0.0,1.3882845046535224e-09
0.00047801912076483064,-0.0,-1.3882845047139733e-09
0.00048001920076803077,-0.0,1.388284504750928e-09
0.0004820192807712309,0.0,-1.3882845045787506e-09
0.00048401936077443103,0.0,1.3882845046973687e-09
0.00048601944077763116,0.0,-1.3882845046602356e-09
0.0004880195207808313,0.0,1.3882845046249625e-09
0.0004900196007840314,0.0,-1.388284504596028e-09
0.0004920196807872315,0.0,1.3882845047702464e-09
0.0004940197607904317,0.0,-1.3882845046670315e-09
0.0004960198407936318,0.0,1.3882845048617233e-09
0.000498019920796832,0.0,-1.3882845048542477e-09
0.000500020000800032,0.0,1.3882845046570917e-09
0.0005020200808032322,0.0,-1.388284504745763e-09
0.0005040201608064323,-0.0,1.3882845045573508e-09
0.0005060202408096325,-0.0,-1.388284504744815e-09
0.0005080203208128325,-0.0,1.3882845046298735e-09
0.0005100204008160327,-0.0,-1.3882845049902076e-09
0.0005120204808192328,0.0,1.3882845045654535e-09
0.0005140205608224329,0.0,-1.3882845047284304e-09
0.0005160206408256331,0.0,1.388284504803838e-09
0.0005180207208288332,0.0,-1.3882845046678247e-09
0.0005200208008320333,0.0,1.3882845048193783e-09
0.0005220208808352334,0.0,-1.388284504552562e-09
0.0005240209608384336,0.0,1.3882845049082516e-09
0.0005260210408416337,0.0,-1.3882845045834432e-09
0.0005280211208448339,0.0,1.3882845046414118e-09
0.0005300212008480339,0.0,-1.3882845046595374e-09
0.0005320212808512341,0.0,1.3882845045928222e-09
0.0005340213608544342,-0.0,-1.3882845048048422e-09
0.0005360214408576344,-0.0,1.3882845048140723e-09
0.0005380215208608345,-0.0,-1.388284504872143e-09
0.0005400216008640346,-0.0,1.3882845044931428e-09
0.0005420216808672347,0.0,-1.3882845048985831e-09
0.0005440217608704349,0.0,1.3882845046096516e-09
0.000546021840873635,0.0,-1.3882845048327077e-09
0.0005480219208768352,0.0,1.3882845047031946e-09
0.0005500220008800352,0.0,-1.3882845048350633e-09
0.0005520220808832353,0.0,1.388284504624357e-09
0.0005540221608864355,0.0,-1.388284504705312e-09
0.0005560222408896356,0.0,1.388284504321137e-09
0.0005580223208928358,0.0,-1.3882845049099202e-09
0.0005600224008960358,0.0,1.38828450473374e-09
0.000562022480899236,-0.0,-1.3882845047780244e-09
0.0005640225609024361,-0.0,1.3882845050669038e-09
0.0005660226409056363,-0.0,-1.3882845045670423e-09
0.0005680227209088364,-0.0,1.388284504870652e-09
0.0005700228009120366,0.0,-1.3882845046503175e-09
0.0005720228809152366,0.0,1.38828450478989e-09
0.0005740229609184368,0.0,-1.3882845047236923e-09
0.0005760230409216369,0.0,1.3882845044963279e-09
0.0005780231209248371,0.0,-1.3882845048353962e-09
0.0005800232009280372,0.0,1.3882845045969457e-09
0.0005820232809312373,0.0,-1.3882845050631494e-09
0.0005840233609344374,0.0,1.3882845044843493e-09
0.0005860234409376375,0.0,-1.3882845048088528e-09
0.0005880235209408377,0.0,1.3882845046011509e-09
0.0005900236009440378,-0.0,-1.3882845047765262e-09
0.000592023680947238,-0.0,1.3882845046783456e-09
0.000594023760950438,-0.0,-1.3882845047455423e-09
0.0005960238409536382,0.0,1.3882845046551742e-09
0.0005980239209568383,0.0,-1.388284504516705e-09
0.0006000240009600385,0.0,1.3882845047962255e-09
0.0006020240809632385,0.0,-1.388284504462564e-09
0.0006040241609664387,0.0,1.3882845048596487e-09
0.0006060242409696388,0.0,-1.3882845045736943e-09
0.000608024320972839,0.0,1.388284504879704e-09
0.0006100244009760391,0.0,-1.3882845044883503e-09
0.0006120244809792393,0.0,1.388284504630126e-09
0.0006140245609824393,-0.0,-1.388284504887271e-09
0.0006160246409856395,-0.0,1.3882845046985123e-09
0.0006180247209888396,-0.0,-1.3882845045584899e-09
0.0006200248009920398,-0.0,1.3882845049314751e-09
0.0006220248809952399,0.0,-1.3882845045345736e-09
0.0006240249609984399,0.0,1.388284504784178e-09
0.0006260250410016401,0.0,-1.3882845046697744e-09
0.0006280251210048402,0.0,1.3882845047148646e-09
0.0006300252010080404,0.0,-1.3882845047059565e-09
0.0006320252810112405,0.0,1.3882845047275807e-09
0.0006340253610144406,0.0,-1.3882845046533133e-09
0.0006360254410176407,0.0,1.3882845047582364e-09
0.0006380255210208409,0.0,-1.3882845047433054e-09
0.000640025601024041,-0.0,1.3882845048120124e-09
0.0006420256810272412,-0.0,-1.388284504506826e-09
0.0006440257610304412,-0.0,1.3882845047220983e-09
0.0006460258410336414,0.0,-1.3882845048119368e-09
0.0006480259210368415,0.0,1.3882845048050422e-09
0.0006500260010400417,0.0,-1.388284504742673e-09
0.0006520260810432418,0.0,1.3882845047476954e-09
0.000654026161046442,0.0,-1.3882845047114043e-09
0.000656026241049642,0.0,1.3882845046715088e-09
0.0006580263210528422,0.0,-1.3882845047751214e-09
0.0006600264010560423,0.0,1.3882845045198924e-09
0.0006620264810592424,0.0,-1.388284504729587e-09
0.0006640265610624426,-0.0,1.388284504803141e-09
0.0006660266410656426,-0.0,-1.388284504707282e-09
0.0006680267210688428,0.0,1.3882845046324808e-09
0.0006700268010720429,0.0,-1.3882845048974383e-09
0.0006720268810752431,0.0,1.3882845049278889e-09
0.0006740269610784432,0.0,-1.3882845046906278e-09
0.0006760270410816433,0.0,1.3882845045478498e-09
0.0006780271210848434,0.0,-1.388284504948431e-09
0.0006800272010880436,0.0,1.388284504800224e-09
0.0006820272810912437,0.0,-1.3882845047152228e-09
0.0006840273610944439,0.0,1.3882845047619926e-09
0.000686027441097644,-0.0,-1.388284504541431e-09
0.0006880275211008441,-0.0,1.38828450476382e-09
0.0006900276011040442,-0.0,-1.3882845049917495e-09
0.0006920276811072444,0.0,1.3882845045274166e-09
0.0006940277611104445,0.0,-1.3882845048477615e-09
0.0006960278411136445,0.0,1.3882845044884496e-09
0.0006980279211168447,0.0,-1.3882845048974834e-09
0.0007000280011200448,0.0,1.3882845047208693e-09
0.000702028081123245,0.0,-1.3882845046014325e-09
0.0007040281611264451,0.0,1.3882845050048187e-09
0.0007060282411296453,0.0,-1.3882845044563438e-09
0.0007080283211328453,-0.0,1.3882845049597465e-09
0.0007100284011360455,-0.0,-1.3882845043500275e-09
0.0007120284811392456,-0.0,1.3882845045283236e-09
0.0007140285611424458,0.0,-1.3882845050736416e-09
0.0007160286411456459,0.0,1.388284504331678e-09
0.000718028721148846,0.0,-1.3882845051151415e-09
0.0007200288011520461,0.0,1.388284504472103e-09
0.0007220288811552463,0.0,-1.388284504814396e-09
0.0007240289611584464,0.0,1.3882845049408483e-09
0.0007260290411616466,0.0,-1.3882845043472525e-09
0.0007280291211648466,0.0,1.3882845049341628e-09
0.0007300292011680468,-0.0,-1.388284504264129e-09
0.0007320292811712469,-0.0,1.388284504816932e-09
0.000734029361174447,0.0,-1.388284504595283e-09
0.0007360294411776472,0.0,1.3882845043934926e-09
0.0007380295211808472,0.0,-1.3882845050475013e-09
0.0007400296011840474,0.0,1.3882845043286464e-09
0.0007420296811872475,0.0,-1.3882845049202079e-09
0.0007440297611904477,0.0,1.3882845046771336e-09
0.0007460298411936478,0.0,-1.3882845044402698e-09
0.000748029921196848,0.0,1.3882845051954884e-09
0.000750030001200048,-0.0,-1.388284504331124e-09
0.0007520300812032482,-0.0,1.3882845051297222e-09
0.0007540301612064483,-0.0,-1.3882845045671329e-09
0.0007560302412096485,0.0,1.3882845047644204e-09
0.0007580303212128486,0.0,-1.3882845047855338e-09
0.0007600304012160487,0.0,1.3882845045264161e-09
0.0007620304812192488,0.0,-1.3882845048984113e-09
0.000764030561222449,0.0,1.388284504592835e-09
0.0007660306412256491,0.0,-1.3882845049667988e-09
0.0007680307212288493,0.0,1.388284504777005e-09
0.0007700308012320493,-0.0,-1.3882845042135105e-09
0.0007720308812352494,-0.0,1.388284505088146e-09
0.0007740309612384496,-0.0,-1.388284504233458e-09
0.0007760310412416497,0.0,1.3882845051653855e-09
0.0007780311212448499,0.0,-1.3882845043353461e-09
0.00078003120124805,0.0,1.3882845048385474e-09
0.0007820312812512501,0.0,-1.3882845048452597e-09
0.0007840313612544502,0.0,1.3882845045068142e-09
0.0007860314412576504,0.0,-1.388284505146878e-09
0.0007880315212608505,0.0,1.3882845042672756e-09
0.0007900316012640507,-0.0,-1.3882845049553531e-09
0.0007920316812672507,-0.0,1.3882845047521318e-09
0.0007940317612704509,-0.0,-1.388284504616967e-09
0.000796031841273651,0.0,1.3882845049492942e-09
0.0007980319212768512,0.0,-1.3882845042488313e-09
0.0008000320012800513,0.0,1.3882845052924526e-09
0.0008020320812832514,0.0,-1.3882845044221488e-09
0.0008040321612864515,0.0,1.3882845047931906e-09
0.0008060322412896516,0.0,-1.3882845045293748e-09
0.0008080323212928518,0.0,1.3882845042506416e-09
0.0008100324012960519,-0.0,-1.3882845051811428e-09
0.000812032481299252,-0.0,1.388284504381254e-09
0.0008140325613024521,0.0,-1.3882845048259643e-09
0.0008160326413056523,0.0,1.3882845047349606e-09
0.0008180327213088524,0.0,-1.3882845044018481e-09
0.0008200328013120526,0.0,1.3882845049637364e-09
0.0008220328813152526,0.0,-1.388284504343359e-09
0.0008240329613184528,0.0,1.3882845049680458e-09
0.0008260330413216529,0.0,-1.3882845044320987e-09
0.0008280331213248531,-0.0,1.3882845049718343e-09
0.0008300332013280532,-0.0,-1.3882845045201376e-09
0.0008320332813312534,-0.0,1.3882845044823888e-09
0.0008340333613344534,0.0,-1.388284504851552e-09
0.0008360334413376536,0.0,1.3882845041172624e-09
0.0008380335213408537,0.0,-1.3882845051668616e-09
0.0008400336013440539,0.0,1.3882845046081335e-09
0.000842033681347254,0.0,-1.3882845046739533e-09
0.000844033761350454,0.0,1.3882845048753524e-09
0.0008460338413536542,-0.0,-1.3882845043048192e-09
0.0008480339213568543,-0.0,1.3882845052015088e-09
0.0008500340013600545,-0.0,-1.3882845046033272e-09
0.0008520340813632546,0.0,1.3882845047251843e-09
0.0008540341613664547,0.0,-1.3882845047498153e-09
0.0008560342413696548,0.0,1.3882845046430732e-09
0.000858034321372855,0.0,-1.3882845049149824e-09
0.0008600344013760551,0.0,1.3882845043223019e-09
0.0008620344813792553,0.0,-1.3882845048573134e-09
0.0008640345613824553,-0.0,1.3882845045187633e-09
0.0008660346413856555,-0.0,-1.3882845047952945e-09
0.0008680347213888556,-0.0,1.3882845047670215e-09
0.0008700348013920558,0.0,-1.388284504620124e-09
0.0008720348813952559,0.0,1.388284504449307e-09
0.0008740349613984561,0.0,-1.388284504843765e-09
0.0008760350414016561,0.0,1.388284504781269e-09
0.0008780351214048562,0.0,-1.3882845049233807e-09
0.0008800352014080564,0.0,1.3882845047438555e-09
0.0008820352814112565,-0.0,-1.3882845048251504e-09
0.0008840353614144567,-0.0,1.3882845046336998e-09
0.0008860354414176567,0.0,-1.388284505025878e-09
0.0008880355214208569,0.0,1.3882845045204706e-09
0.000890035601424057,0.0,-1.388284504814418e-09
0.0008920356814272572,0.0,1.3882845045311013e-09
0.0008940357614304573,0.0,-1.3882845046466626e-09
0.0008960358414336574,0.0,1.3882845048770913e-09
0.0008980359214368575,0.0,-1.3882845044685673e-09
0.0009000360014400577,-0.0,1.3882845048547824e-09
0.0009020360814432578,-0.0,-1.3882845047026356e-09
0.000904036161446458,0.0,1.388284504657611e-09
0.000906036241449658,0.0,-1.3882845048130423e-09
0.0009080363214528582,0.0,1.3882845043253947e-09
0.0009100364014560583,0.0,-1.3882845051117535e-09
0.0009120364814592585,0.0,1.3882845045549239e-09
0.0009140365614624586,0.0,-1.3882845047596163e-09
0.0009160366414656586,-0.0,1.388284505039425e-09
0.0009180367214688588,-0.0,-1.3882845044022141e-09
0.0009200368014720589,0.0,1.3882845048732505e-09
0.0009220368814752591,0.0,-1.388284504384182e-09
0.0009240369614784592,0.0,1.3882845047779702e-09
0.0009260370414816594,0.0,-1.3882845048136873e-09
0.0009280371214848594,0.0,1.3882845046069085e-09
0.0009300372014880596,0.0,-1.3882845048734984e-09
0.0009320372814912597,0.0,1.388284504736029e-09
0.0009340373614944599,-0.0,-1.388284504563685e-09
0.00093603744149766,-0.0,1.3882845046625632e-09
0.0009380375215008601,0.0,-1.3882845045926946e-09
0.0009400376015040602,0.0,1.3882845047266271e-09
0.0009420376815072604,0.0,-1.3882845047170854e-09
0.0009440377615104605,0.0,1.3882845047284174e-09
0.0009460378415136607,0.0,-1.38828450470324e-09
0.0009480379215168607,0.0,1.3882845046493585e-09
0.0009500380015200609,-0.0,-1.3882845046132898e-09
0.000952038081523261,-0.0,1.388284504673072e-09
0.0009540381615264611,0.0,-1.3882845048964082e-09
0.0009560382415296613,0.0,1.3882845044933746e-09
0.0009580383215328613,0.0,-1.3882845047992474e-09
0.0009600384015360615,0.0,1.3882845048315746e-09
0.0009620384815392616,0.0,-1.3882845042891733e-09
0.0009640385615424618,0.0,1.3882845047399981e-09
0.0009660386415456619,-0.0,-1.388284504669323e-09
0.0009680387215488621,-0.0,1.3882845048341497e-09
0.0009700388015520621,0.0,-1.3882845047234233e-09
0.0009720388815552623,0.0,1.3882845045232658e-09
0.0009740389615584624,0.0,-1.3882845049551215e-09
0.0009760390415616626,0.0,1.3882845044393175e-09
0.0009780391215648628,0.0,-1.3882845047008053e-09
0.0009800392015680628,0.0,1.3882845049024615e-09
0.000982039281571263,-0.0,-1.3882845045282781e-09
0.000984039361574463,-0.0,1.3882845048997095e-09
0.0009860394415776633,0.0,-1.388284504676356e-09
0.0009880395215808634,0.0,1.3882845045738297e-09
0.0009900396015840634,0.0,-1.3882845046360581e-09
0.0009920396815872635,0.0,1.3882845044638807e-09
0.0009940397615904636,0.0,-1.3882845047603668e-09
0.000996039841593664,0.0,1.3882845048235752e-09
0.000998039921596864,-0.0,-1.388284504519388e-09
0.001000040001600064,0.0,1.3882845048787399e-09
0.0010020400816032641,0.0,-1.3882845044802177e-09
0.0010040401616064644,0.0,1.3882845047589285e-09
0.0010060402416096645,0.0,-1.3882845047516144e-09
0.0010080403216128646,0.0,1.388284504635225e-09
0.0010100404016160646,0.0,-1.3882845048335903e-09
0.001012040481619265,-0.0,1.3882845046261814e-09
0.001014040561622465,-0.0,-1.3882845046483926e-09
0.001016040641625665,0.0,1.3882845047141175e-09
0.0010180407216288652,0.0,-1.3882845045273027e-09
0.0010200408016320655,0.0,1.388284504784351e-09
0.0010220408816352655,0.0,-1.3882845048140351e-09
0.0010240409616384656,0.0,1.388284504769995e-09
0.0010260410416416657,0.0,-1.3882845048510506e-09
0.0010280411216448658,-0.0,1.3882845046429886e-09
0.001030041201648066,-0.0,-1.3882845043818847e-09
0.0010320412816512661,0.0,1.3882845047094148e-09
0.0010340413616544662,0.0,-1.3882845046669312e-09
0.0010360414416576663,0.0,1.3882845048372994e-09
0.0010380415216608666,0.0,-1.388284504770519e-09
0.0010400416016640667,0.0,1.388284504662059e-09
0.0010420416816672667,-0.0,-1.3882845050797923e-09
0.0010440417616704668,-0.0,1.3882845046066378e-09
0.0010460418416736671,0.0,-1.3882845047435949e-09
0.0010480419216768672,0.0,1.3882845048653364e-09
0.0010500420016800673,0.0,-1.3882845045366438e-09
0.0010520420816832673,0.0,1.3882845047537537e-09
0.0010540421616864676,0.0,-1.3882845049833925e-09
0.0010560422416896677,0.0,1.388284504640293e-09
0.0010580423216928678,-0.0,-1.3882845049795974e-09
0.0010600424016960679,0.0,1.3882845045547417e-09
0.001062042481699268,0.0,-1.3882845046913096e-09
0.0010640425617024682,0.0,1.3882845047776394e-09
0.0010660426417056683,0.0,-1.3882845045819193e-09
0.0010680427217088684,0.0,1.3882845047784879e-09
0.0010700428017120685,0.0,-1.3882845048479828e-09
0.0010720428817152688,-0.0,1.388284504482783e-09
0.0010740429617184688,-0.0,-1.3882845047811853e-09
0.001076043041721669,0.0,1.3882845049112706e-09
0.001078043121724869,0.0,-1.3882845046865118e-09
0.0010800432017280693,0.0,1.3882845046603594e-09
0.0010820432817312694,0.0,-1.3882845047048855e-09
0.0010840433617344694,0.0,1.3882845047071898e-09
0.0010860434417376695,-0.0,-1.388284504928534e-09
0.0010880435217408698,-0.0,1.3882845047560888e-09
0.00109004360174407,0.0,-1.3882845046483792e-09
0.00109204368174727,0.0,1.3882845048866349e-09
0.00109404376175047,0.0,-1.3882845043935474e-09
0.0010960438417536703,0.0,1.3882845046608133e-09
0.0010980439217568704,0.0,-1.3882845049798038e-09
0.0011000440017600705,-0.0,1.3882845044481194e-09
0.0011020440817632706,-0.0,-1.388284504660887e-09
0.0011040441617664707,0.0,1.3882845048932772e-09
0.001106044241769671,0.0,-1.3882845042341515e-09
0.001108044321772871,0.0,1.3882845049775377e-09
0.001110044401776071,0.0,-1.3882845047060773e-09
0.0011120444817792712,0.0,1.388284504572433e-09
0.0011140445617824715,-0.0,-1.3882845048487841e-09
0.0011160446417856715,-0.0,1.3882845046532184e-09
0.0011180447217888716,0.0,-1.3882845045443174e-09
0.0011200448017920717,0.0,1.388284505014233e-09
0.001122044881795272,0.0,-1.388284504472155e-09
0.001124044961798472,0.0,1.388284504909848e-09
0.0011260450418016721,0.0,-1.38828450479286e-09
0.0011280451218048722,-0.0,1.388284504554385e-09
0.0011300452018080725,0.0,-1.3882845048006482e-09
0.0011320452818112726,0.0,1.3882845047561372e-09
0.0011340453618144727,0.0,-1.3882845045036755e-09
0.0011360454418176727,0.0,1.3882845048885509e-09
0.0011380455218208728,0.0,-1.388284504519613e-09
0.0011400456018240731,0.0,1.3882845046690337e-09
0.0011420456818272732,-0.0,-1.3882845049956774e-09
0.0011440457618304733,0.0,1.3882845046331104e-09
0.0011460458418336733,0.0,-1.388284504482069e-09
0.0011480459218368736,0.0,1.3882845048270717e-09
0.0011500460018400737,0.0,-1.3882845047040646e-09
0.0011520460818432738,0.0,1.3882845046282506e-09
0.0011540461618464739,-0.0,-1.3882845050185365e-09
0.0011560462418496742,-0.0,1.3882845046735581e-09
0.0011580463218528742,0.0,-1.3882845044619984e-09
0.0011600464018560743,0.0,1.3882845049567678e-09
0.0011620464818592744,0.0,-1.3882845047766896e-09
0.0011640465618624747,0.0,1.3882845047104094e-09
0.0011660466418656748,0.0,-1.3882845049193956e-09
0.0011680467218688748,-0.0,1.3882845045168477e-09
0.001170046801872075,-0.0,-1.3882845045912638e-09
0.001172046881875275,0.0,1.3882845046650946e-09
0.0011740469618784753,0.0,-1.3882845044681713e-09
0.0011760470418816754,0.0,1.3882845049052692e-09
0.0011780471218848754,0.0,-1.3882845046247396e-09
0.0011800472018880755,-0.0,1.3882845045000603e-09
0.0011820472818912758,-0.0,-1.3882845048956383e-09
0.001184047361894476,0.0,1.388284504599205e-09
0.001186047441897676,0.0,-1.3882845047549477e-09
0.001188047521900876,0.0,1.3882845047688588e-09
0.0011900476019040763,0.0,-1.3882845045916344e-09
0.0011920476819072764,0.0,1.3882845046820996e-09
0.0011940477619104765,-0.0,-1.3882845047253736e-09
0.0011960478419136766,-0.0,1.3882845046898416e-09
0.0011980479219168769,0.0,-1.388284504707045e-09
0.001200048001920077,0.0,1.3882845047742099e-09
0.001202048081923277,0.0,-1.388284504855575e-09
0.001204048161926477,0.0,1.3882845046172704e-09
0.0012060482419296774,-0.0,-1.3882845048537538e-09
0.0012080483219328775,-0.0,1.3882845047817405e-09
0.0012100484019360775,0.0,-1.3882845046204558e-09
0.0012120484819392776,0.0,1.3882845046466543e-09
0.0012140485619424777,0.0,-1.3882845048956518e-09
0.001216048641945678,0.0,1.3882845045236072e-09
0.001218048721948878,0.0,-1.388284504851498e-09
0.0012200488019520781,-0.0,1.3882845045390007e-09
0.0012220488819552782,0.0,-1.3882845046497614e-09
0.0012240489619584785,0.0,1.3882845046138996e-09
0.0012260490419616786,0.0,-1.3882845047076169e-09
0.0012280491219648787,0.0,1.3882845045353408e-09
0.0012300492019680787,0.0,-1.3882845049148523e-09
0.001232049281971279,-0.0,1.3882845046810373e-09
0.0012340493619744791,-0.0,-1.3882845047559794e-09
0.0012360494419776792,0.0,1.3882845046062782e-09
0.0012380495219808793,0.0,-1.3882845045215976e-09
0.0012400496019840796,0.0,1.3882845046980876e-09
0.0012420496819872796,0.0,-1.3882845048365503e-09
0.0012440497619904797,-0.0,1.3882845045947063e-09
0.0012460498419936798,-0.0,-1.388284504705711e-09
0.0012480499219968799,0.0,1.3882845047786957e-09
0.0012500500020000802,0.0,-1.38828450469536e-09
0.0012520500820032802,0.0,1.388284504772692e-09
0.0012540501620064803,0.0,-1.388284504775329e-09
0.0012560502420096804,-0.0,1.3882845046993496e-09
0.0012580503220128807,-0.0,-1.3882845047261077e-09
0.0012600504020160808,0.0,1.3882845043773913e-09
0.0012620504820192808,0.0,-1.388284504729106e-09
0.001264050562022481,0.0,1.3882845047901858e-09
0.0012660506420256812,0.0,-1.3882845046819424e-09
0.0012680507220288813,-0.0,1.388284504571208e-09
0.0012700508020320814,-0.0,-1.3882845045060177e-09
0.0012720508820352814,0.0,1.3882845047009082e-09
0.0012740509620384817,0.0,-1.3882845048008126e-09
0.0012760510420416818,0.0,1.3882845047641758e-09
0.001278051122044882,0.0,-1.3882845047605655e-09
0.001280051202048082,-0.0,1.3882845046763865e-09
0.001282051282051282,-0.0,-1.3882845047964102e-09
0.0012840513620544823,0.0,1.3882845047054391e-09
0.0012860514420576824,0.0,-1.388284504752619e-09
0.0012880515220608825,0.0,1.3882845047069487e-09
0.0012900516020640826,0.0,-1.3882845047969778e-09
0.0012920516820672829,-0.0,1.3882845046393093e-09
0.001294051762070483,-0.0,-1.3882845045813813e-09
0.001296051842073683,0.0,1.3882845046821898e-09
0.001298051922076883,0.0,-1.3882845045704151e-09
0.0013000520020800834,0.0,1.3882845045815748e-09
0.0013020520820832835,0.0,-1.3882845048952884e-09
0.0013040521620864835,-0.0,1.3882845048073176e-09
0.0013060522420896836,-0.0,-1.3882845047971199e-09
0.001308052322092884,0.0,1.3882845045691326e-09
0.001310052402096084,0.0,-1.3882845049009304e-09
0.001312052482099284,0.0,1.388284504692751e-09
0.0013140525621024841,0.0,-1.3882845047842057e-09
0.0013160526421056844,-0.0,1.3882845045485054e-09
0.0013180527221088845,-0.0,-1.3882845050208623e-09
0.0013200528021120846,0.0,1.3882845045847824e-09
0.0013220528821152847,0.0,-1.3882845045781426e-09
0.0013240529621184847,0.0,1.388284504803802e-09
0.001326053042121685,0.0,-1.388284504801477e-09
0.0013280531221248851,-0.0,1.3882845045529337e-09
0.0013300532021280852,-0.0,-1.3882845048298899e-09
0.0013320532821312853,0.0,1.3882845047739049e-09
0.0013340533621344856,0.0,-1.3882845049716819e-09
0.0013360534421376856,0.0,1.3882845047303796e-09
0.0013380535221408857,0.0,-1.388284504771567e-09
0.0013400536021440858,-0.0,1.3882845045296494e-09
0.001342053682147286,0.0,-1.388284504724107e-09
0.0013440537621504862,0.0,1.3882845047085022e-09
0.0013460538421536862,0.0,-1.3882845047134969e-09
0.0013480539221568863,0.0,1.388284504692633e-09
0.0013500540021600866,0.0,-1.3882845049936146e-09
0.0013520540821632867,-0.0,1.3882845046562988e-09
0.0013540541621664868,0.0,-1.3882845047958072e-09
0.0013560542421696868,0.0,1.388284504582671e-09
0.001358054322172887,0.0,-1.3882845047733213e-09
0.0013600544021760872,0.0,1.3882845049210758e-09
0.0013620544821792873,-0.0,-1.3882845046698896e-09
0.0013640545621824874,-0.0,1.3882845048438699e-09
0.0013660546421856874,0.0,-1.3882845047835386e-09
0.0013680547221888877,0.0,1.3882845046862425e-09
0.0013700548021920878,0.0,-1.3882845048936785e-09
0.001372054882195288,0.0,1.3882845045507752e-09
0.001374054962198488,-0.0,-1.388284504907047e-09
0.0013760550422016883,0.0,1.3882845046845172e-09
0.0013780551222048883,0.0,-1.3882845047135136e-09
0.0013800552022080884,0.0,1.3882845046396456e-09
0.0013820552822112885,0.0,-1.3882845046881413e-09
0.0013840553622144888,-0.0,1.38828450476986e-09
0.0013860554422176889,-0.0,-1.3882845047744764e-09
0.001388055522220889,0.0,1.3882845044616907e-09
0.001390055602224089,0.0,-1.3882845047643395e-09
0.001392055682227289,0.0,1.388284504732577e-09
0.0013940557622304894,0.0,-1.388284504779568e-09
0.0013960558422336895,-0.0,1.388284504708834e-09
0.0013980559222368895,0.0,-1.3882845046845594e-09
0.0014000560022400896,0.0,1.388284504490084e-09
0.00140205608224329,0.0,-1.3882845048289215e-09
0.00140405616224649,0.0,1.3882845046838433e-09
0.00140605624224969,0.0,-1.388284504576515e-09
0.0014080563222528901,-0.0,1.388284504885968e-09
0.0014100564022560904,0.0,-1.3882845048656053e-09
0.0014120564822592905,0.0,1.3882845044750391e-09
0.0014140565622624906,0.0,-1.3882845047340623e-09
0.0014160566422656907,0.0,1.3882845048708213e-09
0.001418056722268891,-0.0,-1.3882845045597914e-09
0.001420056802272091,0.0,1.388284504557195e-09
0.0014220568822752911,0.0,-1.388284504826668e-09
0.0014240569622784912,0.0,1.388284504495042e-09
0.0014260570422816915,0.0,-1.3882845046014245e-09
0.0014280571222848916,-0.0,1.3882845048561204e-09
0.0014300572022880916,-0.0,-1.3882845045950738e-09
0.0014320572822912917,0.0,1.3882845044962615e-09
0.0014340573622944918,0.0,-1.388284505073255e-09
0.001436057442297692,0.0,1.3882845046304784e-09
0.0014380575223008922,0.0,-1.3882845045575473e-09
0.0014400576023040922,-0.0,1.3882845047277854e-09
0.0014420576823072923,0.0,-1.3882845048137704e-09
0.0014440577623104926,0.0,1.3882845046504988e-09
0.0014460578423136927,0.0,-1.3882845047389403e-09
0.0014480579223168928,0.0,1.3882845047847862e-09
0.0014500580023200928,-0.0,-1.388284504678879e-09
0.0014520580823232931,0.0,1.3882845048470864e-09
0.0014540581623264932,0.0,-1.3882845046810718e-09
0.0014560582423296933,0.0,1.3882845045639364e-09
0.0014580583223328934,0.0,-1.3882845048036753e-09
0.0014600584023360937,-0.0,1.3882845049382255e-09
0.0014620584823392937,-0.0,-1.388284504354961e-09
0.0014640585623424938,0.0,1.3882845046710125e-09
0.001466058642345694,0.0,-1.3882845047945503e-09
0.001468058722348894,0.0,1.388284504611358e-09
0.0014700588023520943,0.0,-1.3882845046611783e-09
0.0014720588823552943,-0.0,1.388284504794268e-09
0.0014740589623584944,0.0,-1.3882845046503888e-09
0.0014760590423616945,0.0,1.3882845048116551e-09
0.0014780591223648948,0.0,-1.3882845048304402e-09
0.0014800592023680949,0.0,1.3882845046517305e-09
0.001482059282371295,-0.0,-1.3882845045872948e-09
0.001484059362374495,0.0,1.3882845051006387e-09
0.0014860594423776953,0.0,-1.3882845045371542e-09
0.0014880595223808954,0.0,1.388284504900899e-09
0.0014900596023840955,0.0,-1.3882845047465622e-09
0.0014920596823872955,-0.0,1.388284504292473e-09
0.0014940597623904958,0.0,-1.3882845049137402e-09
0.001496059842393696,0.0,1.3882845049205603e-09
0.001498059922396896,0.0,-1.388284504589808e-09
0.001500060002400096,0.0,1.3882845046413686e-09
0.0015020600824032961,-0.0,-1.3882845045214822e-09
0.0015040601624064964,0.0,1.3882845044255896e-09
0.0015060602424096965,0.0,-1.3882845047996904e-09
0.0015080603224128966,0.0,1.3882845049480686e-09
0.0015100604024160967,0.0,-1.3882845046960887e-09
0.001512060482419297,-0.0,1.3882845046518835e-09
0.001514060562422497,-0.0,-1.3882845047817066e-09
0.0015160606424256971,0.0,1.3882845046173924e-09
0.0015180607224288972,0.0,-1.3882845046204424e-09
0.0015200608024320975,0.0,1.38828450486172e-09
0.0015220608824352976,-0.0,-1.388284504795812e-09
0.0015240609624384976,-0.0,1.3882845047559763e-09
0.0015260610424416977,0.0,-1.388284504775913e-09
0.001528061122444898,0.0,1.3882845048795648e-09
0.001530061202448098,0.0,-1.388284504712057e-09
0.0015320612824512982,-0.0,1.3882845048170322e-09
0.0015340613624544982,-0.0,-1.3882845045305626e-09
0.0015360614424576985,0.0,1.3882845048350767e-09
0.0015380615224608986,0.0,-1.3882845048954475e-09
0.0015400616024640987,0.0,1.3882845046545551e-09
0.0015420616824672988,-0.0,-1.3882845047533891e-09
0.0015440617624704988,-0.0,1.3882845046376746e-09
0.0015460618424736991,0.0,-1.3882845047772192e-09
0.0015480619224768992,0.0,1.3882845045859117e-09
0.0015500620024800993,0.0,-1.38828450488516e-09
0.0015520620824832994,-0.0,1.3882845045886652e-09
0.0015540621624864997,-0.0,-1.3882845046463495e-09
0.0015560622424896997,0.0,1.3882845046895465e-09
0.0015580623224928998,0.0,-1.3882845047132022e-09
0.0015600624024961,0.0,1.388284504492263e-09
0.0015620624824993002,-0.0,-1.3882845046291057e-09
0.0015640625625025003,0.0,1.388284504759557e-09
0.0015660626425057003,0.0,-1.3882845048892864e-09
0.0015680627225089004,0.0,1.3882845046889613e-09
0.0015700628025121007,0.0,-1.3882845047170538e-09
0.0015720628825153008,-0.0,1.3882845047471263e-09
0.0015740629625185009,0.0,-1.3882845048667786e-09
0.001576063042521701,0.0,1.3882845046843214e-09
0.001578063122524901,0.0,-1.388284504731062e-09
0.0015800632025281013,0.0,1.3882845048431308e-09
0.0015820632825313014,-0.0,-1.3882845048291216e-09
0.0015840633625345015,0.0,1.3882845045887326e-09
0.0015860634425377015,0.0,-1.3882845048416549e-09
0.0015880635225409018,0.0,1.3882845048909722e-09
0.001590063602544102,0.0,-1.3882845047852443e-09
0.001592063682547302,-0.0,1.3882845045250337e-09
0.001594063762550502,0.0,-1.3882845048018203e-09
0.0015960638425537024,0.0,1.3882845048178298e-09
0.0015980639225569024,0.0,-1.3882845048566854e-09
0.0016000640025601025,0.0,1.3882845048827577e-09
0.0016020640825633026,-0.0,-1.3882845048576925e-09
0.0016040641625665029,0.0,1.388284504432201e-09
0.001606064242569703,0.0,-1.388284505014048e-09
0.001608064322572903,0.0,1.3882845049262155e-09
0.0016100644025761031,0.0,-1.388284504383731e-09
0.0016120644825793032,-0.0,1.388284504598545e-09
0.0016140645625825035,0.0,-1.3882845049071637e-09
0.0016160646425857036,0.0,1.3882845047458413e-09
0.0016180647225889036,0.0,-1.3882845045822459e-09
0.0016200648025921037,-0.0,1.3882845048814942e-09
0.001622064882595304,0.0,-1.388284504686486e-09
0.001624064962598504,0.0,1.3882845044648261e-09
0.0016260650426017042,0.0,-1.388284504933068e-09
0.0016280651226049042,0.0,1.3882845046992754e-09
0.0016300652026081045,-0.0,-1.3882845046575214e-09
0.0016320652826113046,0.0,1.3882845046598745e-09
0.0016340653626145047,0.0,-1.38828450486645e-09
0.0016360654426177048,0.0,1.3882845045037297e-09
0.001638065522620905,0.0,-1.3882845043049203e-09
0.0016400656026241051,-0.0,1.3882845049375317e-09
0.0016420656826273052,0.0,-1.3882845049703133e-09
0.0016440657626305053,0.0,1.3882845042827174e-09
0.0016460658426337054,0.0,-1.388284504728648e-09
0.0016480659226369057,-0.0,1.3882845050473894e-09
0.0016500660026401057,-0.0,-1.3882845045617632e-09
0.0016520660826433058,0.0,1.3882845045070374e-09
0.001654066162646506,0.0,-1.3882845047537558e-09
0.0016560662426497062,0.0,1.3882845047389776e-09
0.0016580663226529063,-0.0,-1.388284504519325e-09
0.0016600664026561063,0.0,1.388284505065685e-09
0.0016620664826593064,0.0,-1.3882845049580328e-09
0.0016640665626625067,0.0,1.3882845046413512e-09
0.0016660666426657068,0.0,-1.3882845045699445e-09
0.0016680667226689069,-0.0,1.3882845046453794e-09
0.001670066802672107,0.0,-1.3882845049385634e-09
0.0016720668826753072,0.0,1.3882845046436787e-09
0.0016740669626785073,0.0,-1.388284504567803e-09
0.0016760670426817074,-0.0,1.3882845048449946e-09
0.0016780671226849075,0.0,-1.3882845047794333e-09
0.0016800672026881078,0.0,1.3882845043183085e-09
0.0016820672826913078,0.0,-1.3882845047125576e-09
0.001684067362694508,0.0,1.3882845049430964e-09
0.001686067442697708,-0.0,-1.3882845045920688e-09
0.001688067522700908,0.0,1.3882845044273915e-09
0.0016900676027041084,0.0,-1.388284505046251e-09
0.0016920676827073084,0.0,1.3882845049237832e-09
0.0016940677627105085,-0.0,-1.3882845043640799e-09
0.0016960678427137086,-0.0,1.3882845047581127e-09
0.001698067922716909,0.0,-1.3882845050225434e-09
0.001700068002720109,0.0,1.3882845046080192e-09
0.001702068082723309,0.0,-1.3882845044540887e-09
0.0017040681627265091,-0.0,1.3882845052686978e-09
0.0017060682427297094,0.0,-1.3882845047505019e-09
0.0017080683227329095,0.0,1.3882845043456821e-09
0.0017100684027361096,0.0,-1.3882845046478934e-09
0.0017120684827393096,-0.0,1.3882845050130924e-09
0.00171406856274251,-0.0,-1.3882845044932516e-09
0.00171606864274571,0.0,1.388284504409618e-09
0.00171806872274891,0.0,-1.3882845052008117e-09
0.0017200688027521102,0.0,1.3882845047367175e-09
0.0017220688827553102,-0.0,-1.3882845045302247e-09
0.0017240689627585105,0.0,1.388284504876194e-09
0.0017260690427617106,0.0,-1.3882845050882147e-09
0.0017280691227649107,0.0,1.3882845047571534e-09
0.0017300692027681108,-0.0,-1.3882845046152316e-09
0.001732069282771311,-0.0,1.3882845046963825e-09
0.0017340693627745111,0.0,-1.388284504862585e-09
0.0017360694427777112,0.0,1.388284504601318e-09
0.0017380695227809113,0.0,-1.3882845046035216e-09
0.0017400696027841116,-0.0,1.388284504996228e-09
0.0017420696827873117,0.0,-1.3882845047881154e-09
0.0017440697627905117,0.0,1.3882845046220016e-09
0.0017460698427937118,0.0,-1.3882845045645394e-09
0.0017480699227969121,-0.0,1.3882845048994465e-09
0.0017500700028001122,0.0,-1.3882845047777843e-09
0.0017520700828033123,0.0,1.3882845046307042e-09
0.0017540701628065123,0.0,-1.388284504618553e-09
0.0017560702428097124,0.0,1.3882845049228236e-09
0.0017580703228129127,-0.0,-1.3882845047884411e-09
0.0017600704028161128,0.0,1.3882845044275474e-09
0.0017620704828193129,0.0,-1.3882845047538124e-09
0.001764070562822513,0.0,1.3882845047360582e-09
0.0017660706428257132,-0.0,-1.3882845043498557e-09
0.0017680707228289133,0.0,1.3882845044710015e-09
0.0017700708028321134,0.0,-1.3882845049614935e-09
0.0017720708828353135,0.0,1.3882845045699128e-09
0.0017740709628385138,-0.0,-1.388284504540769e-09
0.0017760710428417138,0.0,1.3882845048036982e-09
0.001778071122844914,0.0,-1.388284504823029e-09
0.001780071202848114,0.0,1.38828450461465e-09
0.0017820712828513143,0.0,-1.3882845044868428e-09
0.0017840713628545144,-0.0,1.3882845048563074e-09
0.0017860714428577144,0.0,-1.3882845049414753e-09
0.0017880715228609145,0.0,1.388284504325204e-09
0.0017900716028641148,0.0,-1.3882845044713919e-09
0.001792071682867315,-0.0,1.388284504900514e-09
0.001794071762870515,0.0,-1.3882845047852592e-09
0.001796071842873715,0.0,1.3882845045059624e-09
0.0017980719228769151,0.0,-1.3882845047755665e-09
0.0018000720028801154,-0.0,1.3882845049028549e-09
0.0018020720828833155,0.0,-1.3882845043258792e-09
0.0018040721628865156,0.0,1.3882845047102388e-09
0.0018060722428897156,0.0,-1.3882845048456686e-09
0.001808072322892916,0.0,1.3882845047517664e-09
0.001810072402896116,-0.0,-1.3882845045482159e-09
0.001812072482899316,0.0,1.3882845048329716e-09
0.0018140725629025162,0.0,-1.3882845049135365e-09
0.0018160726429057165,0.0,1.388284504702968e-09
0.0018180727229089165,-0.0,-1.388284504361824e-09
0.0018200728029121166,0.0,1.3882845049510268e-09
0.0018220728829153167,0.0,-1.3882845047562437e-09
0.001824072962918517,0.0,1.3882845044400442e-09
0.001826073042921717,-0.0,-1.3882845046155602e-09
0.0018280731229249171,0.0,1.3882845048412283e-09
0.0018300732029281172,0.0,-1.388284504723588e-09
0.0018320732829313173,0.0,1.388284504579771e-09
0.0018340733629345176,-0.0,-1.3882845047357909e-09
0.0018360734429377177,0.0,1.388284504747963e-09
0.0018380735229409177,0.0,-1.3882845048151257e-09
0.0018400736029441178,0.0,1.388284504666864e-09
0.0018420736829473181,-0.0,-1.3882845048850027e-09
0.0018440737629505182,0.0,1.388284504498195e-09
0.0018460738429537183,0.0,-1.3882845047896484e-09
0.0018480739229569183,0.0,1.388284504657589e-09
0.0018500740029601186,0.0,-1.3882845047823725e-09
0.0018520740829633187,-0.0,1.3882845044035323e-09
0.0018540741629665188,0.0,-1.388284504978958e-09
0.0018560742429697189,0.0,1.3882845046985938e-09
0.0018580743229729192,0.0,-1.388284504569152e-09
0.0018600744029761192,-0.0,1.3882845046996799e-09
0.0018620744829793193,0.0,-1.3882845048481313e-09
0.0018640745629825194,0.0,1.3882845047150321e-09
0.0018660746429857195,0.0,-1.3882845047416318e-09
0.0018680747229889198,-0.0,1.3882845046285936e-09
0.0018700748029921198,0.0,-1.3882845048128992e-09
0.00187207488299532,0.0,1.3882845045219535e-09
0.00187407496299852,0.0,-1.3882845047653169e-09
0.0018760750430017203,-0.0,1.388284504776755e-09
0.0018780751230049204,0.0,-1.3882845047959875e-09
0.0018800752030081204,0.0,1.3882845045431457e-09
0.0018820752830113205,0.0,-1.3882845046407788e-09
0.0018840753630145208,-0.0,1.388284504866664e-09
0.001886075443017721,0.0,-1.3882845048777824e-09
0.001888075523020921,0.0,1.3882845046459702e-09
0.001890075603024121,0.0,-1.3882845045976498e-09
0.0018920756830273213,-0.0,1.3882845046479881e-09
0.0018940757630305214,0.0,-1.3882845048869494e-09
0.0018960758430337215,0.0,1.3882845047591872e-09
0.0018980759230369216,0.0,-1.388284504441347e-09
0.0019000760030401219,-0.0,1.3882845047582374e-09
0.001902076083043322,0.0,-1.38828450472067e-09
0.001904076163046522,0.0,1.3882845046587013e-09
0.001906076243049722,0.0,-1.388284504504616e-09
0.0019080763230529222,-0.0,1.3882845049623767e-09
0.0019100764030561225,0.0,-1.3882845048552754e-09
0.0019120764830593225,0.0,1.3882845045171805e-09
0.0019140765630625226,0.0,-1.3882845045821747e-09
0.0019160766430657227,-0.0,1.3882845049463555e-09
0.001918076723068923,0.0,-1.388284504950506e-09
0.001920076803072123,0.0,1.3882845047044657e-09
0.0019220768830753231,0.0,-1.3882845049255264e-09
0.0019240769630785232,-0.0,1.3882845049303458e-09
0.0019260770430817235,0.0,-1.3882845045431436e-09
0.0019280771230849236,0.0,1.3882845046432935e-09
0.0019300772030881237,0.0,-1.3882845047525998e-09
0.0019320772830913237,-0.0,1.388284504832551e-09
0.001934077363094524,0.0,-1.3882845045047428e-09
0.0019360774430977241,0.0,1.3882845047009426e-09
0.0019380775231009242,0.0,-1.3882845048337346e-09
0.0019400776031041243,-0.0,1.3882845049055476e-09
0.0019420776831073243,0.0,-1.3882845045301476e-09
0.0019440777631105246,0.0,1.3882845048018243e-09
0.0019460778431137247,0.0,-1.388284504814731e-09
0.0019480779231169248,-0.0,1.3882845048436976e-09
0.0019500780031201249,0.0,-1.3882845047508104e-09
0.0019520780831233252,0.0,1.3882845049000083e-09
0.001954078163126525,0.0,-1.388284504647899e-09
0.0019560782431297255,-0.0,1.3882845045529622e-09
0.0019580783231329256,0.0,-1.3882845043584455e-09
0.0019600784031361257,0.0,1.3882845047822238e-09
0.0019620784831393258,0.0,-1.3882845047949897e-09
0.001964078563142526,-0.0,1.3882845045974997e-09
0.001966078643145726,0.0,-1.3882845045568862e-09
0.001968078723148926,0.0,1.3882845047499536e-09
0.001970078803152126,0.0,-1.3882845048305159e-09
0.0019720788831553266,-0.0,1.3882845046962328e-09
0.0019740789631585267,0.0,-1.388284504600627e-09
0.0019760790431617267,0.0,1.3882845046948808e-09
0.001978079123164927,0.0,-1.3882845049373057e-09
0.001980079203168127,-0.0,1.3882845048016888e-09
0.001982079283171327,0.0,-1.3882845044628523e-09
0.001984079363174527,0.0,1.388284504927782e-09
0.001986079443177727,0.0,-1.388284504900069e-09
0.001988079523180927,-0.0,1.3882845045671635e-09
0.0019900796031841277,0.0,-1.3882845044376814e-09
0.001992079683187328,0.0,1.388284505022454e-09
0.001994079763190528,0.0,-1.3882845047307333e-09
0.001996079843193728,-0.0,1.3882845048309582e-09
0.001998079923196928,0.0,-1.3882845044722695e-09
0.002000080003200128,0.0,1.3882845048914832e-09
0.002002080083203328,-0.0,-1.3882845049532227e-09
0.0020040801632065283,0.0,1.3882845048083724e-09
0.0020060802432097288,0.0,-1.3882845043755814e-09
0.002008080323212929,0.0,1.3882845047851233e-09
0.002010080403216129,-0.0,-1.3882845050485516e-09
0.002012080483219329,0.0,1.3882845047406365e-09
0.002014080563222529,0.0,-1.3882845043247195e-09
0.002016080643225729,0.0,1.3882845046190672e-09
0.0020180807232289292,-0.0,-1.3882845048261812e-09
0.0020200808032321293,0.0,1.3882845046627322e-09
0.0020220808832353294,0.0,-1.388284504511401e-09
0.00202408096323853,0.0,1.3882845047147726e-09
0.00202608104324173,-0.0,-1.388284504708356e-09
0.00202808112324493,0.0,1.3882845048129736e-09
0.00203008120324813,0.0,-1.388284504666821e-09
0.00203208128325133,0.0,1.3882845047425222e-09
0.0020340813632545303,-0.0,-1.3882845047473613e-09
0.0020360814432577303,0.0,1.3882845048848192e-09
0.0020380815232609304,0.0,-1.3882845045796607e-09
0.002040081603264131,-0.0,1.3882845047639338e-09
0.002042081683267331,0.0,-1.3882845046452371e-09
0.002044081763270531,0.0,1.3882845048069524e-09
0.002046081843273731,0.0,-1.388284504576996e-09
0.0020480819232769312,-0.0,1.388284504608621e-09
0.0020500820032801313,0.0,-1.3882845047838807e-09
0.0020520820832833314,0.0,1.388284504818948e-09
0.0020540821632865315,0.0,-1.3882845046839184e-09
0.0020560822432897316,-0.0,1.388284504688068e-09
0.002058082323292932,0.0,-1.3882845045754276e-09
0.002060082403296132,0.0,1.388284504673662e-09
0.002062082483299332,0.0,-1.388284504662503e-09
0.0020640825633025323,-0.0,1.388284504715085e-09
0.0020660826433057324,0.0,-1.388284504606524e-09
0.0020680827233089324,0.0,1.3882845049802368e-09
0.0020700828033121325,-0.0,-1.3882845044686537e-09
0.0020720828833153326,0.0,1.3882845044828235e-09
0.002074082963318533,0.0,-1.3882845048467346e-09
0.002076083043321733,0.0,1.3882845049311535e-09
0.0020780831233249333,-0.0,-1.3882845043594853e-09
0.0020800832033281333,0.0,1.3882845046889193e-09
0.0020820832833313334,0.0,-1.3882845046930806e-09
0.0020840833633345335,0.0,1.3882845049779542e-09
0.0020860834433377336,-0.0,-1.3882845046119977e-09
0.0020880835233409336,0.0,1.3882845044404779e-09
0.0020900836033441337,0.0,-1.3882845047569011e-09
0.0020920836833473342,0.0,1.3882845049075843e-09
0.0020940837633505343,0.0,-1.3882845045820068e-09
0.0020960838433537344,0.0,1.388284504663154e-09
0.0020980839233569345,0.0,-1.388284504571359e-09
0.0021000840033601345,-0.0,1.3882845048420062e-09
0.0021020840833633346,0.0,-1.3882845046848798e-09
0.0021040841633665347,0.0,1.3882845043976382e-09
0.0021060842433697348,0.0,-1.3882845045532658e-09
0.0021080843233729353,-0.0,1.3882845048798528e-09
0.0021100844033761354,0.0,-1.3882845046844523e-09
0.0021120844833793354,0.0,1.3882845044696263e-09
0.0021140845633825355,0.0,-1.388284504724959e-09
0.0021160846433857356,0.0,1.3882845048062358e-09
0.0021180847233889357,0.0,-1.3882845047549339e-09
0.0021200848033921357,0.0,1.3882845044277995e-09
0.002122084883395336,-0.0,-1.3882845046488862e-09
0.002124084963398536,0.0,1.3882845048294395e-09
0.0021260850434017364,0.0,-1.3882845051282651e-09
0.0021280851234049365,0.0,1.3882845045845922e-09
0.0021300852034081366,-0.0,-1.388284504739414e-09
0.0021320852834113366,0.0,1.3882845048120275e-09
0.0021340853634145367,0.0,-1.3882845048218662e-09
0.002136085443417737,-0.0,1.3882845044859809e-09
0.002138085523420937,0.0,-1.3882845045518983e-09
0.002140085603424137,0.0,1.38828450469444e-09
0.0021420856834273375,0.0,-1.3882845048145333e-09
0.0021440857634305375,-0.0,1.3882845045938713e-09
0.0021460858434337376,0.0,-1.3882845045324084e-09
0.0021480859234369377,0.0,1.38828450470005e-09
0.0021500860034401378,0.0,-1.3882845050852126e-09
0.002152086083443338,0.0,1.3882845047922147e-09
0.002154086163446538,0.0,-1.3882845042688495e-09
0.002156086243449738,0.0,1.388284504584764e-09
0.002158086323452938,-0.0,-1.388284505075875e-09
0.0021600864034561386,0.0,1.388284504838635e-09
0.0021620864834593387,0.0,-1.3882845045913846e-09
0.0021640865634625387,0.0,1.3882845044072107e-09
0.002166086643465739,-0.0,-1.3882845049031522e-09
0.002168086723468939,0.0,1.3882845049539225e-09
0.002170086803472139,0.0,-1.3882845046519427e-09
0.002172086883475339,-0.0,1.388284504177814e-09
0.002174086963478539,0.0,-1.3882845047577546e-09
0.0021760870434817396,0.0,1.3882845049965101e-09
0.0021780871234849397,0.0,-1.3882845048750893e-09
0.00218008720348814,-0.0,1.388284504304221e-09
0.00218208728349134,0.0,-1.3882845046711686e-09
0.00218408736349454,0.0,1.3882845047635421e-09
0.00218608744349774,-0.0,-1.3882845049846254e-09
0.00218808752350094,0.0,1.388284504702694e-09
0.00219008760350414,0.0,-1.3882845044810531e-09
0.0021920876835073407,0.0,1.3882845047196987e-09
0.0021940877635105408,-0.0,-1.3882845049838861e-09
0.002196087843513741,0.0,1.3882845049649983e-09
0.002198087923516941,0.0,-1.3882845047139953e-09
0.002200088003520141,-0.0,1.3882845046615196e-09
0.002202088083523341,0.0,-1.3882845048919084e-09
0.002204088163526541,0.0,1.3882845046870151e-09
0.0022060882435297412,0.0,-1.3882845047928518e-09
0.0022080883235329413,-0.0,1.3882845045785296e-09
0.002210088403536142,0.0,-1.388284504760191e-09
0.002212088483539342,0.0,1.3882845045647576e-09
0.002214088563542542,-0.0,-1.3882845049281139e-09
0.002216088643545742,0.0,1.3882845045033723e-09
0.002218088723548942,0.0,-1.3882845047348456e-09
0.002220088803552142,0.0,1.3882845045290304e-09
0.0022220888835553423,-0.0,-1.3882845048451704e-09
0.0022240889635585423,0.0,1.3882845048000955e-09
0.002226089043561743,0.0,-1.3882845047156269e-09
0.002228089123564943,-0.0,1.38828450460927e-09
0.002230089203568143,0.0,-1.3882845048722227e-09
0.002232089283571343,0.0,1.3882845045244135e-09
0.002234089363574543,0.0,-1.3882845049549745e-09
0.0022360894435777432,-0.0,1.3882845046336442e-09
0.0022380895235809433,0.0,-1.388284504705242e-09
0.0022400896035841434,0.0,1.38828450469863e-09
0.0022420896835873435,-0.0,-1.3882845047698916e-09
0.002244089763590544,0.0,1.3882845048791501e-09
0.002246089843593744,0.0,-1.3882845047878307e-09
0.002248089923596944,0.0,1.3882845047807051e-09
0.0022500900036001442,0.0,-1.3882845049281707e-09
0.0022520900836033443,0.0,1.3882845045803992e-09
0.0022540901636065444,0.0,-1.3882845047469007e-09
0.0022560902436097444,-0.0,1.3882845048703928e-09
0.0022580903236129445,0.0,-1.3882845046636433e-09
0.002260090403616145,0.0,1.3882845046665591e-09
0.002262090483619345,-0.0,-1.3882845047692261e-09
0.002264090563622545,0.0,1.3882845048047936e-09
0.0022660906436257453,0.0,-1.3882845047436367e-09
0.0022680907236289453,0.0,1.3882845048840717e-09
0.0022700908036321454,-0.0,-1.3882845045652473e-09
0.0022720908836353455,0.0,1.3882845044679092e-09
0.0022740909636385456,0.0,-1.3882845046053629e-09
0.0022760910436417457,-0.0,1.3882845048683377e-09
0.002278091123644946,0.0,-1.388284504653104e-09
0.0022800912036481462,0.0,1.3882845044387761e-09
0.0022820912836513463,-0.0,-1.3882845044484223e-09
0.0022840913636545464,0.0,1.3882845049395968e-09
0.0022860914436577465,0.0,-1.3882845045621886e-09
0.0022880915236609465,0.0,1.3882845045997077e-09
0.0022900916036641466,-0.0,-1.3882845042391996e-09
0.0022920916836673467,0.0,1.3882845047523132e-09
0.002294091763670547,0.0,-1.388284504885078e-09
0.0022960918436737473,-0.0,1.388284504867831e-09
0.0022980919236769474,0.0,-1.388284504498317e-09
0.0023000920036801474,0.0,1.3882845046499587e-09
0.0023020920836833475,0.0,-1.3882845046381066e-09
0.0023040921636865476,0.0,1.3882845047913325e-09
0.0023060922436897477,0.0,-1.3882845047856816e-09
0.0023080923236929477,0.0,1.3882845047272103e-09
0.002310092403696148,-0.0,-1.3882845044935502e-09
0.0023120924836993483,0.0,1.3882845048907133e-09
0.0023140925637025484,0.0,-1.3882845049421156e-09
0.0023160926437057485,-0.0,1.3882845048008993e-09
0.0023180927237089486,0.0,-1.388284504506194e-09
0.0023200928037121486,0.0,1.388284504777281e-09
0.0023220928837153487,0.0,-1.3882845047097998e-09
0.002324092963718549,0.0,1.3882845046948746e-09
0.002326093043721749,0.0,-1.388284504558165e-09
0.0023280931237249494,0.0,1.3882845047595524e-09
0.0023300932037281495,-0.0,-1.3882845047038265e-09
0.0023320932837313495,0.0,1.3882845048896888e-09
0.0023340933637345496,0.0,-1.388284504677649e-09
0.0023360934437377497,-0.0,1.3882845047518793e-09
0.0023380935237409498,0.0,-1.388284504609869e-09
0.00234009360374415,0.0,1.3882845045453991e-09
0.00234209368374735,-0.0,-1.3882845046473024e-09
0.00234409376375055,0.0,1.3882845050103983e-09
0.0023460938437537505,0.0,-1.388284504667412e-09
0.0023480939237569506,0.0,1.388284504617112e-09
0.0023500940037601507,-0.0,-1.3882845045763958e-09
0.0023520940837633507,0.0,1.3882845049779052e-09
0.002354094163766551,0.0,-1.388284504876749e-09
0.002356094243769751,-0.0,1.3882845048310188e-09
0.002358094323772951,0.0,-1.3882845045019237e-09
0.002360094403776151,0.0,1.3882845047576003e-09
0.0023620944837793516,-0.0,-1.3882845047150582e-09
0.0023640945637825516,0.0,1.3882845049515282e-09
0.0023660946437857517,0.0,-1.3882845047046682e-09
0.002368094723788952,0.0,1.3882845046087446e-09
0.002370094803792152,0.0,-1.388284504686252e-09
0.002372094883795352,0.0,1.3882845048302867e-09
0.002374094963798552,0.0,-1.3882845048127627e-09
0.002376095043801752,-0.0,1.388284504730808e-09
0.002378095123804952,0.0,-1.3882845044687604e-09
0.0023800952038081527,0.0,1.3882845043762142e-09
0.0023820952838113528,-0.0,-1.3882845049086702e-09
0.002384095363814553,0.0,1.3882845050698924e-09
0.002386095443817753,0.0,-1.3882845046987979e-09
0.002388095523820953,-0.0,1.3882845042610702e-09
0.002390095603824153,0.0,-1.3882845043792287e-09
0.002392095683827353,0.0,1.3882845046547015e-09
0.0023940957638305532,-0.0,-1.3882845049840859e-09
0.0023960958438337537,0.0,1.3882845049053091e-09
0.002398095923836954,0.0,-1.3882845045533262e-09
0.002400096003840154,0.0,1.3882845043426391e-09
0.002402096083843354,0.0,-1.3882845047419163e-09
0.002404096163846554,0.0,1.3882845050896215e-09
0.002406096243849754,0.0,-1.3882845048669836e-09
0.002408096323852954,-0.0,1.3882845046709345e-09
0.0024100964038561543,0.0,-1.3882845044870148e-09
0.002412096483859355,0.0,1.388284504907384e-09
0.002414096563862555,-0.0,-1.3882845047580091e-09
0.002416096643865755,0.0,1.3882845049489206e-09
0.002418096723868955,0.0,-1.3882845044045991e-09
0.002420096803872155,-0.0,1.388284504488454e-09
0.002422096883875355,0.0,-1.3882845048028074e-09
0.0024240969638785552,0.0,1.3882845047692904e-09
0.0024260970438817553,-0.0,-1.388284504677963e-09
0.0024280971238849554,0.0,1.3882845046489807e-09
0.002430097203888156,0.0,-1.3882845044250476e-09
0.002432097283891356,0.0,1.3882845047397098e-09
0.002434097363894556,0.0,-1.3882845046250113e-09
0.002436097443897756,0.0,1.3882845048742588e-09
0.0024380975239009562,0.0,-1.3882845046539914e-09
0.0024400976039041563,-0.0,1.3882845048365834e-09
0.0024420976839073564,0.0,-1.3882845045943434e-09
0.0024440977639105564,0.0,1.3882845047622104e-09
0.002446097843913757,-0.0,-1.3882845046514873e-09
0.002448097923916957,0.0,1.3882845048266564e-09
0.002450098003920157,0.0,-1.3882845044966968e-09
0.002452098083923357,-0.0,1.3882845047641255e-09
0.0024540981639265573,0.0,-1.388284504784334e-09
0.0024560982439297573,0.0,1.388284504919795e-09
0.0024580983239329574,-0.0,-1.3882845045565501e-09
0.0024600984039361575,0.0,1.3882845046639974e-09
0.0024620984839393576,0.0,-1.388284504833986e-09
0.002464098563942558,-0.0,1.3882845047411425e-09
0.002466098643945758,0.0,-1.388284504512406e-09
0.0024680987239489582,0.0,1.3882845046287921e-09
0.0024700988039521583,-0.0,-1.3882845046160004e-09
0.0024720988839553584,0.0,1.3882845046829706e-09
0.0024740989639585585,0.0,-1.3882845048741831e-09
0.0024760990439617585,-0.0,1.3882845045114229e-09
0.0024780991239649586,0.0,-1.3882845045442737e-09
0.002480099203968159,0.0,1.3882845048221779e-09
0.002482099283971359,0.0,-1.3882845046120825e-09
0.0024840993639745593,0.0,1.3882845047818096e-09
0.0024860994439777594,0.0,-1.388284504552608e-09
0.0024880995239809594,0.0,1.3882845046952625e-09
0.0024900996039841595,0.0,-1.3882845044325518e-09
0.0024920996839873596,0.0,1.3882845046895601e-09
0.0024940997639905597,0.0,-1.3882845048156386e-09
0.0024960998439937598,-0.0,1.388284504881538e-09
0.0024980999239969603,0.0,-1.3882845045274218e-09
0.0025001000040001603,0.0,1.388284504671962e-09
0.0025021000840033604,-0.0,-1.3882845045184918e-09
0.0025041001640065605,0.0,1.388284504870055e-09
0.0025061002440097606,0.0,-1.3882845047634836e-09
0.0025081003240129606,-0.0,1.3882845046504856e-09
0.0025101004040161607,0.0,-1.388284504613389e-09
0.002512100484019361,0.0,1.3882845046951465e-09
0.0025141005640225613,-0.0,-1.388284504652411e-09
0.0025161006440257614,0.0,1.388284504907509e-09
0.0025181007240289615,0.0,-1.3882845045931665e-09
0.0025201008040321615,-0.0,1.388284504558865e-09
0.0025221008840353616,0.0,-1.3882845045322777e-09
0.0025241009640385617,0.0,1.3882845046826391e-09
0.0025261010440417618,-0.0,-1.3882845047636588e-09
0.002528101124044962,0.0,1.3882845048941149e-09
0.002530101204048162,0.0,-1.3882845046652022e-09
0.0025321012840513624,-0.0,1.38828450482925e-09
0.0025341013640545625,0.0,-1.3882845045973324e-09
0.0025361014440577626,0.0,1.3882845048106366e-09
0.0025381015240609627,-0.0,-1.3882845048606527e-09
0.0025401016040641627,0.0,1.388284504790371e-09
0.002542101684067363,0.0,-1.3882845046257324e-09
0.002544101764070563,-0.0,1.3882845045681482e-09
0.002546101844073763,0.0,-1.3882845047284244e-09
0.0025481019240769635,0.0,1.3882845049152144e-09
0.0025501020040801636,-0.0,-1.3882845050026869e-09
0.0025521020840833636,0.0,1.3882845047650228e-09
0.0025541021640865637,0.0,-1.388284504550666e-09
0.002556102244089764,-0.0,1.38828450463902e-09
0.002558102324092964,0.0,-1.388284504515669e-09
0.002560102404096164,0.0,1.3882845046034767e-09
0.002562102484099364,-0.0,-1.3882845046937887e-09
0.002564102564102564,0.0,1.3882845049497864e-09
0.0025661026441057646,0.0,-1.3882845047114471e-09
0.0025681027241089647,-0.0,1.388284504617693e-09
0.0025701028041121648,0.0,-1.3882845046750359e-09
0.002572102884115365,0.0,1.3882845048734629e-09
0.002574102964118565,-0.0,-1.388284504743519e-09
0.002576103044121765,0.0,1.3882845047370622e-09
0.002578103124124965,0.0,-1.3882845047035957e-09
0.002580103204128165,-0.0,1.3882845045612433e-09
0.0025821032841313657,0.0,-1.3882845045840452e-09
0.0025841033641345657,0.0,1.3882845047099464e-09
0.002586103444137766,-0.0,-1.388284504787159e-09
0.002588103524140966,0.0,1.3882845047915383e-09
0.002590103604144166,0.0,-1.3882845047229766e-09
0.002592103684147366,-0.0,1.3882845047224958e-09
0.002594103764150566,0.0,-1.3882845046549608e-09
0.002596103844153766,0.0,1.3882845045919187e-09
0.0025981039241569663,-0.0,-1.3882845047534861e-09
0.002600104004160167,0.0,1.3882845047655416e-09
0.002602104084163367,0.0,-1.388284504746443e-09
0.002604104164166567,-0.0,1.3882845047089137e-09
0.002606104244169767,0.0,-1.3882845044811811e-09
0.002608104324172967,0.0,1.3882845048940812e-09
0.002610104404176167,-0.0,-1.3882845047148224e-09
0.0026121044841793672,0.0,1.3882845048079425e-09
0.0026141045641825673,0.0,-1.3882845045706138e-09
0.002616104644185768,-0.0,1.3882845045427354e-09
0.002618104724188968,0.0,-1.3882845046927835e-09
0.002620104804192168,0.0,1.3882845047303666e-09
0.002622104884195368,-0.0,-1.3882845047511967e-09
0.002624104964198568,0.0,1.3882845045891125e-09
0.0026261050442017682,0.0,-1.388284504604569e-09
0.0026281051242049683,-0.0,1.3882845046377838e-09
0.0026301052042081684,0.0,-1.38828450451451e-09
0.002632105284211369,0.0,1.388284504661538e-09
0.002634105364214569,-0.0,-1.3882845047547591e-09
0.002636105444217769,0.0,1.388284504867367e-09
0.002638105524220969,0.0,-1.3882845047915215e-09
0.002640105604224169,0.0,1.3882845047719442e-09
0.0026421056842273693,0.0,-1.38828450474083e-09
0.0026441057642305693,0.0,1.3882845045713988e-09
0.0026461058442337694,0.0,-1.3882845046979405e-09
0.0026481059242369695,0.0,1.3882845046061286e-09
0.00265010600424017,0.0,-1.3882845047447492e-09
0.00265210608424337,0.0,1.3882845048396713e-09
0.00265410616424657,0.0,-1.3882845046605687e-09
0.0026561062442497702,-0.0,1.3882845045640216e-09
0.0026581063242529703,0.0,-1.3882845047820048e-09
0.0026601064042561704,0.0,1.3882845046300474e-09
0.0026621064842593705,-0.0,-1.3882845048317843e-09
0.0026641065642625705,0.0,1.388284504691349e-09
0.002666106644265771,0.0,-1.3882845046531865e-09
0.002668106724268971,-0.0,1.388284504590632e-09
0.002670106804272171,0.0,-1.3882845046953483e-09
0.0026721068842753713,0.0,1.3882845047974208e-09
0.0026741069642785714,-0.0,-1.3882845047869148e-09
0.0026761070442817714,0.0,1.3882845045712053e-09
0.0026781071242849715,0.0,-1.3882845046531652e-09
0.0026801072042881716,-0.0,1.3882845045870166e-09
0.0026821072842913717,0.0,-1.3882845048508068e-09
0.002684107364294572,0.0,1.3882845047674311e-09
0.0026861074442977723,-0.0,-1.3882845049437997e-09
0.0026881075243009723,0.0,1.3882845046988084e-09
0.0026901076043041724,0.0,-1.3882845047329758e-09
0.0026921076843073725,0.0,1.3882845045286078e-09
0.0026941077643105726,0.0,-1.3882845049236756e-09
0.0026961078443137726,0.0,1.3882845049170228e-09
0.0026981079243169727,0.0,-1.388284504720428e-09
0.0027001080043201732,0.0,1.388284504543666e-09
0.0027021080843233733,-0.0,-1.3882845044946685e-09
0.0027041081643265734,0.0,1.3882845045376007e-09
0.0027061082443297735,0.0,-1.3882845047575064e-09
0.0027081083243329735,-0.0,1.3882845047587393e-09
0.0027101084043361736,0.0,-1.3882845049300294e-09
0.0027121084843393737,0.0,1.3882845046947559e-09
0.0027141085643425738,-0.0,-1.3882845047320264e-09
0.002716108644345774,0.0,1.3882845046561096e-09
0.0027181087243489744,0.0,-1.388284504954389e-09
0.0027201088043521744,-0.0,1.3882845048583724e-09
0.0027221088843553745,0.0,-1.3882845047570279e-09
0.0027241089643585746,0.0,1.3882845047698258e-09
0.0027261090443617747,0.0,-1.3882845047799458e-09
0.0027281091243649747,0.0,1.3882845046067408e-09
0.002730109204368175,0.0,-1.388284504686634e-09
0.002732109284371375,0.0,1.3882845046371092e-09
0.0027341093643745754,0.0,-1.3882845047792154e-09
0.0027361094443777755,-0.0,1.3882845047442455e-09
0.0027381095243809756,0.0,-1.3882845047426273e-09
0.0027401096043841756,0.0,1.3882845047352532e-09
0.0027421096843873757,-0.0,-1.3882845046176577e-09
0.002744109764390576,0.0,1.3882845047697923e-09
0.002746109844393776,0.0,-1.388284504630967e-09
0.002748109924396976,-0.0,1.3882845047049893e-09
0.002750110004400176,0.0,-1.3882845046467476e-09
0.0027521100844033765,0.0,1.3882845047102672e-09
0.0027541101644065766,0.0,-1.3882845046056549e-09
0.0027561102444097767,0.0,1.388284504749403e-09
0.0027581103244129768,0.0,-1.388284504727601e-09
0.002760110404416177,0.0,1.388284504444749e-09
0.002762110484419377,0.0,-1.388284504591607e-09
0.002764110564422577,-0.0,1.3882845047185886e-09
0.002766110644425777,0.0,-1.3882845049955175e-09
0.0027681107244289776,0.0,1.3882845047856037e-09
0.0027701108044321777,-0.0,-1.388284504604488e-09
0.0027721108844353777,0.0,1.388284504550105e-09
0.002774110964438578,0.0,-1.388284504490232e-09
0.002776111044441778,-0.0,1.388284504975764e-09
0.002778111124444978,0.0,-1.388284505063803e-09
0.002780111204448178,0.0,1.388284505090376e-09
0.002782111284451378,0.0,-1.3882845046562062e-09
0.002784111364454578,0.0,1.3882845044365727e-09
0.0027861114444577787,-0.0,-1.3882845042723077e-09
0.002788111524460979,0.0,1.3882845045124477e-09
0.002790111604464179,0.0,-1.3882845047317e-09
0.002792111684467379,-0.0,1.3882845050277922e-09
0.002794111764470579,0.0,-1.3882845049151613e-09
0.002796111844473779,0.0,1.3882845048886849e-09
0.002798111924476979,-0.0,-1.3882845044270064e-09
0.0028001120044801792,0.0,1.3882845044275697e-09
0.0028021120844833798,0.0,-1.388284504307914e-09
0.00280411216448658,0.0,1.3882845048066854e-09
0.00280611224448978,0.0,-1.388284504902044e-09
0.00280811232449298,-0.0,1.38828450524927e-09
0.00281011240449618,0.0,-1.3882845047550096e-09
0.00281211248449938,0.0,1.3882845047315176e-09
0.0028141125645025802,-0.0,-1.3882845043881742e-09
0.0028161126445057803,0.0,1.3882845047769801e-09
0.0028181127245089804,0.0,-1.3882845047873352e-09
0.002820112804512181,-0.0,1.388284505085688e-09
0.002822112884515381,0.0,-1.3882845049590847e-09
0.002824112964518581,0.0,1.3882845049747627e-09
0.002826113044521781,0.0,-1.3882845043911798e-09
0.002828113124524981,0.0,1.3882845046612865e-09
0.0028301132045281813,-0.0,-1.3882845043975517e-09
0.0028321132845313813,0.0,1.3882845046364225e-09
0.0028341133645345814,0.0,-1.3882845044753237e-09
0.002836113444537782,-0.0,1.3882845050466966e-09
0.002838113524540982,0.0,-1.3882845047464443e-09
0.002840113604544182,0.0,1.3882845049079679e-09
0.002842113684547382,0.0,-1.3882845047588181e-09
0.0028441137645505822,0.0,1.3882845047362042e-09
0.0028461138445537823,-0.0,-1.3882845045049326e-09
0.0028481139245569824,0.0,1.3882845045752765e-09
0.0028501140045601825,0.0,-1.3882845045642737e-09
0.002852114084563383,-0.0,1.3882845049473894e-09
0.002854114164566583,0.0,-1.388284505027276e-09
0.002856114244569783,0.0,1.3882845049857466e-09
0.002858114324572983,-0.0,-1.3882845048500905e-09
0.0028601144045761833,0.0,1.388284504728033e-09
0.0028621144845793834,0.0,-1.388284504465162e-09
0.0028641145645825834,0.0,1.388284504316994e-09
0.0028661146445857835,0.0,-1.3882845045393696e-09
0.0028681147245889836,-0.0,1.3882845048932652e-09
0.002870114804592184,0.0,-1.3882845050515416e-09
0.002872114884595384,0.0,1.3882845050715811e-09
0.0028741149645985843,-0.0,-1.3882845046352675e-09
0.0028761150446017843,0.0,1.3882845042872745e-09
0.0028781151246049844,0.0,-1.3882845043052016e-09
0.0028801152046081845,0.0,1.3882845045640864e-09
0.0028821152846113846,0.0,-1.3882845046592303e-09
0.0028841153646145846,-0.0,1.3882845053614587e-09
0.002886115444617785,0.0,-1.3882845051217395e-09
0.0028881155246209852,0.0,1.388284504896413e-09
0.0028901156046241853,-0.0,-1.388284504607638e-09
0.0028921156846273854,0.0,1.3882845040948562e-09
0.0028941157646305855,0.0,-1.3882845043588387e-09
0.0028961158446337855,0.0,1.3882845046442714e-09
0.0028981159246369856,0.0,-1.388284505301726e-09
0.0029001160046401857,-0.0,1.38828450515123e-09
0.0029021160846433858,0.0,-1.3882845048525708e-09
0.0029041161646465863,0.0,1.3882845045929432e-09
0.0029061162446497864,-0.0,-1.3882845044577901e-09
0.0029081163246529864,0.0,1.3882845044548981e-09
0.0029101164046561865,0.0,-1.3882845044358134e-09
0.0029121164846593866,0.0,1.388284504909071e-09
0.0029141165646625867,0.0,-1.3882845049688608e-09
0.0029161166446657867,-0.0,1.388284504908578e-09
0.002918116724668987,0.0,-1.3882845046745276e-09
0.0029201168046721873,0.0,1.3882845046926503e-09
0.0029221168846753874,-0.0,-1.3882845047790067e-09
0.0029241169646785875,0.0,1.3882845047634729e-09
0.0029261170446817876,-0.0,-1.3882845047848958e-09
0.0029281171246849876,0.0,1.38828450481186e-09
0.0029301172046881877,0.0,-1.3882845048686034e-09
0.002932117284691388,-0.0,1.3882845046543229e-09
0.002934117364694588,0.0,-1.3882845046948998e-09
0.002936117444697788,0.0,1.3882845044809007e-09
0.0029381175247009885,0.0,-1.3882845046130718e-09
0.0029401176047041885,0.0,1.3882845046696123e-09
0.0029421176847073886,-0.0,-1.3882845047501761e-09
0.0029441177647105887,0.0,1.3882845049468433e-09
0.0029461178447137888,0.0,-1.3882845049587473e-09
0.002948117924716989,-0.0,1.388284504930901e-09
0.002950118004720189,0.0,-1.3882845047154536e-09
0.002952118084723389,0.0,1.3882845046252692e-09
0.0029541181647265895,0.0,-1.3882845046075028e-09
0.0029561182447297896,0.0,1.388284504566572e-09
0.0029581183247329897,-0.0,-1.3882845048845552e-09
0.0029601184047361897,0.0,1.388284504792543e-09
0.00296211848473939,0.0,-1.3882845047454463e-09
0.00296411856474259,0.0,1.3882845045583534e-09
0.00296611864474579,0.0,-1.3882845047709785e-09
0.00296811872474899,-0.0,1.388284504423869e-09
0.00297011880475219,0.0,-1.388284504809601e-09
0.0029721188847553906,0.0,1.3882845046429485e-09
0.0029741189647585907,-0.0,-1.388284504892521e-09
0.002976119044761791,0.0,1.3882845048633953e-09
0.002978119124764991,0.0,-1.3882845048685782e-09
0.002980119204768191,0.0,1.3882845045402336e-09
0.002982119284771391,0.0,-1.388284504638065e-09
0.002984119364774591,-0.0,1.3882845043574463e-09
0.002986119444777791,0.0,-1.3882845047991448e-09
0.0029881195247809917,0.0,1.388284504695521e-09
0.0029901196047841918,0.0,-1.3882845046838956e-09
0.002992119684787392,0.0,1.388284504551353e-09
0.002994119764790592,-0.0,-1.3882845046617944e-09
0.002996119844793792,0.0,1.388284504666061e-09
0.002998119924796992,0.0,-1.388284504633777e-09
0.003000120004800192,0.0,1.3882845045702865e-09
0.0030021200848033922,0.0,-1.3882845047696755e-09
0.0030041201648065923,-0.0,1.3882845047498395e-09
0.003006120244809793,0.0,-1.3882845048995348e-09
0.003008120324812993,0.0,1.3882845046601741e-09
0.003010120404816193,-0.0,-1.3882845048338128e-09
0.003012120484819393,0.0,1.3882845047386707e-09
0.003014120564822593,0.0,-1.388284504661177e-09
0.003016120644825793,0.0,1.3882845047296728e-09
0.0030181207248289933,0.0,-1.3882845046199928e-09
0.0030201208048321933,-0.0,1.38828450474379e-09
0.003022120884835394,0.0,-1.388284504669832e-09
0.003024120964838594,0.0,1.3882845049589245e-09
0.003026121044841794,0.0,-1.3882845049511684e-09
0.003028121124844994,0.0,1.3882845048732472e-09
0.003030121204848194,-0.0,-1.388284504615557e-09
0.0030321212848513942,0.0,1.3882845045419835e-09
0.0030341213648545943,0.0,-1.3882845045746443e-09
0.0030361214448577944,0.0,1.3882845045587039e-09
0.0030381215248609945,0.0,-1.3882845047819004e-09
0.003040121604864195,-0.0,1.3882845049366607e-09
0.003042121684867395,0.0,-1.3882845047387964e-09
0.003044121764870595,0.0,1.3882845048832739e-09
0.003046121844873795,0.0,-1.3882845047207492e-09
0.0030481219248769953,0.0,1.3882845047275881e-09
0.0030501220048801954,-0.0,-1.3882845044960235e-09
0.0030521220848833954,0.0,1.3882845044040104e-09
0.0030541221648865955,0.0,-1.3882845045564281e-09
0.003056122244889796,0.0,1.3882845045823189e-09
0.003058122324892996,0.0,-1.3882845047196168e-09
0.003060122404896196,-0.0,1.388284504861115e-09
0.0030621224848993963,0.0,-1.3882845049579517e-09
0.0030641225649025963,0.0,1.3882845046756151e-09
0.0030661226449057964,0.0,-1.3882845046913797e-09
0.0030681227249089965,0.0,1.388284504734624e-09
0.0030701228049121966,-0.0,-1.388284504497621e-09
0.003072122884915397,0.0,1.3882845045016764e-09
0.003074122964918597,0.0,-1.3882845045759301e-09
0.0030761230449217972,0.0,1.3882845048042243e-09
0.0030781231249249973,0.0,-1.38828450496923e-09
0.0030801232049281974,-0.0,1.388284505074015e-09
0.0030821232849313975,0.0,-1.3882845047238087e-09
0.0030841233649345975,0.0,1.3882845047911528e-09
0.0030861234449377976,0.0,-1.388284504845338e-09
0.0030881235249409977,0.0,1.3882845044074248e-09
0.003090123604944198,-0.0,-1.3882845043105096e-09
0.0030921236849473983,0.0,1.3882845046856207e-09
0.0030941237649505984,0.0,-1.388284504719325e-09
0.0030961238449537984,0.0,1.3882845048924574e-09
0.0030981239249569985,0.0,-1.3882845049819592e-09
0.0031001240049601986,-0.0,1.3882845048234112e-09
0.0031021240849633987,0.0,-1.3882845046986438e-09
0.0031041241649665987,0.0,1.3882845046722584e-09
0.0031061242449697993,0.0,-1.388284504517849e-09
0.0031081243249729993,0.0,1.3882845043984989e-09
0.0031101244049761994,-0.0,-1.3882845045439563e-09
0.0031121244849793995,0.0,1.388284504956815e-09
0.0031141245649825996,0.0,-1.388284504862695e-09
0.0031161246449857996,0.0,1.3882845049708595e-09
0.0031181247249889997,0.0,-1.3882845045425881e-09
0.0031201248049922,-0.0,1.3882845046278791e-09
0.0031221248849954,0.0,-1.388284504581525e-09
0.0031241249649986004,0.0,1.388284504664445e-09
0.0031261250450018005,0.0,-1.3882845046245452e-09
0.0031281251250050005,0.0,1.3882845049662754e-09
0.0031301252050082006,-0.0,-1.3882845048771945e-09
0.0031321252850114007,0.0,1.3882845049161078e-09
0.0031341253650146008,0.0,-1.3882845047223593e-09
0.003136125445017801,0.0,1.3882845048561889e-09
0.003138125525021001,0.0,-1.3882845044338412e-09
0.0031401256050242014,-0.0,1.3882845047241561e-09
0.0031421256850274015,0.0,-1.3882845045770743e-09
0.0031441257650306016,-0.0,1.3882845046795482e-09
0.0031461258450338017,0.0,-1.3882845047036892e-09
0.0031481259250370017,0.0,1.3882845048077841e-09
0.003150126005040202,-0.0,-1.3882845048546453e-09
0.003152126085043402,0.0,1.3882845046882472e-09
0.003154126165046602,-0.0,-1.3882845046416494e-09
0.003156126245049802,0.0,1.3882845045344787e-09
0.0031581263250530026,0.0,-1.3882845046871373e-09
0.0031601264050562026,0.0,1.3882845047629406e-09
0.0031621264850594027,0.0,-1.3882845047757807e-09
0.003164126565062603,-0.0,1.3882845047127458e-09
0.003166126645065803,0.0,-1.3882845045153691e-09
0.003168126725069003,0.0,1.3882845046376612e-09
0.003170126805072203,0.0,-1.3882845046490362e-09
0.003172126885075403,0.0,1.3882845047020096e-09
0.0031741269650786036,-0.0,-1.388284504926985e-09
0.0031761270450818037,0.0,1.3882845047974719e-09
0.0031781271250850038,-0.0,-1.3882845052259574e-09
0.003180127205088204,0.0,1.3882845047377445e-09
0.003182127285091404,0.0,-1.3882845048838084e-09
0.003184127365094604,-0.0,1.3882845046503741e-09
0.003186127445097804,0.0,-1.3882845046172046e-09
0.003188127525101004,-0.0,1.3882845045498622e-09
0.0031901276051042042,0.0,-1.3882845048352527e-09
0.0031921276851074047,0.0,1.3882845045360753e-09
0.003194127765110605,0.0,-1.3882845048194596e-09
0.003196127845113805,0.0,1.3882845046725976e-09
0.003198127925117005,-0.0,-1.3882845049254787e-09
0.003200128005120205,0.0,1.3882845049590537e-09
0.003202128085123405,0.0,-1.3882845050661418e-09
0.003204128165126605,0.0,1.3882845048567185e-09
0.0032061282451298053,0.0,-1.3882845047249478e-09
0.0032081283251330058,-0.0,1.3882845046661352e-09
0.003210128405136206,0.0,-1.3882845045444673e-09
0.003212128485139406,-0.0,1.3882845046727436e-09
0.003214128565142606,0.0,-1.3882845047776102e-09
0.003216128645145806,0.0,1.3882845048507967e-09
0.003218128725149006,0.0,-1.388284504969714e-09
0.0032201288051522062,0.0,1.3882845048134685e-09
0.0032221288851554063,-0.0,-1.388284504939771e-09
0.0032241289651586064,0.0,1.3882845046944153e-09
0.003226129045161807,0.0,-1.3882845046929592e-09
0.003228129125165007,0.0,1.3882845045150703e-09
0.003230129205168207,0.0,-1.38828450470316e-09
0.003232129285171407,0.0,1.3882845047027992e-09
0.003234129365174607,0.0,-1.3882845048699558e-09
0.0032361294451778073,-0.0,1.3882845049469467e-09
0.0032381295251810074,0.0,-1.3882845050016362e-09
0.0032401296051842074,0.0,1.3882845048234215e-09
0.003242129685187408,0.0,-1.3882845048788933e-09
0.003244129765190608,0.0,1.388284504683788e-09
0.003246129845193808,-0.0,-1.3882845048014452e-09
0.003248129925197008,0.0,1.388284504481743e-09
0.0032501300052002083,-0.0,-1.3882845047341444e-09
0.0032521300852034083,0.0,1.3882845043822572e-09
0.0032541301652066084,0.0,-1.3882845046963035e-09
0.0032561302452098085,0.0,1.3882845046542404e-09
0.0032581303252130086,0.0,-1.3882845049766501e-09
0.003260130405216209,-0.0,1.3882845048931601e-09
0.003262130485219409,0.0,-1.388284504965079e-09
0.0032641305652226092,-0.0,1.3882845048949743e-09
0.0032661306452258093,0.0,-1.3882845047803174e-09
0.0032681307252290094,0.0,1.3882845047524683e-09
0.0032701308052322095,0.0,-1.3882845047933806e-09
0.0032721308852354095,0.0,1.3882845046011602e-09
0.0032741309652386096,-0.0,-1.388284504592714e-09
0.00327613104524181,0.0,1.388284504467551e-09
0.00327813112524501,0.0,-1.3882845044748631e-09
0.0032801312052482103,0.0,1.3882845046607676e-09
0.0032821312852514104,0.0,-1.3882845045373422e-09
0.0032841313652546104,0.0,1.3882845049511978e-09
0.0032861314452578105,0.0,-1.3882845047817926e-09
0.0032881315252610106,-0.0,1.388284504930287e-09
0.0032901316052642107,0.0,-1.388284504917225e-09
0.0032921316852674107,0.0,1.3882845048900979e-09
0.0032941317652706113,0.0,-1.3882845047449242e-09
0.0032961318452738113,0.0,1.3882845047822464e-09
0.0032981319252770114,0.0,-1.3882845044706348e-09
0.0033001320052802115,0.0,1.3882845044069948e-09
0.0033021320852834116,-0.0,-1.3882845043364223e-09
0.0033041321652866116,0.0,1.3882845045007808e-09
0.0033061322452898117,0.0,-1.3882845044858001e-09
0.003308132325293012,0.0,1.388284504878701e-09
0.0033101324052962123,0.0,-1.3882845048839842e-09
0.0033121324852994124,0.0,1.3882845048483418e-09
0.0033141325653026125,0.0,-1.3882845049241078e-09
0.0033161326453058125,-0.0,1.3882845046758079e-09
0.0033181327253090126,0.0,-1.388284504599832e-09
0.0033201328053122127,0.0,1.3882845045635059e-09
0.0033221328853154128,0.0,-1.3882845046230244e-09
0.003324132965318613,0.0,1.3882845046098245e-09
0.0033261330453218134,0.0,-1.3882845047330887e-09
0.0033281331253250134,0.0,1.3882845046722044e-09
0.0033301332053282135,-0.0,-1.388284504940852e-09
0.0033321332853314136,0.0,1.3882845047434824e-09
0.0033341333653346137,-0.0,-1.3882845048524285e-09
0.0033361334453378137,0.0,1.3882845044336119e-09
0.003338133525341014,0.0,-1.388284504768534e-09
0.003340133605344214,0.0,1.3882845045512227e-09
0.003342133685347414,0.0,-1.3882845046531015e-09
0.0033441337653506145,-0.0,1.3882845046616604e-09
0.0033461338453538146,0.0,-1.3882845047435417e-09
0.0033481339253570146,-0.0,1.3882845046271376e-09
0.0033501340053602147,0.0,-1.3882845046595083e-09
0.003352134085363415,0.0,1.3882845045419266e-09
0.003354134165366615,0.0,-1.3882845048741494e-09
0.003356134245369815,0.0,1.38828450472201e-09
0.003358134325373015,-0.0,-1.3882845048725433e-09
0.0033601344053762155,0.0,1.3882845044948362e-09
0.0033621344853794156,-0.0,-1.388284504772047e-09
0.0033641345653826157,0.0,1.3882845043519255e-09
0.0033661346453858158,0.0,-1.388284504519674e-09
0.003368134725389016,0.0,1.3882845045055573e-09
0.003370134805392216,0.0,-1.3882845045779392e-09
0.003372134885395416,0.0,1.388284504572012e-09
0.003374134965398616,0.0,-1.3882845048732346e-09
0.003376135045401816,-0.0,1.388284504749295e-09
0.0033781351254050167,0.0,-1.3882845047833161e-09
0.0033801352054082167,-0.0,1.3882845049420316e-09
0.003382135285411417,0.0,-1.38828450488649e-09
0.003384135365414617,0.0,1.38828450459091e-09
0.003386135445417817,0.0,-1.3882845046167711e-09
0.003388135525421017,0.0,1.3882845045718135e-09
0.003390135605424217,0.0,-1.3882845045491353e-09
0.003392135685427417,0.0,1.3882845046152264e-09
0.0033941357654306177,-0.0,-1.388284504673309e-09
0.003396135845433818,0.0,1.3882845045903539e-09
0.003398135925437018,-0.0,-1.3882845046602573e-09
0.003400136005440218,0.0,1.388284504699493e-09
0.003402136085443418,0.0,-1.3882845047979599e-09
0.003404136165446618,0.0,1.3882845047983282e-09
0.003406136245449818,0.0,-1.3882845048330845e-09
0.0034081363254530182,-0.0,1.3882845047159447e-09
0.0034101364054562183,0.0,-1.388284504707142e-09
0.003412136485459419,-0.0,1.388284504681234e-09
0.003414136565462619,0.0,-1.3882845046034138e-09
0.003416136645465819,-0.0,1.3882845047490539e-09
0.003418136725469019,0.0,-1.3882845045514164e-09
0.003420136805472219,0.0,1.388284504367093e-09
0.0034221368854754192,0.0,-1.3882845046572503e-09
0.0034241369654786193,0.0,1.3882845044125057e-09
0.0034261370454818194,-0.0,-1.3882845047926932e-09
0.00342813712548502,0.0,1.3882845047394271e-09
0.00343013720548822,-0.0,-1.3882845048197336e-09
0.00343213728549142,0.0,1.3882845048524618e-09
0.00343413736549462,-0.0,-1.3882845048941428e-09
0.00343613744549782,0.0,1.3882845048774972e-09
0.0034381375255010203,0.0,-1.3882845048552372e-09
0.0034401376055042203,0.0,1.3882845045702416e-09
0.0034421376855074204,0.0,-1.388284504643826e-09
0.0034441377655106205,0.0,1.388284504583136e-09
0.003446137845513821,0.0,-1.3882845049081019e-09
0.003448137925517021,-0.0,1.3882845043730025e-09
0.003450138005520221,0.0,-1.3882845045810971e-09
0.0034521380855234212,-0.0,1.3882845045145333e-09
0.0034541381655266213,0.0,-1.388284504754094e-09
0.0034561382455298214,0.0,1.3882845045121853e-09
0.0034581383255330215,0.0,-1.3882845049202732e-09
0.0034601384055362215,0.0,1.3882845047696937e-09
0.003462138485539422,0.0,-1.388284504864283e-09
0.003464138565542622,0.0,1.388284504668392e-09
0.003466138645545822,-0.0,-1.3882845047647176e-09
0.0034681387255490223,0.0,1.3882845046327105e-09
0.0034701388055522224,-0.0,-1.3882845049801812e-09
0.0034721388855554224,0.0,1.3882845045188814e-09
0.0034741389655586225,0.0,-1.388284504541232e-09
0.0034761390455618226,0.0,1.388284504385546e-09
0.0034781391255650227,0.0,-1.3882845045122569e-09
0.003480139205568223,0.0,1.3882845042730145e-09
0.0034821392855714233,0.0,-1.3882845047062787e-09
0.0034841393655746233,0.0,1.3882845045392118e-09
0.0034861394455778234,0.0,-1.3882845047318843e-09
0.0034881395255810235,-0.0,1.3882845046565654e-09
0.0034901396055842236,0.0,-1.3882845048887665e-09
0.0034921396855874236,-0.0,1.3882845047257278e-09
0.0034941397655906237,0.0,-1.3882845050057685e-09
0.0034961398455938242,0.0,1.3882845047960673e-09
0.0034981399255970243,0.0,-1.3882845049531528e-09
0.0035001400056002244,0.0,1.3882845045584818e-09
0.0035021400856034245,0.0,-1.388284504730749e-09
0.0035041401656066245,0.0,1.3882845045223392e-09
0.0035061402456098246,0.0,-1.3882845045889804e-09
0.0035081403256130247,0.0,1.3882845045696682e-09
0.0035101404056162248,-0.0,-1.388284504538958e-09
0.003512140485619425,0.0,1.388284504523344e-09
0.0035141405656226254,-0.0,-1.3882845046647059e-09
0.0035161406456258254,0.0,1.3882845045710446e-09
0.0035181407256290255,0.0,-1.3882845047628535e-09
0.0035201408056322256,0.0,1.3882845046264374e-09
0.0035221408856354257,0.0,-1.3882845047090245e-09
0.0035241409656386257,0.0,1.3882845047342744e-09
0.003526141045641826,0.0,-1.3882845048267026e-09
0.003528141125645026,0.0,1.3882845046604955e-09
0.0035301412056482264,0.0,-1.3882845049347268e-09
0.0035321412856514265,-0.0,1.3882845046311215e-09
0.0035341413656546266,0.0,-1.3882845047957706e-09
0.0035361414456578266,-0.0,1.3882845045716021e-09
0.0035381415256610267,0.0,-1.388284504753974e-09
0.003540141605664227,-0.0,1.3882845045173759e-09
0.003542141685667427,0.0,-1.388284504660351e-09
0.003544141765670627,0.0,1.3882845046669312e-09
0.0035461418456738275,0.0,-1.3882845047701978e-09
0.0035481419256770275,0.0,1.3882845047442014e-09
0.0035501420056802276,0.0,-1.3882845048492587e-09
0.0035521420856834277,0.0,1.388284504668953e-09
0.0035541421656866278,0.0,-1.3882845047601722e-09
0.003556142245689828,0.0,1.3882845046280566e-09
0.003558142325693028,-0.0,-1.388284504881137e-09
0.003560142405696228,0.0,1.388284504698609e-09
0.003562142485699428,-0.0,-1.3882845047316785e-09
0.0035641425657026286,0.0,1.3882845044705389e-09
0.0035661426457058287,-0.0,-1.3882845046013823e-09
0.0035681427257090287,0.0,1.3882845046210193e-09
0.003570142805712229,0.0,-1.3882845044909446e-09
0.003572142885715429,0.0,1.3882845044605686e-09
0.003574142965718629,0.0,-1.3882845046395412e-09
0.003576143045721829,0.0,1.3882845046831112e-09
0.003578143125725029,0.0,-1.388284504606003e-09
0.0035801432057282296,0.0,1.388284504582252e-09
0.0035821432857314297,0.0,-1.3882845045917034e-09
0.00358414336573463,-0.0,1.3882845047619484e-09
0.00358614344573783,0.0,-1.3882845047204194e-09
0.00358814352574103,-0.0,1.3882845047869354e-09
0.00359014360574423,0.0,-1.3882845047943497e-09
0.00359214368574743,-0.0,1.3882845048341592e-09
0.00359414376575063,0.0,-1.388284504828074e-09
0.0035961438457538302,-0.0,1.3882845049656027e-09
0.0035981439257570308,0.0,-1.3882845048805191e-09
0.003600144005760231,0.0,1.3882845049779364e-09
0.003602144085763431,0.0,-1.3882845047923791e-09
0.003604144165766631,0.0,1.3882845047430523e-09
0.003606144245769831,0.0,-1.3882845045759717e-09
0.003608144325773031,0.0,1.3882845046810125e-09
0.0036101444057762312,0.0,-1.3882845044477953e-09
0.0036121444857794313,0.0,1.3882845047685762e-09
0.003614144565782632,-0.0,-1.388284504436416e-09
0.003616144645785832,0.0,1.3882845047981594e-09
0.003618144725789032,-0.0,-1.388284504579143e-09
0.003620144805792232,0.0,1.3882845048529345e-09
0.003622144885795432,-0.0,-1.3882845045927562e-09
0.003624144965798632,0.0,1.3882845047500459e-09
0.0036261450458018323,-0.0,-1.3882845047624192e-09
0.0036281451258050323,0.0,1.3882845048096335e-09
0.0036301452058082324,-0.0,-1.3882845045382934e-09
0.003632145285811433,0.0,1.3882845049193307e-09
0.003634145365814633,0.0,-1.3882845047674107e-09
0.003636145445817833,0.0,1.3882845048622136e-09
0.003638145525821033,0.0,-1.388284504663713e-09
0.0036401456058242332,0.0,1.3882845049259775e-09
0.0036421456858274333,0.0,-1.3882845046252756e-09
0.0036441457658306334,0.0,1.388284504797152e-09
0.0036461458458338335,0.0,-1.3882845047426403e-09
0.003648145925837034,0.0,1.388284504791175e-09
0.003650146005840234,0.0,-1.3882845043577743e-09
0.003652146085843434,-0.0,1.3882845045594353e-09
0.003654146165846634,0.0,-1.3882845044539117e-09
0.0036561462458498343,-0.0,1.3882845044292758e-09
0.0036581463258530344,0.0,-1.3882845045197348e-09
0.0036601464058562344,-0.0,1.3882845046050347e-09
0.0036621464858594345,0.0,-1.3882845045074263e-09
0.0036641465658626346,-0.0,1.3882845046262345e-09
0.003666146645865835,0.0,-1.3882845044977715e-09
0.003668146725869035,-0.0,1.3882845046318076e-09
0.0036701468058722353,0.0,-1.3882845045177928e-09
0.0036721468858754353,0.0,1.3882845046911438e-09
0.0036741469658786354,0.0,-1.3882845047980428e-09
0.0036761470458818355,0.0,1.3882845048758096e-09
0.0036781471258850356,0.0,-1.3882845047629997e-09
0.0036801472058882356,0.0,1.3882845048730588e-09
0.003682147285891436,0.0,-1.3882845048422577e-09
0.0036841473658946362,0.0,1.3882845049428478e-09
0.0036861474458978363,0.0,-1.3882845048718401e-09
0.0036881475259010364,0.0,1.3882845050486262e-09
0.0036901476059042365,0.0,-1.388284504919421e-09
0.0036921476859074365,0.0,1.3882845049419208e-09
0.0036941477659106366,0.0,-1.3882845047962212e-09
0.0036961478459138367,0.0,1.3882845048057077e-09
0.0036981479259170368,-0.0,-1.3882845045646211e-09
0.0037001480059202373,0.0,1.38828450474867e-09
0.0037021480859234374,-0.0,-1.388284504660896e-09
0.0037041481659266374,0.0,1.388284504492909e-09
0.0037061482459298375,-0.0,-1.388284504347345e-09
0.0037081483259330376,0.0,1.3882845044534015e-09
0.0037101484059362377,-0.0,-1.3882845043258552e-09
0.0037121484859394377,0.0,1.3882845043014342e-09
0.003714148565942638,-0.0,-1.3882845042262106e-09
0.0037161486459458383,0.0,1.388284504518448e-09
0.0037181487259490384,-0.0,-1.3882845045756158e-09
0.0037201488059522385,0.0,1.38828450466209e-09
0.0037221488859554386,0.0,-1.388284504642069e-09
0.0037241489659586386,0.0,1.3882845047471935e-09
0.0037261490459618387,0.0,-1.3882845047474611e-09
0.003728149125965039,0.0,1.3882845047568275e-09
0.003730149205968239,0.0,-1.3882845049504883e-09
0.003732149285971439,0.0,1.3882845049851281e-09
0.0037341493659746395,0.0,-1.3882845048935052e-09
0.0037361494459778395,0.0,1.3882845049458987e-09
0.0037381495259810396,0.0,-1.3882845049486017e-09
0.0037401496059842397,0.0,1.3882845049083188e-09
0.0037421496859874398,0.0,-1.388284504875016e-09
0.00374414976599064,0.0,1.3882845048575721e-09
0.00374614984599384,0.0,-1.3882845048463469e-09
0.00374814992599704,0.0,1.388284504766455e-09
0.0037501500060002405,0.0,-1.3882845047661798e-09
0.0037521500860034406,0.0,1.3882845047645023e-09
0.0037541501660066407,0.0,-1.3882845046367627e-09
0.0037561502460098407,0.0,1.3882845047232448e-09
0.003758150326013041,0.0,-1.3882845044795202e-09
0.003760150406016241,-0.0,1.3882845045911596e-09
0.003762150486019441,0.0,-1.3882845046395534e-09
0.003764150566022641,-0.0,1.3882845047419383e-09
0.0037661506460258416,0.0,-1.3882845044363569e-09
0.0037681507260290416,-0.0,1.3882845046303272e-09
0.0037701508060322417,0.0,-1.3882845046067008e-09
0.003772150886035442,-0.0,1.3882845046729164e-09
0.003774150966038642,0.0,-1.388284504565613e-09
0.003776151046041842,-0.0,1.388284504707262e-09
0.003778151126045042,0.0,-1.3882845047461567e-09
0.003780151206048242,-0.0,1.3882845046553506e-09
0.003782151286051442,0.0,-1.3882845046359816e-09
0.0037841513660546427,-0.0,1.3882845047985335e-09
0.0037861514460578428,0.0,-1.3882845046168774e-09
0.003788151526061043,-0.0,1.3882845047780044e-09
0.003790151606064243,0.0,-1.3882845046983992e-09
0.003792151686067443,-0.0,1.3882845046336026e-09
0.003794151766070643,0.0,-1.3882845047943827e-09
0.003796151846073843,-0.0,1.3882845047591444e-09
0.0037981519260770432,0.0,-1.3882845049060647e-09
0.0038001520060802437,-0.0,1.38828450459572e-09
0.003802152086083444,0.0,-1.3882845047009022e-09
0.003804152166086644,-0.0,1.3882845047261008e-09
0.003806152246089844,0.0,-1.3882845045993931e-09
0.003808152326093044,-0.0,1.3882845047772328e-09
0.003810152406096244,0.0,-1.3882845046872492e-09
0.003812152486099444,-0.0,1.38828450466774e-09
0.0038141525661026443,0.0,-1.3882845048576213e-09
0.0038161526461058443,-0.0,1.3882845048646158e-09
0.003818152726109045,0.0,-1.3882845048678356e-09
0.003820152806112245,-0.0,1.3882845047418158e-09
0.003822152886115445,0.0,-1.3882845046003688e-09
0.003824152966118645,-0.0,1.3882845048023665e-09
0.003826153046121845,0.0,-1.388284504903182e-09
0.0038281531261250452,-0.0,1.3882845048900348e-09
0.0038301532061282453,0.0,-1.3882845048619036e-09
0.0038321532861314454,-0.0,1.388284504751878e-09
0.003834153366134646,0.0,-1.388284504800578e-09
0.003836153446137846,-0.0,1.3882845048593208e-09
0.003838153526141046,0.0,-1.3882845049061888e-09
0.003840153606144246,-0.0,1.388284504825536e-09
0.003842153686147446,0.0,-1.3882845047529524e-09
0.0038441537661506463,-0.0,1.388284504754841e-09
0.0038461538461538464,0.0,-1.3882845048253249e-09
0.0038481539261570464,-0.0,1.388284504749468e-09
0.0038501540061602465,0.0,-1.3882845048073e-09
0.003852154086163447,-0.0,1.3882845046134637e-09
0.003854154166166647,0.0,-1.3882845046222723e-09
0.003856154246169847,-0.0,1.3882845045225592e-09
0.0038581543261730473,0.0,-1.388284504629387e-09
0.0038601544061762473,-0.0,1.3882845046563369e-09
0.0038621544861794474,0.0,-1.388284504710562e-09
0.0038641545661826475,-0.0,1.3882845046316e-09
0.0038661546461858476,0.0,-1.388284504588486e-09
0.003868154726189048,-0.0,1.3882845044362466e-09
0.003870154806192248,0.0,-1.388284504418656e-09
0.0038721548861954482,-0.0,1.3882845043717811e-09
0.0038741549661986483,0.0,-1.3882845046032366e-09
0.0038761550462018484,-0.0,1.3882845043521941e-09
0.0038781551262050485,0.0,-1.388284504567562e-09
0.0038801552062082485,-0.0,1.3882845042452858e-09
0.0038821552862114486,0.0,-1.388284504548313e-09
0.0038841553662146487,-0.0,1.3882845043404692e-09
0.003886155446217849,0.0,-1.3882845046522113e-09
0.0038881555262210493,-0.0,1.3882845045767158e-09
0.0038901556062242494,0.0,-1.388284504522004e-09
0.0038921556862274494,-0.0,1.3882845045021568e-09
0.0038941557662306495,0.0,-1.3882845047206948e-09
0.0038961558462338496,-0.0,1.3882845044971807e-09
0.0038981559262370497,0.0,-1.3882845048128012e-09
0.0039001560062402497,-0.0,1.3882845044990317e-09
0.0039021560862434503,0.0,-1.3882845047227487e-09
0.0039041561662466503,-0.0,1.3882845046315462e-09
0.0039061562462498504,0.0,-1.3882845049184747e-09
0.00390815632625305,-0.0,1.3882845045772166e-09
0.0039101564062562506,0.0,-1.3882845048514884e-09
0.003912156486259451,-0.0,1.3882845045896086e-09
0.003914156566262651,0.0,-1.3882845044716311e-09
0.003916156646265851,-0.0,1.3882845048300047e-09
0.003918156726269051,0.0,-1.388284504870424e-09
0.003920156806272251,-0.0,1.3882845048685986e-09
0.003922156886275451,0.0,-1.3882845044503292e-09
0.0039241569662786515,-0.0,1.3882845049553281e-09
0.003926157046281851,0.0,-1.3882845045726063e-09
0.003928157126285052,-0.0,1.3882845050473546e-09
0.003930157206288252,0.0,-1.3882845045627184e-09
0.003932157286291452,-0.0,1.3882845047042424e-09
0.003934157366294652,0.0,-1.3882845043030848e-09
0.003936157446297852,0.0,1.3882845045232886e-09
0.0039381575263010525,0.0,-1.3882845048032867e-09
0.003940157606304252,0.0,1.3882845046995275e-09
0.003942157686307453,0.0,-1.388284504384163e-09
0.003944157766310653,0.0,1.3882845049758352e-09
0.003946157846313853,0.0,-1.3882845044108489e-09
0.003948157926317053,0.0,1.388284504829688e-09
0.003950158006320253,0.0,-1.3882845048405326e-09
0.0039521580863234535,0.0,1.3882845047719482e-09
0.003954158166326653,0.0,-1.3882845045344044e-09
0.003956158246329854,0.0,1.3882845046689528e-09
0.003958158326333053,0.0,-1.3882845045473078e-09
0.003960158406336254,0.0,1.3882845048742454e-09
0.003962158486339454,0.0,-1.388284504809232e-09
0.003964158566342654,0.0,1.3882845049864988e-09
0.0039661586463458545,0.0,-1.3882845048440858e-09
0.003968158726349054,0.0,1.3882845046646879e-09
0.003970158806352255,0.0,-1.3882845046992963e-09
0.003972158886355454,0.0,1.3882845046905062e-09
0.003974158966358655,-0.0,-1.388284504757672e-09
0.003976159046361854,0.0,1.3882845046238636e-09
0.003978159126365055,-0.0,-1.3882845048642977e-09
0.003980159206368255,0.0,1.3882845046271415e-09
0.003982159286371455,-0.0,-1.3882845048129976e-09
0.003984159366374656,0.0,1.3882845047439551e-09
0.003986159446377855,-0.0,-1.3882845050706205e-09
0.003988159526381056,0.0,1.3882845047489457e-09
0.003990159606384255,-0.0,-1.3882845049592525e-09
0.003992159686387456,0.0,1.3882845047816806e-09
0.0039941597663906555,-0.0,-1.3882845050039945e-09
0.003996159846393856,0.0,1.3882845047446522e-09
0.0039981599263970566,0.0,-1.3882845052030366e-09
0.004000160006400256,0.0,1.388284504907696e-09
0.004002160086403457,0.0,-1.3882845049926869e-09
0.004004160166406656,0.0,1.3882845048221485e-09
0.004006160246409857,0.0,-1.3882845050119813e-09
0.0040081603264130565,0.0,1.3882845048188915e-09
0.004010160406416257,0.0,-1.3882845046617195e-09
0.0040121604864194575,0.0,1.3882845045850872e-09
0.004014160566422657,0.0,-1.3882845050876394e-09
0.004016160646425858,0.0,1.3882845046193255e-09
0.004018160726429057,0.0,-1.3882845047768176e-09
0.004020160806432258,0.0,1.3882845047566803e-09
0.0040221608864354575,0.0,-1.3882845049808475e-09
0.004024160966438658,-0.0,1.388284504744911e-09
0.004026161046441858,0.0,-1.3882845048764256e-09
0.004028161126445058,-0.0,1.388284504824393e-09
0.004030161206448259,0.0,-1.3882845048797397e-09
0.004032161286451458,-0.0,1.3882845047976013e-09
0.004034161366454659,0.0,-1.3882845048047508e-09
0.0040361614464578584,-0.0,1.3882845047439452e-09
0.004038161526461059,0.0,-1.3882845048182362e-09
0.004040161606464259,-0.0,1.3882845049300493e-09
0.004042161686467459,0.0,-1.3882845048946333e-09
0.004044161766470659,0.0,1.38828450478227e-09
0.004046161846473859,0.0,-1.3882845049683353e-09
0.00404816192647706,0.0,1.3882845048255418e-09
0.004050162006480259,0.0,-1.3882845046999355e-09
0.00405216208648346,0.0,1.388284504767828e-09
0.00405416216648666,0.0,-1.3882845047082834e-09
0.00405616224648986,0.0,1.388284504775177e-09
0.00405816232649306,0.0,-1.388284504884762e-09
0.00406016240649626,0.0,1.3882845046657216e-09
0.00406216248649946,-0.0,-1.3882845047266739e-09
0.00406416256650266,0.0,1.3882845046784885e-09
0.004066162646505861,-0.0,-1.3882845048965726e-09
0.0040681627265090605,0.0,1.388284504855525e-09
0.004070162806512261,-0.0,-1.3882845049389152e-09
0.004072162886515461,0.0,1.388284504728098e-09
0.004074162966518661,-0.0,-1.3882845048138128e-09
0.004076163046521861,0.0,1.3882845047645852e-09
0.004078163126525061,-0.0,-1.388284504890013e-09
0.004080163206528262,0.0,1.3882845049068282e-09
0.0040821632865314615,0.0,-1.3882845049012067e-09
0.004084163366534662,0.0,1.3882845048520354e-09
0.004086163446537862,0.0,-1.3882845049214683e-09
0.004088163526541062,0.0,1.3882845048774304e-09
0.004090163606544262,0.0,-1.388284504823217e-09
0.004092163686547462,0.0,1.388284504781329e-09
0.004094163766550662,0.0,-1.388284504965771e-09
0.0040961638465538625,-0.0,1.3882845047156552e-09
0.004098163926557063,0.0,-1.3882845048061029e-09
0.004100164006560263,-0.0,1.3882845047999306e-09
0.004102164086563463,0.0,-1.3882845048006282e-09
0.004104164166566663,-0.0,1.3882845048451204e-09
0.004106164246569863,0.0,-1.3882845045333736e-09
0.004108164326573063,-0.0,1.3882845048286332e-09
0.0041101644065762635,0.0,-1.3882845045984836e-09
0.004112164486579463,0.0,1.3882845048813943e-09
0.004114164566582664,0.0,-1.3882845045644662e-09
0.004116164646585864,0.0,1.3882845048200952e-09
0.004118164726589064,0.0,-1.388284504793581e-09
0.004120164806592264,0.0,1.3882845048803237e-09
0.004122164886595464,0.0,-1.3882845047975912e-09
0.004124164966598664,0.0,1.3882845047870457e-09
0.004126165046601864,-0.0,-1.388284504781645e-09
0.004128165126605065,0.0,1.388284504843993e-09
0.004130165206608265,-0.0,-1.3882845047916568e-09
0.004132165286611465,0.0,1.3882845047044661e-09
0.004134165366614665,-0.0,-1.3882845049774566e-09
0.004136165446617865,0.0,1.3882845048495958e-09
0.004138165526621065,0.0,-1.3882845048594798e-09
0.004140165606624265,0.0,1.388284504768157e-09
0.0041421656866274656,0.0,-1.388284504938894e-09
0.004144165766630665,0.0,1.3882845047041648e-09
0.004146165846633866,0.0,-1.3882845048895832e-09
0.004148165926637066,0.0,1.3882845046570623e-09
0.004150166006640266,0.0,-1.3882845049255525e-09
0.004152166086643466,-0.0,1.3882845047173848e-09
0.004154166166646666,0.0,-1.3882845047935022e-09
0.0041561662466498665,-0.0,1.3882845046250068e-09
0.004158166326653066,0.0,-1.388284504651689e-09
0.004160166406656267,-0.0,1.3882845047807796e-09
0.004162166486659466,0.0,-1.388284504594747e-09
0.004164166566662667,0.0,1.3882845046091363e-09
0.004166166646665867,0.0,-1.3882845047916193e-09
0.004168166726669067,0.0,1.3882845046584265e-09
0.0041701668066722675,0.0,-1.388284504716428e-09
0.004172166886675467,0.0,1.3882845048291866e-09
0.004174166966678668,0.0,-1.3882845047368325e-09
0.004176167046681867,0.0,1.388284504616473e-09
0.004178167126685068,-0.0,-1.3882845047579124e-09
0.0041801672066882675,0.0,1.3882845045693896e-09
0.004182167286691468,-0.0,-1.388284504473573e-09
0.0041841673666946685,0.0,1.3882845046074168e-09
0.004186167446697868,0.0,-1.3882845047304907e-09
0.004188167526701069,0.0,1.3882845045589138e-09
0.004190167606704268,0.0,-1.3882845044645732e-09
0.004192167686707469,0.0,1.3882845045257705e-09
0.004194167766710668,0.0,-1.3882845047237006e-09
0.004196167846713869,0.0,1.3882845045769962e-09
0.0041981679267170694,0.0,-1.3882845046159764e-09
0.004200168006720269,-0.0,1.3882845046525136e-09
0.00420216808672347,0.0,-1.3882845046340222e-09
0.004204168166726669,-0.0,1.3882845048536808e-09
0.00420616824672987,0.0,-1.3882845045338248e-09
0.004208168326733069,0.0,1.3882845048716344e-09
0.00421016840673627,0.0,-1.3882845048209264e-09
0.0042121684867394696,0.0,1.3882845048538804e-09
0.00421416856674267,0.0,-1.3882845050155547e-09
0.004216168646745871,0.0,1.388284504914831e-09
0.00421816872674907,0.0,-1.3882845048909673e-09
0.004220168806752271,0.0,1.3882845049549517e-09
0.00422216888675547,-0.0,-1.3882845048903444e-09
0.004224168966758671,0.0,1.3882845048729794e-09
0.0042261690467618705,-0.0,-1.3882845046727264e-09
0.004228169126765071,0.0,1.3882845048549965e-09
0.004230169206768271,0.0,-1.3882845047472541e-09
0.004232169286771471,0.0,1.3882845048048257e-09
0.004234169366774672,0.0,-1.3882845047501979e-09
0.004236169446777871,0.0,1.388284504766217e-09
0.004238169526781072,0.0,-1.3882845048019603e-09
0.0042401696067842715,-0.0,1.3882845047309068e-09
0.004242169686787472,0.0,-1.3882845046217206e-09
0.004244169766790672,-0.0,1.3882845047154116e-09
0.004246169846793872,0.0,-1.3882845046797692e-09
0.004248169926797072,0.0,1.388284504639166e-09
0.004250170006800272,0.0,-1.3882845045126291e-09
0.004252170086803473,0.0,1.3882845047712852e-09
0.0042541701668066725,0.0,-1.3882845048659982e-09
0.004256170246809873,0.0,1.3882845048847553e-09
0.004258170326813073,-0.0,-1.3882845047196195e-09
0.004260170406816273,0.0,1.3882845048424775e-09
0.004262170486819473,-0.0,-1.3882845049479333e-09
0.004264170566822673,0.0,1.3882845049953097e-09
0.004266170646825874,-0.0,-1.3882845049599206e-09
0.0042681707268290734,0.0,1.388284504852956e-09
0.004270170806832274,0.0,-1.3882845048306095e-09
0.004272170886835474,0.0,1.388284504993082e-09
0.004274170966838674,0.0,-1.388284505050092e-09
0.004276171046841874,-0.0,1.3882845048824676e-09
0.004278171126845074,0.0,-1.3882845048070198e-09
0.004280171206848274,-0.0,1.3882845046638582e-09
0.004282171286851474,0.0,-1.3882845049886215e-09
0.004284171366854675,-0.0,1.3882845046634254e-09
0.0042861714468578746,0.0,-1.388284504683384e-09
0.004288171526861075,0.0,1.3882845047656748e-09
0.004290171606864275,0.0,-1.388284504892686e-09
0.004292171686867475,0.0,1.3882845046599545e-09
0.004294171766870675,-0.0,-1.388284504514606e-09
0.004296171846873875,0.0,1.3882845046449356e-09
0.004298171926877075,-0.0,-1.3882845048338814e-09
0.0043001720068802755,0.0,1.3882845047820495e-09
0.004302172086883476,0.0,-1.3882845047417422e-09
0.004304172166886676,0.0,1.3882845046932607e-09
0.004306172246889876,0.0,-1.388284504783432e-09
0.004308172326893076,0.0,1.3882845048317231e-09
0.004310172406896276,0.0,-1.3882845047732896e-09
0.004312172486899476,-0.0,1.3882845046923953e-09
0.0043141725669026765,0.0,-1.388284504787465e-09
0.004316172646905876,-0.0,1.3882845046749745e-09
0.004318172726909077,0.0,-1.388284504987704e-09
0.004320172806912277,0.0,1.3882845047168277e-09
0.004322172886915477,0.0,-1.3882845047474142e-09
0.004324172966918677,0.0,1.3882845045897792e-09
0.004326173046921877,0.0,-1.3882845048392683e-09
0.0043281731269250775,0.0,1.3882845047660018e-09
0.004330173206928277,-0.0,-1.388284504906346e-09
0.004332173286931478,0.0,1.388284504854351e-09
0.004334173366934678,-0.0,-1.3882845049288726e-09
0.004336173446937878,0.0,1.3882845046725835e-09
0.004338173526941078,0.0,-1.3882845049301738e-09
0.004340173606944278,0.0,1.388284504548209e-09
0.0043421736869474785,0.0,-1.3882845046510036e-09
0.004344173766950678,-0.0,1.3882845045067884e-09
0.004346173846953879,0.0,-1.3882845049718992e-09
0.004348173926957078,-0.0,1.3882845046122913e-09
0.004350174006960279,0.0,-1.3882845047873625e-09
0.004352174086963479,0.0,1.3882845046795804e-09
0.004354174166966679,0.0,-1.3882845047573641e-09
0.004356174246969879,0.0,1.3882845046721017e-09
0.004358174326973079,-0.0,-1.3882845048890213e-09
0.00436017440697628,0.0,1.3882845046791402e-09
0.004362174486979479,-0.0,-1.388284504846738e-09
0.00436417456698268,0.0,1.3882845047683508e-09
0.004366174646985879,0.0,-1.3882845050219505e-09
0.00436817472698908,0.0,1.3882845045615808e-09
0.00437017480699228,0.0,-1.3882845049110214e-09
0.00437217488699548,0.0,1.3882845048240099e-09
0.0043741749669986806,0.0,-1.3882845049222415e-09
0.00437617504700188,-0.0,1.3882845046222673e-09
0.004378175127005081,0.0,-1.3882845049617623e-09
0.00438017520700828,0.0,1.3882845046491116e-09
0.004382175287011481,0.0,-1.3882845046977298e-09
0.004384175367014681,0.0,1.3882845046654176e-09
0.004386175447017881,0.0,-1.3882845048031333e-09
0.0043881755270210815,0.0,1.3882845045458305e-09
0.004390175607024281,-0.0,-1.3882845047531112e-09
0.004392175687027482,0.0,1.3882845047634344e-09
0.004394175767030681,0.0,-1.3882845046772203e-09
0.004396175847033882,0.0,1.3882845047211843e-09
0.0043981759270370815,0.0,-1.3882845046754846e-09
0.004400176007040282,0.0,1.3882845046095207e-09
0.0044021760870434825,0.0,-1.3882845046353238e-09
0.004404176167046682,-0.0,1.3882845046264463e-09
0.004406176247049883,0.0,-1.3882845046194696e-09
0.004408176327053082,0.0,1.3882845047878344e-09
0.004410176407056283,0.0,-1.388284504840512e-09
0.0044121764870594824,0.0,1.3882845048074998e-09
0.004414176567062683,0.0,-1.3882845048991433e-09
0.004416176647065883,0.0,1.3882845049510251e-09
0.004418176727069083,-0.0,-1.388284504752292e-09
0.004420176807072284,0.0,1.3882845047788994e-09
0.004422176887075483,0.0,-1.388284504730974e-09
0.004424176967078684,0.0,1.3882845048131533e-09
0.004426177047081883,0.0,-1.3882845046656534e-09
0.004428177127085084,-0.0,1.3882845046435933e-09
0.004430177207088284,0.0,-1.3882845046202474e-09
0.004432177287091484,-0.0,1.388284504692853e-09
0.004434177367094684,0.0,-1.3882845046357485e-09
0.004436177447097884,0.0,1.388284504712748e-09
0.004438177527101085,0.0,-1.388284504600046e-09
0.004440177607104284,0.0,1.3882845048477553e-09
0.004442177687107485,-0.0,-1.3882845047447614e-09
0.0044441777671106845,0.0,1.3882845048304834e-09
0.004446177847113885,-0.0,-1.388284504673668e-09
0.004448177927117085,0.0,1.3882845046995905e-09
0.004450178007120285,0.0,-1.3882845045819696e-09
0.004452178087123486,0.0,1.3882845047929767e-09
0.004454178167126685,0.0,-1.3882845046162002e-09
0.004456178247129886,-0.0,1.3882845046529812e-09
0.0044581783271330855,0.0,-1.3882845045421671e-09
0.004460178407136286,0.0,1.3882845046406556e-09
0.004462178487139486,0.0,-1.3882845047701869e-09
0.004464178567142686,0.0,1.3882845049956244e-09
0.004466178647145886,0.0,-1.3882845045385124e-09
0.004468178727149086,0.0,1.3882845049175034e-09
0.004470178807152287,-0.0,-1.3882845047479457e-09
0.0044721788871554865,0.0,1.3882845048439424e-09
0.004474178967158687,0.0,-1.3882845048610487e-09
0.004476179047161887,0.0,1.3882845048107014e-09
0.004478179127165087,0.0,-1.3882845046731088e-09
0.004480179207168287,-0.0,1.3882845046861058e-09
0.004482179287171487,0.0,-1.3882845045375715e-09
0.004484179367174687,-0.0,1.3882845045757595e-09
0.0044861794471778875,0.0,-1.388284504622589e-09
0.004488179527181088,0.0,1.3882845048563557e-09
0.004490179607184288,0.0,-1.3882845046219638e-09
0.004492179687187488,0.0,1.3882845047543547e-09
0.004494179767190688,-0.0,-1.3882845046269527e-09
0.004496179847193888,0.0,1.3882845047504504e-09
0.004498179927197088,0.0,-1.3882845047415464e-09
0.0045001800072002884,0.0,1.3882845046511173e-09
0.004502180087203488,0.0,-1.3882845046932554e-09
0.004504180167206689,-0.0,1.388284504812448e-09
0.004506180247209889,0.0,-1.3882845047845298e-09
0.004508180327213089,-0.0,1.388284504716188e-09
0.004510180407216289,0.0,-1.388284504859964e-09
0.004512180487219489,0.0,1.388284504565187e-09
0.004514180567222689,-0.0,-1.3882845046901609e-09
0.004516180647225889,0.0,1.3882845047380848e-09
0.0045181807272290896,-0.0,-1.3882845047341516e-09
0.00452018080723229,0.0,1.3882845046283568e-09
0.00452218088723549,0.0,-1.3882845046067068e-09
0.00452418096723869,0.0,1.3882845046595647e-09
0.00452618104724189,0.0,-1.3882845046015887e-09
0.00452818112724509,-0.0,1.3882845045470475e-09
0.00453018120724829,0.0,-1.3882845048365553e-09
0.0045321812872514905,0.0,1.388284504772069e-09
0.00453418136725469,0.0,-1.3882845048299954e-09
0.004536181447257891,0.0,1.388284504768163e-09
0.004538181527261091,-0.0,-1.3882845049438375e-09
0.004540181607264291,0.0,1.38828450472892e-09
0.004542181687267491,-0.0,-1.3882845047719736e-09
0.004544181767270691,0.0,1.3882845046963908e-09
0.0045461818472738915,0.0,-1.3882845048443157e-09
0.004548181927277091,-0.0,1.3882845045975497e-09
0.004550182007280292,0.0,-1.3882845045625513e-09
0.004552182087283491,-0.0,1.3882845045955972e-09
0.004554182167286692,0.0,-1.3882845047635306e-09
0.004556182247289892,0.0,1.3882845046081238e-09
0.004558182327293092,0.0,-1.3882845047359474e-09
0.0045601824072962925,0.0,1.3882845047615567e-09
0.004562182487299492,-0.0,-1.388284504839139e-09
0.004564182567302693,0.0,1.3882845046405073e-09
0.004566182647305892,0.0,-1.388284504753411e-09
0.004568182727309093,0.0,1.3882845048887339e-09
0.004570182807312293,0.0,-1.3882845047308083e-09
0.004572182887315493,-0.0,1.38828450483991e-09
0.0045741829673186934,0.0,-1.3882845043394775e-09
0.004576183047321893,0.0,1.3882845045579667e-09
0.004578183127325094,0.0,-1.388284504473978e-09
0.004580183207328293,0.0,1.388284504854125e-09
0.004582183287331494,-0.0,-1.3882845047241756e-09
0.004584183367334693,0.0,1.3882845048090933e-09
0.004586183447337894,0.0,-1.388284504648676e-09
0.004588183527341094,0.0,1.3882845049476144e-09
0.004590183607344294,0.0,-1.3882845045950219e-09
0.004592183687347495,-0.0,1.3882845047064621e-09
0.004594183767350694,0.0,-1.388284504637644e-09
0.004596183847353895,0.0,1.388284504642847e-09
0.004598183927357094,0.0,-1.3882845047701728e-09
0.004600184007360295,0.0,1.3882845046655616e-09
0.0046021840873634945,-0.0,-1.3882845048005237e-09
0.004604184167366695,0.0,1.3882845048182653e-09
0.0046061842473698955,0.0,-1.3882845047449817e-09
0.004608184327373095,0.0,1.388284504827556e-09
0.004610184407376296,0.0,-1.3882845049171374e-09
0.004612184487379495,-0.0,1.3882845047522069e-09
0.004614184567382696,0.0,-1.388284504853569e-09
0.0046161846473858955,0.0,1.3882845045998607e-09
0.004618184727389096,0.0,-1.3882845047663967e-09
0.004620184807392296,0.0,1.3882845044653547e-09
0.004622184887395496,-0.0,-1.3882845047116992e-09
0.004624184967398697,0.0,1.3882845047303418e-09
0.004626185047401896,0.0,-1.3882845047046967e-09
0.004628185127405097,0.0,1.3882845047245205e-09
0.0046301852074082965,0.0,-1.3882845048037375e-09
0.004632185287411497,-0.0,1.3882845048358404e-09
0.004634185367414697,0.0,-1.388284504750016e-09
0.004636185447417897,0.0,1.3882845047574121e-09
0.004638185527421098,0.0,-1.3882845047148715e-09
0.004640185607424297,0.0,1.3882845046894797e-09
0.004642185687427498,-0.0,-1.3882845046967529e-09
0.0046441857674306974,0.0,1.3882845045931415e-09
0.004646185847433898,0.0,-1.3882845047977136e-09
0.004648185927437098,0.0,1.388284504699381e-09
0.004650186007440298,0.0,-1.388284504932093e-09
0.004652186087443498,-0.0,1.3882845046874047e-09
0.004654186167446698,0.0,-1.388284504857991e-09
0.004656186247449899,0.0,1.3882845047040788e-09
0.004658186327453098,0.0,-1.3882845047545883e-09
0.004660186407456299,0.0,1.388284504576418e-09
0.004662186487459499,-0.0,-1.388284504834992e-09
0.004664186567462699,0.0,1.3882845045882388e-09
0.004666186647465899,0.0,-1.3882845048073773e-09
0.004668186727469099,0.0,1.388284504649816e-09
0.004670186807472299,0.0,-1.388284504877589e-09
0.004672186887475499,-0.0,1.3882845048143695e-09
0.0046741869674787,0.0,-1.3882845046949542e-09
0.0046761870474818995,0.0,1.3882845047587195e-09
0.0046781871274851,0.0,-1.3882845050403348e-09
0.0046801872074883,0.0,1.388284504622438e-09
0.0046821872874915,-0.0,-1.3882845047783315e-09
0.0046841873674947,0.0,1.3882845048543999e-09
0.0046861874474979,0.0,-1.388284504801933e-09
0.0046881875275011,-0.0,1.3882845047818884e-09
0.0046901876075043005,0.0,-1.3882845046040415e-09
0.004692187687507501,0.0,1.388284504704297e-09
0.004694187767510701,0.0,-1.388284504585388e-09
0.004696187847513901,0.0,1.3882845045949743e-09
0.004698187927517101,-0.0,-1.3882845047856372e-09
0.004700188007520301,0.0,1.3882845046978179e-09
0.004702188087523501,0.0,-1.388284504618659e-09
0.0047041881675267015,0.0,1.3882845047804193e-09
0.004706188247529902,0.0,-1.3882845045514239e-09
0.004708188327533102,-0.0,1.3882845047468267e-09
0.004710188407536302,0.0,-1.3882845046910716e-09
0.004712188487539502,0.0,1.38828450481015e-09
0.004714188567542702,0.0,-1.3882845046117396e-09
0.004716188647545902,0.0,1.3882845045260795e-09
0.0047181887275491025,-0.0,-1.388284504774989e-09
0.004720188807552302,0.0,1.388284504670829e-09
0.004722188887555503,0.0,-1.3882845048116431e-09
0.004724188967558703,-0.0,1.3882845049006885e-09
0.004726189047561903,0.0,-1.3882845048136172e-09
0.004728189127565103,0.0,1.3882845048028152e-09
0.004730189207568303,0.0,-1.388284504566959e-09
0.004732189287571503,0.0,1.3882845046707796e-09
0.004734189367574703,-0.0,-1.388284504702942e-09
0.004736189447577904,0.0,1.3882845046376403e-09
0.004738189527581103,0.0,-1.388284504603574e-09
0.004740189607584304,0.0,1.3882845048645568e-09
0.004742189687587504,0.0,-1.3882845045912508e-09
0.004744189767590704,-0.0,1.3882845046657615e-09
0.004746189847593904,0.0,-1.388284504541916e-09
0.004748189927597104,0.0,1.3882845046907438e-09
0.0047501900076003046,-0.0,-1.3882845047390307e-09
0.004752190087603504,0.0,1.3882845047910165e-09
0.004754190167606705,0.0,-1.3882845048231755e-09
0.004756190247609904,0.0,1.3882845047113987e-09
0.004758190327613105,0.0,-1.3882845047429966e-09
0.004760190407616305,-0.0,1.3882845046041345e-09
0.004762190487619505,0.0,-1.3882845045397358e-09
0.0047641905676227055,0.0,1.3882845049216451e-09
0.004766190647625905,-0.0,-1.3882845046720136e-09
0.004768190727629106,0.0,1.3882845047636772e-09
0.004770190807632305,-0.0,-1.388284505031511e-09
0.004772190887635506,0.0,1.3882845048190406e-09
0.004774190967638706,0.0,-1.3882845046375623e-09
0.004776191047641906,-0.0,1.3882845047537686e-09
0.0047781911276451065,0.0,-1.3882845046903716e-09
0.004780191207648306,0.0,1.3882845047377314e-09
0.004782191287651507,0.0,-1.3882845045176195e-09
0.004784191367654706,0.0,1.3882845048193582e-09
0.004786191447657907,-0.0,-1.388284504781419e-09
0.0047881915276611065,0.0,1.3882845047383098e-09
0.004790191607664307,0.0,-1.3882845048835003e-09
0.0047921916876675075,-0.0,1.3882845047519258e-09
0.004794191767670707,0.0,-1.3882845045737952e-09
0.004796191847673908,0.0,1.3882845047217735e-09
0.004798191927677107,0.0,-1.3882845047015685e-09
0.004800192007680308,0.0,1.388284504598452e-09
0.004802192087683507,-0.0,-1.3882845047944301e-09
0.004804192167686708,0.0,1.3882845047516744e-09
0.004806192247689908,0.0,-1.388284504779762e-09
0.004808192327693108,-0.0,1.388284504636714e-09
0.004810192407696309,0.0,-1.388284504772283e-09
0.004812192487699508,0.0,1.3882845048253267e-09
0.004814192567702709,0.0,-1.3882845046213847e-09
0.004816192647705908,0.0,1.3882845046875658e-09
0.004818192727709109,-0.0,-1.3882845045435049e-09
0.0048201928077123085,0.0,1.388284504817943e-09
0.004822192887715509,0.0,-1.3882845048145891e-09
0.00482419296771871,-0.0,1.3882845047844706e-09
0.004826193047721909,0.0,-1.388284504690942e-09
0.00482819312772511,0.0,1.3882845046857142e-09
0.004830193207728309,0.0,-1.3882845047350383e-09
0.00483219328773151,0.0,1.3882845047043164e-09
0.0048341933677347095,-0.0,-1.388284504843635e-09
0.00483619344773791,0.0,1.3882845047802367e-09
0.00483819352774111,0.0,-1.3882845045806782e-09
0.00484019360774431,-0.0,1.3882845048010283e-09
0.004842193687747511,0.0,-1.3882845046585218e-09
0.00484419376775071,0.0,1.3882845047491538e-09
0.004846193847753911,-0.0,-1.3882845046860244e-09
0.0048481939277571105,0.0,1.3882845046956825e-09
0.004850194007760311,0.0,-1.3882845048043701e-09
0.004852194087763511,0.0,1.3882845045340835e-09
0.004854194167766711,0.0,-1.38828450480246e-09
0.004856194247769911,-0.0,1.388284504650422e-09
0.004858194327773111,0.0,-1.388284504646077e-09
0.004860194407776312,0.0,1.3882845046591486e-09
0.0048621944877795115,-0.0,-1.3882845047072072e-09
0.004864194567782712,0.0,1.3882845045345347e-09
0.004866194647785912,0.0,-1.3882845047718109e-09
0.004868194727789112,0.0,1.3882845047114784e-09
0.004870194807792312,0.0,-1.3882845046731842e-09
0.004872194887795512,-0.0,1.3882845048922285e-09
0.004874194967798712,0.0,-1.388284504834525e-09
0.0048761950478019124,0.0,1.3882845049404796e-09
0.004878195127805113,-0.0,-1.3882845046275152e-09
0.004880195207808313,0.0,1.3882845045788404e-09
0.004882195287811513,0.0,-1.3882845046217928e-09
0.004884195367814713,-0.0,1.3882845046936144e-09
0.004886195447817913,0.0,-1.3882845047677587e-09
0.004888195527821113,0.0,1.3882845047201013e-09
0.004890195607824313,0.0,-1.3882845047077335e-09
0.004892195687827514,0.0,1.3882845047100928e-09
0.0048941957678307136,-0.0,-1.3882845046849968e-09
0.004896195847833914,0.0,1.388284504458355e-09
0.004898195927837114,0.0,-1.3882845046425912e-09
0.004900196007840314,-0.0,1.3882845045218054e-09
0.004902196087843514,0.0,-1.3882845049039984e-09
0.004904196167846714,0.0,1.388284504754125e-09
0.004906196247849914,-0.0,-1.388284504656802e-09
0.0049081963278531145,0.0,1.3882845048269168e-09
0.004910196407856315,0.0,-1.3882845048368663e-09
0.004912196487859515,0.0,1.388284504619538e-09
0.004914196567862715,0.0,-1.3882845048919956e-09
0.004916196647865915,-0.0,1.3882845048017263e-09
0.004918196727869115,0.0,-1.388284504861908e-09
0.004920196807872315,0.0,1.3882845047692993e-09
0.0049221968878755155,-0.0,-1.3882845049348231e-09
0.004924196967878715,0.0,1.3882845046365482e-09
0.004926197047881916,0.0,-1.3882845050173946e-09
0.004928197127885116,-0.0,1.3882845047058161e-09
0.004930197207888316,0.0,-1.3882845047811173e-09
0.004932197287891516,0.0,1.3882845047257644e-09
0.004934197367894716,0.0,-1.388284505017e-09
0.0049361974478979165,0.0,1.3882845046740309e-09
0.004938197527901116,0.0,-1.3882845048028624e-09
0.004940197607904317,0.0,1.3882845044946212e-09
0.004942197687907516,0.0,-1.3882845048981265e-09
0.004944197767910717,-0.0,1.388284504753917e-09
0.004946197847913917,0.0,-1.388284504874255e-09
0.004948197927917117,0.0,1.3882845046339726e-09
0.0049501980079203175,-0.0,-1.3882845045497606e-09
0.004952198087923517,0.0,1.3882845046216087e-09
0.004954198167926718,0.0,-1.388284504854456e-09
0.004956198247929917,-0.0,1.3882845047004382e-09
0.004958198327933118,0.0,-1.3882845049743533e-09
0.004960198407936318,0.0,1.3882845046703398e-09
0.004962198487939518,0.0,-1.3882845046762576e-09
0.004964198567942718,0.0,1.3882845045297898e-09
0.004966198647945918,0.0,-1.388284504621231e-09
0.004968198727949119,0.0,1.3882845049248705e-09
0.004970198807952318,0.0,-1.3882845047810298e-09
0.004972198887955519,-0.0,1.3882845046695955e-09
0.004974198967958718,0.0,-1.3882845046812242e-09
0.004976199047961919,0.0,1.3882845047737613e-09
0.004978199127965119,-0.0,-1.388284504600493e-09
0.004980199207968319,0.0,1.3882845045830664e-09
0.0049821992879715195,0.0,-1.3882845047545058e-09
0.004984199367974719,-0.0,1.388284504898176e-09
0.00498619944797792,0.0,-1.3882845046823872e-09
0.004988199527981119,0.0,1.3882845046036e-09
0.00499019960798432,-0.0,-1.388284504773924e-09
0.0049921996879875195,0.0,1.3882845044729906e-09
0.00499419976799072,0.0,-1.3882845046871282e-09
0.0049961998479939205,0.0,1.3882845048965193e-09
0.00499819992799712,0.0,-1.3882845047099272e-09
0.005000200008000321,0.0,1.3882845047272355e-09
0.00500220008800352,0.0,-1.3882845047875256e-09
0.005004200168006721,0.0,1.388284504936958e-09
0.0050062002480099205,-0.0,-1.388284504890055e-09
0.005008200328013121,0.0,1.3882845047225115e-09
0.0050102004080163215,0.0,-1.3882845046339161e-09
0.005012200488019521,-0.0,1.388284504884252e-09
0.005014200568022722,0.0,-1.3882845047869638e-09
0.005016200648025921,0.0,1.388284504752778e-09
0.005018200728029122,-0.0,-1.388284504656627e-09
0.0050202008080323214,0.0,1.3882845046633865e-09
0.005022200888035522,0.0,-1.388284504604034e-09
0.005024200968038722,-0.0,1.3882845046096485e-09
0.005026201048041922,0.0,-1.3882845047203863e-09
0.005028201128045123,0.0,1.3882845048726384e-09
0.005030201208048322,-0.0,-1.3882845046573152e-09
0.005032201288051523,0.0,1.3882845046367612e-09
0.005034201368054722,0.0,-1.3882845044888026e-09
0.005036201448057923,-0.0,1.3882845047295978e-09
0.005038201528061123,0.0,-1.3882845044781322e-09
0.005040201608064323,0.0,1.388284504988309e-09
0.005042201688067523,0.0,-1.388284504709035e-09
0.005044201768070723,0.0,1.3882845049452152e-09
0.005046201848073924,0.0,-1.388284504732257e-09
0.005048201928077123,0.0,1.388284504897791e-09
0.005050202008080324,0.0,-1.3882845045374168e-09
0.0050522020880835235,0.0,1.3882845047162595e-09
0.005054202168086724,0.0,-1.3882845047996755e-09
0.005056202248089924,0.0,1.3882845048872625e-09
0.005058202328093124,-0.0,-1.3882845046302374e-09
0.005060202408096324,0.0,1.388284504866526e-09
0.005062202488099524,0.0,-1.3882845045665454e-09
0.005064202568102725,-0.0,1.3882845048797079e-09
0.0050662026481059245,0.0,-1.3882845046173702e-09
0.005068202728109125,0.0,1.388284504857595e-09
0.005070202808112325,-0.0,-1.388284504723743e-09
0.005072202888115525,0.0,1.3882845048516307e-09
0.005074202968118725,0.0,-1.3882845047151843e-09
0.005076203048121925,-0.0,1.388284504815817e-09
0.005078203128125126,0.0,-1.388284504631214e-09
0.0050802032081283255,0.0,1.388284504763802e-09
0.005082203288131526,-0.0,-1.388284504689804e-09
0.005084203368134726,0.0,1.3882845048177796e-09
0.005086203448137926,0.0,-1.388284504644109e-09
0.005088203528141126,-0.0,1.3882845047907512e-09
0.005090203608144326,0.0,-1.3882845045466186e-09
0.005092203688147526,0.0,1.3882845047978563e-09
0.0050942037681507265,-0.0,-1.3882845046943903e-09
0.005096203848153927,0.0,1.3882845045469966e-09
0.005098203928157127,0.0,-1.3882845046974868e-09
0.005100204008160327,-0.0,1.3882845045754733e-09
0.005102204088163527,0.0,-1.3882845047036191e-09
0.005104204168166727,0.0,1.3882845047409312e-09
0.005106204248169927,-0.0,-1.3882845045405477e-09
0.005108204328173127,0.0,1.3882845046915392e-09
0.005110204408176327,0.0,-1.3882845043879802e-09
0.005112204488179528,-0.0,1.3882845046501256e-09
0.005114204568182728,0.0,-1.3882845046752998e-09
0.005116204648185928,0.0,1.3882845047987329e-09
0.005118204728189128,-0.0,-1.3882845048920453e-09
0.005120204808192328,0.0,1.3882845048388468e-09
0.005122204888195528,0.0,-1.388284504635534e-09
0.005124204968198728,-0.0,1.3882845047752472e-09
0.0051262050482019286,0.0,-1.3882845045635239e-09
0.005128205128205128,0.0,1.3882845047345387e-09
0.005130205208208329,-0.0,-1.3882845045599831e-09
0.005132205288211529,0.0,1.3882845047244833e-09
0.005134205368214729,0.0,-1.3882845045057569e-09
0.005136205448217929,-0.0,1.388284504820892e-09
0.005138205528221129,0.0,-1.3882845046786074e-09
0.0051402056082243295,0.0,1.3882845047232833e-09
0.005142205688227529,-0.0,-1.3882845045730627e-09
0.00514420576823073,0.0,1.3882845048546786e-09
0.00514620584823393,0.0,-1.3882845048667834e-09
0.00514820592823713,-0.0,1.388284504760023e-09
0.00515020600824033,0.0,-1.3882845045643347e-09
0.00515220608824353,0.0,1.3882845046210226e-09
0.0051542061682467305,-0.0,-1.3882845045376002e-09
0.00515620624824993,0.0,1.3882845045806966e-09
0.005158206328253131,0.0,-1.3882845048153832e-09
0.00516020640825633,-0.0,1.388284504777295e-09
0.005162206488259531,0.0,-1.3882845046968003e-09
0.005164206568262731,0.0,1.3882845047443849e-09
0.005166206648265931,-0.0,-1.3882845046630682e-09
0.0051682067282691315,0.0,1.38828450467232e-09
0.005170206808272331,0.0,-1.388284504681489e-09
0.005172206888275532,-0.0,1.3882845045036397e-09
0.005174206968278731,0.0,-1.3882845046883944e-09
0.005176207048281932,0.0,1.3882845046078512e-09
0.005178207128285131,-0.0,-1.3882845048379522e-09
0.005180207208288332,0.0,1.3882845046576996e-09
0.0051822072882915324,0.0,-1.3882845047938097e-09
0.005184207368294732,-0.0,1.3882845046277536e-09
0.005186207448297933,0.0,-1.3882845048232702e-09
0.005188207528301132,0.0,1.388284504656685e-09
0.005190207608304333,-0.0,-1.3882845048912197e-09
0.005192207688307532,0.0,1.388284504610825e-09
0.005194207768310733,0.0,-1.3882845047182373e-09
0.0051962078483139326,-0.0,1.3882845044611477e-09
0.005198207928317133,0.0,-1.3882845048180633e-09
0.005200208008320334,0.0,1.3882845046893693e-09
0.005202208088323533,0.0,-1.3882845048504666e-09
0.005204208168326734,0.0,1.3882845045485236e-09
0.005206208248329933,0.0,-1.3882845047652288e-09
0.005208208328333134,0.0,1.3882845046669186e-09
0.0052102084083363335,0.0,-1.3882845045632594e-09
0.005212208488339534,0.0,1.388284504557526e-09
0.0052142085683427345,0.0,-1.3882845047417296e-09
0.005216208648345934,-0.0,1.3882845047155262e-09
0.005218208728349135,0.0,-1.3882845046082289e-09
0.005220208808352334,0.0,1.388284504460807e-09
0.005222208888355535,-0.0,-1.388284504723134e-09
0.0052242089683587345,0.0,1.3882845048421555e-09
0.005226209048361935,0.0,-1.3882845047139492e-09
0.005228209128365135,-0.0,1.3882845047211851e-09
0.005230209208368335,0.0,-1.3882845045635425e-09
0.005232209288371536,0.0,1.3882845046854954e-09
0.005234209368374735,-0.0,-1.3882845045960104e-09
0.005236209448377936,0.0,1.388284504757315e-09
0.0052382095283811355,0.0,-1.3882845048226365e-09
0.005240209608384336,-0.0,1.3882845047267705e-09
0.005242209688387536,0.0,-1.3882845047503484e-09
0.005244209768390736,0.0,1.3882845045455006e-09
0.005246209848393936,-0.0,-1.3882845045951338e-09
0.005248209928397136,0.0,1.3882845048275506e-09
0.005250210008400337,0.0,-1.388284504939538e-09
0.0052522100884035364,-0.0,1.3882845047139014e-09
0.005254210168406737,0.0,-1.388284504749716e-09
0.005256210248409937,0.0,1.3882845047095517e-09
0.005258210328413137,0.0,-1.3882845047867719e-09
0.005260210408416337,0.0,1.3882845047677672e-09
0.005262210488419537,0.0,-1.3882845047726966e-09
0.005264210568422738,0.0,1.3882845048585546e-09
0.005266210648425937,-0.0,-1.388284504652879e-09
0.005268210728429138,0.0,1.3882845047590609e-09
0.0052702108084323376,0.0,-1.3882845047156895e-09
0.005272210888435538,-0.0,1.3882845048324965e-09
0.005274210968438738,0.0,-1.3882845047361515e-09
0.005276211048441938,0.0,1.3882845047540672e-09
0.005278211128445138,-0.0,-1.3882845046069608e-09
0.005280211208448338,0.0,1.3882845047096722e-09
0.005282211288451539,0.0,-1.3882845046804473e-09
0.0052842113684547385,-0.0,1.3882845047976898e-09
0.005286211448457939,0.0,-1.3882845046206167e-09
0.005288211528461139,0.0,1.388284504830833e-09
0.005290211608464339,0.0,-1.388284504674352e-09
0.005292211688467539,0.0,1.3882845048181261e-09
0.005294211768470739,0.0,-1.38828450481267e-09
0.005296211848473939,0.0,1.388284504667993e-09
0.0052982119284771395,-0.0,-1.3882845046927123e-09
0.00530021200848034,0.0,1.388284504836906e-09
0.00530221208848354,0.0,-1.3882845048102708e-09
0.00530421216848674,-0.0,1.388284504605291e-09
0.00530621224848994,0.0,-1.3882845047093724e-09
0.00530821232849314,0.0,1.3882845047050359e-09
0.00531021240849634,-0.0,-1.388284504782375e-09
0.0053122124884995405,0.0,1.388284504626609e-09
0.00531421256850274,0.0,-1.3882845044946565e-09
0.005316212648505941,-0.0,1.388284504626702e-09
0.005318212728509141,0.0,-1.3882845046522785e-09
0.005320212808512341,0.0,1.3882845046421761e-09
0.005322212888515541,0.0,-1.3882845049547818e-09
0.005324212968518741,0.0,1.388284504569733e-09
0.0053262130485219415,0.0,-1.388284504642916e-09
0.005328213128525141,0.0,1.3882845047844225e-09
0.005330213208528342,-0.0,-1.3882845046531994e-09
0.005332213288531542,0.0,1.388284504694958e-09
0.005334213368534742,0.0,-1.3882845046722208e-09
0.005336213448537942,-0.0,1.3882845046444188e-09
0.005338213528541142,0.0,-1.3882845044387912e-09
0.005340213608544342,0.0,1.3882845045823635e-09
0.005342213688547542,-0.0,-1.3882845046826273e-09
0.005344213768550743,0.0,1.3882845047063017e-09
0.005346213848553942,0.0,-1.388284504527977e-09
0.005348213928557143,0.0,1.3882845045163746e-09
0.005350214008560343,-0.0,-1.3882845046244567e-09
0.005352214088563543,0.0,1.3882845047496343e-09
0.005354214168566743,0.0,-1.3882845046013242e-09
0.005356214248569943,-0.0,1.3882845047537628e-09
0.0053582143285731436,0.0,-1.388284504643252e-09
0.005360214408576343,0.0,1.3882845047582128e-09
0.005362214488579544,-0.0,-1.388284504931686e-09
0.005364214568582743,0.0,1.3882845046684726e-09
0.005366214648585944,0.0,-1.3882845046672887e-09
0.005368214728589144,0.0,1.3882845046777794e-09
0.005370214808592344,0.0,-1.3882845045175672e-09
0.0053722148885955445,0.0,1.388284504746582e-09
0.005374214968598744,0.0,-1.3882845047849361e-09
0.005376215048601945,-0.0,1.3882845047454428e-09
0.005378215128605144,0.0,-1.3882845045874495e-09
0.005380215208608345,0.0,1.388284504600966e-09
0.0053822152886115445,-0.0,-1.3882845044929294e-09
0.005384215368614745,0.0,1.3882845048484208e-09
0.0053862154486179455,0.0,-1.3882845047116606e-09
0.005388215528621145,0.0,1.3882845046522572e-09
0.005390215608624346,0.0,-1.3882845047246003e-09
0.005392215688627545,0.0,1.3882845046817112e-09
0.005394215768630746,0.0,-1.388284504819988e-09
0.0053962158486339454,-0.0,1.3882845049981012e-09
0.005398215928637146,0.0,-1.3882845045050906e-09
0.0054002160086403465,0.0,1.388284504648479e-09
0.005402216088643546,-0.0,-1.388284504642531e-09
0.005404216168646747,0.0,1.3882845047390851e-09
0.005406216248649946,0.0,-1.388284504727967e-09
0.005408216328653147,0.0,1.3882845046367004e-09
0.005410216408656346,-0.0,-1.3882845045479793e-09
0.005412216488659547,0.0,1.3882845046959507e-09
0.005414216568662747,0.0,-1.388284504534241e-09
0.005416216648665947,-0.0,1.3882845049982884e-09
0.005418216728669148,0.0,-1.388284504485661e-09
0.005420216808672347,0.0,1.3882845046329324e-09
0.005422216888675548,-0.0,-1.388284504670524e-09
0.005424216968678747,0.0,1.3882845047966327e-09
0.005426217048681948,0.0,-1.3882845048382773e-09
0.0054282171286851475,0.0,1.3882845048355528e-09
0.005430217208688348,-0.0,-1.388284504795282e-09
0.005432217288691548,0.0,1.3882845047201106e-09
0.005434217368694748,0.0,-1.3882845047223436e-09
0.005436217448697949,-0.0,1.3882845047101946e-09
0.005438217528701148,0.0,-1.388284504628854e-09
0.005440217608704349,0.0,1.3882845047128277e-09
0.0054422176887075485,0.0,-1.3882845045718619e-09
0.005444217768710749,0.0,1.388284504698429e-09
0.005446217848713949,0.0,-1.3882845045137295e-09
0.005448217928717149,0.0,1.3882845047939005e-09
0.005450218008720349,-0.0,-1.388284504466546e-09
0.005452218088723549,0.0,1.3882845045155989e-09
0.00545421816872675,0.0,-1.3882845047359437e-09
0.0054562182487299495,-0.0,1.3882845048488636e-09
0.00545821832873315,0.0,-1.3882845047675273e-09
0.00546021840873635,0.0,1.3882845048640731e-09
0.00546221848873955,0.0,-1.3882845045814464e-09
0.00546421856874275,-0.0,1.3882845047040271e-09
0.00546621864874595,0.0,-1.3882845047576795e-09
0.005468218728749151,0.0,1.3882845047743821e-09
0.0054702188087523505,-0.0,-1.3882845046580119e-09
0.005472218888755551,0.0,1.388284504699714e-09
0.005474218968758751,0.0,-1.3882845046894998e-09
0.005476219048761951,0.0,1.388284504768159e-09
0.005478219128765151,-0.0,-1.3882845048510481e-09
0.005480219208768351,0.0,1.3882845046514228e-09
0.005482219288771551,0.0,-1.3882845045578395e-09
0.0054842193687747514,-0.0,1.3882845047912841e-09
0.005486219448777952,0.0,-1.3882845047861145e-09
0.005488219528781152,0.0,1.3882845047672e-09
0.005490219608784352,0.0,-1.3882845045797166e-09
0.005492219688787552,-0.0,1.3882845045955107e-09
0.005494219768790752,0.0,-1.3882845046672693e-09
0.005496219848793952,0.0,1.3882845048288594e-09
0.005498219928797152,-0.0,-1.3882845046270116e-09
0.005500220008800352,0.0,1.3882845047572318e-09
0.0055022200888035526,0.0,-1.3882845045878304e-09
0.005504220168806753,0.0,1.3882845047633842e-09
0.005506220248809953,-0.0,-1.3882845048434606e-09
0.005508220328813153,0.0,1.38828450475171e-09
0.005510220408816353,0.0,-1.3882845045352473e-09
0.005512220488819553,-0.0,1.3882845048884665e-09
0.005514220568822753,0.0,-1.388284504787895e-09
0.0055162206488259535,0.0,1.3882845049115024e-09
0.005518220728829154,0.0,-1.3882845046944633e-09
0.005520220808832354,-0.0,1.388284504653111e-09
0.005522220888835554,0.0,-1.3882845048402367e-09
0.005524220968838754,0.0,1.3882845049249991e-09
0.005526221048841954,-0.0,-1.3882845047090092e-09
0.005528221128845154,0.0,1.3882845048170628e-09
0.0055302212088483545,0.0,-1.3882845047885178e-09
0.005532221288851554,0.0,1.3882845049208012e-09
0.005534221368854755,-0.0,-1.3882845046534816e-09
0.005536221448857955,0.0,1.388284504673657e-09
0.005538221528861155,0.0,-1.3882845045653784e-09
0.005540221608864355,0.0,1.3882845046852034e-09
0.005542221688867555,0.0,-1.388284504855986e-09
0.0055442217688707555,0.0,1.3882845047897117e-09
0.005546221848873955,0.0,-1.3882845046758232e-09
0.005548221928877156,-0.0,1.3882845045871614e-09
0.005550222008880355,0.0,-1.3882845048329966e-09
0.005552222088883556,0.0,1.3882845048161992e-09
0.005554222168886756,0.0,-1.3882845048142185e-09
0.005556222248889956,-0.0,1.3882845047909332e-09
0.0055582223288931564,0.0,-1.3882845046980321e-09
0.005560222408896356,0.0,1.388284504840434e-09
0.005562222488899557,-0.0,-1.38828450476624e-09
0.005564222568902756,0.0,1.3882845048135812e-09
0.005566222648905957,0.0,-1.3882845047183187e-09
0.005568222728909156,0.0,1.3882845046303193e-09
0.005570222808912357,-0.0,-1.3882845047348144e-09
0.005572222888915557,0.0,1.3882845049008965e-09
0.005574222968918757,0.0,-1.3882845046605325e-09
0.005576223048921958,0.0,1.3882845047643091e-09
0.005578223128925157,0.0,-1.3882845048300024e-09
0.005580223208928358,0.0,1.3882845048227344e-09
0.005582223288931557,0.0,-1.3882845048587953e-09
0.005584223368934758,-0.0,1.3882845047389337e-09
0.005586223448937958,0.0,-1.3882845045055118e-09
0.005588223528941158,0.0,1.3882845047295018e-09
0.0055902236089443585,0.0,-1.3882845047159116e-09
0.005592223688947558,-0.0,1.3882845049214267e-09
0.005594223768950759,0.0,-1.3882845045705402e-09
0.005596223848953958,0.0,1.3882845046647249e-09
0.005598223928957159,0.0,-1.3882845046646566e-09
0.0056002240089603585,0.0,1.3882845047436633e-09
0.005602224088963559,0.0,-1.3882845047736728e-09
0.0056042241689667595,0.0,1.388284504738713e-09
0.005606224248969959,-0.0,-1.388284504676184e-09
0.00560822432897316,0.0,1.388284504856892e-09
0.005610224408976359,0.0,-1.388284504705709e-09
0.00561222448897956,0.0,1.3882845048208854e-09
0.0056142245689827595,-0.0,-1.3882845047128012e-09
0.00561622464898596,0.0,1.3882845048007797e-09
0.00561822472898916,0.0,-1.3882845046225442e-09
0.00562022480899236,0.0,1.3882845046542358e-09
0.005622224888995561,-0.0,-1.3882845047884159e-09
0.00562422496899876,0.0,1.3882845046547468e-09
0.005626225049001961,0.0,-1.3882845046438332e-09
0.0056282251290051604,-0.0,1.3882845047196606e-09
0.005630225209008361,0.0,-1.3882845047908867e-09
0.005632225289011561,0.0,1.3882845046352024e-09
0.005634225369014761,0.0,-1.3882845046929565e-09
0.005636225449017961,-0.0,1.3882845047548948e-09
0.005638225529021161,0.0,-1.3882845046848065e-09
0.005640225609024362,0.0,1.3882845047071921e-09
0.005642225689027561,0.0,-1.3882845046940557e-09
0.005644225769030762,-0.0,1.388284504650985e-09
0.005646225849033962,0.0,-1.3882845048194412e-09
0.005648225929037162,0.0,1.3882845047233747e-09
0.005650226009040362,0.0,-1.3882845046978777e-09
0.005652226089043562,-0.0,1.3882845045193084e-09
0.005654226169046763,0.0,-1.388284504728649e-09
0.005656226249049962,0.0,1.3882845047318022e-09
0.005658226329053163,-0.0,-1.3882845047426637e-09
0.0056602264090563625,0.0,1.3882845045405268e-09
0.005662226489059563,0.0,-1.3882845048840419e-09
0.005664226569062763,0.0,1.388284504607441e-09
0.005666226649065963,-0.0,-1.3882845045647448e-09
0.005668226729069163,0.0,1.3882845048129805e-09
0.005670226809072363,0.0,-1.388284504595372e-09
0.005672226889075564,0.0,1.3882845045181882e-09
0.0056742269690787635,-0.0,-1.388284504651864e-09
0.005676227049081964,0.0,1.3882845047930994e-09
0.005678227129085164,0.0,-1.3882845046609672e-09
0.005680227209088364,0.0,1.3882845046375758e-09
0.005682227289091564,-0.0,-1.3882845045869885e-09
0.005684227369094764,0.0,1.3882845047020191e-09
0.005686227449097964,0.0,-1.388284504858441e-09
0.0056882275291011645,0.0,1.388284504827981e-09
0.005690227609104365,-0.0,-1.3882845045468541e-09
0.005692227689107565,0.0,1.3882845048130909e-09
0.005694227769110765,0.0,-1.3882845048902881e-09
0.005696227849113965,-0.0,1.388284504849301e-09
0.005698227929117165,0.0,-1.388284504749904e-09
0.005700228009120365,0.0,1.3882845045500944e-09
0.0057022280891235655,0.0,-1.3882845045762505e-09
0.005704228169126766,-0.0,1.388284504731321e-09
0.005706228249129966,0.0,-1.3882845047403228e-09
0.005708228329133166,0.0,1.3882845048270289e-09
0.005710228409136366,0.0,-1.388284504802818e-09
0.005712228489139566,-0.0,1.3882845050708571e-09
0.005714228569142766,0.0,-1.3882845046660953e-09
0.005716228649145966,0.0,1.3882845047120588e-09
0.005718228729149166,0.0,-1.3882845044805632e-09
0.005720228809152367,-0.0,1.3882845047115088e-09
0.005722228889155567,0.0,-1.3882845047616086e-09
0.005724228969158767,0.0,1.388284504834065e-09
0.005726229049161967,0.0,-1.3882845046059837e-09
0.005728229129165167,-0.0,1.3882845046769756e-09
0.005730229209168367,0.0,-1.3882845046548876e-09
0.005732229289171567,0.0,1.3882845046572234e-09
0.0057342293691747676,0.0,-1.3882845048120563e-09
0.005736229449177967,-0.0,1.3882845048971068e-09
0.005738229529181168,0.0,-1.3882845048222163e-09
0.005740229609184368,0.0,1.3882845047652914e-09
0.005742229689187568,0.0,-1.3882845048298915e-09
0.005744229769190768,-0.0,1.388284504766151e-09
0.005746229849193968,0.0,-1.38828450471999e-09
0.0057482299291971685,0.0,1.3882845047431015e-09
0.005750230009200368,0.0,-1.3882845049025143e-09
0.005752230089203569,-0.0,1.388284504784785e-09
0.005754230169206768,0.0,-1.3882845047861939e-09
0.005756230249209969,0.0,1.3882845046503652e-09
0.005758230329213169,0.0,-1.3882845048560104e-09
0.005760230409216369,-0.0,1.38828450497333e-09
0.0057622304892195695,0.0,-1.3882845046008944e-09
0.005764230569222769,0.0,1.3882845046485779e-09
0.00576623064922597,0.0,-1.3882845049292347e-09
0.005768230729229169,-0.0,1.3882845048955575e-09
0.00577023080923237,0.0,-1.3882845046352872e-09
0.00577223088923557,0.0,1.3882845045896518e-09
0.00577423096923877,0.0,-1.388284504783747e-09
0.0057762310492419705,-0.0,1.3882845048412682e-09
0.00577823112924517,0.0,-1.3882845045042812e-09
0.005780231209248371,0.0,1.3882845046191383e-09
0.00578223128925157,0.0,-1.3882845046406955e-09
0.005784231369254771,-0.0,1.3882845049208063e-09
0.00578623144925797,0.0,-1.3882845046600488e-09
0.005788231529261171,0.0,1.3882845045491227e-09
0.0057902316092643714,0.0,-1.3882845045862244e-09
0.005792231689267571,-0.0,1.3882845049492696e-09
0.005794231769270772,0.0,-1.3882845046284997e-09
0.005796231849273971,0.0,1.3882845046759263e-09
0.005798231929277172,0.0,-1.3882845046214877e-09
0.005800232009280371,-0.0,1.3882845049975292e-09
0.005802232089283572,0.0,-1.388284504776377e-09
0.0058042321692867715,0.0,1.3882845048540847e-09
0.005806232249289972,0.0,-1.3882845047438695e-09
0.005808232329293173,-0.0,1.3882845049616182e-09
0.005810232409296372,0.0,-1.3882845047146467e-09
0.005812232489299573,0.0,1.3882845047497131e-09
0.005814232569302772,0.0,-1.3882845048235957e-09
0.005816232649305973,-0.0,1.388284504785254e-09
0.0058182327293091725,0.0,-1.3882845046891319e-09
0.005820232809312373,0.0,1.388284504782023e-09
0.005822232889315573,0.0,-1.388284504702374e-09
0.005824232969318773,-0.0,1.3882845047480205e-09
0.005826233049321974,0.0,-1.3882845046572685e-09
0.005828233129325173,0.0,1.388284504728983e-09
0.005830233209328374,0.0,-1.388284504632852e-09
0.0058322332893315735,-0.0,1.3882845046055506e-09
0.005834233369334774,0.0,-1.3882845048056206e-09
0.005836233449337974,0.0,1.3882845046105489e-09
0.005838233529341174,0.0,-1.3882845047160603e-09
0.005840233609344375,-0.0,1.388284504638871e-09
0.005842233689347574,0.0,-1.3882845048079545e-09
0.005844233769350775,0.0,1.3882845045705278e-09
0.0058462338493539745,0.0,-1.388284504763534e-09
0.005848233929357175,0.0,1.3882845047229634e-09
0.005850234009360375,-0.0,-1.3882845047271842e-09
0.005852234089363575,0.0,1.3882845047604528e-09
0.005854234169366775,0.0,-1.388284504859423e-09
0.005856234249369975,0.0,1.3882845046856434e-09
0.005858234329373176,-0.0,-1.3882845048272785e-09
0.0058602344093763754,0.0,1.3882845045731183e-09
0.005862234489379576,0.0,-1.3882845046564932e-09
0.005864234569382776,0.0,1.3882845047036752e-09
0.005866234649385976,-0.0,-1.388284504893192e-09
0.005868234729389176,0.0,1.3882845045781354e-09
0.005870234809392376,0.0,-1.3882845047104372e-09
0.005872234889395576,0.0,1.3882845047694234e-09
0.005874234969398776,-0.0,-1.3882845048074321e-09
0.005876235049401977,0.0,1.3882845044347962e-09
0.0058782351294051766,0.0,-1.3882845047007926e-09
0.005880235209408377,0.0,1.388284504859903e-09
0.005882235289411577,-0.0,-1.388284504802053e-09
0.005884235369414777,0.0,1.3882845044934679e-09
0.005886235449417977,0.0,-1.388284504779204e-09
0.005888235529421177,0.0,1.3882845048060985e-09
0.005890235609424377,0.0,-1.3882845047461995e-09
0.0058922356894275775,-0.0,1.3882845044798076e-09
0.005894235769430778,0.0,-1.3882845046650185e-09
0.005896235849433978,0.0,1.3882845047515458e-09
0.005898235929437178,0.0,-1.3882845048282812e-09
0.005900236009440378,-0.0,1.3882845044257902e-09
0.005902236089443578,0.0,-1.3882845046875528e-09
0.005904236169446778,0.0,1.3882845048303889e-09
0.0059062362494499785,0.0,-1.388284504704974e-09
0.005908236329453179,-0.0,1.388284504556425e-09
0.005910236409456379,0.0,-1.3882845044599633e-09
0.005912236489459579,0.0,1.3882845048917874e-09
0.005914236569462779,0.0,-1.3882845046253999e-09
0.005916236649465979,0.0,1.3882845046107338e-09
0.005918236729469179,-0.0,-1.3882845047131513e-09
0.0059202368094723795,0.0,1.3882845049149292e-09
0.005922236889475579,0.0,-1.3882845045759268e-09
0.00592423696947878,0.0,1.388284504625127e-09
0.00592623704948198,-0.0,-1.3882845048444228e-09
0.00592823712948518,0.0,1.3882845047878811e-09
0.00593023720948838,0.0,-1.388284504662108e-09
0.00593223728949158,0.0,1.3882845046442881e-09
0.0059342373694947805,-0.0,-1.388284504690144e-09
0.00593623744949798,0.0,1.3882845048985382e-09
0.005938237529501181,0.0,-1.3882845045822206e-09
0.00594023760950438,0.0,1.388284504656999e-09
0.005942237689507581,0.0,-1.3882845047090183e-09
0.005944237769510781,-0.0,1.3882845049439298e-09
0.005946237849513981,0.0,-1.3882845045741807e-09
0.005948237929517181,0.0,1.38828450469066e-09
0.005950238009520381,0.0,-1.388284504796778e-09
0.005952238089523582,-0.0,1.388284504761644e-09
0.005954238169526781,0.0,-1.3882845045549032e-09
0.005956238249529982,0.0,1.3882845046265087e-09
0.005958238329533182,0.0,-1.3882845049179085e-09
0.005960238409536382,-0.0,1.3882845047003975e-09
0.005962238489539582,-0.0,-1.3882845045713608e-09
0.005964238569542782,0.0,1.3882845046192308e-09
0.0059662386495459825,0.0,-1.3882845046876138e-09
0.005968238729549182,0.0,1.388284504826824e-09
0.005970238809552383,-0.0,-1.3882845044122059e-09
0.005972238889555582,0.0,1.3882845048265545e-09
0.005974238969558783,0.0,-1.3882845047642097e-09
0.005976239049561983,0.0,1.3882845046740633e-09
0.005978239129565183,-0.0,-1.3882845045615269e-09
0.0059802392095683835,-0.0,1.388284504763388e-09
0.005982239289571583,0.0,-1.3882845046700213e-09
0.005984239369574784,0.0,1.3882845046143893e-09
0.005986239449577983,0.0,-1.3882845046713324e-09
0.005988239529581184,-0.0,1.388284504753907e-09
0.0059902396095843835,0.0,-1.388284504700655e-09
0.005992239689587584,0.0,1.3882845046810656e-09
0.0059942397695907845,0.0,-1.3882845047447548e-09
0.005996239849593984,-0.0,1.3882845047501416e-09
0.005998239929597185,-0.0,-1.3882845046858771e-09
0.006000240009600384,0.0,1.3882845047134386e-09
0.006002240089603585,0.0,-1.3882845047317368e-09
0.0060042401696067844,0.0,1.3882845047384567e-09
0.006006240249609985,-0.0,-1.3882845047545337e-09
0.006008240329613185,0.0,1.3882845046127986e-09
0.006010240409616385,0.0,-1.3882845048486741e-09
0.006012240489619586,0.0,1.3882845047076828e-09
0.006014240569622785,0.0,-1.3882845048509067e-09
0.006016240649625986,-0.0,1.3882845048236509e-09
0.006018240729629185,0.0,-1.3882845047778712e-09
0.006020240809632386,0.0,1.3882845046524572e-09
0.006022240889635586,0.0,-1.388284504610188e-09
0.006024240969638786,-0.0,1.3882845047062971e-09
0.006026241049641987,0.0,-1.3882845047185503e-09
0.006028241129645186,0.0,1.3882845046125366e-09
0.006030241209648387,0.0,-1.3882845047350838e-09
0.006032241289651586,0.0,1.388284504601175e-09
0.006034241369654787,-0.0,-1.3882845046300768e-09
0.0060362414496579865,0.0,1.38828450482543e-09
0.006038241529661187,0.0,-1.3882845046794222e-09
0.006040241609664387,0.0,1.3882845047541388e-09
0.006042241689667587,-0.0,-1.3882845047260756e-09
0.006044241769670788,-0.0,1.3882845047357594e-09
0.006046241849673987,0.0,-1.3882845047253915e-09
0.006048241929677188,0.0,1.3882845046817288e-09
0.0060502420096803875,0.0,-1.3882845046444705e-09
0.006052242089683588,-0.0,1.3882845046242923e-09
0.006054242169686788,0.0,-1.3882845047535616e-09
0.006056242249689988,0.0,1.3882845047144407e-09
0.006058242329693188,0.0,-1.3882845046801838e-09
0.006060242409696388,0.0,1.3882845045297462e-09
0.006062242489699589,-0.0,-1.3882845049444507e-09
0.0060642425697027885,0.0,1.3882845046979254e-09
0.006066242649705989,0.0,-1.3882845044375767e-09
0.006068242729709189,0.0,1.3882845046979424e-09
0.006070242809712389,0.0,-1.388284504599527e-09
0.006072242889715589,-0.0,1.3882845046810673e-09
0.006074242969718789,0.0,-1.388284504665312e-09
0.006076243049721989,0.0,1.388284504680018e-09
0.0060782431297251895,0.0,-1.3882845047080764e-09
0.00608024320972839,-0.0,1.3882845046998331e-09
0.00608224328973159,0.0,-1.3882845046935372e-09
0.00608424336973479,0.0,1.3882845047844843e-09
0.00608624344973799,0.0,-1.3882845044564036e-09
0.00608824352974119,0.0,1.388284504599361e-09
0.00609024360974439,-0.0,-1.388284504748629e-09
0.00609224368974759,0.0,1.3882845045194674e-09
0.006094243769750791,0.0,-1.3882845046326177e-09
0.006096243849753991,0.0,1.3882845047330345e-09
0.006098243929757191,0.0,-1.3882845046886103e-09
0.006100244009760391,-0.0,1.3882845047033894e-09
0.006102244089763591,0.0,-1.3882845046780206e-09
0.006104244169766791,0.0,1.3882845048044795e-09
0.006106244249769991,0.0,-1.388284504742539e-09
0.006108244329773191,0.0,1.3882845044216514e-09
0.0061102444097763916,-0.0,-1.3882845047206268e-09
0.006112244489779592,0.0,1.3882845046547582e-09
0.006114244569782792,0.0,-1.3882845046836154e-09
0.006116244649785992,0.0,1.3882845046474525e-09
0.006118244729789192,0.0,-1.3882845048132582e-09
0.006120244809792392,-0.0,1.3882845046511926e-09
0.006122244889795592,0.0,-1.3882845046789387e-09
0.0061242449697987925,0.0,1.3882845045563702e-09
0.006126245049801992,0.0,-1.3882845047137622e-09
0.006128245129805193,0.0,1.3882845048225394e-09
0.006130245209808393,-0.0,-1.388284504623604e-09
0.006132245289811593,0.0,1.388284504641061e-09
0.006134245369814793,0.0,-1.3882845046712069e-09
0.006136245449817993,0.0,1.3882845047302028e-09
0.0061382455298211935,-0.0,-1.3882845045418327e-09
0.006140245609824393,-0.0,1.3882845047715933e-09
0.006142245689827594,0.0,-1.3882845046870734e-09
0.006144245769830794,0.0,1.3882845047459124e-09
0.006146245849833994,0.0,-1.3882845048992934e-09
0.006148245929837194,-0.0,1.3882845048583147e-09
0.006150246009840394,-0.0,-1.3882845046700211e-09
0.0061522460898435945,0.0,1.388284504735509e-09
0.006154246169846794,0.0,-1.3882845049210522e-09
0.006156246249849995,0.0,1.3882845046520984e-09
0.006158246329853194,-0.0,-1.3882845049492671e-09
0.006160246409856395,-0.0,1.3882845047155084e-09
0.006162246489859595,0.0,-1.3882845047533128e-09
0.006164246569862795,0.0,1.3882845046529187e-09
0.0061662466498659954,0.0,-1.3882845049209525e-09
0.006168246729869195,-0.0,1.3882845047430643e-09
0.006170246809872396,-0.0,-1.3882845046073649e-09
0.006172246889875595,0.0,1.3882845047041169e-09
0.006174246969878796,0.0,-1.3882845047393972e-09
0.006176247049881995,0.0,1.3882845046240336e-09
0.006178247129885196,-0.0,-1.3882845046586474e-09
0.006180247209888396,-0.0,1.388284504745172e-09
0.006182247289891596,0.0,-1.3882845045692775e-09
0.006184247369894797,0.0,1.3882845049007598e-09
0.006186247449897996,0.0,-1.388284504922167e-09
0.006188247529901197,0.0,1.3882845045315916e-09
0.006190247609904396,-0.0,-1.3882845046049586e-09
0.006192247689907597,0.0,1.3882845047615437e-09
0.0061942477699107965,0.0,-1.3882845048631386e-09
0.006196247849913997,0.0,1.388284504681213e-09
0.0061982479299171975,0.0,-1.3882845047600173e-09
0.006200248009920397,-0.0,1.388284504800078e-09
0.006202248089923598,0.0,-1.3882845047913925e-09
0.006204248169926797,0.0,1.3882845046166537e-09
0.006206248249929998,0.0,-1.3882845048264374e-09
0.0062082483299331975,0.0,1.3882845049465689e-09
0.006210248409936398,-0.0,-1.3882845045414975e-09
0.0062122484899395985,0.0,1.3882845048116814e-09
0.006214248569942798,0.0,-1.3882845045291791e-09
0.006216248649945999,0.0,1.3882845045683104e-09
0.006218248729949198,0.0,-1.3882845046731958e-09
0.006220248809952399,-0.0,1.3882845048372235e-09
0.0062222488899555985,0.0,-1.388284504802942e-09
0.006224248969958799,0.0,1.388284504717786e-09
0.006226249049961999,0.0,-1.3882845047851194e-09
0.006228249129965199,0.0,1.3882845046651962e-09
0.0062302492099684,-0.0,-1.3882845048335665e-09
0.006232249289971599,-0.0,1.3882845048125369e-09
0.0062342493699748,0.0,-1.3882845045160086e-09
0.0062362494499779994,0.0,1.388284504855249e-09
0.0062382495299812,0.0,-1.3882845046471082e-09
0.0062402496099844,0.0,1.3882845048056597e-09
0.0062422496899876,-0.0,-1.3882845048412165e-09
0.0062442497699908,0.0,1.3882845047136549e-09
0.006246249849994,0.0,-1.3882845044803767e-09
0.006248249929997201,0.0,1.3882845046750812e-09
0.0062502500100004,0.0,-1.3882845046869235e-09
0.006252250090003601,-0.0,1.3882845046983156e-09
0.0062542501700068006,0.0,-1.388284504765801e-09
0.006256250250010001,0.0,1.3882845048097404e-09
0.006258250330013201,0.0,-1.3882845049218163e-09
0.006260250410016401,0.0,1.388284504615007e-09
0.006262250490019601,-0.0,-1.3882845048603614e-09
0.006264250570022801,-0.0,1.3882845047397212e-09
0.006266250650026002,0.0,-1.388284504709956e-09
0.0062682507300292015,0.0,1.3882845045467882e-09
0.006270250810032402,0.0,-1.3882845050949738e-09
0.006272250890035602,0.0,1.3882845047988078e-09
0.006274250970038802,-0.0,-1.3882845048147163e-09
0.006276251050042002,0.0,1.3882845047280406e-09
0.006278251130045202,0.0,-1.3882845046410597e-09
0.006280251210048403,0.0,1.388284504638728e-09
0.0062822512900516025,0.0,-1.3882845047421647e-09
0.006284251370054803,-0.0,1.3882845047471586e-09
0.006286251450058003,0.0,-1.3882845048050188e-09
0.006288251530061203,0.0,1.3882845046570058e-09
0.006290251610064403,0.0,-1.388284504791815e-09
0.006292251690067603,0.0,1.3882845045347798e-09
0.006294251770070803,0.0,-1.3882845048292027e-09
0.0062962518500740035,-0.0,1.3882845044623084e-09
0.006298251930077204,0.0,-1.3882845049038893e-09
0.006300252010080404,0.0,1.3882845044757582e-09
0.006302252090083604,0.0,-1.3882845049004869e-09
0.006304252170086804,0.0,1.3882845046079846e-09
0.006306252250090004,-0.0,-1.3882845048051074e-09
0.006308252330093204,-0.0,1.3882845045506068e-09
0.0063102524100964045,0.0,-1.388284504718285e-09
0.006312252490099604,0.0,1.3882845046123555e-09
0.006314252570102805,0.0,-1.388284504740718e-09
0.006316252650106005,0.0,1.3882845046001382e-09
0.006318252730109205,-0.0,-1.3882845048615041e-09
0.006320252810112405,0.0,1.3882845047265097e-09
0.006322252890115605,0.0,-1.3882845047233941e-09
0.006324252970118805,0.0,1.3882845046035638e-09
0.006326253050122005,0.0,-1.388284504768247e-09
0.006328253130125206,-0.0,1.3882845047102343e-09
0.006330253210128405,-0.0,-1.3882845049028274e-09
0.006332253290131606,0.0,1.3882845047908335e-09
0.006334253370134806,0.0,-1.3882845048351125e-09
0.006336253450138006,0.0,1.388284504624045e-09
0.006338253530141206,0.0,-1.3882845046135141e-09
0.006340253610144406,-0.0,1.3882845046628989e-09
0.0063422536901476066,0.0,-1.3882845048022517e-09
0.006344253770150806,0.0,1.38828450475118e-09
0.006346253850154007,0.0,-1.3882845047415913e-09
0.006348253930157207,0.0,1.388284504494273e-09
0.006350254010160407,0.0,-1.3882845048719522e-09
0.006352254090163607,-0.0,1.3882845047719343e-09
0.006354254170166807,0.0,-1.3882845048423427e-09
0.0063562542501700075,0.0,1.3882845047948065e-09
0.006358254330173207,0.0,-1.3882845046152862e-09
0.006360254410176408,0.0,1.3882845049419543e-09
0.006362254490179607,-0.0,-1.3882845047965808e-09
0.006364254570182808,-0.0,1.3882845048100293e-09
0.006366254650186008,0.0,-1.388284504853283e-09
0.006368254730189208,0.0,1.3882845046612766e-09
0.0063702548101924085,0.0,-1.3882845046018025e-09
0.006372254890195608,0.0,1.3882845048229288e-09
0.006374254970198809,-0.0,-1.3882845047119188e-09
0.006376255050202008,-0.0,1.3882845045871877e-09
0.006378255130205209,0.0,-1.3882845046129485e-09
0.0063802552102084084,0.0,1.3882845048642053e-09
0.006382255290211609,0.0,-1.3882845044896585e-09
0.0063842553702148095,0.0,1.3882845049068818e-09
0.006386255450218009,-0.0,-1.3882845045019732e-09
0.00638825553022121,-0.0,1.3882845047482645e-09
0.006390255610224409,0.0,-1.3882845045973376e-09
0.00639225569022761,0.0,1.3882845046074319e-09
0.006394255770230809,0.0,-1.3882845045446034e-09
0.00639625585023401,0.0,1.38828450467052e-09
0.0063982559302372104,-0.0,-1.3882845048335167e-09
0.00640025601024041,-0.0,1.3882845048485594e-09
0.006402256090243611,0.0,-1.3882845045229569e-09
0.00640425617024681,0.0,1.388284504951566e-09
0.006406256250250011,0.0,-1.3882845045025292e-09
0.00640825633025321,0.0,1.3882845050340221e-09
0.006410256410256411,-0.0,-1.388284504708877e-09
0.0064122564902596105,-0.0,1.3882845049448537e-09
0.006414256570262811,0.0,-1.38828450433075e-09
0.0064162566502660116,0.0,1.3882845048375384e-09
0.006418256730269211,0.0,-1.3882845047415944e-09
0.006420256810272412,0.0,1.3882845047808532e-09
0.006422256890275611,-0.0,-1.3882845046125362e-09
0.006424256970278812,-0.0,1.3882845047874117e-09
0.0064262570502820115,0.0,-1.3882845046498515e-09
0.006428257130285212,0.0,1.3882845047211948e-09
0.006430257210288412,0.0,-1.3882845046443828e-09
0.006432257290291612,0.0,1.3882845048165415e-09
0.006434257370294813,-0.0,-1.388284504400967e-09
0.006436257450298012,-0.0,1.388284504741528e-09
0.006438257530301213,0.0,-1.3882845045122924e-09
0.0064402576103044125,0.0,1.3882845047222059e-09
0.006442257690307613,0.0,-1.3882845047829869e-09
0.006444257770310813,0.0,1.3882845047654045e-09
0.006446257850314013,-0.0,-1.3882845045717448e-09
0.006448257930317213,-0.0,1.3882845047216332e-09
0.006450258010320413,0.0,-1.3882845047582465e-09
0.006452258090323614,0.0,1.388284504774857e-09
0.0064542581703268135,0.0,-1.3882845047478065e-09
0.006456258250330014,0.0,1.388284504664575e-09
0.006458258330333214,-0.0,-1.3882845046035127e-09
0.006460258410336414,-0.0,1.3882845047249149e-09
0.006462258490339614,0.0,-1.3882845046268123e-09
0.006464258570342814,0.0,1.3882845048615515e-09
0.006466258650346015,0.0,-1.3882845045095299e-09
0.006468258730349214,0.0,1.3882845047391968e-09
0.006470258810352415,0.0,-1.3882845046145998e-09
0.006472258890355615,-0.0,1.3882845047187617e-09
0.006474258970358815,0.0,-1.3882845048979317e-09
0.006476259050362015,0.0,1.3882845046835635e-09
0.006478259130365215,0.0,-1.3882845046049675e-09
0.006480259210368415,0.0,1.3882845048801709e-09
0.006482259290371615,0.0,-1.3882845045906322e-09
0.006484259370374816,-0.0,1.3882845046833445e-09
0.0064862594503780156,-0.0,-1.388284504740901e-09
0.006488259530381216,0.0,1.3882845047744345e-09
0.006490259610384416,0.0,-1.3882845045719336e-09
0.006492259690387616,0.0,1.3882845046896327e-09
0.006494259770390816,0.0,-1.3882845046284518e-09
0.006496259850394016,-0.0,1.388284504510526e-09
0.006498259930397216,-0.0,-1.3882845047384368e-09
0.0065002600104004165,0.0,1.3882845048163223e-09
0.006502260090403617,0.0,-1.3882845045969165e-09
0.006504260170406817,0.0,1.3882845047849394e-09
0.006506260250410017,0.0,-1.3882845047208964e-09
0.006508260330413217,0.0,1.3882845047369299e-09
0.006510260410416417,-0.0,-1.388284504537519e-09
0.006512260490419617,-0.0,1.3882845047541991e-09
0.0065142605704228175,0.0,-1.388284504749084e-09
0.006516260650426017,0.0,1.3882845043939905e-09
0.006518260730429218,0.0,-1.3882845046546248e-09
0.006520260810432418,0.0,1.3882845047692243e-09
0.006522260890435618,-0.0,-1.3882845046640081e-09
0.006524260970438818,-0.0,1.388284504733906e-09
0.006526261050442018,0.0,-1.388284504786964e-09
0.0065282611304452185,0.0,1.3882845046337188e-09
0.006530261210448418,0.0,-1.3882845046420914e-09
0.006532261290451619,0.0,1.3882845046942964e-09
0.006534261370454819,0.0,-1.3882845046926548e-09
0.006536261450458019,-0.0,1.3882845047629395e-09
0.006538261530461219,-0.0,-1.388284504717629e-09
0.006540261610464419,0.0,1.3882845047409028e-09
0.0065422616904676194,0.0,-1.3882845047763674e-09
0.006544261770470819,0.0,1.3882845046562332e-09
0.00654626185047402,0.0,-1.3882845046275485e-09
0.006548261930477219,0.0,1.3882845046748452e-09
0.00655026201048042,-0.0,-1.388284504780161e-09
0.00655226209048362,0.0,1.3882845048008095e-09
0.00655426217048682,0.0,-1.3882845047107306e-09
0.00655626225049002,0.0,1.3882845047527394e-09
0.00655826233049322,0.0,-1.3882845046112452e-09
0.006560262410496421,0.0,1.388284504795349e-09
0.00656226249049962,0.0,-1.3882845046284443e-09
0.006564262570502821,-0.0,1.3882845046463567e-09
0.00656626265050602,0.0,-1.3882845048333167e-09
0.006568262730509221,0.0,1.3882845046792311e-09
0.006570262810512421,0.0,-1.3882845046346327e-09
0.006572262890515621,0.0,1.3882845045495174e-09
0.0065742629705188215,0.0,-1.3882845048439052e-09
0.006576263050522021,-0.0,1.3882845046990872e-09
0.006578263130525222,-0.0,-1.3882845047580023e-09
0.006580263210528421,0.0,1.3882845047009961e-09
0.006582263290531622,0.0,-1.3882845047205802e-09
0.0065842633705348215,0.0,1.3882845046219828e-09
0.006586263450538022,0.0,-1.388284504649054e-09
0.0065882635305412225,0.0,1.3882845046085806e-09
0.006590263610544422,-0.0,-1.3882845048497062e-09
0.006592263690547623,-0.0,1.3882845046317657e-09
0.006594263770550822,0.0,-1.388284504717429e-09
0.006596263850554023,0.0,1.3882845047010263e-09
0.0065982639305572225,0.0,-1.3882845045288106e-09
0.006600264010560423,0.0,1.3882845047535825e-09
0.0066022640905636235,0.0,-1.3882845048285877e-09
0.006604264170566823,-0.0,1.3882845048183243e-09
0.006606264250570024,-0.0,-1.3882845047307438e-09
0.006608264330573223,0.0,1.388284504784181e-09
0.006610264410576424,0.0,-1.3882845046944914e-09
0.0066122644905796234,0.0,1.3882845047844595e-09
0.006614264570582824,0.0,-1.3882845047509227e-09
0.006616264650586024,0.0,1.388284504702295e-09
0.006618264730589224,-0.0,-1.3882845047791465e-09
0.006620264810592425,-0.0,1.3882845048481528e-09
0.006622264890595624,0.0,-1.3882845045735907e-09
0.006624264970598825,0.0,1.388284504552374e-09
0.006626265050602024,0.0,-1.3882845046331896e-09
0.006628265130605225,0.0,1.3882845046029225e-09
0.006630265210608425,0.0,-1.3882845047666042e-09
0.006632265290611625,0.0,1.3882845046622113e-09
0.006634265370614825,-0.0,-1.3882845046886161e-09
0.006636265450618025,0.0,1.3882845047407498e-09
0.006638265530621226,0.0,-1.3882845044996008e-09
0.006640265610624425,0.0,1.388284504581909e-09
0.006642265690627626,0.0,-1.3882845049116453e-09
0.0066442657706308255,0.0,1.3882845045946432e-09
0.006646265850634026,0.0,-1.3882845048034898e-09
0.006648265930637226,-0.0,1.388284504807659e-09
0.006650266010640426,-0.0,-1.3882845047965959e-09
0.006652266090643627,0.0,1.3882845045843279e-09
0.006654266170646826,0.0,-1.3882845047288444e-09
0.006656266250650027,0.0,1.3882845046429334e-09
0.0066582663306532265,0.0,-1.3882845049132916e-09
0.006660266410656427,0.0,1.388284504406479e-09
0.006662266490659627,-0.0,-1.3882845049348347e-09
0.006664266570662827,-0.0,1.388284504542623e-09
0.006666266650666027,0.0,-1.3882845048112529e-09
0.006668266730669227,0.0,1.3882845044346123e-09
0.006670266810672428,0.0,-1.3882845047010923e-09
0.0066722668906756275,0.0,1.388284504570379e-09
0.006674266970678828,0.0,-1.3882845048959436e-09
0.006676267050682028,0.0,1.3882845046443566e-09
0.006678267130685228,-0.0,-1.3882845047573426e-09
0.006680267210688428,-0.0,1.3882845048254901e-09
0.006682267290691628,0.0,-1.3882845047779922e-09
0.006684267370694828,0.0,1.3882845045244752e-09
0.0066862674506980285,0.0,-1.3882845049808886e-09
0.006688267530701229,0.0,1.388284504652392e-09
0.006690267610704429,0.0,-1.3882845047838176e-09
0.006692267690707629,0.0,1.3882845049718428e-09
0.006694267770710829,-0.0,-1.3882845045639106e-09
0.006696267850714029,0.0,1.3882845047288026e-09
0.006698267930717229,0.0,-1.3882845048098167e-09
0.006700268010720429,0.0,1.3882845048423474e-09
0.006702268090723629,0.0,-1.388284504735374e-09
0.00670426817072683,0.0,1.3882845046417615e-09
0.00670626825073003,0.0,-1.3882845045196763e-09
0.00670826833073323,-0.0,1.388284504822949e-09
0.00671026841073643,-0.0,-1.3882845046595161e-09
0.00671226849073963,0.0,1.3882845048607725e-09
0.00671426857074283,0.0,-1.3882845046610398e-09
0.00671626865074603,0.0,1.3882845045704813e-09
0.0067182687307492306,0.0,-1.3882845046511767e-09
0.006720268810752431,0.0,1.3882845047400316e-09
0.006722268890755631,0.0,-1.3882845045929715e-09
0.006724268970758831,-0.0,1.3882845046650485e-09
0.006726269050762031,-0.0,-1.3882845047112505e-09
0.006728269130765231,0.0,1.3882845045793594e-09
0.006730269210768431,0.0,-1.3882845046153124e-09
0.0067322692907716315,0.0,1.3882845046982608e-09
0.006734269370774831,0.0,-1.3882845047031933e-09
0.006736269450778032,0.0,1.388284504728893e-09
0.006738269530781232,0.0,-1.3882845046564252e-09
0.006740269610784432,-0.0,1.3882845047901703e-09
0.006742269690787632,-0.0,-1.3882845046687218e-09
0.006744269770790832,0.0,1.3882845048273188e-09
0.0067462698507940325,0.0,-1.388284504706115e-09
0.006748269930797232,0.0,1.3882845046968408e-09
0.006750270010800433,0.0,-1.3882845046662448e-09
0.006752270090803632,0.0,1.3882845047579473e-09
0.006754270170806833,0.0,-1.388284504545877e-09
0.006756270250810033,-0.0,1.3882845048841176e-09
0.006758270330813233,-0.0,-1.3882845045663545e-09
0.0067602704108164335,0.0,1.388284504792666e-09
0.006762270490819633,0.0,-1.3882845048094713e-09
0.006764270570822834,0.0,1.3882845048754307e-09
0.006766270650826033,0.0,-1.3882845045402993e-09
0.006768270730829234,0.0,1.38828450468509e-09
0.006770270810832433,0.0,-1.388284504708195e-09
0.006772270890835634,0.0,1.3882845046224812e-09
0.0067742709708388344,-0.0,-1.388284504612009e-09
0.006776271050842034,-0.0,1.3882845049028857e-09
0.006778271130845235,0.0,-1.3882845046009648e-09
0.006780271210848434,0.0,1.3882845046754666e-09
0.006782271290851635,0.0,-1.3882845048407725e-09
0.006784271370854834,0.0,1.3882845047458837e-09
0.006786271450858035,0.0,-1.3882845045967933e-09
0.006788271530861235,0.0,1.3882845047061952e-09
0.006790271610864435,-0.0,-1.3882845047686605e-09
0.006792271690867636,-0.0,1.3882845047491287e-09
0.006794271770870835,0.0,-1.3882845047003414e-09
0.006796271850874036,0.0,1.3882845048126155e-09
0.006798271930877235,0.0,-1.3882845047236832e-09
0.006800272010880436,0.0,1.388284504940531e-09
0.0068022720908836355,0.0,-1.3882845046607726e-09
0.006804272170886836,0.0,1.388284504897675e-09
0.0068062722508900365,0.0,-1.3882845046568849e-09
0.006808272330893236,-0.0,1.388284504735038e-09
0.006810272410896437,-0.0,-1.3882845047545391e-09
0.006812272490899636,0.0,1.388284504624954e-09
0.006814272570902837,0.0,-1.3882845046221193e-09
0.0068162726509060365,0.0,1.3882845047589275e-09
0.006818272730909237,0.0,-1.388284504877146e-09
0.006820272810912437,0.0,1.3882845046597645e-09
0.006822272890915637,0.0,-1.3882845047599367e-09
0.006824272970918838,-0.0,1.3882845047322013e-09
0.006826273050922037,-0.0,-1.3882845046899944e-09
0.006828273130925238,-0.0,1.3882845047258444e-09
0.0068302732109284375,0.0,-1.388284504814652e-09
0.006832273290931638,0.0,1.388284504806385e-09
0.006834273370934838,0.0,-1.388284504812616e-09
0.006836273450938038,0.0,1.3882845048850492e-09
0.006838273530941239,0.0,-1.3882845046976787e-09
0.006840273610944438,0.0,1.3882845047853992e-09
0.006842273690947639,-0.0,-1.3882845046003005e-09
0.0068442737709508384,-0.0,1.3882845048397774e-09
0.006846273850954039,-0.0,-1.388284504546575e-09
0.006848273930957239,0.0,1.3882845049683756e-09
0.006850274010960439,0.0,-1.3882845046584484e-09
0.006852274090963639,0.0,1.388284504597095e-09
0.006854274170966839,0.0,-1.3882845046956885e-09
0.00685627425097004,0.0,1.3882845048077233e-09
0.006858274330973239,0.0,-1.3882845047163531e-09
0.00686027441097644,-0.0,1.3882845048552173e-09
0.0068622744909796396,-0.0,-1.3882845046620467e-09
0.00686427457098284,-0.0,1.388284504729547e-09
0.00686627465098604,0.0,-1.3882845047075776e-09
0.00686827473098924,0.0,1.3882845046818572e-09
0.00687027481099244,0.0,-1.3882845047203877e-09
0.00687227489099564,0.0,1.3882845046237284e-09
0.006874274970998841,0.0,-1.3882845048453282e-09
0.0068762750510020405,0.0,1.3882845046911876e-09
0.006878275131005241,0.0,-1.3882845046363042e-09
0.006880275211008441,-0.0,1.3882845047047207e-09
0.006882275291011641,-0.0,-1.3882845045487058e-09
0.006884275371014841,0.0,1.3882845047588314e-09
0.006886275451018041,0.0,-1.3882845045981265e-09
0.006888275531021241,0.0,1.3882845048390189e-09
0.0068902756110244415,0.0,-1.3882845047615803e-09
0.006892275691027642,0.0,1.3882845047038745e-09
0.006894275771030842,0.0,-1.388284504772966e-09
0.006896275851034042,0.0,1.3882845046689346e-09
0.006898275931037242,-0.0,-1.3882845046178198e-09
0.006900276011040442,-0.0,1.3882845046973956e-09
0.006902276091043642,-0.0,-1.388284504472892e-09
0.0069042761710468425,0.0,1.3882845048307024e-09
0.006906276251050043,0.0,-1.388284504668154e-09
0.006908276331053243,0.0,1.3882845047629751e-09
0.006910276411056443,0.0,-1.3882845048321165e-09
0.006912276491059643,0.0,1.388284504719823e-09
0.006914276571062843,0.0,-1.388284504700058e-09
0.006916276651066043,0.0,1.3882845046551885e-09
0.0069182767310692435,-0.0,-1.388284504627531e-09
0.006920276811072443,-0.0,1.3882845047665006e-09
0.006922276891075644,-0.0,-1.3882845047384287e-09
0.006924276971078844,0.0,1.3882845047850623e-09
0.006926277051082044,0.0,-1.3882845046787276e-09
0.006928277131085244,0.0,1.3882845046540263e-09
0.006930277211088444,0.0,-1.3882845047637568e-09
0.006932277291091644,0.0,1.3882845046757564e-09
0.006934277371094844,0.0,-1.3882845048416938e-09
0.006936277451098045,0.0,1.3882845044472665e-09
0.006938277531101244,-0.0,-1.3882845047967537e-09
0.006940277611104445,-0.0,1.388284504676614e-09
0.006942277691107645,-0.0,-1.3882845049029661e-09
0.006944277771110845,0.0,1.3882845047099235e-09
0.006946277851114045,0.0,-1.3882845047169094e-09
0.006948277931117245,0.0,1.3882845046966309e-09
0.0069502780111204455,0.0,-1.3882845046604018e-09
0.006952278091123645,0.0,1.3882845045215875e-09
0.006954278171126846,0.0,-1.3882845046643014e-09
0.006956278251130045,0.0,1.388284504597144e-09
0.006958278331133246,0.0,-1.3882845049052597e-09
0.006960278411136446,-0.0,1.388284504721345e-09
0.006962278491139646,-0.0,-1.3882845047359362e-09
0.0069642785711428465,0.0,1.388284504767792e-09
0.006966278651146046,0.0,-1.388284504675933e-09
0.006968278731149247,0.0,1.3882845045068967e-09
0.006970278811152446,0.0,-1.3882845047546384e-09
0.006972278891155647,0.0,1.388284504663726e-09
0.006974278971158847,0.0,-1.3882845047374289e-09
0.006976279051162047,0.0,1.3882845048313993e-09
0.0069782791311652475,0.0,-1.3882845045621373e-09
0.006980279211168447,-0.0,1.3882845047798252e-09
0.006982279291171648,-0.0,-1.3882845048944367e-09
0.006984279371174847,-0.0,1.3882845044569735e-09
0.006986279451178048,0.0,-1.3882845048618335e-09
0.0069882795311812474,0.0,1.3882845045884305e-09
0.006990279611184448,0.0,-1.3882845049355368e-09
0.0069922796911876485,0.0,1.388284504610217e-09
0.006994279771190848,0.0,-1.3882845046188037e-09
0.006996279851194049,0.0,1.3882845048195547e-09
0.006998279931197248,0.0,-1.3882845045619516e-09
0.007000280011200449,0.0,1.3882845048174594e-09
0.007002280091203648,-0.0,-1.3882845048151793e-09
0.007004280171206849,-0.0,1.3882845046975943e-09
0.007006280251210049,-0.0,-1.3882845048752196e-09
0.007008280331213249,0.0,1.3882845046976032e-09
0.00701028041121645,0.0,-1.3882845045971994e-09
0.007012280491219649,0.0,1.38828450469566e-09
0.00701428057122285,0.0,-1.3882845045322461e-09
0.007016280651226049,0.0,1.3882845047166867e-09
0.00701828073122925,0.0,-1.3882845047372252e-09
0.0070202808112324495,0.0,1.3882845046140067e-09
0.00702228089123565,0.0,-1.3882845048658654e-09
0.00702428097123885,0.0,1.3882845046225294e-09
0.00702628105124205,-0.0,-1.388284504588267e-09
0.007028281131245251,-0.0,1.3882845050337136e-09
0.00703028121124845,0.0,-1.3882845044330905e-09
0.007032281291251651,0.0,1.3882845048996092e-09
0.0070342813712548505,0.0,-1.3882845044513648e-09
0.007036281451258051,0.0,1.3882845046142871e-09
0.007038281531261251,0.0,-1.388284504495875e-09
0.007040281611264451,0.0,1.3882845046145512e-09
0.007042281691267652,0.0,-1.3882845047837028e-09
0.007044281771270851,0.0,1.3882845047325483e-09
0.007046281851274052,0.0,-1.3882845046810915e-09
0.0070482819312772515,-0.0,1.3882845048530584e-09
0.007050282011280452,-0.0,-1.3882845045347167e-09
0.007052282091283652,-0.0,1.3882845048106158e-09
0.007054282171286852,0.0,-1.3882845045374261e-09
0.007056282251290052,0.0,1.3882845047215673e-09
0.007058282331293252,0.0,-1.3882845047125827e-09
0.007060282411296453,0.0,1.3882845049436372e-09
0.0070622824912996525,0.0,-1.388284504390366e-09
0.007064282571302853,0.0,1.3882845051579454e-09
0.007066282651306053,0.0,-1.3882845043947428e-09
0.007068282731309253,0.0,1.388284504909805e-09
0.007070282811312453,0.0,-1.3882845045377572e-09
0.007072282891315653,-0.0,1.3882845046894435e-09
0.007074282971318853,-0.0,-1.388284504717832e-09
0.007076283051322053,-0.0,1.3882845046549046e-09
0.007078283131325254,-0.0,-1.388284504781068e-09
0.007080283211328454,0.0,1.3882845047230517e-09
0.007082283291331654,0.0,-1.3882845046087568e-09
0.007084283371334854,0.0,1.3882845049663383e-09
0.007086283451338054,0.0,-1.3882845043953388e-09
0.007088283531341254,0.0,1.3882845049505303e-09
0.007090283611344454,0.0,-1.3882845044833072e-09
0.007092283691347655,0.0,1.3882845047184269e-09
0.0070942837713508546,0.0,-1.3882845048544898e-09
0.007096283851354055,0.0,1.3882845045882123e-09
0.007098283931357255,-0.0,-1.388284504739924e-09
0.007100284011360455,-0.0,1.3882845045361022e-09
0.007102284091363655,-0.0,-1.3882845047835587e-09
0.007104284171366855,0.0,1.3882845048087025e-09
0.007106284251370055,0.0,-1.3882845044985412e-09
0.0071082843313732555,0.0,1.388284504861859e-09
0.007110284411376456,0.0,-1.3882845045277508e-09
0.007112284491379656,0.0,1.3882845048408602e-09
0.007114284571382856,0.0,-1.3882845045959328e-09
0.007116284651386056,0.0,1.3882845045995805e-09
0.007118284731389256,0.0,-1.388284504806727e-09
0.007120284811392456,0.0,1.388284504774383e-09
0.0071222848913956565,0.0,-1.3882845047790425e-09
0.007124284971398856,-0.0,1.3882845048202586e-09
0.007126285051402057,-0.0,-1.3882845045535857e-09
0.007128285131405257,-0.0,1.3882845048773763e-09
0.007130285211408457,-0.0,-1.3882845045106358e-09
0.007132285291411657,0.0,1.388284504814871e-09
0.007134285371414857,0.0,-1.3882845046342555e-09
0.0071362854514180575,0.0,1.3882845047940376e-09
0.007138285531421257,0.0,-1.388284504728681e-09
0.007140285611424458,0.0,1.3882845046420698e-09
0.007142285691427657,0.0,-1.3882845048238043e-09
0.007144285771430858,0.0,1.3882845046457392e-09
0.007146285851434058,0.0,-1.3882845047756593e-09
0.007148285931437258,0.0,1.3882845044518932e-09
0.0071502860114404584,0.0,-1.3882845047543679e-09
0.007152286091443658,-0.0,1.3882845047145859e-09
0.007154286171446859,-0.0,-1.3882845045898927e-09
0.007156286251450058,-0.0,1.3882845050270093e-09
0.007158286331453259,-0.0,-1.3882845046546674e-09
0.007160286411456459,0.0,1.3882845049546583e-09
0.007162286491459659,0.0,-1.3882845047396234e-09
0.007164286571462859,0.0,1.3882845047187975e-09
0.007166286651466059,0.0,-1.3882845047860204e-09
0.00716828673146926,0.0,1.3882845045434707e-09
0.007170286811472459,0.0,-1.3882845049717427e-09
0.00717228689147566,0.0,1.3882845045140576e-09
0.007174286971478859,0.0,-1.3882845049168119e-09
0.00717628705148206,0.0,1.3882845047835973e-09
0.00717828713148526,0.0,-1.3882845047676299e-09
0.00718028721148846,0.0,1.3882845047500912e-09
0.0071822872914916605,-0.0,-1.388284504783868e-09
0.00718428737149486,-0.0,1.3882845048317343e-09
0.007186287451498061,-0.0,-1.3882845045644995e-09
0.00718828753150126,-0.0,1.3882845048401165e-09
0.007190287611504461,0.0,-1.388284504804795e-09
0.0071922876915076605,0.0,1.3882845048689696e-09
0.007194287771510861,0.0,-1.3882845048692124e-09
0.0071962878515140615,0.0,1.388284504639946e-09
0.007198287931517261,0.0,-1.3882845047263922e-09
0.007200288011520462,0.0,1.3882845046197223e-09
0.007202288091523661,0.0,-1.3882845047975343e-09
0.007204288171526862,0.0,1.3882845047583563e-09
0.0072062882515300615,0.0,-1.3882845046231245e-09
0.007208288331533262,0.0,1.3882845048600003e-09
0.007210288411536462,0.0,-1.3882845046022121e-09
0.007212288491539662,-0.0,1.3882845044929455e-09
0.007214288571542863,-0.0,-1.3882845047589635e-09
0.007216288651546062,-0.0,1.3882845046455585e-09
0.007218288731549263,-0.0,-1.3882845047938199e-09
0.0072202888115524624,0.0,1.3882845047264172e-09
0.007222288891555663,0.0,-1.3882845047085458e-09
0.007224288971558863,0.0,1.388284504777287e-09
0.007226289051562063,0.0,-1.3882845046895233e-09
0.007228289131565264,0.0,1.3882845046262415e-09
0.007230289211568463,0.0,-1.3882845048030419e-09
0.007232289291571664,0.0,1.38828450459392e-09
0.007234289371574863,0.0,-1.3882845048475585e-09
0.007236289451578064,0.0,1.3882845046004953e-09
0.0072382895315812636,0.0,-1.3882845048347219e-09
0.007240289611584464,0.0,1.3882845044927034e-09
0.007242289691587664,0.0,-1.3882845047441735e-09
0.007244289771590864,0.0,1.3882845048368082e-09
0.007246289851594065,-0.0,-1.3882845048550033e-09
0.007248289931597264,-0.0,1.3882845047471342e-09
0.007250290011600465,-0.0,-1.388284504749999e-09
0.0072522900916036645,-0.0,1.3882845045154411e-09
0.007254290171606865,0.0,-1.388284504743807e-09
0.007256290251610065,0.0,1.3882845045380937e-09
0.007258290331613265,0.0,-1.3882845049213318e-09
0.007260290411616465,0.0,1.3882845048528086e-09
0.007262290491619665,0.0,-1.3882845047220464e-09
0.007264290571622866,0.0,1.3882845048112258e-09
0.0072662906516260655,0.0,-1.3882845046251825e-09
0.007268290731629266,0.0,1.3882845048042696e-09
0.007270290811632466,0.0,-1.3882845046454909e-09
0.007272290891635666,0.0,1.3882845049813398e-09
0.007274290971638866,0.0,-1.3882845047934582e-09
0.007276291051642066,0.0,1.388284504697126e-09
0.007278291131645266,0.0,-1.3882845049841254e-09
0.0072802912116484665,0.0,1.388284504558905e-09
0.007282291291651667,-0.0,-1.3882845046959381e-09
0.007284291371654867,-0.0,1.3882845046728037e-09
0.007286291451658067,-0.0,-1.3882845048117846e-09
0.007288291531661267,-0.0,1.388284504651878e-09
0.007290291611664467,-0.0,-1.388284504681381e-09
0.007292291691667667,0.0,1.3882845046921604e-09
0.0072942917716708675,0.0,-1.388284504634154e-09
0.007296291851674068,0.0,1.3882845045849036e-09
0.007298291931677268,0.0,-1.388284504680092e-09
0.007300292011680468,0.0,1.388284504849666e-09
0.007302292091683668,0.0,-1.3882845047744673e-09
0.007304292171686868,0.0,1.3882845046594888e-09
0.007306292251690068,0.0,-1.3882845046502108e-09
0.007308292331693268,0.0,1.3882845047209833e-09
0.007310292411696468,0.0,-1.388284505008232e-09
0.007312292491699669,0.0,1.3882845045993619e-09
0.007314292571702869,0.0,-1.3882845048830108e-09
0.007316292651706069,0.0,1.3882845045518021e-09
0.007318292731709269,0.0,-1.388284504651533e-09
0.007320292811712469,-0.0,1.3882845046028923e-09
0.007322292891715669,-0.0,-1.3882845047083458e-09
0.007324292971718869,-0.0,1.388284504767935e-09
0.0073262930517220696,-0.0,-1.3882845047171233e-09
0.007328293131725269,-0.0,1.388284504780261e-09
0.00733029321172847,-0.0,-1.3882845046682137e-09
0.00733229329173167,0.0,1.3882845046176875e-09
0.00733429337173487,0.0,-1.3882845046632986e-09
0.00733629345173807,0.0,1.3882845047722536e-09
0.00733829353174127,0.0,-1.3882845046194065e-09
0.0073402936117444705,0.0,1.3882845048301207e-09
0.00734229369174767,0.0,-1.388284504688078e-09
0.007344293771750871,0.0,1.3882845047548795e-09
0.007346293851754071,0.0,-1.388284504533103e-09
0.007348293931757271,0.0,1.38828450487161e-09
0.007350294011760471,0.0,-1.3882845046413188e-09
0.007352294091763671,0.0,1.3882845047844117e-09
0.0073542941717668715,0.0,-1.3882845048264166e-09
0.007356294251770071,0.0,1.3882845046141577e-09
0.007358294331773272,0.0,-1.3882845048196209e-09
0.007360294411776471,0.0,1.388284504737761e-09
0.007362294491779672,0.0,-1.3882845047830802e-09
0.007364294571782872,-0.0,1.3882845046812139e-09
0.007366294651786072,-0.0,-1.3882845044316932e-09
0.0073682947317892725,-0.0,1.3882845047743548e-09
0.007370294811792472,-0.0,-1.3882845046747865e-09
0.007372294891795673,-0.0,1.3882845048256094e-09
0.007374294971798872,-0.0,-1.3882845045933342e-09
0.007376295051802073,0.0,1.3882845046260794e-09
0.007378295131805272,0.0,-1.3882845045144276e-09
0.007380295211808473,0.0,1.3882845047201009e-09
0.0073822952918116734,0.0,-1.3882845047833874e-09
0.007384295371814873,0.0,1.3882845046629357e-09
0.007386295451818074,0.0,-1.3882845046362926e-09
0.007388295531821273,0.0,1.3882845047289273e-09
0.007390295611824474,0.0,-1.3882845047348532e-09
0.007392295691827673,0.0,1.3882845046892336e-09
0.007394295771830874,0.0,-1.3882845047139864e-09
0.0073962958518340735,0.0,1.3882845047549856e-09
0.007398295931837274,0.0,-1.3882845048540655e-09
0.0074002960118404746,0.0,1.3882845047371636e-09
0.007402296091843674,0.0,-1.388284504815398e-09
0.007404296171846875,0.0,1.3882845048017736e-09
0.007406296251850074,0.0,-1.3882845046496983e-09
0.007408296331853275,0.0,1.388284504597803e-09
0.0074102964118564745,0.0,-1.3882845049227626e-09
0.007412296491859675,0.0,1.3882845047025496e-09
0.0074142965718628755,0.0,-1.3882845047394048e-09
0.007416296651866075,-0.0,1.3882845045680616e-09
0.007418296731869276,-0.0,-1.3882845047994505e-09
0.007420296811872475,-0.0,1.388284504622804e-09
0.007422296891875676,-0.0,-1.3882845047840111e-09
0.0074242969718788755,-0.0,1.3882845048309996e-09
0.007426297051882076,-0.0,-1.388284504684983e-09
0.007428297131885276,-0.0,1.388284504744124e-09
0.007430297211888476,0.0,-1.3882845046748655e-09
0.007432297291891677,0.0,1.3882845048295338e-09
0.007434297371894876,0.0,-1.388284504606871e-09
0.007436297451898077,0.0,1.3882845047919308e-09
0.0074382975319012765,0.0,-1.3882845046385084e-09
0.007440297611904477,0.0,1.38828450477277e-09
0.007442297691907677,0.0,-1.3882845046014476e-09
0.007444297771910877,0.0,1.3882845047256544e-09
0.007446297851914077,0.0,-1.3882845046905224e-09
0.007448297931917277,0.0,1.388284504691103e-09
0.007450298011920478,0.0,-1.3882845046057465e-09
0.007452298091923677,0.0,1.3882845049910828e-09
0.007454298171926878,0.0,-1.3882845046607716e-09
0.007456298251930078,0.0,1.3882845046526817e-09
0.007458298331933278,0.0,-1.3882845047964402e-09
0.007460298411936478,0.0,1.388284504761427e-09
0.007462298491939678,0.0,-1.3882845048199768e-09
0.007464298571942878,0.0,1.3882845045941926e-09
0.007466298651946078,0.0,-1.3882845048455102e-09
0.007468298731949279,0.0,1.3882845047265167e-09
0.0074702988119524786,0.0,-1.3882845045793991e-09
0.007472298891955679,0.0,1.3882845046978353e-09
0.007474298971958879,0.0,-1.3882845048071482e-09
0.007476299051962079,0.0,1.3882845047143218e-09
0.007478299131965279,-0.0,-1.3882845046726648e-09
0.007480299211968479,-0.0,1.3882845047423134e-09
0.00748229929197168,-0.0,-1.3882845047001307e-09
0.0074842993719748795,-0.0,1.3882845046496985e-09
0.00748629945197808,-0.0,-1.3882845047839985e-09
0.00748829953198128,-0.0,1.3882845047931813e-09
0.00749029961198448,-0.0,-1.388284504713522e-09
0.00749229969198768,-0.0,1.3882845047860396e-09
0.00749429977199088,-0.0,-1.3882845046940356e-09
0.00749629985199408,0.0,1.3882845047014029e-09
0.0074982999319972805,0.0,-1.3882845048285732e-09
0.007500300012000481,0.0,1.3882845045046408e-09
0.007502300092003681,0.0,-1.388284504687524e-09
0.007504300172006881,0.0,1.3882845047584395e-09
0.007506300252010081,0.0,-1.388284504841475e-09
0.007508300332013281,0.0,1.3882845047485236e-09
0.007510300412016481,0.0,-1.3882845047003263e-09
0.0075123004920196815,0.0,1.3882845045711805e-09
0.007514300572022881,0.0,-1.3882845048076937e-09
0.007516300652026082,0.0,1.3882845045335878e-09
0.007518300732029282,0.0,-1.3882845048382717e-09
0.007520300812032482,0.0,1.3882845044661918e-09
0.007522300892035682,0.0,-1.3882845048597544e-09
0.007524300972038882,0.0,1.3882845045816697e-09
0.0075263010520420824,0.0,-1.3882845048381164e-09
0.007528301132045282,0.0,1.388284504838414e-09
0.007530301212048483,0.0,-1.388284504800599e-09
0.007532301292051683,0.0,1.3882845046776556e-09
0.007534301372054883,0.0,-1.388284504708352e-09
0.007536301452058083,0.0,1.3882845047513545e-09
0.007538301532061283,0.0,-1.3882845047940062e-09
0.007540301612064483,0.0,1.3882845046303357e-09
0.007542301692067683,0.0,-1.388284504769036e-09
0.007544301772070884,0.0,1.38828450463984e-09
0.007546301852074083,0.0,-1.3882845047447242e-09
0.007548301932077284,0.0,1.3882845047115282e-09
0.007550302012080484,0.0,-1.3882845047821955e-09
0.007552302092083684,0.0,1.388284504776957e-09
0.007554302172086884,0.0,-1.3882845047437578e-09
0.007556302252090084,0.0,1.3882845045374768e-09
0.0075583023320932845,0.0,-1.3882845047381134e-09
0.007560302412096484,0.0,1.3882845046920154e-09
0.007562302492099685,0.0,-1.3882845048317537e-09
0.007564302572102884,0.0,1.3882845046725752e-09
0.007566302652106085,0.0,-1.3882845047637684e-09
0.007568302732109285,-0.0,1.3882845046381662e-09
0.007570302812112485,-0.0,-1.3882845047752385e-09
0.0075723028921156855,-0.0,1.388284504636341e-09
0.007574302972118885,-0.0,-1.388284504709367e-09
0.007576303052122086,-0.0,1.3882845050771865e-09
0.007578303132125285,-0.0,-1.3882845046732295e-09
0.007580303212128486,-0.0,1.3882845048787163e-09
0.0075823032921316855,-0.0,-1.3882845045077001e-09
0.007584303372134886,-0.0,1.388284504855077e-09
0.0075863034521380865,-0.0,-1.3882845048043656e-09
0.007588303532141286,-0.0,1.388284504668479e-09
0.007590303612144487,-0.0,-1.3882845046675667e-09
0.007592303692147686,-0.0,1.3882845048713786e-09
0.007594303772150887,-0.0,-1.3882845047278874e-09
0.0075963038521540864,-0.0,1.3882845047224503e-09
0.007598303932157287,-0.0,-1.3882845046297132e-09
0.0076003040121604875,-0.0,1.3882845049627841e-09
0.007602304092163687,-0.0,-1.3882845048088565e-09
0.007604304172166888,-0.0,1.3882845048450672e-09
0.007606304252170087,0.0,-1.3882845046020287e-09
0.007608304332173288,0.0,1.388284504860314e-09
0.007610304412176487,0.0,-1.388284504747614e-09
0.007612304492179688,0.0,1.3882845046852853e-09
0.007614304572182888,0.0,-1.3882845044997218e-09
0.007616304652186088,0.0,1.388284504824605e-09
0.007618304732189289,0.0,-1.3882845043791052e-09
0.007620304812192488,0.0,1.3882845048413126e-09
0.007622304892195689,0.0,-1.3882845046669039e-09
0.007624304972198888,0.0,1.388284504894581e-09
0.007626305052202089,0.0,-1.3882845046437778e-09
0.0076283051322052885,0.0,1.3882845048759097e-09
0.007630305212208489,0.0,-1.3882845046785998e-09
0.007632305292211689,0.0,1.3882845047548394e-09
0.007634305372214889,0.0,-1.3882845046401642e-09
0.00763630545221809,0.0,1.3882845047569272e-09
0.007638305532221289,0.0,-1.3882845047093153e-09
0.00764030561222449,0.0,1.3882845050271082e-09
0.0076423056922276895,0.0,-1.3882845044464987e-09
0.00764430577223089,0.0,1.3882845047178102e-09
0.00764630585223409,0.0,-1.3882845047067632e-09
0.00764830593223729,0.0,1.3882845047478427e-09
0.00765030601224049,0.0,-1.3882845045779592e-09
0.00765230609224369,0.0,1.3882845047624393e-09
0.007654306172246891,0.0,-1.3882845046649674e-09
0.0076563062522500905,0.0,1.3882845045222827e-09
0.007658306332253291,0.0,-1.3882845046719015e-09
0.007660306412256491,0.0,1.3882845047214637e-09
0.007662306492259691,0.0,-1.3882845048738372e-09
0.007664306572262891,0.0,1.388284504822849e-09
0.007666306652266091,0.0,-1.3882845048488054e-09
0.007668306732269292,0.0,1.3882845046447489e-09
0.0076703068122724915,0.0,-1.3882845048917758e-09
0.007672306892275692,0.0,1.3882845046906227e-09
0.007674306972278892,0.0,-1.3882845048929825e-09
0.007676307052282092,0.0,1.3882845046571496e-09
0.007678307132285292,0.0,-1.3882845047534292e-09
0.007680307212288492,0.0,1.3882845046854644e-09
0.007682307292291692,0.0,-1.388284504767969e-09
0.007684307372294892,0.0,1.3882845046315462e-09
0.007686307452298093,0.0,-1.3882845051413424e-09
0.007688307532301293,0.0,1.3882845047954831e-09
0.007690307612304493,0.0,-1.3882845047152174e-09
