time,E1C1,E1C2,E1C3,E1C4,E1C5,E1C6,E1C7,E1C8
0.0,-0.09320561707522979,-0.015129396447811427,-0.015159200670005403,-0.014708336956634647,-0.005126837145138921,-0.005215943250858589,-0.004793723285973011,-0.0022273455725512277
2.000080003200128e-06,-0.09320444143648667,-0.015129180367579593,-0.015158986282143568,-0.0147081257846644,-0.005126743871307705,-0.005215855061232167,-0.004793638199656301,-0.0022273012878156768
4.000160006400256e-06,-0.09320883456212067,-0.015129929957957713,-0.015159732402909751,-0.01470885456640195,-0.005127033565873697,-0.0052161335373294765,-0.004793900074821016,-0.0022274278596517705
6.000240009600385e-06,-0.09320758571497868,-0.01512970173867774,-0.015159505916416,-0.014708631617157214,-0.005126935822959815,-0.005216041018116164,-0.004793810966040131,-0.0022273817026384236
8.000320012800513e-06,-0.09321190557954344,-0.015130439181269878,-0.015160239929843083,-0.014709348613143615,-0.005127221045218373,-0.005216315161507719,-0.004794068815842236,-0.0022275064008479973
1.000040001600064e-05,-0.09321058341988508,-0.015130198805669107,-0.015160001327505336,-0.014709113869868002,-0.005127118826847204,-0.0052162183065422325,-0.004793975678867659,-0.0022274583688907355
1.200048001920077e-05,-0.09321482992171226,-0.015130924083608948,-0.015160723216786076,-0.014709819063740965,-0.005127399570573644,-0.005216488111207764,-0.004794229497712414,-0.002227581190870388
1.4000560022400898e-05,-0.09321343435032083,-0.01513067153522766,-0.015160472482202255,-0.014709572510466631,-0.005127292870670553,-0.005216386914614989,-0.004794132327084277,-0.0022275312814285793
1.6000640025601025e-05,-0.09321760739264578,-0.015131384632462332,-0.015161182231340007,-0.014710265886653058,-0.0051275691299404085,-0.005216652374824613,-0.004794382109646768,-0.0022276522247004727
1.8000720028801153e-05,-0.09321613831521294,-0.015131119895655234,-0.015160919348919614,-0.01471000750820227,-0.0051274579427313645,-0.005216546831020129,-0.004794280900175343,-0.0022276004353591894
2.000080003200128e-05,-0.09322023780618602,-0.015131820796947238,-0.015161616942730275,-0.014710689051920047,-0.005127729711921092,-0.0052168079413349895,-0.0047945266414011365,-0.0022277194975713487
2.200088003520141e-05,-0.09321869513331958,-0.015131543856884469,-0.015161341897695432,-0.014710418833906195,-0.005127614031932983,-0.005216698045025447,-0.0047944213881672,-0.002227665826041538
2.400096003840154e-05,-0.09322272098600934,-0.015132232547812218,-0.015162027321807969,-0.014711088531164774,-0.005127881305720166,-0.005216954800297918,-0.004794663083272503,-0.0022277830049679255
2.6001040041601667e-05,-0.0932211046332422,-0.015131943390481057,-0.015161740100195007,-0.014710806459993868,-0.005127761127781462,-0.005216840546481615,-0.0047945537816278866,-0.0022277274490866495
2.8001120044801795e-05,-0.09322505676564587,-0.015132619857440638,-0.015162413341053149,-0.014711464297595867,-0.00512802390114543,-0.005217092941855929,-0.004794791426100112,-0.0022278427426274338
3.0001200048001923e-05,-0.09322336665344182,-0.01513231846964633,-0.015162113929713577,-0.014711170360467547,-0.005127899220386489,-0.005216974325823169,-0.004794678071667982,-0.002227785300358028
3.200128005120205e-05,-0.09322724498849251,-0.015132982699852656,-0.015162774974577006,-0.014711816326009939,-0.005128157488608785,-0.005217222356735812,-0.0047949116612661805,-0.002227898706539765
3.400136005440218e-05,-0.09322548104225364,-0.01513266906921969,-0.015162463361178673,-0.014711510510918513,-0.005128028300462276,-0.005217099374069271,-0.004794794249941433,-0.0022278393759720054
3.6001440057602306e-05,-0.09322928550782397,-0.015133321050707079,-0.015163112198123673,-0.01471214459279331,-0.00512828205912686,-0.005217343036249252,-0.004795023780696469,-0.0022279508929477472
3.800152006080244e-05,-0.0932274476578968,-0.015132995165680256,-0.015162788371151833,-0.014711826888528932,-0.005128148359328241,-0.005217215682824432,-0.004794902308646112,-0.002227889672298034
4.000160006400256e-05,-0.0932311781868085,-0.015133634887304136,-0.015163424989072869,-0.014712449075924557,-0.005128397604322078,-0.0052174549722938,-0.0047951277768612105,-0.002227999298347552
4.200168006720269e-05,-0.09322926636849065,-0.01513329673714952,-0.015163088937831255,-0.01471211947207411,-0.005128259388909905,-0.005217323244279365,-0.0047950022405246874,-0.002227936185959057
4.400176007040282e-05,-0.09323292289851774,-0.015133924188586865,-0.01516371332644143,-0.014712729754976063,-0.005128504116423168,-0.005217558157353424,-0.004795223642775563,-0.0022280439194889506
4.600184007360295e-05,-0.09323093705206166,-0.015133573763392633,-0.015163365041052887,-0.01471238824192391,-0.005128361381739358,-0.005217422051211419,-0.004795094038865027,-0.002227978913831729
4.800192007680308e-05,-0.09323451952593748,-0.015134188935143065,-0.015163977190885143,-0.01471298661111577,-0.005128601588265856,-0.005217652584499126,-0.004795311372000313,-0.002228084753375567
5.0002000080003204e-05,-0.09323245959655696,-0.015133826225820437,-0.015163616662292757,-0.014712633180044742,-0.005128454330956096,-0.005217512096985423,-0.004795177697500892,-0.002228017853046728
5.2002080083203335e-05,-0.093235967961978,-0.01513442910920702,-0.015164216564700574,-0.014713219627108913,-0.005128690013293542,-0.005217738247389642,-0.0047953909586423635,-0.002228121797265187
5.400216008640346e-05,-0.09323383389985372,-0.015134054107491109,-0.015163843784668401,-0.01471285427000115,-0.005128538230307603,-0.00521759337555418,-0.004795253210812511,-0.002228053000989004
5.600224008960359e-05,-0.09323726810948418,-0.015134644694661028,-0.015164431431826471,-0.01471342878731948,-0.005128769385557806,-0.005217815140271934,-0.004795462397355301,-0.0022281550486699647
5.8002320092803715e-05,-0.09323505986976517,-0.01513425739311127,-0.01516404639294002,-0.014713051496956793,-0.0051286130741496705,-0.00521766588145889,-0.004795320573726891,-0.002228084355297947
6.0002400096003846e-05,-3.1214480036776706,-0.5401017575880765,-0.5373319469736514,-0.5256896773754346,-0.213228542088041,-0.20447264362792889,-0.19332243387816353,-0.0950364501388063
6.200248009920397e-05,-3.1214457212204807,-0.5401013579800776,-0.5373315496693186,-0.5256892881453995,-0.21322838124576926,-0.20447248997977702,-0.19332228797654225,-0.09503637754731736
6.40025601024041e-05,-3.1214490069964134,-0.5401019239545556,-0.5373321127857895,-0.5256898387835729,-0.21322860333936833,-0.2044727029658907,-0.19332248900716759,-0.09503647579879632
6.600264010560423e-05,-3.121446650286854,-0.5401015120343178,-0.5373317032102409,-0.5256894376082486,-0.21322843796409618,-0.20447254492633343,-0.19332233902563287,-0.09503640130829677
6.800272010880436e-05,-3.1214498617948334,-0.5401020656939718,-0.53733225405292,-0.5256899762986249,-0.2132286555237408,-0.20447275352011895,-0.19332253597548732,-0.09503649766036606
7.000280011200448e-05,-3.121447430802984,-0.5401016414565318,-0.5373318322012094,-0.5256895631731963,-0.21322848561363641,-0.20447259108738458,-0.1933223819123927,-0.09503642127008978
7.200288011520461e-05,-3.121450568015581,-0.5401021827968115,-0.5373323707655623,-0.5256900899113612,-0.21322869863764726,-0.20447279528721782,-0.19332257477996684,-0.09503651572204709
7.400296011840474e-05,-3.121448062716506,-0.5401017462380323,-0.5373319366335675,-0.5256896648318151,-0.21322852419118393,-0.2044726284598298,-0.19332241663394018,-0.09503643743135555
7.600304012160487e-05,-3.121451125611281,-0.5401022752552148,-0.5373324629158841,-0.525690179614157,-0.21322873267818698,-0.20447282826438182,-0.19332260541799906,-0.09503652998262621
7.800312012480499e-05,-3.1214485459850274,-0.5401018263717864,-0.5373320165003068,-0.5256897425772822,-0.21322855369414315,-0.20447265704115863,-0.19332244318794226,-0.09503644979100848
8.000320012800512e-05,-3.121451534544516,-0.5401023430629748,-0.5373325304977005,-0.5256902454009909,-0.21322875764306928,-0.2044728524493955,-0.19332262788752494,-0.09503654044114536
8.200328013120525e-05,-3.1214488805761187,-0.5401018818524145,-0.5373320717960663,-0.5256897964043787,-0.21322857412052856,-0.2044726768294509,-0.19332246157261454,-0.09503645834821818
8.400336013440539e-05,-3.1214517947878533,-0.5401023862155402,-0.5373325735064759,-0.5256902872674473,-0.21322877353061434,-0.20447286784063412,-0.1933226421870348,-0.09503654709690196
8.600344013760552e-05,-3.1214490664673358,-0.5401019126761927,-0.5373321025171358,-0.5256898263094925,-0.21322858546896603,-0.2044726878233775,-0.1933224717867218,-0.09503646310240993
8.800352014080563e-05,-3.1214519063238306,-0.540102404710014,-0.5373325919393237,-0.5256903052107161,-0.21322878033975318,-0.20447287443706394,-0.19332264831556775,-0.09503654994944895
9.000360014400577e-05,-3.121449103646203,-0.5401019188410519,-0.5373321086614529,-0.5256898322906157,-0.2132285877386917,-0.20447269002219973,-0.19332247382957754,-0.09503646405326423
9.20036801472059e-05,-3.1214518691449635,-0.5401023985451548,-0.5373325857950068,-0.5256902992295932,-0.21322877807002755,-0.20447287223824173,-0.19332264627271203,-0.09503654899859464
9.400376015040603e-05,-3.1214489921102246,-0.5401019003465779,-0.5373320902286047,-0.5256898143473465,-0.21322858092955282,-0.20447268342576988,-0.19332246770104453,-0.09503646120071722
9.600384015360616e-05,-3.1214516832537478,-0.5401023677213765,-0.5373325550739373,-0.5256902693244796,-0.2132287667215901,-0.20447286124431513,-0.19332263605860475,-0.09503654424440293
9.800392015680628e-05,-3.1214487318668884,-0.5401018571940127,-0.5373320472198296,-0.5256897724808903,-0.2132285650420078,-0.2044726680345313,-0.19332245340153473,-0.09503645454496065
0.00010000400016000641,-3.121451348662655,-0.5401023122407486,-0.5373324997781778,-0.5256902154973829,-0.21322874629520466,-0.20447284145602285,-0.1933226176739325,-0.09503653568719321
0.00010200408016320654,-3.1214483229336523,-0.5401017893862526,-0.5373319796380132,-0.5256897066940565,-0.21322854007712547,-0.20447264384951763,-0.19332243093200877,-0.0950364440864415
0.00010400416016640667,-3.121450865394135,-0.5401022321069945,-0.5373324199114385,-0.5256901377519159,-0.2132287167922455,-0.20447281287469402,-0.19332259111993044,-0.0950365233275403
0.00010600424016960679,-3.1214477653379546,-0.5401016969278496,-0.5373318874876916,-0.5256896169912608,-0.21322850603658583,-0.2044726108723537,-0.19332240029397668,-0.09503642982586241
0.00010800432017280692,-3.1214502334806116,-0.5401021273254939,-0.5373323154790803,-0.5256900360932968,-0.2132286782146979,-0.2044727755022488,-0.19332255639838297,-0.09503650716627451
0.00011000440017600705,-3.121447059117206,-0.5401015798250098,-0.5373317707750491,-0.5256895033785245,-0.21322846292267933,-0.20447256910525485,-0.19332236148949716,-0.09503641176418137
0.00011200448017920718,-3.121449452964481,-0.5401019979032798,-0.5373321864881117,-0.525689910528349,-0.21322863056515762,-0.20447272934119756,-0.19332251351162308,-0.09503648720448145
0.00011400456018240731,-3.1214462043187847,-0.5401014380855933,-0.5373316295079184,-0.5256893658634721,-0.21322841073830673,-0.20447251855102647,-0.19332231452117732,-0.09503638990261155
0.00011600464018560743,-3.1214485238981085,-0.5401018438490396,-0.5373320329471895,-0.5256897610654999,-0.2132285738468307,-0.20447267439464115,-0.1933224624625324,-0.09503646344350206
0.00011800472018880756,-3.1214452010000415,-0.5401012717191143,-0.5373314636957804,-0.5256892044553338,-0.21322834948697947,-0.20447245921306462,-0.19332225939217326,-0.09503636424262155
0.00012000480019200769,-0.09323786254739337,-0.01513474326207341,-0.015164529670810988,-0.014713524417057467,-0.005128805675211174,-0.005217850296323091,-0.004795495059717145,-0.0022281702514826748
0.00012200488019520782,-0.09323446543185582,-0.015134158825698919,-0.015163948153955498,-0.014712955867218828,-0.0051285767844962945,-0.005217630725407708,-0.004795287911365054,-0.002228069152485232
0.00012400496019840794,-0.09323663657748173,-0.01513453997645321,-0.015164327062539347,-0.014713327190101787,-0.005128730831369105,-0.005217777790418385,-0.004795427696802751,-0.0022281388971737244
0.00012600504020160807,-0.09323316528434962,-0.015133943240244847,-0.015163733286829576,-0.01471274670700825,-0.005128497412232023,-0.005217553832525417,-0.004795216472652106,-0.0022280359010804556
0.0001280051202048082,-0.09323526227418508,-0.01513431209478255,-0.015164099940163702,-0.014713106100145394,-0.005128646932017601,-0.005217696511849622,-0.004795352183491144,-0.002228103749231456
0.00013000520020800833,-0.09323171684830894,-0.01513370306618087,-0.015163493913014124,-0.01471251369101506,-0.0051284089872043245,-0.005217468169634888,-0.004795136886010046,-0.0022279988571908284
0.00013200528021120847,-0.09323373972968925,-0.015134059632354684,-0.015163848318923782,-0.014712861162024493,-0.005128553982800839,-0.005217606466075599,-0.004795268524855253,-0.002228064810016444
0.0001340053602144086,-0.09323012022088965,-0.015133438319624727,-0.015163230048570456,-0.014712256834875433,-0.005128311515361661,-0.0052173737424892055,-0.004795049156785318,-0.002227958023304221
0.00013600544021760873,-0.09323206904611842,-0.015133782606111607,-0.015163572215702156,-0.014712592392174694,-0.005128451989971384,-0.005217507659143551,-0.004795176726514925,-0.0022280220821437775
0.00013800552022080883,-0.09322837550918044,-0.015133149018342012,-0.015162941711201892,-0.014711976155823925,-0.0051282050032605605,-0.0052172705574295855,-0.004794953290870951,-0.002227913402162825
0.00014000560022400896,-0.09323025033552489,-0.015133481034642387,-0.015163271649022805,-0.014712299808629576,-0.005128340960389756,-0.005217400097688645,-0.004795076794636364,-0.0022279755684827597
0.0001420056802272091,-0.09322648283019624,-0.015132835181745024,-0.015162628920252772,-0.014711671672692743,-0.005128089458065378,-0.005217158621385064,-0.004794849294706248,-0.0022278649967630297
0.00014400576023040922,-0.0932282837198816,-0.015133154938181797,-0.015162946639049614,-0.014711983431019147,-0.005128220901523781,-0.005217283788933476,-0.004794968735931672,-0.002227925272156728
0.00014600584023360936,-0.09322444231086416,-0.01513249683089048,-0.015162291696706002,-0.014711343405909282,-0.005127964887547253,-0.005217037941871589,-0.00479473717527592,-0.002227812810355032
0.0001480059202368095,-0.09322616933107009,-0.015132804338608474,-0.015162597207584564,-0.014711643280568211,-0.005128091821447999,-0.005217158740687379,-0.0047948525576582395,-0.0022278711965427554
0.00015000600024000962,-0.09322225408801828,-0.015132133988478598,-0.01516193006318226,-0.0147109913774953,-0.005127831300083956,-0.00521690852699174,-0.004794616940109893,-0.0022277568464427193
0.00015200608024320975,-0.09322390731086987,-0.015132429259443128,-0.015162223378065902,-0.014711279380094467,-0.005127953728842945,-0.005217024961345804,-0.00479472826761812,-0.0022278133452713674
0.00015400616024640988,-0.09321991830838096,-0.015131746678850097,-0.015161544043937008,-0.014710615611064086,-0.005127688704658659,-0.005216770385433692,-0.004794488597282251,-0.0022276971087831945
0.00015600624024960998,-0.0932214978109474,-0.015132029725846544,-0.015161825175566359,-0.014710891754006802,-0.005127806632994476,-0.005216882459889636,-0.004794595874157447,-0.002227751722226261
0.00015800632025281012,-0.09321743512855783,-0.015131334927985086,-0.015161133664859305,-0.014710216131819416,-0.005127537110859579,-0.005216623526470761,-0.004794352155410877,-0.0022276336013866242
0.00016000640025601025,-0.09321894099284116,-0.015131605764617372,-0.015161402626790603,-0.014710480428302947,-0.0051276505437928815,-0.005216731245884342,-0.004794455386165598,-0.0022276863315439225
0.00016200648025921038,-0.09321480471501778,-0.015130898763500251,-0.015160698953469085,-0.014709792966552445,-0.00512737652887892,-0.005216467959960413,-0.004794207623656529,-0.002227566328515754
0.0001640065602624105,-0.09321623702794836,-0.01513115740418972,-0.015160955760073135,-0.014710045430567194,-0.005127485471732031,-0.00521657132947916,-0.004794306813074485,-0.002227617177613292
0.00016600664026561064,-0.09321202724408366,-0.015130438214646743,-0.015160239938915035,-0.01470934614364023,-0.005127206969512105,-0.005216303696343521,-0.004794055011722148,-0.002227495294685649
0.00016800672026881077,-0.09321338609751276,-0.015130684674631129,-0.01516048460537621,-0.014709586789968537,-0.005127311427908668,-0.005216402721406398,-0.004794150164857877,-0.0022275442650754465
0.0001700068002720109,-0.0932091029019151,-0.01512995331230772,-0.015159756651972101,-0.014708875693042963,-0.005127028444156866,-0.00521613074664349,-0.0047938943298519825,-0.002227420504663266
0.00017200688027521103,-0.0932103883926063,-0.015130187607639756,-0.01515998919428686,-0.014709104537257772,-0.005127128424021286,-0.005216225432980338,-0.0047939854520303365,-0.0022274675988231307
0.00017400696027841114,-0.09320603188449225,-0.01512944408899555,-0.015159249125038712,-0.01470838164630124,-0.005126840964812172,-0.005215949122465244,-0.004793725588830747,-0.002227341963467033
0.00017600704028161127,-0.09320724411411463,-0.015129666236541684,-0.01515946956001449,-0.014708598704765019,-0.005126936472369205,-0.005216039476096362,-0.0047938126856465375,-0.0022273871840003995
0.0001780071202848114,-0.09320281439760156,-0.015128910578849313,-0.015158717392134414,-0.014707864036534029,-0.0051266445440774095,-0.0052157588359943805,-0.004793548799982755,-0.0022272596763664994
0.00018000720028801153,-0.09320395347271818,-0.015129120596287996,-0.015158925737387636,-0.014708069326396785,-0.005126735585851418,-0.005215844863229858,-0.0047936318773000915,-0.0022273030260020954
0.00018200728029121166,-0.09319945065681498,-0.015128352817631568,-0.015158161488896415,-0.014707322898434913,-0.005126439195151069,-0.0052155598999959,-0.004793363975170828,-0.0022271736488817576
0.0001840073602944118,-0.09320051668887651,-0.015128550723451966,-0.015158357762851505,-0.014707516437633315,-0.0051265257779656605,-0.005215641607435292,-0.004793443039122769,-0.002227215130473485
0.00018600744029761192,-0.09319594088747345,-0.015127770842725428,-0.015157581452576872,-0.014706758268269924,-0.005126224931829731,-0.005215352327813322,-0.004793171126795346,-0.0022270838867830822
0.00018800752030081206,-0.09319693399280875,-0.015127956656226056,-0.015157765674464705,-0.01470694007552565,-0.0051263070628071805,-0.0052154297223449796,-0.0047932461837834036,-0.002227123503309747
0.0001900076003040122,-0.0931922853246688,-0.015127164693131748,-0.015156977322039987,-0.014706170183874219,-0.005126001768507022,-0.0052151361333675475,-0.004792970267793296,-0.002226990396090422
0.00019200768030721232,-0.09319320562447297,-0.01512733843441835,-0.01515714951189596,-0.014706340278692253,-0.005126079455067561,-0.005215209222168012,-0.0047930413244868,-0.00222702815065545
0.00019400776031041242,-0.09318848421322132,-0.015126534409465167,-0.015156349137758157,-0.014705558684648701,-0.005125769720172122,-0.005214911331155529,-0.004792761411636997,-0.002226893183072841
0.00019600784031361255,-0.09318933183354675,-0.015126696099449343,-0.0151565093164205,-0.014705717087315603,-0.0051258429700333655,-0.005214980121688954,-0.004792828474972513,-0.002226929078904032
0.00019800792031681268,-0.09318453780766141,-0.015125880033951274,-0.015155696941808938,-0.014704923811556986,-0.005125528802408786,-0.0052146779362492205,-0.004792544572333129,-0.00222679225424806
0.00020000800032001282,-0.09318531287940698,-0.01512602969434859,-0.015155845130917223,-0.014705070543139338,-0.005125597623585042,-0.0052147424362667325,-0.004792607649513944,-0.0022268262946973025
0.00020200808032321295,-0.09318044637220549,-0.01512520161042243,-0.015155020777871264,-0.014704265607121465,-0.005125279031393732,-0.005214435964294077,-0.004792319764421354,-0.0022266876163817995
0.00020400816032641308,-0.09318114903110539,-0.015125339263750696,-0.015155156999864326,-0.014704400689464126,-0.005125343432195395,-0.005214496181833145,-0.004792378862916852,-0.0022267198049248185
0.0002060082403296132,-0.09317621018073485,-0.015124499184314497,-0.015154320691221737,-0.014703584115420115,-0.005125020423895464,-0.005214185431507926,-0.004792087002973206,-0.0022265792764872817
0.00020800832033281334,-0.09317684056734754,-0.015124624853891738,-0.015154444969335929,-0.014703707571144184,-0.005125080412928238,-0.00521424137489166,-0.004792142130518236,-0.0022266096167233335
0.00021000840033601347,-0.09317182951677347,-0.01512377280266294,-0.015153596728731,-0.014702879382082673,-0.005124752997272794,-0.00521392635467952,-0.004791846303590846,-0.0022264672418246608
0.00021200848033921357,-0.09317238777646802,-0.015123886512605277,-0.015153709086997999,-0.014702991234583608,-0.00512480858343697,-0.005213978032515918,-0.004791897468184986,-0.002226495737476172
0.0002140085603424137,-0.09316730467346164,-0.015123022514098496,-0.01515284893885951,-0.014702151454286529,-0.00512447676947333,-0.005213658751167089,-0.004791597682405608,-0.0022263515199003065
0.00021600864034561384,-0.09316779095640745,-0.015123124289318416,-0.015152949402104512,-0.014702251727732277,-0.00512452796196306,-0.005213706172348357,-0.004791644892312581,-0.00222637817481263
0.00021800872034881397,-0.09316263595353257,-0.015122248368843379,-0.015152077371653456,-0.014701400380752936,-0.005124191759031983,-0.00521338263889684,-0.004791341156076709,-0.0022262321184662423
0.0002200088003520141,-0.09316305041468544,-0.015122338235047434,-0.01515216596549299,-0.014701489100081776,-0.005124238567334492,-0.005213425812598643,-0.004791384419823651,-0.002226256936607311
0.00022200888035521423,-0.09315782366928625,-0.015121450418706849,-0.015151282078740651,-0.014700626211742833,-0.005123897985069405,-0.005213098036361525,-0.0047910767417898344,-0.0022261090455194623
0.00022400896035841436,-0.09315816646837564,-0.01512152840239352,-0.015151358829580304,-0.014700703402661252,-0.0051239404189641425,-0.005213136972042177,-0.004791116068166537,-0.0022261320309794196
0.0002260090403616145,-0.09315286814256289,-0.015120628717080876,-0.015150463113326046,-0.014699828999052502,-0.005123595467290335,-0.005212804962618766,-0.0047908044572556275,-0.0022259823093012583
0.00022800912036481462,-0.09315313944407731,-0.015120694845538076,-0.01515052804835814,-0.014699894688032938,-0.005123633536848139,-0.00521283967001839,-0.004790839855313799,-0.0022260034662921293
0.00023000920036801473,-0.09314776970471578,-0.015119783318935596,-0.015149620530187115,-0.014699008796009225,-0.0051232842259819195,-0.005212503437289544,-0.004790524320708277,-0.0022258519182965187
0.00023200928037121486,-0.09314796967789092,-0.015119837620238852,-0.015149673677388831,-0.014699063010288114,-0.005123317941564269,-0.005212533926429365,-0.004790555799760818,-0.002225871251151871
0.000234009360374415,-0.09314252869658252,-0.01511891428081458,-0.015148754385669401,-0.014698165657466731,-0.005122964282012003,-0.005212193480556417,-0.004790236350903814,-0.002225717881232992
0.00023600944037761512,-0.09314265751538503,-0.015118956783824185,-0.015148795773799928,-0.014698208425041933,-0.005122993654270028,-0.005212219761737794,-0.004790263920524014,-0.0022257353944075543
0.00023800952038081525,-0.09313714546845664,-0.015118021660829975,-0.01514786473768147,-0.014697299639800456,-0.0051226356568273256,-0.00521187511316185,-0.004789940567118654,-0.002225580207080546
0.00024000960038401538,-0.09313720331157009,-0.015118052395188842,-0.01514789439627991,-0.014697330989428901,-0.005122660696700964,-0.0052118971969654605,-0.004789964237139346,-0.002225595905149829
0.00024200968038721551,-0.09313162038005866,-0.015117105518657983,-0.015146951645690467,-0.014696410800903103,-0.005122298372451839,-0.0052115483564065535,-0.004789636989147998,-0.0022254389050504622
0.00024400976039041565,-0.09313160743086803,-0.015117124514788886,-0.015146969605072998,-0.014696430762098403,-0.005122319091168827,-0.005211566253691465,-0.0047896567696607195,-0.00222545279271035
0.00024600984039361575,-0.09312595380050366,-0.015116165915533206,-0.015146015170716474,-0.014695499200179256,-0.005121952451484607,-0.00521121323214752,-0.004789325637303949,-0.0022252939845945757
0.0002480099203968159,-0.09312587024708026,-0.015116173204636383,-0.015146021461974048,-0.014695507803209176,-0.005121968860559633,-0.005211226954050273,-0.004789341538658146,-0.0022253060666609704
0.000250010000400016,-0.09312014610827078,-0.015115202914243776,-0.015145055375327688,-0.014694564898540548,-0.005121597917098054,-0.005210869762796212,-0.004789006532413972,-0.0022251454554045114
0.00025201008040321614,-0.09311999214335577,-0.015115198528294163,-0.01514505003032319,-0.014694562174424435,-0.005121610028331669,-0.005210879320729898,-0.004789018565216044,-0.002225155736812871
0.0002540101604064163,-0.09311419769117164,-0.01511421657912598,-0.015144072323634966,-0.0146936079584005,-0.0051212347930359075,-0.005210517971316712,-0.004788679695819043,-0.0022249933274108426
0.0002560102404096164,-0.09311397351216019,-0.015114200550870581,-0.015144055375000761,-0.014693593938906725,-0.00512124261851365,-0.0052105233769699855,-0.004788687870931493,-0.002225001813215823
0.00025801032041281654,-0.09310810894631695,-0.015113206976058701,-0.015143066081286507,-0.01469262844366925,-0.005120863103611262,-0.0052101578812237285,-0.004788345149371852,-0.00222483761078228
0.00026001040041601667,-0.09310781475524078,-0.015113179339013792,-0.015143037562421406,-0.014692603161312365,-0.005120866655702499,-0.00521015914655982,-0.004788349477912337,-0.0022248443061572533
0.0002620104804192168,-0.0931018802800823,-0.015112174172458089,-0.01514203671546224,-0.01469162641974804,-0.005120482873704432,-0.005209789516580615,-0.004788002915434956,-0.0022246783159247684
0.00026401056042241693,-0.09310151628359338,-0.015112134960906286,-0.015141996660528777,-0.014691589907786151,-0.005120482165061421,-0.005209786653836296,-0.0047880034087753685,-0.0022246832261614137
0.00026601064042561706,-0.0930955121080752,-0.015111118237271527,-0.01514098429486805,-0.01469060195352382,-0.005120094128760959,-0.005209412901997349,-0.004787653016878894,-0.002224515453480658
0.0002680107204288172,-0.09309507851742714,-0.01511106748625889,-0.015140932738789532,-0.014690554245955606,-0.0051200891723176545,-0.005209405923681889,-0.004787649686644349,-0.0022245185839884756
0.0002700108004320173,-0.09308900485509737,-0.015110039240971826,-0.015139908889729893,-0.014689555113363255,-0.005119696894789231,-0.005209028062628337,-0.004787295477080171,-0.002224349034327717
0.00027201088043521745,-0.09308850188612935,-0.015109976986305165,-0.015139845868187701,-0.01468949624492535,-0.00511968770376036,-0.0052090169815225355,-0.004787288335148115,-0.0022243503906336365
0.0002740109604384176,-0.09308235895511172,-0.015108937255551532,-0.015138810571788138,-0.014688485969107283,-0.0051192911983585655,-0.005208635024170443,-0.004786930319919383,-0.0022241790695782947
0.00027601104044161766,-0.09308178682822751,-0.015108863533794899,-0.015138736121218221,-0.014688415975271051,-0.005119277786238288,-0.005208619853325392,-0.004786919378418469,-0.002224178657326133
0.0002780111204448178,-0.09307557485120213,-0.015107812354516413,-0.015137689414291049,-0.014687394592064926,-0.005118877066596669,-0.005208233812860669,-0.0047865575697791105,-0.0022240055705783192
0.0002800112004480179,-0.0930749337913533,-0.015107727202988279,-0.015137603571881172,-0.01468731350903353,-0.005118859447157596,-0.0052082145655967475,-0.004786542841088216,-0.002224003395528345
0.00028201128045121806,-0.09306865299553889,-0.015106664612879492,-0.015136545491988892,-0.014686281055007399,-0.005118454527187525,-0.005207824455473969,-0.0047861772515418585,-0.0022238285489063645
0.0002840113604544182,-0.09306794323220571,-0.015106568069649592,-0.015136448295675483,-0.014686188919712862,-0.0051184327144795155,-0.00520780114537972,-0.004786158748289081,-0.0022238246169347976
0.0002860114404576183,-0.09306159384933872,-0.015105494107154595,-0.015135378881127523,-0.014685145432161857,-0.005118023608369011,-0.005207406979321046,-0.004785789390587971,-0.002223648016372661
0.00028801152046081845,-0.09306081561650978,-0.015105386211040666,-0.015135270369592299,-0.014685042282261845,-0.005117997616717925,-0.005207379620251959,-0.004785767125649497,-0.0022236423334711696
0.0002900116004640186,-0.0930543978828255,-0.015104300915349854,-0.015134189659441806,-0.014683987799205142,-0.005117584338930399,-0.005206981412245922,-0.004785394012793477,-0.002223463985018074
0.0002920116804672187,-0.0930535514189781,-0.01510418170591419,-0.015134069872108491,-0.014683873673079549,-0.005117554182936917,-0.005206950018323287,-0.004785367999292502,-0.002223456557293273
0.00029401176047041884,-0.09304706557519135,-0.015103085116961082,-0.015132977906149096,-0.014682808233257249,-0.005117136748210033,-0.00520654778262366,-0.004784991144527845,-0.0022232764671131174
0.000296011840473619,-0.09304615112327176,-0.01510295463450739,-0.015132846883180257,-0.014682683170005302,-0.005117102442748452,-0.005206512368233363,-0.004784961395833469,-0.00222326730078604
0.0002980119204768191,-0.09303959741455542,-0.015101846792965074,-0.015131743701942582,-0.014681606812874974,-0.005116680866092808,-0.005206106119357902,-0.004784580812651835,-0.0022230854751568822
0.00030001200048001924,-0.09303861522195782,-0.015101705078534958,-0.015131601484236055,-0.01468147085231172,-0.005116642426309702,-0.005206066699149245,-0.004784547342377911,-0.002223074576562475
0.00030201208048321937,-0.09303199389792227,-0.015100586025812716,-0.015130487128984352,-0.014680383618045053,-0.005116216723007585,-0.005205656451878461,-0.004784163044515134,-0.002222891021876004
0.0003040121604864195,-0.09303094421646813,-0.015100433121182257,-0.01513033375816989,-0.014680236800698104,-0.005116174164320609,-0.005205613040762888,-0.004784125866519166,-0.0022228783974625635
0.00030601224048961963,-0.09302425553114005,-0.015099302899421933,-0.015129208270898404,-0.014679138730177534,-0.005115744349924642,-0.005205198810138783,-0.004783737867954042,-0.0022226931202235433
0.00030801232049281976,-0.09302313861705645,-0.015099138847098039,-0.015129043789334,-0.014678981097283415,-0.005115697688021146,-0.005205151423288575,-0.004783696996335951,-0.0022226787765521772
0.0003100124004960199,-0.09301638282885803,-0.015097997499170752,-0.015127907212763667,-0.014677872232098838,-0.005115263778353084,-0.00520473322461346,-0.004783305311289226,-0.0022224917833779346
0.00031201248049921997,-0.09301519894275606,-0.01509782234238757,-0.015127731663532148,-0.01467770382559967,-0.005115213029188824,-0.005204681877460536,-0.004783260760390149,-0.0022224757271220173
0.0003140125605024201,-0.09300837631448149,-0.01509666991188969,-0.015126584041106632,-0.014676584208044512,-0.005114775040338057,-0.005204259726295547,-0.004782865403323096,-0.002222287024741816
0.00031601264050562023,-0.0930071257213341,-0.015096483694605154,-0.015126397468011879,-0.014676405070584472,-0.005114720220135848,-0.005204204434530097,-0.004782817187724263,-0.002222269262686416
0.00031801272050882036,-0.09300023652012959,-0.015095320225854953,-0.01512523884389432,-0.014675274743652643,-0.005114278168458241,-0.0052037783466941274,-0.004782418173337667,-0.002222078857940969
0.0003200128005120205,-0.09299891948924947,-0.015095122992746684,-0.015125041291457494,-0.01467508491857422,-0.005114219293706515,-0.005203719126263276,-0.004782366307859036,-0.002222059396982263
0.0003220128805152206,-0.09299196398658842,-0.015093948530780435,-0.015123871710526352,-0.014673943925955927,-0.0051137731958228365,-0.0052032891178313894,-0.004781963651091764,-0.0022218672968230754
0.00032401296051842076,-0.09299058079160409,-0.015093740327242255,-0.0151236632239823,-0.014673743457296244,-0.005113710283274318,-0.005203225984937836,-0.004781908150790819,-0.002221846143967763
0.0003260130405216209,-0.09298355926326514,-0.015092554917810329,-0.015122482731827744,-0.014672591843374707,-0.0051132601560688875,-0.005202792072240072,-0.004781501866818699,-0.002221652355456596
0.000328013120524821,-0.09298211018209965,-0.015092335789948355,-0.0151222633571211,-0.01467238077586198,-0.005113193222739182,-0.00520272504334082,-0.004781442746989239,-0.0022216295178213307
0.00033001320052802115,-0.09297502290814316,-0.015091139479511472,-0.015121072000041112,-0.014671218585709373,-0.0051127390833584484,-0.005202287242960708,-0.0047810328512236525,-0.0022214340481295698
0.0003320132805312213,-0.09297350822298854,-0.015090909474140072,-0.015120841783822288,-0.01467099696475894,-0.005112668146524532,-0.005202216334765519,-0.004780970127394385,-0.002221409532940333
0.0003340133605344214,-0.0929663554877328,-0.015089702309865371,-0.015119639608818854,-0.01466982424413279,-0.00511221001237565,-0.005201774663538736,-0.004780556635481053,-0.0022212123893483975
0.00033601344053762154,-0.09296477548502736,-0.015089461474503277,-0.015119398598440168,-0.014669592115843268,-0.00511213508957444,-0.005201699893008822,-0.004780490323414335,-0.002221186203939882
0.0003380135205408217,-0.0929575575770251,-0.015088243504260272,-0.015118185653215134,-0.014668408911182502,-0.005111672978323764,-0.005201254368021775,-0.004780073251231976,-0.002220987393836615
0.0003400136005440218,-0.0929559125474289,-0.01508799188712666,-0.015117933896726906,-0.014668166322332022,-0.0051115940873506386,-0.005201175752368311,-0.004780003366922497,-0.0022209595456516326
0.00034201368054722194,-0.0929486297594412,-0.015086763159483024,-0.015116710229677864,-0.014666972680752838,-0.005111128016922164,-0.005200726390956568,-0.004779582730581388,-0.0022207590765336315
0.00034401376055042207,-0.09294691999781161,-0.015086500809493409,-0.01511644777582428,-0.014666719678795037,-0.005111045175829477,-0.005200643947639285,-0.004779509290254785,-0.002220729573122466
0.0003460138405536222,-0.0929395726267853,-0.015085261373711243,-0.015115213436040787,-0.014665515648087338,-0.0051105751644034735,-0.005200190767386321,-0.004779085106095552,-0.002220527452593516
0.0003480139205568223,-0.09293779843215137,-0.015084988340473044,-0.015114940334255575,-0.014665252281147139,-0.00511048839149894,-0.005200104514111938,-0.004779008126207032,-0.0022204963016132584
0.0003500140005600224,-0.09293038677919206,-0.015083738246504365,-0.015113695371514746,-0.0146640379097701,-0.005110014457510271,-0.0051996475328474215,-0.004778580410799142,-0.0022202925373836337
0.00035201408056322254,-0.09292854845472998,-0.01508345458031311,-0.015113411671917246,-0.0146637642266399,-0.0051099237713555035,-0.005199557487568228,-0.004778499908032094,-0.0022202597465975794
0.00035401416056642267,-0.09292107282507737,-0.015082193878795723,-0.015112156136679565,-0.014662539563718036,-0.005109445933492106,-0.005199096723366659,-0.004778068678172495,-0.0022200543464834053
0.0003560142405696228,-0.0929191706780842,-0.015081899630630523,-0.015111861890070431,-0.014662255613853443,-0.005109351352901012,-0.005199002904278976,-0.004777984669437079,-0.002220019923760356
0.00035801432057282293,-0.09291163138108688,-0.015080628372883842,-0.01511059583347554,-0.014661020709172445,-0.005108869630102366,-0.005198538375458103,-0.004777549942148812,-0.002219812895682976
0.00036001440057602306,-0.09290966572295511,-0.015080323594403238,-0.015110291091332367,-0.014660726542688162,-0.005108771174139548,-0.005198440801000722,-0.00477746244458056,-0.0022197768489966123
0.0003620144805792232,-0.0929020630720423,-0.015079041832423694,-0.015109014565194685,-0.014659481446690537,-0.00510828558559496,-0.005197972526119953,-0.004777024237111224,-0.0022195682009818465
0.0003640145605824233,-0.09290003421823309,-0.015078726575961142,-0.015108699379667665,-0.014659177114356037,-0.005108183273574119,-0.005197871214972579,-0.004776933268069506,-0.002219530538410021
0.00036601464058562346,-0.09289236853089086,-0.015077434362418138,-0.01510741243647212,-0.014657921878137163,-0.0051076938387212695,-0.0051973992128315355,-0.004776491597889926,-0.002219320278587578
0.0003680147205888236,-0.09289027680090699,-0.015077108680977603,-0.01510708686037962,-0.01465760743137238,-0.005107587690203509,-0.005197294183913209,-0.00477639717495658,-0.0022192810083116374
0.0003700148005920237,-0.09288254839864943,-0.015075806069208761,-0.015105789553277073,-0.014656342106675867,-0.005107094428726612,-0.005196818473550021,-0.004775952059759227,-0.002219069144914359
0.00037201488059522385,-0.09288039411600929,-0.0150754700164604,-0.01510545364010133,-0.01465601759754699,-0.005106984463518898,-0.005196709746017532,-0.004775854200736986,-0.002219028275218469
0.000374014960598424,-0.09287260332435149,-0.01507415706046703,-0.015104146022904047,-0.01465474223676037,-0.0051064873953471455,-0.005196230346707205,-0.004775405658434476,-0.0022188148165816503
0.0003760150406016241,-0.09287038681656126,-0.015073810690742444,-0.015103799826786411,-0.014654407717975349,-0.005106373633500536,-0.0051961179399534745,-0.0047753043813455465,-0.002218772355852081
0.00037801512060482424,-0.09286253396499257,-0.0150724874451853,-0.015102481953963647,-0.014653122374125725,-0.005105872778806413,-0.005195634871206369,-0.004774852430069222,-0.0022185573104127826
0.0003800152006080244,-0.0928602555635178,-0.015072130813473044,-0.015102125529700123,-0.014652777899029742,-0.005105755240614382,-0.00519551880485878,-0.004774747753153665,-0.0022185132671371987
0.0003820152806112245,-0.09285234098547385,-0.015070797333667358,-0.015100797456373497,-0.014651482625779347,-0.005105250619811949,-0.005195032086418898,-0.004774292411251975,-0.002218296643433509
0.00038401536061442464,-0.09285000102571232,-0.015070430495608217,-0.015100430859410052,-0.014651128248350373,-0.005105129325808657,-0.005194912380337632,-0.00477418435296622,-0.0022182510262002456
0.0003860154406176247,-0.09284202505854564,-0.015069086837519141,-0.015099092641348717,-0.0146498230999918,-0.0051046209595517564,-0.005194422032180939,-0.004773725639003176,-0.002218032832870569
0.00038801552062082484,-0.0928396238797983,-0.015068709849401478,-0.01509871592777664,-0.01464945887483601,-0.005104495930510351,-0.005194298706457305,-0.00477361421801844,-0.002217985650367921
0.000390015600624025,-0.09283158686475237,-0.015067356069639586,-0.015097367621392962,-0.014648143906288005,-0.005103983839691017,-0.005193804748790109,-0.004773152150772144,-0.0022177658961502794
0.0003920156806272251,-0.09282912481019581,-0.015066968988394602,-0.015096980847944096,-0.014647769888635252,-0.005103855096621853,-0.005193677823744893,-0.004773037385972882,-0.0022177171571657593
0.00039401576063042524,-0.09282102709237236,-0.015065605144210565,-0.015095622510288282,-0.014646445155437563,-0.005103339302368327,-0.005193180277001991,-0.004772571984433728,-0.002217495850896973
0.00039601584063362537,-0.09281850450902893,-0.01506520802740756,-0.015095225734330383,-0.014646061401136683,-0.005103206866517224,-0.005193049773183714,-0.004772453894916058,-0.002217445564316589
0.0003980159206368255,-0.09281034643736225,-0.015063834176687779,-0.0150938574230862,-0.01464472695944578,-0.005102687390192359,-0.005192548658026811,-0.004771985178285343,-0.0022172227149316066
0.00040001600064002563,-0.09280776367607017,-0.015063427082529023,-0.015093450702617741,-0.014644333524959632,-0.005102551283038711,-0.005192414596209906,-0.004771863783355286,-0.002217170889739044
0.00040201608064322576,-0.09279954560329658,-0.015062043283790606,-0.015092072476097394,-0.014642989431543888,-0.005102028146238083,-0.005191909933525842,-0.004771391771043516,-0.0022169465062701686
0.0004040161606464259,-0.09279690301868122,-0.015061626271106665,-0.01509165586974295,-0.01464258637394492,-0.005101888389493136,-0.005191772334708991,-0.004771267090215538,-0.0022168931515461044
0.000406016240649626,-0.09278862530130803,-0.015060232583492362,-0.015090267786882144,-0.014641232686179591,-0.00510136161404321,-0.005191264145607883,-0.004770791801840704,-0.0022166672431221967
0.00040801632065282615,-0.09278592325175225,-0.015059805711737088,-0.015089841353887433,-0.01464082006314487,-0.005101218229648209,-0.005191123031012274,-0.004770663854835993,-0.002216612368043518
0.0004100164006560263,-0.09277758625002892,-0.015058402195010432,-0.015088443474240444,-0.014639456839007445,-0.0051006878376044775,-0.0051906113368257985,-0.004770185310222015,-0.0022163849438892524
0.0004120164806592264,-0.09277482509764166,-0.015057965524255805,-0.015088007274467123,-0.014639034708813718,-0.005100540847728782,-0.005190466727893215,-0.004770054116966817,-0.0022163285577282404
0.00041401656066242655,-0.09276642917553016,-0.01505655223879617,-0.015086599658201954,-0.014637662006879177,-0.005100006861374046,-0.005189951550172905,-0.0047695723361418614,-0.002216099627163353
0.0004160166406656267,-0.09276360928611677,-0.0150561058297274,-0.015086153752122806,-0.01463723042839811,-0.005099856288413274,-0.00518980346856401,-0.0047694379167657844,-0.002216041739286958
0.0004180167206688268,-0.09275515481125786,-0.015054682836524495,-0.015084736460015645,-0.014635848307833488,-0.005099318730255527,-0.005189284829079208,-0.0047689529199604905,-0.0022158113117253793
0.00042001680067202694,-0.09275227655428885,-0.015054226750434751,-0.015084280908709233,-0.01463540734052648,-0.005099164596829655,-0.005189133296671665,-0.004768815294794827,-0.0022157519315943643
0.000422016880675227,-0.09274376389797416,-0.015052794111083907,-0.015082854002139764,-0.014634015861086327,-0.005098623489600348,-0.005188611217407867,-0.004768327102440702,-0.00221552001654351
0.00042401696067842715,-0.09274082764655432,-0.015052328409869356,-0.015082388867285567,-0.014633565564999852,-0.0050984658185518825,-0.005188456256294567,-0.004768186292016737,-0.0022154591537117316
0.0004260170406816273,-0.09273225718369393,-0.015050886186566102,-0.015080952408231584,-0.014632164787021036,-0.005097921185203979,-0.005187930759451512,-0.00476769492474435,-0.002215225760771656
0.0004280171206848274,-0.09272926331453006,-0.015050410932720373,-0.015080477752104488,-0.014631705222781064,-0.005097759999595852,-0.005187772391938595,-0.004767550949791564,-0.002215163424885175
0.00043001720068802754,-0.09272063542362019,-0.015048959188255242,-0.015079031803136744,-0.014630295207177655,-0.005097211863301866,-0.005187243499928386,-0.004767056428428879,-0.0022149285637477656
0.0004320172806912277,-0.09271758431698979,-0.01504847444486433,-0.015078547688601897,-0.014629826435984917,-0.005097047186415608,-0.005187081748533396,-0.004766909309873192,-0.0022148647645440713
0.0004340173606944278,-0.09270889938008169,-0.015047013242617566,-0.015077092312878763,-0.014628407244243032,-0.005096495570565646,-0.005186549483978631,-0.004766411655443731,-0.0022146284449922403
0.00043601744069762794,-0.09270579141980151,-0.015046519073354591,-0.015076598803386385,-0.014627929327867785,-0.005096327425899456,-0.005186384371428706,-0.004766261414405848,-0.0022145631922994543
0.00043801752070082807,-0.09269704982246836,-0.015045048477290743,-0.015075134064648497,-0.01462650102204046,-0.005095772354099241,-0.005185848757160488,-0.004765760648126967,-0.002214325424206293
0.0004400176007040282,-0.09269388539586143,-0.01504454494641045,-0.01507463122422838,-0.014626014022817243,-0.005095600765365904,-0.005185680306390318,-0.0047656073059204876,-0.0022142587279422956
0.00044201768070722833,-0.09268508752716746,-0.015043065021073092,-0.015073157186793381,-0.014624576665519152,-0.0050950422614348175,-0.005185141365446488,-0.00476510344920161,-0.002214019521270277
0.00044401776071042846,-0.09268186702502929,-0.015042552193406396,-0.015072645080049572,-0.01462408064634143,-0.005094867252559748,-0.005184969599596435,-0.0047649470273312166,-0.00221395139144188
0.0004460178407136286,-0.09267301327749494,-0.015041063003912518,-0.015071161808806497,-0.014622634300743596,-0.005094305340528766,-0.005184427355219434,-0.004764440101771928,-0.0022137107562419695
0.0004480179207168287,-0.09266973709406333,-0.015040540944861246,-0.015070640500911852,-0.014622129325058726,-0.005094126935648039,-0.00518425229763363,-0.0047642806219317275,-0.0022136412029441156
0.00045001800072002885,-0.09266082786363396,-0.015039042556895985,-0.015069148061315962,-0.014620674054883322,-0.005093561639757758,-0.005183706773268707,-0.004763770649320078,-0.002213399149354979
0.000452018080723229,-0.09265749639655298,-0.01503851133242712,-0.015068617618006555,-0.014620160186686841,-0.005093379863215967,-0.005183528447492985,-0.004763608133391584,-0.002213328182769819
0.0004540181607264291,-0.09264853208256363,-0.01503700381223795,-0.01506711607607343,-0.014618696056201563,-0.0050928112079145,-0.005182979666786114,-0.004763095135702126,-0.002213084721016911
0.00045601824072962925,-0.09264514573285212,-0.015036463488878219,-0.01506657656364317,-0.014618173360032138,-0.005092626084262813,-0.0051827980965661125,-0.00476292960575254,-0.002213012351413014
0.0004580183207328293,-0.09263612673799601,-0.015034946903269725,-0.015065065985943541,-0.014616700434045166,-0.005092054094203827,-0.005182246083362057,-0.0047624136051446185,-0.002212767491807774
0.00046001840073602946,-0.09263268591001211,-0.015034397548099886,-0.015064517471238376,-0.014616168974978874,-0.005091865648197812,-0.0051820612926411404,-0.0047622450834248885,-0.0022126937295392076
0.0004620184807392296,-0.09262361264030487,-0.015032871964427711,-0.015062997924892215,-0.01461468731883298,-0.0050912903482383315,-0.005181506070981406,-0.004761726102240645,-0.002212447482478131
0.0004640185607424297,-0.09262011774171316,-0.015032313645077055,-0.015062440475304733,-0.014614147162478044,-0.0050910986048359735,-0.005181318083898728,-0.004761554611183651,-0.0022123723379836296
0.00046601864074562985,-0.09261099060645964,-0.01503077913124252,-0.015060912027975618,-0.01461265684204538,-0.005090520020034343,-0.005180759678019541,-0.004761032671946197,-0.002212124713947443
0.00046801872074883,-0.09260744204819688,-0.01503021191588305,-0.015060345711439296,-0.014612108054536574,-0.005090325004393892,-0.005180568518907965,-0.00476085823416485,-0.0022120481977495055
0.0004700188007520301,-0.09259826145995649,-0.015028668540327438,-0.015058808431329026,-0.014610609136213055,-0.005089743160007703,-0.005180006953238288,-0.004760333359576387,-0.0022117992073022574
0.00047201888075523024,-0.09259465965619576,-0.015028092497668094,-0.015058233316312236,-0.01461005178420598,-0.005089544897485497,-0.005179812646622277,-0.0047601559978616625,-0.002211721330006249
0.0004740189607584304,-0.09258542603074717,-0.015026540329366702,-0.015056687272154742,-0.014608544334905708,-0.005088959818969388,-0.005179247945781691,-0.004759628210801541,-0.0022114709837944392
0.0004760190407616305,-0.09258177139886456,-0.015025955528647779,-0.015056103427655508,-0.014607978485571441,-0.0050887583351178385,-0.005179050516375404,-0.004759447948120671,-0.002211391756087743
0.00047801912076483064,-0.09257248515517186,-0.015024394637104277,-0.015054548688711172,-0.014606462572720963,-0.005088170048121411,-0.0051784827051720205,-0.004758917271643467,-0.00221114006483939
0.00048001920076803077,-0.09256877811571025,-0.015023801148091353,-0.015053956184250933,-0.014605888293740248,-0.005087965368686736,-0.005178282177877083,-0.004758734131137908,-0.002211059497490465
0.0004820192807712309,-0.09255943967588659,-0.015022231603331868,-0.015052392820300816,-0.014604363985273048,-0.005087373899052344,-0.005177711281305536,-0.004758200588471492,-0.002210806472014241
0.00048401936077443103,-0.0925556806525205,-0.015021629496310052,-0.01505179172591871,-0.014603781344830579,-0.005087166049972492,-0.0051775076812089794,-0.004758014593455023,-0.0022107245758717304
0.00048601944077763116,-0.09254629044179308,-0.015020051368877255,-0.01505021980725865,-0.014602248709181212,-0.0050865714237331,-0.005176933724448245,-0.004757478207998593,-0.0022104702270560324
0.0004880195207808313,-0.09254247986129335,-0.015019440714645324,-0.015049610193505696,-0.014601657775959991,-0.005086360431135507,-0.005176727076820476,-0.00475728938195535,-0.0022103870130478543
0.0004900196007840314,-0.09253303830796775,-0.015017854075592564,-0.015048029790940406,-0.014600116882058457,-0.005085762674512479,-0.0051761500852317895,-0.004756750177277494,-0.002210131351859903
0.0004920196807872315,-0.0925291766001659,-0.015017234945456955,-0.015047411728873493,-0.014599517725234046,-0.005085548564711909,-0.005175940415524368,-0.004756558543859994,-0.0022100468309923424
0.0004940197607904317,-0.09251968413558945,-0.015015639866342188,-0.015045822913710502,-0.014597968642499844,-0.005084947704112801,-0.005175360414649073,-0.00475601654369664,-0.002209789868477225
0.0004960198407936318,-0.09251577173334023,-0.015015012332110963,-0.01504519647488646,-0.014597361331734327,-0.005084730503609114,-0.00517514774849262,-0.004755822126723802,-0.0022097040518339784
0.000498019920796832,-0.09250622879186667,-0.015013408884990791,-0.015043599318930246,-0.014595804130070767,-0.005084126565625517,-0.005174564764050052,-0.004755277354976301,-0.002209445799113759
0.000500020000800032,-0.09250226613101313,-0.015012773018967614,-0.015042964575399689,-0.014595188735507145,-0.005083906301101377,-0.0051743491272520465,-0.004755080178431362,-0.002209358697855018
0.0005020200808032322,-0.09249267314996566,-0.015011161276391355,-0.015041359150945729,-0.01459362348529545,-0.005083299312506595,-0.0051737631851373565,-0.00475453265916446,-0.0022090991661278037
0.0005040201608064323,-0.0924886606693016,-0.015010517151369475,-0.015040716175247241,-0.014593000077551597,-0.005083076010825383,-0.005173544603680032,-0.00475433274719312,-0.0022090107914893224
0.0005060202408096325,-0.09247901808893574,-0.015008897186372808,-0.015039102555075621,-0.014591426849644904,-0.005082465998572205,-0.005172955729961977,-0.004753782504632876,-0.0022087499920282853
0.0005080203208128325,-0.09247495623016937,-0.015008244875628886,-0.015038451420229488,-0.014590795499807737,-0.005082239686775606,-0.005172734230000109,-0.004753579881541099,-0.0022086603553204322
0.0005100204008160327,-0.09246526449363665,-0.015006616761727848,-0.015036829677599036,-0.014589214365525082,-0.005081626677994053,-0.005172142450918898,-0.00475302694007292,-0.002208398299472884
0.0005120204808192328,-0.09246115370135333,-0.015005956339015886,-0.015036170457101138,-0.014588575145144526,-0.005081397383299874,-0.0051719180587776,-0.004752821630325028,-0.002208307412079695
0.0005140205608224329,-0.09245141325466383,-0.015004320150200827,-0.015034540665743362,-0.01458698617626521,-0.005080781405294971,-0.005171323400742716,-0.004752266014491603,-0.002208044111266151
0.0005160206408256331,-0.09244725397628879,-0.015003651689745816,-0.015033873433559051,-0.01458633915734812,-0.005080549155094808,-0.005171096142915228,-0.004752058042708117,-0.0022079519846443583
0.0005180207208288332,-0.09243746526827283,-0.015002007500474887,-0.015032235667671569,-0.01458474242610519,-0.005079930235344155,-0.005170498632503104,-0.00475149977720729,-0.002207687450357524
0.0005200208008320333,-0.09243325795403332,-0.015001331076966664,-0.015031560498229388,-0.014584087681109447,-0.005079695057201095,-0.0051702685356485745,-0.00475128916816292,-0.002207594096035606
0.0005220208808352334,-0.0924234214363057,-0.014999678962159863,-0.015029914832470096,-0.01458248326018403,-0.005079073223352701,-0.005169668199600502,-0.004750728277845744,-0.0022073283398395013
0.0005240209608384336,-0.09241916653919327,-0.014998994650746906,-0.015029231800655555,-0.014581820862012325,-0.005078835144999044,-0.005169435290541735,-0.004750515056467298,-0.002207233769416706
0.0005260210408416337,-0.09240928266611348,-0.01499733468577962,-0.01502757831013615,-0.01458020882452732,-0.005078210424868938,-0.005168832155761543,-0.004749951566335841,-0.002206966802945604
0.0005280211208448339,-0.0924049806418465,-0.014996642562062672,-0.01502688749128552,-0.014579538846521255,-0.0050779694742038445,-0.005168596461482778,-0.0047497357577001315,-0.0022068710280910018
0.0005300212008480339,-0.09239504987048203,-0.014994974822759381,-0.015025226251565226,-0.014577919266035222,-0.005077341895773734,-0.0051679905550345295,-0.00474916969290542,-0.0022066028630484975
0.0005320212808512341,-0.09239070117746695,-0.0149942749627851,-0.015024527721459192,-0.014577241781968911,-0.0050770981008608825,-0.0051677521026791875,-0.0047489513222371705,-0.002206505895499983
0.0005340213608544342,-0.09238072396755354,-0.014992599525413076,-0.01502285880853843,-0.01457561473246998,-0.005076467692275815,-0.00516714345178501,-0.004748382708077061,-0.002206236543658007
0.0005360214408576344,-0.09237632906684694,-0.01499189200566779,-0.0150221526433957,-0.014574929816544027,-0.005076221081341094,-0.005166902268653364,-0.004748161800746787,-0.0022061383952213178
0.0005380215208608345,-0.09236630588075131,-0.01499020894693059,-0.015020476133709739,-0.01457329537244363,-0.005075587870907096,-0.0051662909006911124,-0.004747590662663869,-0.0022058678684191402
0.0005400216008640346,-0.09236186523601993,-0.014989493844333516,-0.015019762410180517,-0.014572603099278698,-0.005075338472336094,-0.005166047014237986,-0.004747367244185689,-0.0022057685509668315
0.0005420216808672347,-0.09235179653870071,-0.014987803241364759,-0.015018078380593155,-0.014570961335405417,-0.005074702488517858,-0.005165432956738969,-0.004746793607765182,-0.0022054968611101024
0.0005440217608704349,-0.09234731061618462,-0.014987080633262083,-0.015017357175753022,-0.014570261780036283,-0.005074450330853683,-0.005165186394571543,-0.004746567703794788,-0.0022053963865806226
0.000546021840873635,-0.09233719687515274,-0.014985382563618711,-0.015015665703549915,-0.01456861277162941,-0.005073811602272082,-0.00516456967521818,-0.004745991594762306,-0.0022051235456403196
0.0005480219208768352,-0.0923326661436246,-0.014984652527776665,-0.01501493709489312,-0.014567906009498425,-0.005073556714212797,-0.0051643204650935635,-0.004745763231094729,-0.0022050219260369495
0.0005500220008800352,-0.09232250782890496,-0.014982947069432645,-0.015013238257775527,-0.014566249832201793,-0.005072915269642524,-0.005163701111717089,-0.004745184675314178,-0.0022047479460484097
0.0005520220808832353,-0.09231793275963152,-0.014982209684031243,-0.01501250232320862,-0.014565535939152713,-0.005072657680038864,-0.0051634492815400635,-0.00474495387788168,-0.0022046451934382982
0.0005540221608864355,-0.0923077303437232,-0.01498049691537104,-0.015010796199286802,-0.0145638726690084,-0.005072013548406064,-0.0051628273221182115,-0.004744372901353128,-0.002204370086500213
0.0005560222408896356,-0.09230311141042571,-0.014979752258997423,-0.015010053017122028,-0.014563151721279886,-0.005071753286258913,-0.005162572899938838,-0.004744139696222975,-0.0022042662130133165
0.0005580223208928358,-0.09229286536826219,-0.01497803225880918,-0.01500833968490863,-0.014561481434721685,-0.005071106496638674,-0.005161948362593466,-0.004743556325080377,-0.0022039899912867007
0.0005600224008960358,-0.0922882030470776,-0.014977280410451245,-0.015007589333857648,-0.014560753508941213,-0.005070843591096821,-0.005161691376604857,-0.0047433207384527725,-0.0022038850091148565
0.000562022480899236,-0.09227791385598756,-0.01497555325792057,-0.01500586887226127,-0.014559076282788361,-0.005070194172710815,-0.005161064289599589,-0.004742734998961867,-0.0022036076848220326
0.0005640225609024361,-0.09227320862542654,-0.014974794296959887,-0.015005111431428027,-0.014558341455965412,-0.00506992865306822,-0.005160804768135371,-0.004742497057167581,-0.0022035016062178243
0.0005660226409056363,-0.09226287676509348,-0.014973060071662981,-0.015003383919746585,-0.0145566573674161,-0.005069276635282233,-0.005160175159873295,-0.004741908975723686,-0.002203223191641414
0.0005680227209088364,-0.09225812910600201,-0.014972294077868565,-0.01500261946862115,-0.014555915716935913,-0.005069008530975829,-0.005159913131405328,-0.004741668705221947,-0.002203116028917213
0.0005700228009120366,-0.09224775505842474,-0.014970552859765647,-0.01500088498653522,-0.014554224843560951,-0.005068353943297304,-0.005159281030426564,-0.004741078308347726,-0.0022028365363991106
0.0005720228809152366,-0.09224296545394389,-0.014969779913287209,-0.01500011360498701,-0.01455347644717818,-0.005068083283904424,-0.005159016523562597,-0.004740835735724037,-0.0022027283019260633
0.0005740229609184368,-0.0922325497033957,-0.014968031782715836,-0.01499837223255319,-0.01455177886691435,-0.005067426155979993,-0.005158381958541915,-0.004740243050067284,-0.00220244774386638
0.0005760230409216369,-0.09222771863892049,-0.014967251964077022,-0.014997594000824234,-0.014551023802746301,-0.005067152971215912,-0.005158115002023153,-0.004739998202031183,-0.0022023384500733136
0.0005780231209248371,-0.09221726167190886,-0.014965497001745265,-0.014995845818468464,-0.014549319593890005,-0.0050664933328289025,-0.005157478001767606,-0.00473940325436261,-0.0022020568389293704
0.0005800232009280372,-0.09221238963504903,-0.01496471039183708,-0.014995060817166832,-0.014548557940410399,-0.005066217652544407,-0.005157208624466332,-0.004739156157745411,-0.0022019464983018206
0.0005820232809312373,-0.09220189194027435,-0.014962948678816906,-0.014993305905677486,-0.014546847181610869,-0.005065555533612347,-0.005156569217912762,-0.004738558974956353,-0.002201663846587063
0.0005840233609344374,-0.09219697942081188,-0.014962155358890604,-0.014992514215770449,-0.014546079017643002,-0.005065277387791146,-0.005156297448829867,-0.004738309656708922,-0.0022015524716661725
0.0005860234409376375,-0.09218644148912812,-0.014960386976611095,-0.01499075265629191,-0.01454436178789603,-0.005064612818363341,-0.005155655665042645,-0.004737710265809191,-0.002201268791949193
0.0005880235209408377,-0.09218148897897745,-0.014959587028271777,-0.01498995435909916,-0.014543587192606395,-0.0050643322371196,-0.005155381533305259,-0.004737458752999667,-0.002201156395330698
0.0005900236009440378,-0.0921709113033492,-0.014957812058512248,-0.014988186233124774,-0.014541863571247485,-0.005063665247374486,-0.005154737401473678,-0.004736857181115205,-0.002200871700234122
0.000592023680947238,-0.09216591929651624,-0.014957005563711791,-0.014987381410311678,-0.014541082624139058,-0.005063382260950362,-0.0051544609363327375,-0.004736603500926789,-0.00220075829456729
0.000594023760950438,-0.09215530237197964,-0.014955224088595037,-0.014985606799677151,-0.014539352690836947,-0.005062712881193113,-0.005153814485768717,-0.004735999775297459,-0.002200472596766752
0.0005960238409536382,-0.09215027136451956,-0.01495441112962541,-0.01498479553324791,-0.014538565471742626,-0.005062427519956124,-0.005153535716596484,-0.004735743955026098,-0.0022003581947533223
0.0005980239209568383,-0.09213961568813944,-0.014952623231610824,-0.01498301452012436,-0.014536829306492667,-0.00506175578061604,-0.0051528869767320466,-0.004735138103003376,-0.0022000715069764123
0.0006000240009600385,-0.09213454617811626,-0.014951803891097157,-0.01498219689241524,-0.014536035895568442,-0.005061468075056647,-0.005152605933019683,-0.004734880170055524,-0.0021999561213695484
0.0006020240809632385,-0.09212385224894547,-0.014950009652973884,-0.014980409559302335,-0.014534293578685816,-0.005060794006684671,-0.005151954933404537,-0.004734272219100252,-0.002199668456394729
0.0006040241609664387,-0.09211874473638995,-0.014949184013867517,-0.014979585652974692,-0.014533494056404356,-0.00506050398741364,-0.005151671644759662,-0.0047340122009905325,-0.0021995520999979383
0.0006060242409696388,-0.09210801305542732,-0.014947383518747486,-0.014977792082693729,-0.01453174566851734,-0.005059827620679752,-0.005151018415058692,-0.004733402178670573,-0.0021992634706534996
0.000608024320972839,-0.09210286804229607,-0.014946551664319225,-0.014976961980727333,-0.014530940115661055,-0.005059535318425676,-0.005150732911202892,-0.00473314010301956,-0.0021991461563195852
0.0006100244009760391,-0.09209209911244469,-0.014944744995630239,-0.014975162256414527,-0.014529185737704533,-0.005058856684116387,-0.005150077481193748,-0.004732528037007577,-0.0021988565754825686
0.0006120244809792393,-0.09208691710257746,-0.014943907009463232,-0.014974326042100285,-0.014528374235358923,-0.005058562129723052,-0.005149789791960076,-0.004732263931539403,-0.0021987383161125363
0.0006140245609824393,-0.09207611142860338,-0.014942094250942116,-0.014972520247199738,-0.014526613948567395,-0.005057881258738819,-0.005149132191530644,-0.004731649849610487,-0.00219844779670765
0.0006160246409856395,-0.092070892927682,-0.014941250216925087,-0.014971678004133113,-0.014525796578114442,-0.0050575844831627055,-0.00514884234686122,-0.004731383742150646,-0.002198328605249668
0.0006180247209888396,-0.09206005101617143,-0.014939431452610601,-0.014969866222389857,-0.014524030464015458,-0.00505690140651537,-0.00514818260600717,-0.004730767672180042,-0.002198037160248246
0.0006200248009920398,-0.09205479653167617,-0.014938581454930605,-0.014969018034463604,-0.014523207307126496,-0.005056602440823,-0.005147890635950569,-0.004730499590652938,-0.002197917049696509
0.0006220248809952399,-0.09204391889099361,-0.014936756769156406,-0.014967200349916509,-0.014521435447533633,-0.005055917189633123,-0.005147228784772779,-0.004729881560613667,-0.002197624692115373
0.0006240249609984399,-0.0920386289321622,-0.014935900892292015,-0.014966346301313958,-0.01452060658616281,-0.005055616064998515,-0.005146934719481597,-0.004729611533040378,-0.002197503675509076
0.0006260250410016401,-0.09202771607240857,-0.014934070369679838,-0.014964522798288958,-0.014518829063169137,-0.00505492867049293,-0.005146270788183761,-0.004728991571000995,-0.0021972104184095082
0.0006280251210048402,-0.09202239115019387,-0.014933208698394061,-0.014963662973476857,-0.014517994579546613,-0.005054625418195008,-0.0051459746579121165,-0.0047287196254969365,-0.0021970885088317357
0.0006300252010080404,-0.09201144358316297,-0.01493137242384648,-0.014961833736579801,-0.014516211475517665,-0.005053935911704104,-0.005145308676798152,-0.004728097759619122,-0.0021967943653183547
0.0006320252810112405,-0.09200608421019023,-0.014930505043179736,-0.014960968220301334,-0.014515371452142668,-0.005053630563124102,-0.00514501051189914,-0.004727823924391679,-0.0021966715758949926
0.0006340253610144406,-0.0919951024493273,-0.014928663101873182,-0.014959133334410957,-0.014513582849709591,-0.0050529389760792425,-0.0051443425113706824,-0.004727200182927935,-0.002196376559114686
0.0006360254410176407,-0.09198970913985118,-0.014927790097136198,-0.014958262211678732,-0.014512737369343625,-0.005052631562698058,-0.005144042342293874,-0.004726924486274147,-0.002196252903013352
0.0006380255210208409,-0.09197869370020978,-0.01492594257451389,-0.014956421761939625,-0.014510943351396464,-0.0050519379266290255,-0.005143372352847765,-0.004726298897565417,-0.002195957026154155
0.000640025601024041,-0.09197326697007167,-0.01492506403128059,-0.014955545118028475,-0.014510092497056348,-0.005051628480024614,-0.005143070210136628,-0.00472602136786956,-0.0021958325165830675
0.0006420256810272412,-0.09196221836827106,-0.014923211013045445,-0.014953699189844094,-0.014508293146737091,-0.005050932826556921,-0.00514239826236238,-0.004725393960342935,-0.00219553579287312
0.0006440257610304412,-0.09195675873485631,-0.014922327017145793,-0.014952817110284074,-0.014507437001688016,-0.005050621378401644,-0.005142094176651776,-0.0047251146260742245,-0.002195410443080004
0.0006460258410336414,-0.09194567748903787,-0.014920468589253217,-0.014950965789309417,-0.014505632402383555,-0.00504992373925391,-0.005141420301229004,-0.004724485428240485,-0.00219511288578639
0.0006480259210368415,-0.09194018547123414,-0.014919579226766393,-0.014950078359878896,-0.014504771050132554,-0.005049610321312041,-0.005141114303242703,-0.004724204317950751,-0.0021949867090574355
0.0006500260010400417,-0.0919290721010192,-0.014917715475417223,-0.014948221732013616,-0.01450296128546789,-0.005048910728293388,-0.005140438530938591,-0.004723573358402085,-0.0021946883314851186
0.0006520260810432418,-0.09192354821917093,-0.014916820832664036,-0.014947329038731789,-0.014502094809756345,-0.005048595372418273,-0.005140130651486581,-0.004723290500723271,-0.002194561341143793
0.000654026161046442,-0.0919124032456173,-0.014914951844297404,-0.01494546719011299,-0.014500279963587727,-0.005047893857425673,-0.005139453013153358,-0.004722657808130858,-0.0021942621566345025
0.000656026241049642,-0.09190684802148448,-0.014914052007833406,-0.014944569319233008,-0.014499408448384803,-0.005047576595557215,-0.005139143283129434,-0.004722373231772776,-0.002194134366040512
0.0006580263210528422,-0.09189567196704324,-0.014912177869119544,-0.014942702336228072,-0.0144975886047926,-0.0050468731905728625,-0.005138463809701758,-0.0047217388348844164,-0.0021938343879716366
0.0006600264010560423,-0.09189008592375712,-0.014911272925727834,-0.01494179937422972,-0.014496712134288154,-0.005046554054734845,-0.005138152260080843,-0.004721452568632295,-0.0021937058105197783
0.0006620264810592424,-0.0918788793122293,-0.01490939372356081,-0.014939927343429204,-0.014494887377569966,-0.005045848791823449,-0.0051374709825733065,-0.004720816496270048,-0.002193405052303257
0.0006640265610624426,-0.09187326297425004,-0.014908483760244779,-0.014939019377011977,-0.014494006036167628,-0.00504552781412088,-0.005137157644408983,-0.004720528568982145,-0.0021932757014223336
0.0006660266410656426,-0.09186202633074295,-0.014906599581735428,-0.014937142385222285,-0.01449217645083127,-0.005044820725427048,-0.00513647459391345,-0.00471989085003989,-0.0021929741765035343
0.0006680267210688428,-0.09185638022381425,-0.014905684685711422,-0.014936229501297872,-0.014491290323141271,-0.005044497938043456,-0.005136159498335264,-0.004719601290645104,-0.002192844065655201
0.0006700268010720429,-0.09184511407469889,-0.014903795618180072,-0.014934347635534305,-0.014489455993897827,-0.0050437890557890165,-0.005135474706018404,-0.004718961954086201,-0.0021925417875118267
0.0006720268810752431,-0.09183943872580753,-0.014902875876870584,-0.014933429921219708,-0.01448856516473037,-0.005043464490983893,-0.005135157884229435,-0.00471867079158174,-0.002192410930189556
0.0006740269610784432,-0.09182814359867333,-0.014900982007839743,-0.014931543268699067,-0.014486726176487089,-0.00504275384746523,-0.0051344713813300195,-0.004718029866436567,-0.0021921079123305045
0.0006760270410816433,-0.09182243953600165,-0.014900057508865583,-0.014930620811309081,-0.014485830730844784,-0.005042427537571186,-0.005134152864604146,-0.004717737129885432,-0.002191976322058353
0.0006780271210848434,-0.09181111595961487,-0.014898158926052844,-0.014928729459442505,-0.01448398716869817,-0.0050417151651565685,-0.005133464682430573,-0.004717094645249051,-0.0021916725780226215
0.0006800272010880436,-0.09180538371250134,-0.014897229757226545,-0.014927802346482905,-0.014483087191769616,-0.005041387142576855,-0.005133144502110052,-0.004716800363777775,-0.0021915402683542347
0.0006820272810912437,-0.09179403221675991,-0.014895326548537195,-0.014925906382868673,-0.014481239140998274,-0.005040673073703767,-0.005132454672037702,-0.004716156348807484,-0.002191235811709798
0.0006840273610944439,-0.091788272315651,-0.014894392797855066,-0.014924974702028453,-0.01448033471815041,-0.0050403433709094074,-0.005132132859530386,-0.004715860551603532,-0.00219110279622718
0.000686027441097644,-0.09177689343154122,-0.014892485051375004,-0.014923074214444767,-0.014478482264208139,-0.005039627638081829,-0.005131441412999019,-0.004715215035516499,-0.0021907976405698354
0.0006880275211008441,-0.09177110640795097,-0.014891546807010393,-0.014922138053589266,-0.014477573480979578,-0.005039296287609058,-0.005131117999775899,-0.00471491775182602,-0.0021906639328823116
0.0006900276011040442,-0.09175970066750248,-0.014889634610998494,-0.014920233129986749,-0.014475716709488006,-0.005038578923394772,-0.005130424968287065,-0.004714270763896739,-0.0021903580918345733
0.0006920276811072444,-0.09175388705396757,-0.014888691961294323,-0.014919292577150401,-0.014474803651581967,-0.005038245957842344,-0.00513009998587963,-0.0047139720230221045,-0.0021902237055776114
0.0006940277611104445,-0.09174245499021233,-0.014886775404175654,-0.014917383305645333,-0.014472942648323966,-0.005037526994870348,-0.005129405400994115,-0.0047133235925801735,-0.0021899171927876413
0.0006960278411136445,-0.09173661532024656,-0.014885828437636955,-0.01491643844902403,-0.014472025401600844,-0.005037192446896717,-0.005129078880991706,-0.004713023423877492,-0.0021897821416217316
0.0006980279211168447,-0.09172515746717119,-0.014883907607994969,-0.014914524917890524,-0.014470160252512975,-0.00503647191785438,-0.005128382774326827,-0.004712373580305027,-0.0021894749707621125
0.0007000280011200448,-0.09171929227522413,-0.014882956413281963,-0.014913575845834883,-0.014469238902983794,-0.005036135820175178,-0.005128054748374144,-0.00471207201318183,-0.00218933926837168
0.000702028081123245,-0.09170780916772846,-0.014881031399851518,-0.014911658143497878,-0.014467369694149426,-0.005035413757805632,-0.005127357151601211,-0.004711420785911101,-0.002189031453138352
0.0007040281611264451,-0.09170191898913914,-0.014880076065771844,-0.01491070494450548,-0.014466444327968236,-0.005035076143190836,-0.0051270276513955505,-0.004711117849823813,-0.002188895113230573
0.0007060282411296453,-0.09169041116299023,-0.014878146957431601,-0.014908783159533331,-0.014464571145610353,-0.005034352580290214,-0.0051263285962372005,-0.004710465268334777,-0.0021885866673416656
0.0007080283211328453,-0.09168449653394385,-0.014877187572933366,-0.014907825922241678,-0.01446364184906743,-0.005034013481561503,-0.005125997653525929,-0.0047101609927863485,-0.002188449703645369
0.0007100284011360455,-0.09167296452573426,-0.014875254458698911,-0.014905900143339134,-0.01446176477954175,-0.005033288450976333,-0.005125297171753619,-0.004709507086604323,-0.002188140640840127
0.0007120284811392456,-0.09166702598321741,-0.01487429111286293,-0.014904938956518012,-0.014460831639056211,-0.005032947901004309,-0.005124964818331502,-0.004709201501141733,-0.0021880030671046356
0.0007140285611424458,-0.0916554703303183,-0.014872354081878965,-0.014903009272518588,-0.014458950768843811,-0.005032221435628711,-0.005124262941762757,-0.004708546299834846,-0.002187693401142227
0.0007160286411456459,-0.09164950841207707,-0.01487138686391218,-0.014902044225063464,-0.014458013870956982,-0.0050318794673303606,-0.005123929209469494,-0.004708239434046806,-0.0021875552311362984
0.000718028721148846,-0.09163792965259579,-0.014869446005445404,-0.014900110724922174,-0.014456129286657246,-0.005031151600103355,-0.005123225969965358,-0.004707582967223621,-0.0021872449757947073
0.0007200288011520461,-0.09163194489708784,-0.014868475004672704,-0.014899141905846083,-0.014455188718025053,-0.005030808246439154,-0.0051228908906827565,-0.004707274850737978,-0.0021871062233053055
0.0007220288811552463,-0.09162034356982279,-0.014866530408104546,-0.014897204678632326,-0.014453300506348726,-0.005030079010342016,-0.00512218632014519,-0.004706617148045053,-0.002186795392380207
0.0007240289611584464,-0.09161433651617575,-0.014865555713961762,-0.014896232177058946,-0.014452356353734668,-0.005029734304313242,-0.0051218499257946045,-0.0047063078105264115,-0.002186656071211405
0.0007260290411616466,-0.0916027131605723,-0.014863607468780828,-0.014894291311948894,-0.014450464601496368,-0.005029003732366671,-0.005121144056163772,-0.004705648901645812,-0.0021863446785150066
0.0007280291211648466,-0.09159668434853747,-0.014862629170807367,-0.014893315217105053,-0.014449516951764422,-0.005028657707012748,-0.005120806378703506,-0.004705338372793081,-0.002186204802486833
0.0007300292011680468,-0.09158503950464329,-0.014860677366602118,-0.014891370803374536,-0.0144476217458758,-0.005027925832274236,-0.0051200992419552244,-0.004704678287440001,-0.002185892861846747
0.0007320292811712469,-0.09157898947455363,-0.014859695554433786,-0.014890391204583138,-0.014446670685983409,-0.005027578520670028,-0.00511976031337793,-0.004704366596983998,-0.002185752444794117
0.000734029361174447,-0.09156732368297439,-0.014857740280885238,-0.01488844333160012,-0.014444772113445815,-0.005026845376231075,-0.005119051941520985,-0.00470370536490425,-0.0021854399700522256
0.0007360294411776472,-0.0915612529756983,-0.014856755044246552,-0.014887460318272587,-0.014443817730436643,-0.005026496811484135,-0.00511871179385101,-0.004703392542605251,-0.0021852990258237285
0.0007380295211808472,-0.09154956677755417,-0.014854796391121,-0.01488550907549005,-0.0144419158783342,-0.005025762430467638,-0.005118002218924604,-0.004702730193572902,-0.002184986030835052
0.0007400296011840474,-0.0915434759344521,-0.014853807819818137,-0.014884522737119033,-0.014440958259330974,-0.005025412645715497,-0.005117660884215344,-0.004702416269218157,-0.0021848445732918615
0.0007420296811872475,-0.0915317698713321,-0.014851845876959624,-0.014882568214067492,-0.014439053214823225,-0.005024677061272927,-0.005116950138286414,-0.004701752833033044,-0.0021845310719234247
0.0007440297611904477,-0.09152565943421105,-0.014850854060872656,-0.014881578640219491,-0.014438092447020552,-0.005024326089680323,-0.005116607648617669,-0.004701437836434354,-0.0021843891149381225
0.0007460298411936478,-0.09151393404812946,-0.01484888891819571,-0.01487962092649961,-0.014436184297335399,-0.005023589334989031,-0.005115895763778251,-0.00470077334291961,-0.0021840751210677957
0.000748029921196848,-0.09150780455919895,-0.014847893947271583,-0.01487862820680762,-0.01443522046799261,-0.005023237209745229,-0.0051155521512536,-0.004700457303910816,-0.0021839326785232497
0.000750030001200048,-0.09149606039254957,-0.014845925694753556,-0.014876667392082902,-0.014433309300418987,-0.005022499318005708,-0.005114839159618135,-0.0046997917829104206,-0.002183618206038609
0.0007520300812032482,-0.0914899123943777,-0.014844927658998544,-0.01487567161623917,-0.014432342496853023,-0.005022146072321797,-0.0051144944563623436,-0.004699474731345086,-0.002183475291826843
0.0007540301612064483,-0.09147814998989123,-0.014842956386672686,-0.014873707790228645,-0.014430428398734083,-0.005021407076755006,-0.005113780390065204,-0.0046988082127215,-0.0021831603546240675
0.0007560302412096485,-0.09147198402535955,-0.014841955376145077,-0.014872709047977196,-0.014429458708312345,-0.005021052743861125,-0.005113434628221529,-0.004698490178470321,-0.0021830169826451084
0.0007580303212128486,-0.09146020392605812,-0.014839981174092952,-0.014870742300448126,-0.014427541767038051,-0.005020312677705765,-0.005112719519414292,-0.004697822692101989,-0.002182701594627812
0.0007600304012160487,-0.09145402053831794,-0.01483897727889557,-0.014869740681577495,-0.014426569277171307,-0.005019957290848422,-0.005112372731141903,-0.004697503705050501,-0.002182557778788563
0.0007620304812192488,-0.091442223287471,-0.014837000237239656,-0.014867771102337965,-0.014424649580171398,-0.005019216187358161,-0.005111656611990682,-0.004696835280829371,-0.002182241953866664
0.000764030561222449,-0.0914360230198988,-0.014835993547512744,-0.014866766696673835,-0.014423674378306467,-0.005018859779797527,-0.005111308829462038,-0.004696515370875385,-0.0021820977080797984
0.0007660306412256491,-0.09142420916097761,-0.014834013756409036,-0.014864794375565336,-0.014421752013043144,-0.005018117672238307,-0.0051105917321449335,-0.004695846038704531,-0.0021817814601683694
0.0007680307212288493,-0.09141799255712946,-0.014833004362322596,-0.014863787272963207,-0.014420774186655947,-0.005017760277245444,-0.005110242987543075,-0.004695525235755723,-0.0021816367983510995
0.0007700308012320493,-0.09140616263376476,-0.014831021911953292,-0.0148618122998533,-0.014418849240616888,-0.005017017198892767,-0.005109524944247482,-0.0046948550255468255,-0.002181320141369274
0.0007720308812352494,-0.0913999302373327,-0.014830009903699823,-0.014860802590191059,-0.014417868877205081,-0.005016658849746906,-0.005109175269763463,-0.004694533359518278,-0.002181175077442289
0.0007740309612384496,-0.09138808479326783,-0.01482802488426583,-0.014858825054966036,-0.014415941437896145,-0.00501591483388304,-0.005108456312683396,-0.0046938623011891735,-0.0021808580253120475
0.0007760310412416497,-0.09138183714803617,-0.014827010352053013,-0.014857812828136691,-0.014414958624972076,-0.0050155555638688966,-0.005108105740513661,-0.004693539802000973,-0.002180712573198368
0.0007780311212448499,-0.09136997672708398,-0.014825022853766783,-0.014855832820694371,-0.014413028779910344,-0.0050148106437803,-0.005107385901847237,-0.0046928679254733315,-0.002180395139843444
0.00078003120124805,-0.09136371437688397,-0.014824005887809976,-0.014854818166598664,-0.014412043604993863,-0.005014450486185318,-0.005107034464190911,-0.0046925446230480445,-0.002180249313467266
0.0007820312812512501,-0.09135183952288303,-0.014822016000888161,-0.01485283577684105,-0.014410111441700327,-0.005013704695159813,-0.005106313776137715,-0.004691871958244847,-0.0021799315128120385
0.0007840313612544502,-0.09134556301154896,-0.014820996691403198,-0.014851818785380198,-0.014409123992311928,-0.005013343683271511,-0.005105961505194099,-0.0046915478825052094,-0.002179785326097624
0.0007860314412576504,-0.09133367426831845,-0.014819004506059042,-0.014849834103205955,-0.014407189598304549,-0.0050125970545956385,-0.0051052399999524664,-0.004690874459348277,-0.0021794671720659483
0.0007880315212608505,-0.09132738413964285,-0.014817982943254936,-0.01484881486427431,-0.014406199961957735,-0.005012235221698841,-0.005104886927918318,-0.004690549640214603,-0.0021793206389364526
0.0007900316012640507,-0.09131548205093812,-0.014815988549691081,-0.014846827979571589,-0.01440426342474406,-0.005011487788655024,-0.005104164637682769,-0.004689875488622182,-0.002179002145450505
0.0007920316812672507,-0.09130917884862837,-0.014814964823762357,-0.014845806583049227,-0.01440327168893867,-0.005011125168029177,-0.005103810796749725,-0.004689549956010091,-0.0021788552798268747
0.0007940317612704509,-0.09129726395809609,-0.014812968312163534,-0.014843817585688162,-0.014401333096008809,-0.005010376963893117,-0.005103087753708304,-0.004688875105894429,-0.0021785364608060552
0.000796031841273651,-0.09129094822572852,-0.014811942513283029,-0.01484279412143358,-0.014400339348223523,-0.005010013588809494,-0.005102733176060172,-0.004688548889712172,-0.0021783892766058547
0.0007980319212768512,-0.09127902107686436,-0.014809943973808597,-0.0148408031012592,-0.014398398787043085,-0.005009264646847445,-0.005102009412391886,-0.004687873370977077,-0.0021780701459656543
0.0008000320012800513,-0.091272693357841,-0.014808916192120368,-0.014839777659102124,-0.01439740311472863,-0.005008900550566548,-0.005101654130202154,-0.004687546501123356,-0.0021779226571019684
0.0008020320812832514,-0.09126075449394308,-0.014806915714896887,-0.014837784705926923,-0.014395460672731402,-0.005008150904032533,-0.005100929678074269,-0.00468687034366171,-0.0021776032287527817
0.0008040321612864515,-0.09125441533144842,-0.014805886040508542,-0.01483675737566078,-0.014394463163303133,-0.005007786119801319,-0.005100573723503397,-0.004686542850023089,-0.002177455449133084
0.0008060322412896516,-0.09124246529557557,-0.014803883715622926,-0.014834762579257525,-0.014392518927884538,-0.005007035801934604,-0.005099848615068955,-0.004685866083714594,-0.002177135736979169
0.0008080323212928518,-0.09123611523253078,-0.014802852238598492,-0.014833733450632464,-0.014391519668715562,-0.005006670362983858,-0.005099492020261814,-0.004685537996163143,-0.0021769876805041873
0.0008100324012960519,-0.09122415456745624,-0.01480084815609017,-0.014831736900726707,-0.014389573727224785,-0.0050059194070060185,-0.005098766287656878,-0.004684860650871635,-0.002176667698442456
0.000812032481299252,-0.09121779414647688,-0.014799814966442847,-0.014830706063442176,-0.014388572805638995,-0.005005553346547562,-0.005098409084740171,-0.004684531999262527,-0.002176519379005042
0.0008140325613024521,-0.09120582339464609,-0.014797809216296769,-0.014828707849705242,-0.014386625245372459,-0.00500480178565999,-0.005097682760081318,-0.004683854104833763,-0.0021761991409239845
0.0008160326413056523,-0.09119945315799537,-0.014796774403981252,-0.014827675393402379,-0.01438562274863697,-0.005004435136883998,-0.005097324981160808,-0.004683524919002677,-0.002176050572407951
0.0008180327213088524,-0.09118747286148031,-0.014794767076120334,-0.014825675605443834,-0.014383673656831006,-0.005003683004265052,-0.005096598096542443,-0.004682846505261809,-0.0021757300921864692
0.0008200328013120526,-0.0911810933510278,-0.014793730731025946,-0.014824641619698693,-0.014382669672149457,-0.005003315800337406,-0.005096239773700509,-0.004682516815022699,-0.00217558128846551
0.0008220328813152526,-0.09116910405148365,-0.01479172191530392,-0.014822640347059091,-0.014380719135973163,-0.005002563129139781,-0.00509551236119231,-0.004681837911771861,-0.002175260579971802
0.0008240329613184528,-0.09116271580866009,-0.014790684127247107,-0.014821604921375141,-0.014379713750478614,-0.005002195403199362,-0.005095153526485314,-0.004681507746914496,-0.002175111554908367
0.0008260330413216529,-0.09115071804728214,-0.014788673913441304,-0.014819602253519009,-0.014377761857027134,-0.005001442226547438,-0.0050944256181296495,-0.004680828383930425,-0.0021747906319988268
0.0008280331213248531,-0.09114432161303575,-0.014787634772158437,-0.014818565477319929,-0.014376755157774859,-0.005001074011703419,-0.005094066303585295,-0.004680497774217916,-0.0021746413994429723
0.0008300332013280532,-0.09113231593051463,-0.014785623249962434,-0.014816561503628332,-0.01437480199406198,-0.00500032036269054,-0.005093337931394587,-0.004679817981249547,-0.002174320275961055
0.0008320332813312534,-0.09112591184526765,-0.014784582845102494,-0.01481552346625074,-0.01437379406802252,-0.00499995169201974,-0.005092978169009363,-0.0046794869564159855,-0.002174170849749332
0.0008340333613344534,-0.09111389878174651,-0.014782570104118991,-0.01481351827601418,-0.014371839720973879,-0.0049991976037055425,-0.005092249364963567,-0.004678806763182006,-0.0021738495395244297
0.0008360334413376536,-0.09110748758535124,-0.014781528525236348,-0.014812479066700471,-0.014370830655026118,-0.004998828510249731,-0.005091889186700177,-0.004678475352930081,-0.0021736999334787885
0.0008380335213408537,-0.09109546768038086,-0.014779514654969647,-0.014810472749111434,-0.014368875211471963,-0.004998074015657431,-0.005091159982744074,-0.004677794789116529,-0.0021733784503250985
0.0008400336013440539,-0.09108904991207739,-0.014778471991517108,-0.01480943245700282,-0.014367865092396091,-0.004997704532420763,-0.005090799420528883,-0.004677463023115131,-0.002173228678251759
0.000842033681347254,-0.0910770237045739,-0.01477645708136616,-0.014807425101148864,-0.01436590863906449,-0.004996949664534592,-0.005090069848569633,-0.004676782118373047,-0.0021729070359672122
0.000844033761350454,-0.09107059990294297,-0.014775413422686989,-0.014806383815277368,-0.01436489755353457,-0.004996579824480637,-0.0050897089342898955,-0.004676450026254721,-0.0021727571116555034
0.0008460338413536542,-0.09105856793114343,-0.014773397561938064,-0.014804375510133751,-0.014362940177044226,-0.004995824616243075,-0.0050889790261943735,-0.004675768810197699,-0.0021724353240205976
0.0008480339213568543,-0.091052138634067,-0.014772352997259543,-0.014803333319415893,-0.014361928211621737,-0.0049954544522924785,-0.005088617791695896,-0.004675436421556454,-0.002172285261241907
0.0008500340013600545,-0.09104010143548567,-0.014770336275078911,-0.014801324153838362,-0.014359969998474999,-0.0049946989366015816,-0.00508788757928811,-0.0046747549237582476,-0.0021719633420186095
0.0008520340813632546,-0.09103366718010118,-0.01476929089350476,-0.014800281147067574,-0.014358957239601663,-0.004994328481629271,-0.005087526056372578,-0.004674422268147063,-0.0021718131545252492
0.0008540341613664547,-0.09102162529148893,-0.014767273398932015,-0.014798271209785606,-0.014356998276177944,-0.004993572691336217,-0.00508679557143127,-0.00467374051813933,-0.0021714911174559605
0.0008560342413696548,-0.09101518661414755,-0.014766227289435418,-0.014797227475625228,-0.014355984810168754,-0.0049932019781688,-0.005086433791853715,-0.0046734076250678205,-0.002171340818980065
0.000858034321372855,-0.09100314057144511,-0.014764209111375525,-0.01479521685523427,-0.014354025182716987,-0.004992445946074953,-0.005085703066109577,-0.00467272565233755,-0.0021710186777863863
0.0008600344013760551,-0.09099669800766728,-0.014763162362791871,-0.014794172482210335,-0.014353011095753326,-0.004992075007488031,-0.005085341061575778,-0.004672392551269561,-0.0021708682820387975
0.0008620344813792553,-0.09098464834596452,-0.014761143590008725,-0.014792161267165172,-0.01435105089038549,-0.004991318766342563,-0.005084610126709062,-0.004671710385256865,-0.002170546050420538
0.0008640345613824553,-0.09097820243039835,-0.014760096291028467,-0.01479111634365941,-0.014350036268508117,-0.004990947635058112,-0.005084247928873063,-0.004671377105608142,-0.0021703955710897266
0.0008660346413856555,-0.09096614968388962,-0.014758077012137289,-0.014789104622266793,-0.014348075571192036,-0.0049901912175551585,-0.0050835168165109185,-0.0046706947757037655,-0.002170073262723721
0.0008680347213888556,-0.09095970095026615,-0.014757029251298787,-0.014788059236509263,-0.014347060500294188,-0.00498981992623891,-0.005083154456972405,-0.004670361346839528,-0.0021699227134746547
0.0008700348013920558,-0.09094764565220899,-0.014755009554759278,-0.014786047096920954,-0.014345099396846816,-0.004989063365015078,-0.005082423198686456,-0.004669678882382568,-0.002169600342013715
0.0008720348813952559,-0.09094119463330029,-0.014753961420441605,-0.01478500133698309,-0.014344083962667273,-0.004988691946273826,-0.005082060708988261,-0.0046693453336151694,-0.0021694497364867426
0.0008740349613984561,-0.09092913731597176,-0.014751941394550779,-0.014782988867188748,-0.014342122538747731,-0.004987935273905568,-0.005081329336291975,-0.004668662763890726,-0.0021691273155585666
0.0008760350414016561,-0.09092268454354949,-0.014750892974967067,-0.014781942820976762,-0.014341106826864243,-0.004987563760284724,-0.005080966747917621,-0.004668329124477408,-0.0021689766673684426
0.0008780351214048562,-0.09091062573820324,-0.014748872707852065,-0.014779930108796751,-0.014339145167966813,-0.00498680700928562,-0.005080235292263806,-0.004667646478714155,-0.002168654210574461
0.0008800352014080564,-0.0909041717429939,-0.014747824091041941,-0.014778883864043812,-0.014338129263788886,-0.004986435433266419,-0.005079872636634851,-0.004667312777854531,-0.0021685035333090974
0.0008820352814112565,-0.09089211197981867,-0.01474580367065314,-0.014776870997122497,-0.014336167455236517,-0.004985678636084712,-0.005079141129413207,-0.004666630085222485,-0.002168181054223471
0.0008840353614144567,-0.09088565729146172,-0.014744754944475916,-0.014775824641382121,-0.014335151443998601,-0.004985307030081676,-0.005078778437886775,-0.004666296352056304,-0.0021680303614429407
0.0008860354414176567,-0.09087359709953863,-0.01474273445857979,-0.014773811707180595,-0.014333189570935788,-0.004984550219097605,-0.005078046910421309,-0.004665613641664416,-0.002167707873611398
0.0008880355214208569,-0.09086714224654528,-0.014741685710707372,-0.014772765327819648,-0.014332173537690682,-0.004984178615455967,-0.005077684214287632,-0.00466527990526925,-0.002167557178846847
0.000890035601424057,-0.0908550821538047,-0.014739665246879625,-0.014770752413608885,-0.014330211685076834,-0.0049834218229791545,-0.005076952697834163,-0.004664597206163106,-0.0021672346957856683
0.0008920356814272572,-0.0908486276635145,-0.014738616564789541,-0.014769706097800605,-0.01432919571468874,-0.004983050253972304,-0.005076590028314052,-0.004664263495551972,-0.0021670840125382032
0.0008940357614304573,-0.09083656819669472,-0.014736596210407878,-0.014767693290654287,-0.014327233967291242,-0.00498229351223919,-0.005075858554057749,-0.004663580836711447,-0.002166761547733081
0.0008960358414336574,-0.09083011459523425,-0.014735547681376339,-0.014766647125371271,-0.014326218144429075,-0.0049819220100660476,-0.005075495942300081,-0.004663247180830512,-0.0021666108894727175
0.0008980359214368575,-0.0908180562798391,-0.0147335275236136,-0.014764634512159067,-0.014324256586816547,-0.00498116535123736,-0.005074764541352901,-0.0046625645911674745,-0.002166288456377705
0.0009000360014400577,-0.0908116040920789,-0.014732479234708424,-0.014763588584166211,-0.014323240995947027,-0.004980793948019755,-0.005074402018432135,-0.004662231018893725,-0.0021661378365422737
0.0009020360814432578,-0.0907995474523357,-0.014730459360525673,-0.014761576251546697,-0.014321279712482694,-0.00498003740417786,-0.005073670721830424,-0.004661548527249741,-0.0021658154485787134
0.000904036161446458,-0.0907930972018504,-0.014729411398599531,-0.014760530647394642,-0.014320264437863902,-0.004979666131958122,-0.005073308318744186,-0.004661215067388763,-0.0021656648805728164
0.000906036241449658,-0.09078104276066949,-0.014727391894739213,-0.014758518681808554,-0.014318303512698817,-0.004978909735104572,-0.005072577157446177,-0.004660532702532788,-0.002165342551128282
0.0009080363214528582,-0.09077459496969394,-0.014726344346422489,-0.014757473487826373,-0.014317288638373194,-0.004978538625842822,-0.005072214905112703,-0.00466019938381636,-0.0021651920483222007
0.0009100364014560583,-0.0907625432486257,-0.014724325299401358,-0.014755461975489667,-0.014315328155439629,-0.0049777824078957485,-0.0050714839099960845,-0.004659517174442482,-0.0021648697907494206
0.0009120364814592585,-0.0907560984380154,-0.01472327825109549,-0.014754417277778441,-0.014314313765227514,-0.0049774114934674875,-0.005071121839251859,-0.004659184025526401,-0.0021647193664780687
0.0009140365614624586,-0.09074404995720943,-0.014721259747197879,-0.014752406304675397,-0.014312353808232198,-0.004976655486259093,-0.005070391041111264,-0.004658502000251519,-0.0021643971940938783
0.0009160366414656586,-0.09073760864639771,-0.01472021328506831,-0.014751362189100949,-0.014311339985724965,-0.004976284798452551,-0.005070029182708471,-0.00465816904971321,-0.0021642468616557254
0.0009180367214688588,-0.09072556392456074,-0.014718195410339084,-0.014749351840977278,-0.014309380638142305,-0.004975529033726476,-0.0050692986122530285,-0.004657487237074751,-0.002163924787739966
0.0009200368014720589,-0.09071912663151789,-0.014717149620308454,-0.014748308393163543,-0.014308367466695835,-0.0049751586042401374,-0.005068936996857138,-0.004657154513411067,-0.002163774560395977
0.0009220368814752591,-0.09070708618587413,-0.014715132460546421,-0.014746298755519891,-0.014306408811761637,-0.004974403113649106,-0.005068206684708126,-0.00465647294186476,-0.0021634525981904977
0.0009240369614784592,-0.09070065342706728,-0.014714087428287954,-0.014745256060842217,-0.014305396374489831,-0.004974032974089237,-0.005067845342895547,-0.004656140473489747,-0.0021633024891631217
0.0009260370414816594,-0.09068861777331615,-0.014712071069038908,-0.014743247218926994,-0.01430343849519435,-0.004973277789192427,-0.005067115319583853,-0.004655459171407349,-0.0021629806518706934
0.0009280371214848594,-0.09068219006366796,-0.014711026879969447,-0.014742205362505494,-0.014302426874962517,-0.004972907971070557,-0.005066754281839456,-0.004655126986649979,-0.002162830674342802
0.0009300372014880596,-0.09067015971594419,-0.014709011406519585,-0.01474019740130842,-0.014300469854044245,-0.004972153123331171,-0.005066024577803252,-0.004654445982317073,-0.0021625089751261006
0.0009320372814912597,-0.0906637375687912,-0.01470796814579285,-0.014739156468000827,-0.014299459133462282,-0.004971783658061551,-0.005065663874517915,-0.00465411410941895,-0.002162359142239916
0.0009340373614944599,-0.09065171303962402,-0.014705953643161825,-0.0147371494722462,-0.014297503053401155,-0.0049710291788442945,-0.005064934520100241,-0.004653433431032657,-0.002162037594220472
0.00093603744149766,-0.09064529696667675,-0.014704911395661668,-0.014736109546641438,-0.014296493314817285,-0.004970660097741411,-0.005064574181568463,-0.004653101898145811,-0.0021618879190765383
0.0009380375215008601,-0.09063327876694877,-0.014702897948595937,-0.014734103600781243,-0.014294538257828216,-0.004969906018310006,-0.005063845207014769,-0.004652421573812557,-0.0021615665353336877
0.0009400376015040602,-0.09062686927825224,-0.01470185679892982,-0.014733064767192825,-0.014293529583322475,-0.004969537352586198,-0.005063485263432361,-0.004652090408997287,-0.002161417030989868
0.0009420376815072604,-0.0906148579171599,-0.014699844491896024,-0.014731059955400283,-0.014291575631348934,-0.004968783704100935,-0.005062756698888154,-0.004651410466730619,-0.0021610958245597226
0.0009440377615104605,-0.09060845552105239,-0.014698804524388145,-0.01473002229785947,-0.014290568102726652,-0.004968415484863874,-0.005062397180349791,-0.004651079697953205,-0.0021609465040301474
0.0009460378415136607,-0.09059645150606534,-0.014696793441566413,-0.014728018704022284,-0.014288615337434134,-0.00496766229837913,-0.005061669055858267,-0.004650400165671575,-0.0021606254879045815
0.0009480379215168607,-0.09059005670913808,-0.01469575474025112,-0.01472698230627159,-0.014287609036219426,-0.004967294556629311,-0.00506130999235511,-0.004650069820802083,-0.002160476364158613
0.0009500380015200609,-0.09057806054596013,-0.014693744965528506,-0.014724980013985466,-0.014285657538989213,-0.004966541863091192,-0.005060582337854849,-0.004649390726326703,-0.0021601555512842517
0.000952038081523261,-0.09057167385301881,-0.01469270761414385,-0.014723944959472064,-0.014284652546418706,-0.00496617462971962,-0.005060223759272202,-0.0046490608331368425,-0.0021600066372454907
0.0009540381615264611,-0.09055968604554672,-0.014690699231107525,-0.014721944052033961,-0.014282702398341118,-0.00496542245996337,-0.005059496604594674,-0.004648382204189343,-0.002159686040522645
0.0009560382415296613,-0.0905533079595708,-0.014689663313088517,-0.014720910423903149,-0.014281698795357527,-0.004965055765749059,-0.005059138540709669,-0.004648052790350253,-0.0021595373490679013
0.0009580383215328613,-0.09054132900985716,-0.014687656405019612,-0.01471891098430501,-0.014279750077226025,-0.0049643041504968165,-0.005058411915577058,-0.004647374654550693,-0.0021592169813496173
0.0009600384015360615,-0.0905349600319609,-0.014686622003491632,-0.014717878865393622,-0.014278747944471782,-0.004963938026104367,-0.005058054396056292,-0.0046470457476307705,-0.002159068525307897
0.0009620384815392616,-0.09052299044017209,-0.014684616653358424,-0.01471588097631564,-0.014276800736776254,-0.004963186995962638,-0.00505732833007901,-0.004646368132495384,-0.0021587483993989057
0.0009640385615424618,-0.09051663106956412,-0.014683583851130728,-0.01471485044914544,-0.014275800154587015,-0.004962821471939802,-0.00505697138447615,-0.004646039759958063,-0.002158600191550388
0.0009660386415456619,-0.09050467133394237,-0.014681580141582034,-0.014712854192949563,-0.014273854537507543,-0.004962071057397069,-0.005056245907150628,-0.004645362692897046,-0.0021582803202060893
0.0009680387215488621,-0.09049832206788946,-0.014680549021141652,-0.0147118253397213,-0.014272855585906428,-0.004961706164172513,-0.005055889564904277,-0.004645034882098836,-0.0021581323732812025
0.0009700388015520621,-0.09048637268471406,-0.014678547034500621,-0.014709830798445013,-0.014270911639307195,-0.004960956395596883,-0.005055164705610594,-0.004644358390414309,-0.0021578127692067238
0.0009720388815552623,-0.09048003401849901,-0.014677517678005325,-0.014708803701031304,-0.014269914397997898,-0.0049605921634775976,-0.00505480899604181,-0.0046440311686024496,-0.0021576650958850464
0.0009740389615584624,-0.09046809548204804,-0.014675517496263023,-0.01470681095638111,-0.014267972201420833,-0.004959843071114463,-0.005054084784041473,-0.004643355279486292,-0.0021573457717342275
0.0009760390415616626,-0.0904617679089337,-0.014674489985535406,-0.01470578569632064,-0.01426697674978194,-0.0049594795302836,-0.0050537297363515855,-0.004643028673796733,-0.002157198384643569
0.0009780391215648628,-0.09044984071144442,-0.014672491690344241,-0.014703794829665653,-0.014265036382440522,-0.0049587311442532145,-0.005053006200785194,-0.00464235341432846,-0.0021568793530179512
0.0009800392015680628,-0.09044352472263308,-0.01467146610686497,-0.014702771488156423,-0.014264042799518954,-0.0049583683247675465,-0.005052651844053489,-0.004642027451783725,-0.002156732264733345
0.000982039281571263,-0.09043160935426374,-0.014669469779532422,-0.014700782580522046,-0.014262104340292054,-0.004957620675062673,-0.005051929013938423,-0.004641352848928333,-0.0021564135381811965
0.000984039361574463,-0.09042530543886033,-0.014668446204434157,-0.014699761238415241,-0.01426111270479697,-0.004957258606850381,-0.005051575377119865,-0.004641027556435401,-0.0021562667612239268
0.0009860394415776633,-0.09041340238765276,-0.014666451925916318,-0.014697774370476814,-0.014259176232222656,-0.00495651172333399,-0.005050853281348117,-0.004640353637041325,-0.0021559483522392794
0.0009880395215808634,-0.0904071110326259,-0.014665430439977232,-0.01469675510827053,-0.014258186622519573,-0.0049561504361922805,-0.005050500393271133,-0.00464002904138955,-0.002155801899075892
0.0009900396015840634,-0.09039522078446757,-0.014663438290872993,-0.014694770360347326,-0.014256252214789203,-0.004955404348595273,-0.005049779060607046,-0.0046393558321865865,-0.0021554838200976037
0.0009920396815872635,-0.0903889424746137,-0.014662418974510693,-0.014693753258180267,-0.014255264708893718,-0.004955043872188101,-0.005049426949971297,-0.00463903196004565,-0.0021553377031389674
0.0009940397615904636,-0.09037706551319873,-0.01466042903505478,-0.01469177071022891,-0.014253332443845622,-0.004954298610106921,-0.005048706409049278,-0.0046383594876428175,-0.0021550199665496717
0.000996039841593664,-0.0903708007311025,-0.014659411968320062,-0.014690755847874248,-0.014252347119417433,-0.004953938973962681,-0.005048355104423412,-0.0046380363655606485,-0.002154874198150005
0.000998039921596864,-0.09035893753789666,-0.014657424318377438,-0.014688775579482808,-0.014250417074531107,-0.004953194566857039,-0.005047635383745768,-0.004637364656444213,-0.0021545568162752416
0.001000040001600064,-0.0903526867638933,-0.01465640958094767,-0.014687763036341792,-0.014249434008867882,-0.004952835800366216,-0.005047284913565173,-0.004637042310844845,-0.002154411408731132
0.0010020400816032641,-0.09034083781809381,-0.014654424300007013,-0.014685785126723347,-0.01424750626125779,-0.004952092277556822,-0.005046566041499844,-0.00463637139137617,-0.00215409439383831
0.0010040401616064644,-0.09033460153023425,-0.01465341197118056,-0.01468477498181946,-0.014246525531289366,-0.004951734409969771,-0.0050462164340645144,-0.004636049848557829,-0.0021539493593877926
0.0010060402416096645,-0.09032276730873516,-0.014651429138348257,-0.014682799509806298,-0.014244600157699183,-0.004950991800636106,-0.005045498438842987,-0.004635379744971438,-0.002153632723685331
0.0010080403216128646,-0.09031654598274785,-0.014650419297038107,-0.014681791841779101,-0.014243621839981582,-0.004950634861060852,-0.0050451497223153235,-0.00463505903110444,-0.0021534880745069382
0.0010100404016160646,-0.09030472696010255,-0.01464843899103217,-0.014679818885816416,-0.014241698916778183,-0.004949893194238856,-0.005044432632030375,-0.0046343897695059625,-0.002153171830143268
0.001012040481619265,-0.09029852106935672,-0.01464743171575989,-0.01467881377291535,-0.014240723087487696,-0.004949537211638748,-0.0050440848344330035,-0.004634069910630713,-0.0021530275783551017
0.001014040561622465,-0.09028671771774134,-0.014645454014903829,-0.0146768434110554,-0.014238802690655366,-0.004948796516218646,-0.005043368677036574,-0.004633401516994849,-0.0021527117374177326
0.001016040641625665,-0.09028052773321014,-0.014644449383793353,-0.014675840931133766,-0.014237829425582643,-0.004948441519410157,-0.005043021826250149,-0.004633082539019826,-0.002152567895076484
0.0010180407216288652,-0.09026874052238713,-0.014642474366010195,-0.014673873241029586,-0.014235911630716998,-0.004947701824134149,-0.005042306629551136,-0.004632415039188348,-0.0021522524695910933
0.0010200408016320655,-0.09026256691261302,-0.014641472456782078,-0.014672873471538778,-0.014234941005261369,-0.004947347841784696,-0.005041960753312306,-0.004632096967888152,-0.002152109048691187
0.0010220408816352655,-0.0902507963098947,-0.014639500199588375,-0.014670908530438448,-0.014233025887563772,-0.004946609175244818,-0.0050412465449744814,-0.00463143038756795,-0.002151794050620683
0.0010240409616384656,-0.09024463954095255,-0.014638501089553764,-0.01466991154842191,-0.01423205797672731,-0.004946256235870545,-0.005040901670873687,-0.004631113248581297,-0.0021516510630933154
0.0010260410416416657,-0.0902328860111669,-0.014636531670053706,-0.014667949433162662,-0.014230145610999148,-0.004945518626506491,-0.005040188478413599,-0.004630447613342401,-0.002151336504336945
0.0010280411216448658,-0.09022674654662775,-0.014635535436108264,-0.014666955315249794,-0.014229180489380931,-0.0049451667584700315,-0.0050398446338929,-0.00463013143217012,-0.0021511939620491487
0.001030041201648066,-0.09021501055208182,-0.014633568930987802,-0.014664996102252102,-0.014227270950017922,-0.004944430234566966,-0.00503913248467777,-0.004629466767443785,-0.0021508798544415714
0.0010320412816512661,-0.0902088888529788,-0.014632575649606122,-0.014664004924652774,-0.01422630869180857,-0.0049440794660753976,-0.005038789697028911,-0.0046291515694469754,-0.00215073776919538
0.0010340413616544662,-0.09019717085342217,-0.01463061213512679,-0.014662048689914215,-0.014224402052794596,-0.004943344055761674,-0.00503807861827439,-0.004628487900523591,-0.0021504241245057227
0.0010360414416576663,-0.09019106737821493,-0.014629621882356348,-0.014661060528412715,-0.014223442731770404,-0.004942994414864253,-0.005037736914636613,-0.004628173710921598,-0.002150282508037205
0.0010380415216608666,-0.09017936783080743,-0.014627661434350027,-0.01465910734750272,-0.014221539066672572,-0.004942260146109466,-0.005037026933404949,-0.004627511062948951,-0.002149969337968258
0.0010400416016640667,-0.09017328303534633,-0.014626674285805408,-0.014658122277451988,-0.014220582756189863,-0.00494191166069554,-0.005036686340762906,-0.004627197906817474,-0.002149828201946648
0.0010420416816672667,-0.09016160239462125,-0.014624716979668105,-0.014656172225505712,-0.014218682138152458,-0.004941178561308266,-0.0050359774839607,-0.004626536304798723,-0.0021495155181338868
0.0010440417616704668,-0.09015553673211411,-0.014623733010525398,-0.014655190321821727,-0.014217728911142159,-0.004940831259105129,-0.005035638029142488,-0.0046262242070679235,-0.002149374874160722
0.0010460418416736671,-0.09014387544994461,-0.01462177892121174,-0.014653243473534522,-0.014215831412881366,-0.004940099356730896,-0.0050349303235187855,-0.004625563675859753,-0.002149062688171482
0.0010480419216768672,-0.09013782937092081,-0.014620798206202596,-0.01465226481069051,-0.014214881341843337,-0.004939753265301701,-0.005034592033193799,-0.00462525266131231,-0.00214892254777966
0.0010500420016800673,-0.09012618789648502,-0.014618847408219999,-0.014650321240312084,-0.014212987035641425,-0.0049390225874207565,-0.005033885505337932,-0.00462459322562298,-0.002148610871112215
0.0010520420816832673,-0.09012016184876277,-0.014617870021626173,-0.014649345892332888,-0.014212040192639067,-0.004938677734162415,-0.005033548406014952,-0.004624283318892274,-0.0021484712457651694
0.0010540421616864676,-0.09010854062850994,-0.014615922589029245,-0.014647405673661858,-0.01421014915033908,-0.004937948308087788,-0.005032843082354571,-0.004623625003279768,-0.002148160089847899
0.0010560422416896677,-0.09010253505716213,-0.01461494860467701,-0.014646433714118452,-0.014209205606993888,-0.004937604720228912,-0.005032507200379716,-0.004623316228848003,-0.002148020990938731
0.0010580423216928678,-0.09009093453478004,-0.014613004611062203,-0.014644496920496738,-0.014207317899994406,-0.00493687657310432,-0.005031803107178899,-0.004622659057718293,-0.0021477103671292447
0.0010600424016960679,-0.09008494988210014,-0.014612034102316587,-0.014643528422500668,-0.01420637772748049,-0.004936534277703169,-0.005031468468733624,-0.004622351439914642,-0.0021475718059798575
0.001062042481699268,-0.09007337049848023,-0.014610093620816337,-0.014641595126808018,-0.014204493426729947,-0.004935807436500913,-0.005030765632090756,-0.004621695437519678,-0.002147261725564135
0.0010640425617024682,-0.09006740720394904,-0.014609126660575698,-0.014640630163005635,-0.014203556695768683,-0.0049354664604433105,-0.005030432263189869,-0.004621389000518424,-0.0021471237134243534
0.0010660426417056683,-0.09005584939715373,-0.014607189763852939,-0.01463870043765388,-0.014201675871760138,-0.004934740951962251,-0.00502973070903573,-0.004620734190954367,-0.002146814187615876
0.0010680427217088684,-0.09004990789740727,-0.014606226424543588,-0.014637739080221278,-0.014200742652614999,-0.004934401321959649,-0.005029398635525505,-0.004620428958773139,-0.00214667673566265
0.0010700428017120685,-0.09003837210263717,-0.014604293184786489,-0.014635812997149174,-0.014198865375380865,-0.00493367717282323,-0.00502869838962132,-0.004619775365978596,-0.002146367775601594
0.0010720428817152688,-0.09003245283143294,-0.014603333538357117,-0.014634855317786508,-0.01419793573785198,-0.004933338915410599,-0.005028367637177482,-0.004619471362476529,-0.002146230894938119
0.0010740429617184688,-0.09002093948099499,-0.01460140402727365,-0.014632932948454419,-0.014196062076958891,-0.004932616152064922,-0.0050276687251130546,-0.004618819010230755,-0.0021459225116905243
0.001076043041721669,-0.09001504286918044,-0.014600448145190112,-0.014631979018380724,-0.014195136090377999,-0.004932279293598879,-0.00502733931923896,-0.00461851625910676,-0.0021457862133454574
0.001078043121724869,-0.09000355239245361,-0.014598522434002488,-0.014630060433764837,-0.014193266114921286,-0.004931557942310527,-0.005026641766430619,-0.004617865171027808,-0.0021454784179023487
0.0010800432017280693,-0.08999767886793274,-0.014597570387242144,-0.014629110323712433,-0.014192343848146254,-0.004931222508967222,-0.005026313732455171,-0.004617563695818678,-0.002145342712828905
0.0010820432817312694,-0.08998621169133832,-0.014595648546681704,-0.014627195594300028,-0.014190477626745208,-0.004930502595821471,-0.005025617564144037,-0.0046169138953617095,-0.002145035516105522
0.0010840433617344694,-0.08998036167904123,-0.014594700405728555,-0.014626249374509594,-0.014189559148155282,-0.0049301686135948194,-0.005025290927220004,-0.004616613719440513,-0.002144900415180758
0.0010860434417376695,-0.08996891822601011,-0.014592782506030503,-0.014624338570293372,-0.014187696748947775,-0.004929450164493652,-0.005024596168469963,-0.004615965229896027,-0.0021445938280157304
0.0010880435217408698,-0.08996309214786044,-0.014591838340869622,-0.014623396310508529,-0.014186782126438235,-0.004929117659193232,-0.005024270953572014,-0.004615666376470289,-0.0021444593420396636
0.00109004360174407,-0.08995167283880146,-0.014589924451767766,-0.01462148950098168,-0.014184923617075747,-0.004928400699853395,-0.005023577629267983,-0.004615019220962406,-0.002144153375194206
0.00109204368174727,-0.08994587111368513,-0.014588984331880259,-0.01462055127044378,-0.014184012918052954,-0.004928069697102593,-0.005023253861190754,-0.004614721713072378,-0.002144019514889023
0.00109404376175047,-0.08993447636595396,-0.01458707452260171,-0.014618648524594643,-0.01418215836569554,-0.00492735425305368,-0.005022561996036765,-0.0046140759145571015,-0.002143714179046127
0.0010960438417536703,-0.08992869940968853,-0.014586138516959475,-0.014617714392037682,-0.014181251657071911,-0.004927024778287816,-0.005022239699393162,-0.004613779775074084,-0.00214358095505541
0.0010980439217568704,-0.08991732963755705,-0.014584232856219695,-0.014615815778344731,-0.014179401128383132,-0.0049263108748703825,-0.0050215493179105175,-0.004613135356337589,-0.002143276260819051
0.0011000440017600705,-0.0899115778628621,-0.014583301033280654,-0.014614885811990613,-0.014178498476572515,-0.004925982953334877,-0.005021228517129892,-0.004612840607962305,-0.0021431436837070195
0.0011020440817632706,-0.08990023347748892,-0.01458139958927851,-0.014612991398417605,-0.014176652037714956,-0.004925270615698675,-0.005020539643655468,-0.0046121975916193535,-0.002142839641601427
0.0011040441617664707,-0.08989450729395328,-0.014580472016981077,-0.014612065665970491,-0.014175753508627105,-0.004924944272447037,-0.005020220362981695,-0.004611904256880125,-0.0021427077218520866
0.001106044241769671,-0.08988318870335123,-0.014578574857393523,-0.014610175519961074,-0.014173911225256899,-0.0049242335255489786,-0.005019533021665996,-0.004611262665372274,-0.002142404342320889
0.001108044321772871,-0.08987748851740442,-0.014577651603151859,-0.014609254088602839,-0.014173016884293113,-0.0049239087854410744,-0.005019215285155775,-0.004610970766623476,-0.0021422730903373007
0.001110044401776071,-0.08986619612641152,-0.014575758795129035,-0.014607368277075782,-0.014171178821555436,-0.004923199654043473,-0.005018529499961233,-0.004610330622217487,-0.0021419703837427945
0.0011120444817792712,-0.08986052234129431,-0.014574839925828293,-0.014606451213461076,-0.014170288733603853,-0.004922876541743728,-0.005018213331482381,-0.0046100401816379175,-0.002141839809846333
0.0011140445617824715,-0.08984925655154608,-0.014572951535988931,-0.014604569802805613,-0.014168454956128314,-0.004922169050412609,-0.0050175291261816924,-0.004609401506424186,-0.0021415377864687593
0.0011160446417856715,-0.08984360956728046,-0.014572037117980063,-0.014603657173056934,-0.014167569185558788,-0.00492184759038815,-0.005017214549411289,-0.0046091125460154,-0.002141407900898348
0.0011180447217888716,-0.0898323707771786,-0.014570153212406305,-0.014601780229127649,-0.014165739757454528,-0.004921141763491329,-0.005016531947585563,-0.004608475361906281,-0.0021411065709351145
0.0011200448017920717,-0.08982675099053798,-0.014569243311501376,-0.014600872098830417,-0.014164858368114125,-0.00492082198001014,-0.005016218986008287,-0.0046081879034909744,-0.0021409773838464265
0.001122044881795272,-0.08981553959522061,-0.014567363955733905,-0.01459899968694232,-0.014163033352964968,-0.00492011784171539,-0.005015538011045299,-0.004607552232219108,-0.002140676757411325
0.001124044961798472,-0.0898099473997022,-0.014566458637201263,-0.014598096121140183,-0.014162156408173362,-0.004919799758844683,-0.00501522668795169,-0.004607266297439587,-0.002140548278876112
0.0011260450418016721,-0.0897987637910178,-0.01456458389623489,-0.014596228306064421,-0.01416033586903363,-0.0049190973331181415,-0.005014547363044315,-0.004606632160556504,-0.0021402483659986606
0.0011280451218048722,-0.08979319957681334,-0.014563683224794443,-0.01459532936925461,-0.014159463431578478,-0.004918780974722522,-0.00501423770152913,-0.004606347770873069,-0.002140120606004005
0.0011300452018080725,-0.0897820441432913,-0.014561813163073268,-0.014593466215213534,-0.014157647430968198,-0.004918080285326888,-0.005013560049673624,-0.0046057151897475205,-0.0021398214166286735
0.0011320452818112726,-0.08977650829725968,-0.014560917202891958,-0.014592571971342236,-0.014156779563100684,-0.004917765675066669,-0.00501325207263415,-0.004605432366436967,-0.002139694385076261
0.0011340453618144727,-0.08976538142408096,-0.01455905188430443,-0.014590713542004596,-0.014154968163000948,-0.00491706674555944,-0.005012576116628403,-0.004604801362253379,-0.002139395929061762
0.0011360454418176727,-0.08975987432971927,-0.01455816069899135,-0.01458982405446214,-0.014154104926431101,-0.0049167539068888854,-0.005012269846762742,-0.004604520126407365,-0.0021392696357671465
0.0011380455218208728,-0.08974877639868989,-0.01455630018686603,-0.014587970412938696,-0.014152298188279785,-0.004916056760620642,-0.005011595609204712,-0.004603890720164297,-0.002138971922885713
0.0011400456018240731,-0.08974329843610646,-0.014555413839467998,-0.014587085744555176,-0.014151439644172188,-0.0049157457167863265,-0.005011291069010251,-0.004603611092687951,-0.0021388463775776473
0.0011420456818272732,-0.08973222982563046,-0.014553558196568908,-0.0145852369533942,-0.014149637628859551,-0.004915050376899218,-0.0050106185722963315,-0.004602983305196662,-0.0021385494175143677
0.0011440457618304733,-0.08972678137151861,-0.014552676749566116,-0.014584357166435082,-0.01414878383782911,-0.004914741150938374,-0.005010315784068144,-0.004602705306807045,-0.0021384246298341097
0.0011460458418336733,-0.08971574245657105,-0.014550826038088339,-0.014582513287617999,-0.014146986605693478,-0.004914047640364335,-0.005009645050391608,-0.004602079158690005,-0.0021381284321862273
0.0011480459218368736,-0.08971032388417982,-0.014549949553389457,-0.014581638443779268,-0.01414613762780072,-0.0049137402551031285,-0.005009344036220695,-0.004601802809914539,-0.002138004411686796
0.0011500460018400737,-0.08969931503627811,-0.014548103834954345,-0.014579799538715799,-0.014144345238623865,-0.004913048596562169,-0.005008675087569974,-0.004601178321603831,-0.0021377089859629652
0.0011520460818432738,-0.08969392671538795,-0.014547232373892497,-0.01457892969911994,-0.014143501133370954,-0.0049127430746141575,-0.005008375869341848,-0.004600903642778956,-0.0021375857421085174
0.0011540461618464739,-0.08968294830256826,-0.014545391709543819,-0.014577095828644145,-0.014141713646374303,-0.004912053290612932,-0.005007708727499146,-0.004600280834514979,-0.0021372910977282156
0.0011560462418496742,-0.08967759059946442,-0.014544525332872302,-0.014576231053835896,-0.014140874472700881,-0.004911749654377458,-0.005007411326892315,-0.004600007845784709,-0.0021371686398933805
0.0011580463218528742,-0.08966664298625439,-0.014542689783071626,-0.014574402278201911,-0.014139091946541154,-0.004911061767207577,-0.005006746013431965,-0.004599386737614695,-0.002136874786186203
0.0011600464018560743,-0.08966131626369922,-0.014541828550959084,-0.01457354262814343,-0.014138257762819743,-0.0049107600388680886,-0.005006450451916187,-0.00459911545892905,-0.0021367531236553485
0.0011620464818592744,-0.08965039981109095,-0.014539998175581367,-0.014571719007020745,-0.014136480255584583,-0.004910074070604483,-0.005005786988203089,-0.004598496070705559,-0.002136460069860307
0.0011640465618624747,-0.08964510442830118,-0.014539142147608186,-0.01457086454108807,-0.014135651119617027,-0.004909774272127068,-0.005005493287038076,-0.004598226521819368,-0.0021363392118269697
0.0011660466418656748,-0.08963421949372831,-0.014537317005937946,-0.014569046133557861,-0.014133878688821227,-0.004909090244626564,-0.005004831694226323,-0.004597608873199029,-0.0021360469670919226
0.0011680467218688748,-0.089628955806348,-0.014536466241091653,-0.014568196910536242,-0.014133054657834333,-0.004908792397758365,-0.005004539874460155,-0.004597341073670382,-0.0021359269226581094
0.001170046801872075,-0.08961810274365975,-0.014534646391818682,-0.0145663837750871,-0.014131287360415822,-0.0049081103326581305,-0.005003880173491501,-0.004596725184112484,-0.0021356354960390964
0.001172046881875275,-0.08961287110373566,-0.014533800948490043,-0.014565539853167142,-0.014130468491057332,-0.004907814458925816,-0.005003590255959141,-0.004596459153301419,-0.0021355162742146636
0.0011740469618784753,-0.08960205026317081,-0.014531986449705006,-0.014563732047690693,-0.014128706383372764,-0.004907134377641685,-0.005002932467561422,-0.004595845042066444,-0.0021352256746752043
0.0011760470418816754,-0.08959685101912838,-0.014531146385683877,-0.014562893484464266,-0.014127892731707649,-0.004906840498350022,-0.005002644472883328,-0.0045955807991336405,-0.0021351072843772394
0.0011780471218848754,-0.08958606274729203,-0.014529337294874609,-0.014561091066251423,-0.014126135869528997,-0.004906162422075186,-0.00500198861756917,-0.0045949684852820225,-0.002134817520787798
0.0011800472018880755,-0.08958089624391133,-0.014528502667345919,-0.014560257918707584,-0.014125327491035265,-0.004905870558305446,-0.005001702566149796,-0.00459470604918737,-0.002134699970839991
0.0011820472818912758,-0.08957014088375193,-0.014526699041393497,-0.014558460944444618,-0.014123575929545804,-0.0049051945080089455,-0.005001048664215167,-0.0045940955515782235,-0.0021344110519773436
0.001184047361894476,-0.08956500746214338,-0.01452586990693335,-0.01455763326896585,-0.014122772879110903,-0.004904904680617565,-0.005000764576241616,-0.0045938349410796575,-0.002134294351109388
0.001186047441897676,-0.08955428535292786,-0.01452407180210796,-0.014555841794730408,-0.014121026672901344,-0.004904230677042821,-0.005000112647764402,-0.004593226278369354,-0.0021340062856559858
0.001188047521900876,-0.08954918535050871,-0.014523248216679724,-0.0145550196470885,-0.014120229004818264,-0.004903942906659846,-0.004999830543204979,-0.004592967512021418,-0.0021338904425029477
0.0011900476019040763,-0.08953849682779891,-0.014521455688636827,-0.014553233728345669,-0.014118488207882945,-0.004903270970323217,-0.004999180608043568,-0.004592360702662374,-0.002133603239046344
0.0011920476819072764,-0.08953343057826989,-0.014520637707587072,-0.014552417163697992,-0.014117695975846514,-0.004902985277350937,-0.004998900506646403,-0.004592103798815001,-0.0021334882621480947
0.0011940477619104765,-0.08952277597390078,-0.014518850811363783,-0.01455063685529666,-0.014115960641579887,-0.0049023154285403525,-0.0049982525844384194,-0.004591498861054414,-0.0021332019291803533
0.0011960478419136766,-0.08951774380722519,-0.0145180384894191,-0.014549825928182658,-0.014115173898683277,-0.004902031833152014,-0.004997974505730264,-0.004591243837851761,-0.0021330878269810137
0.0011980479219168769,-0.08950712344928133,-0.01451625727943015,-0.014548051284351587,-0.014113444079876117,-0.004901364091925567,-0.004997328615891117,-0.004590640789730334,-0.002132802372898125
0.001200048001920077,-0.08950212569165997,-0.014515450670692747,-0.014547246048688687,-0.01411266287860696,-0.004901082614063792,-0.004997052579175812,-0.004590387665109394,-0.0021326891537454336
0.001202048081923277,-0.089491539904454,-0.014513675200727121,-0.014545477123033132,-0.01411093862744292,-0.0049004170002483975,-0.004996408740897489,-0.004589786524460173,-0.002132404586846759
0.001204048161926477,-0.08948657687830518,-0.014512874358671636,-0.01454467763211327,-0.014110163019679925,-0.004900137659624018,-0.004996134765254798,-0.004589535316149703,-0.002132292258991551
0.0012060482419296774,-0.08947602598235511,-0.014511104681888702,-0.014542914477611087,-0.014108444387731978,-0.004899474192814053,-0.004995492997504519,-0.0045889361005968035,-0.0021320085874792527
0.0012080483219328775,-0.0894710980062925,-0.01451030965935847,-0.014542120784097275,-0.014107674424741496,-0.0048991970089047165,-0.004995221101788829,-0.004588686826116046,-0.0021318971590748937
0.0012100484019360775,-0.08946058231830151,-0.014508545828284569,-0.014540363453095555,-0.01410596146296851,-0.004898535708460756,-0.004994581423307803,-0.0045880895530735575,-0.0021316143910533976
0.0012120484819392776,-0.08945568970711164,-0.01450775667748792,-0.014539575609018002,-0.014105197195400866,-0.0048982607005095625,-0.004994311626146743,-0.00458784222973105,-0.0021315038701552086
0.0012140485619424777,-0.0894452095399458,-0.014505998744012694,-0.014537824153229456,-0.014103489954143981,-0.004897601585556987,-0.004993674055448844,-0.004587246916401788,-0.002131222013630643
0.001216048641945678,-0.08944035260456913,-0.014505215516519877,-0.014537042209982556,-0.014102731432030544,-0.004897328772571342,-0.004993406375242288,-0.00458700156129436,-0.002131112408195433
0.001218048721948878,-0.08942990826723712,-0.014503463531893012,-0.01453529668048213,-0.014101029961010087,-0.004896671861999181,-0.0049927709306129015,-0.004586408224668744,-0.0021308314710751027
0.0012200488019520781,-0.08942508731474551,-0.014502686278632312,-0.014534520688820622,-0.014100277233759426,-0.004896401262749393,-0.004992505385531487,-0.004586164854680187,-0.0021307227889605707
0.0012220488819552782,-0.08941467911237871,-0.01450094029346019,-0.0145327811360423,-0.014098581582071768,-0.004895746575209013,-0.004991872085026331,-0.004585573511535189,-0.0021304427790524733
0.0012240489619584785,-0.08940989444595676,-0.014500169064714918,-0.014532011146078232,-0.014097834698466783,-0.004895478208227156,-0.00499160869301041,-0.0045853321433352795,-0.002130335028016726
0.0012260490419616786,-0.08939952267978779,-0.014498429128956911,-0.014530277619811299,-0.01409614491458056,-0.004894825762131013,-0.004990977554454211,-0.004584742810233196,-0.0021300559530289653
0.0012280491219648787,-0.08939477459871252,-0.014497663974361981,-0.014529513681010697,-0.014095403922775172,-0.004894559645709675,-0.004990716333212675,-0.004584503460276574,-0.002129949140730015
0.0012300492019680787,-0.08938443956605649,-0.014495930137327558,-0.014527786230396817,-0.014093720054528542,-0.0048939094592301445,-0.004990087374198098,-0.0045839161535640455,-0.0021296710082703437
0.001232049281971279,-0.08937972836567777,-0.014495171105866346,-0.014527028391576354,-0.014092985002044587,-0.0048936456114212585,-0.004989828341207208,-0.004583678838089116,-0.002129565142265595
0.0012340493619744791,-0.0893694303599141,-0.014493443416211942,-0.014525307065106524,-0.014091307096642289,-0.004892997702489504,-0.004989201579093782,-0.0045830935738960694,-0.002129287959840947
0.0012360494419776792,-0.08936475633163461,-0.014492690556212924,-0.014524555374430401,-0.01409057803036629,-0.004892736141103113,-0.004988944751595967,-0.004582858308923936,-0.0021291830475867026
0.0012380495219808793,-0.08935449564218678,-0.01449096906193851,-0.014522840219941456,-0.014088906134376173,-0.004892090527407855,-0.004988320203508853,-0.004582275103162483,-0.0021289068226026564
0.0012400496019840796,-0.08934985907344482,-0.014490222421072299,-0.014522094724918342,-0.014088183100556506,-0.004891831270011005,-0.004988065598511669,-0.004582041904495985,-0.0021288028714536436
0.0012420496819872796,-0.08933963598576106,-0.014488507169518387,-0.014520385789590024,-0.014086517259906685,-0.004891187968997362,-0.004987443281340561,-0.004581460772859411,-0.002128527611213966
0.0012440497619904797,-0.08933503716001201,-0.014487766794794764,-0.014519646537070115,-0.014085800304150646,-0.004890931032913066,-0.004987190915615648,-0.004581229656082103,-0.002128424628422888
0.0012460498419936798,-0.08932485195554901,-0.014486057832639487,-0.014517943867422101,-0.014084140564126726,-0.004890290061781534,-0.004986570846013771,-0.004580650614043897,-0.0021281503401290765
0.0012480499219968799,-0.08932029115224673,-0.01448532377040433,-0.014517210903594048,-0.01408342973139754,-0.00489003546408752,-0.0049863207360957215,-0.004580421594518987,-0.002128048332846133
0.0012500500020000802,-0.0893101441084512,-0.014483621143660521,-0.014515514545483126,-0.014081776136639633,-0.004889396839792846,-0.00498570293047876,-0.004579844657331868,-0.0021277750235969553
0.0012520500820032802,-0.08930562160303035,-0.014482893439592776,-0.01451478791587104,-0.014081071471253627,-0.004889144597320568,-0.004985455092664047,-0.00457961775020133,-0.0021276739988693723
0.0012540501620064803,-0.08929551299332106,-0.014481197193604923,-0.014513097914488059,-0.01407942406575359,-0.004888508336570677,-0.004984839567209087,-0.004579042932896285,-0.0021274016756604457
0.0012560502420096804,-0.08929102905718045,-0.014480475892713958,-0.01451237766394871,-0.014078725611377402,-0.004888258465904239,-0.004984594017555142,-0.0045788181530798415,-0.0021273016404320696
0.0012580503220128807,-0.08928095915093197,-0.01447878607215556,-0.01451069406381586,-0.014077084438476118,-0.004887624585159172,-0.0049839807881996755,-0.004578245470465172,-0.002127030310155365
0.0012600504020160808,-0.0892765140514169,-0.01447807121877813,-0.014509980236536041,-0.01407639223812406,-0.004887377102634298,-0.004983737542523782,-0.004578022832659409,-0.0021269312712662142
0.0012620504820192808,-0.0892664831139428,-0.014476387867648825,-0.01450830308150412,-0.014074757340508719,-0.004886745618105252,-0.00498312662496476,-0.0045774522993198225,-0.0021266609407096975
0.001264050562022481,-0.0892620771143309,-0.014475679505446802,-0.014507595720997956,-0.014074071436540261,-0.004886500539808362,-0.004982885698843249,-0.004577231817997378,-0.0021265629048955736
0.0012660506420256812,-0.08925208540686663,-0.014474002667069589,-0.014505925054243446,-0.014072442856241658,-0.004885871467456605,-0.004982277108535995,-0.004576663448293058,-0.0021262935807427365
0.0012680507220288813,-0.08924771876634814,-0.014473300839026655,-0.014505224203349383,-0.014071763290358473,-0.0048856288092236294,-0.004982038517303073,-0.004576445137701521,-0.0021261965546347343
0.0012700508020320814,-0.08923776654603613,-0.0144716305560455,-0.014503560067372188,-0.014070141068748697,-0.004885002164759631,-0.004981432269460514,-0.00457587894576733,-0.0021259282434642197
0.0012720508820352814,-0.08923343951970185,-0.014470935304465095,-0.0145028657682508,-0.014069467881992434,-0.004884761942175275,-0.004981196028207513,-0.004575662819928585,-0.0021258322335884227
0.0012740509620384817,-0.08922352703957587,-0.014469271618842096,-0.014501208204871444,-0.014067852059782079,-0.004884137741057668,-0.004980592137799124,-0.0045750988196731415,-0.0021255649418736155
0.0012760510420416818,-0.08921923987839948,-0.01446858298534468,-0.014500520499002727,-0.014067185292531991,-0.004883899969454374,-0.004980358261373534,-0.004574884892382432,-0.002125469954650653
0.001278051122044882,-0.08920936738736995,-0.014466925938357907,-0.01449886954936002,-0.014065575909768068,-0.004883278226889123,-0.004979756743124563,-0.00457432309748736,-0.002125203688759304
0.001280051202048082,-0.08920512033819368,-0.014466243963878217,-0.014498188477540822,-0.014064915601738151,-0.0048830429213460765,-0.004979525246129094,-0.004574111382312404,-0.0021251097305039373
0.001282051282051282,-0.08919528808103183,-0.014464593596118923,-0.014496544182089253,-0.01406331269780144,-0.0048824236522855054,-0.004978926114519569,-0.004573551806231462,-0.002124844496697791
0.0012840513620544823,-0.08919108138655231,-0.014463918320904098,-0.014495869784431176,-0.014062658888038565,-0.00488219082762792,-0.00497869701131139,-0.004573342316511805,-0.0021247515736186086
0.0012860514420576824,-0.0891812896038769,-0.014462274672274504,-0.014494232182938714,-0.0140610625016414,-0.004881574046769862,-0.004978100280575391,-0.004572784972470083,-0.002124487378053011
0.0012880515220608825,-0.08917712350263136,-0.014461606135881409,-0.014493564498865494,-0.01406041522852291,-0.004881343717567983,-0.004977873585265235,-0.004572577721316237,-0.0021243954962520506
0.0012900516020640826,-0.08916737243089395,-0.014459969245592364,-0.014491933630411078,-0.014058825397706951,-0.004880729439354904,-0.004977279269389945,-0.0045720226223094395,-0.0021241323449756014
0.0012920516820672829,-0.0891632471572456,-0.014459307486885334,-0.01449127269865645,-0.014058184698938329,-0.004880501619923233,-0.004977054995841302,-0.0045718176226021146,-0.00212404151044796
0.001294051762070483,-0.08915353702871794,-0.014457677393454176,-0.014489648601628128,-0.01405660146107247,-0.004879889858541466,-0.004976463108566339,-0.004571264781395818,-0.002123779409402195
0.001296051842073683,-0.08914945281284277,-0.014457022450602767,-0.01448899446023353,-0.014055967373685266,-0.004879664562937915,-0.004976241270394676,-0.004571062045785209,-0.0021236896280357256
0.001298051922076883,-0.08913978385560277,-0.014455399191850966,-0.01448737717232583,-0.014054390765463278,-0.0048790553323167585,-0.004975651825211203,-0.004570511474914072,-0.002123428583054729
0.0013000520020800834,-0.08913574092347754,-0.014454751102328035,-0.014486729858638473,-0.014053763325813104,-0.004878832574341861,-0.00497543243578321,-0.004570311015819152,-0.002123339860629699
0.0013020520820832835,-0.0891261133613968,-0.014453134715379153,-0.014485119416850448,-0.014052193383251775,-0.004878225888152875,-0.004974845445933201,-0.004569762727586268,-0.0021230798774398278
0.0013040521620864835,-0.08912211193478636,-0.014452493515958672,-0.014484478967521142,-0.014051572627016323,-0.004878005681349087,-0.004974628518366072,-0.004569564557194146,-0.0021229922196286063
0.0013060522420896836,-0.08911252598751805,-0.01445088403723634,-0.014482875408154613,-0.014050009385453548,-0.0048774015530053255,-0.004974043996841661,-0.004569018563670385,-0.0021227333038481453
0.001308052322092884,-0.08910856628396098,-0.014450249763991122,-0.014482241859135422,-0.014049395347630233,-0.004877183910656095,-0.004973829544002227,-0.004568822693935479,-0.0021226467162148463
0.001310052402096084,-0.0890990221669283,-0.014448647229217107,-0.014480645217792699,-0.014047838841722868,-0.004876582353311371,-0.004973247503544926,-0.004568279006958769,-0.002122388873353717
0.001312052482099284,-0.08909510439972795,-0.01444801991751721,-0.014480018604335525,-0.014047231556627486,-0.00487636728844064,-0.004973035538049171,-0.004568085449602362,-0.0021223033613539605
0.0013140525621024841,-0.08908560232411158,-0.014446424361709327,-0.014478428915917529,-0.014045681820349603,-0.004875768314988791,-0.0049724559911491955,-0.004567544080777102,-0.0021220465968133984
0.0013160526421056844,-0.08908172670232331,-0.014445804046219963,-0.014477809272571921,-0.01404508132161414,-0.00487555584036015,-0.004972246525361411,-0.004567352847286555,-0.002121962165793996
0.0013180527221088845,-0.08907226687505053,-0.014444215503690462,-0.014476226571276398,-0.014043538388255254,-0.00487495946343437,-0.004971669484257015,-0.004566813807982976,-0.0021217064848662935
0.0013200528021120846,-0.08906843360347169,-0.014443602218370375,-0.014475613931887933,-0.014042944708826312,-0.004874749591550488,-0.0049714625302892885,-0.0045666249096112345,-0.002121623140064965
0.0013220528821152847,-0.0890590162272065,-0.014442020722723914,-0.014474038251207718,-0.014041408610989662,-0.004874155823522725,-0.004970888006966192,-0.00456608821096482,-0.0021213685479331977
0.0013240529621184847,-0.0890552255063641,-0.014441414500823355,-0.014473432648915992,-0.014040821783126552,-0.004873948566624599,-0.004970683576677648,-0.004565901658729742,-0.002121286294478269
0.001326053042121685,-0.08904585077949477,-0.014439840084955328,-0.014471864021637084,-0.014039292552727208,-0.0048733574196047754,-0.0049701115828682625,-0.004565367311640603,-0.00212103279621598
0.0013280531221248851,-0.08904210280563726,-0.014439240959014518,-0.014471265488874249,-0.014038712608000561,-0.004873152789671172,-0.00496990968786457,-0.004565183116324492,-0.002120951639126198
0.0013300532021280852,-0.08903277092226916,-0.01443767365510968,-0.01446970394707447,-0.014037190276264188,-0.0048725642755067565,-0.004969340235047617,-0.004564651131456934,-0.0021206992396972197
0.0013320532821312853,-0.08902906588735571,-0.01443708165695727,-0.014469112515563563,-0.014036617245554215,-0.004872362284253631,-0.004969140886680351,-0.004564469303605915,-0.0021206191838814246
0.0013340533621344856,-0.08901977703729953,-0.014435521496487701,-0.014467558090610781,-0.014035101843015216,-0.004871776414528904,-0.004968573986080162,-0.004563939691387799,-0.0021203678881395807
0.0013360534421376856,-0.08901611512899049,-0.01443493665723906,-0.01446697379136413,-0.014034535756510251,-0.004871577073408779,-0.004968377195446263,-0.004563760241311349,-0.00212028893839651
0.0013380535221408857,-0.08900686949775433,-0.014433383670963024,-0.014465426513914787,-0.014033027313010536,-0.0048709938594443695,-0.0049678128580322575,-0.0045632330119336735,-0.002120038751085401
0.0013400536021440858,-0.08900325089940236,-0.014432806021018771,-0.014464849377232506,-0.014032468200205518,-0.004870797179645786,-0.004967618635973493,-0.0045630559497041295,-0.002119960912103435
0.001342053682147286,-0.08899404866818245,-0.014431260238979131,-0.014463309277230208,-0.014030966744892941,-0.004870216632498086,-0.004967056872459695,-0.004562531113120461,-0.0021197118378562018
0.0013440537621504862,-0.08899047355882513,-0.014430689808023945,-0.014462739332698954,-0.014030414634588277,-0.004870022624945169,-0.004966865229562197,-0.00456235644857257,-0.0021196351142131983
0.0013460538421536862,-0.08898131490449664,-0.014429151259546535,-0.014461206439372914,-0.014028920195915163,-0.004869444755405803,-0.004966306050406665,-0.004561834014498627,-0.0021193871575523
0.0013480539221568863,-0.08897778345884641,-0.014428588076547406,-0.014460643715864342,-0.01402837511621511,-0.004869253430757613,-0.004966116997000384,-0.004561661757229002,-0.00211931155371531
0.0013500540021600866,-0.08896866855395744,-0.014427056790240162,-0.014459118057728345,-0.014026887721937335,-0.004868678249353001,-0.004965560412404841,-0.004561141735142254,-0.002119064719052349
0.0013520540821632867,-0.08896518094239525,-0.014426500883445473,-0.014458562583397944,-0.01402634970024893,-0.004868489618003194,-0.004965373958563131,-0.004560971894509085,-0.002118990239377465
0.0013540541621664868,-0.08895610995515785,-0.014424976887196931,-0.014457044188248884,-0.014024869377424492,-0.004867917134994099,-0.00496481997847246,-0.004560454293648286,-0.0021187445310129806
0.0013560542421696868,-0.08895266634372463,-0.01442442828413495,-0.014456495990534673,-0.014024338440456257,-0.004867731207070375,-0.0049646361340115715,-0.004560286878770772,-0.0021186711797451297
0.001358054322172887,-0.08894363943800784,-0.014422911605112975,-0.014454984885451449,-0.014022865215444052,-0.004867161432451397,-0.004964084768113383,-0.004559771708135592,-0.0021184266018684193
0.0013600544021760872,-0.08894023998839945,-0.01442237033259099,-0.014454443991072931,-0.014022341389205033,-0.004866978217815178,-0.004963903542592203,-0.004559606727893758,-0.002118354383141205
0.0013620544821792873,-0.08893125732372262,-0.014420860997241746,-0.014452940202415292,-0.014020875287663858,-0.0048664111613143475,-0.004963354800316441,-0.004559093996244359,-0.0021181109398301172
0.0013640545621824874,-0.08892790219328083,-0.01442032708134469,-0.014452406637372274,-0.01402035859746247,-0.004866230669560269,-0.004963176203035924,-0.0045589314592785,-0.0021180398576656286
0.0013660546421856874,-0.08891896392480729,-0.014418825115391689,-0.014450910190779763,-0.014018899644350017,-0.004865666340638768,-0.0049626300935545035,-0.004558421175135255,-0.002117797552886438
0.0013680547221888877,-0.08891565326651542,-0.014418298581481304,-0.014450383980351382,-0.01401839011479302,-0.004865488581094357,-0.0049624541335574444,-0.00455826108984572,-0.0021177276111951047
0.0013700548021920878,-0.08890675954504726,-0.014416804009924317,-0.01444889490074256,-0.014016938334364943,-0.004864926988946035,-0.004961910665783918,-0.004557753261488896,-0.0021174864488023803
0.001372054882195288,-0.08890349350752384,-0.014416284882638082,-0.01444837606948628,-0.014016435989356566,-0.004864751970671374,-0.004961737351854516,-0.004557595636035723,-0.002117417651382822
0.001374054962198488,-0.08889464447949517,-0.014414797729752257,-0.014446894381057482,-0.014014991405165541,-0.004864193124222427,-0.004961196534443736,-0.004557090271505102,-0.0021171776351192155
0.0013760550422016883,-0.08889142320698903,-0.014414286033002693,-0.014446382952808414,-0.014014496267906669,-0.004864020856009831,-0.004961025875107362,-0.004556935113807769,-0.0021171099856581244
0.0013780551222048883,-0.08888261901446096,-0.014412806322337563,-0.014444908679033072,-0.014013058902801474,-0.004863464763918553,-0.004960487716455088,-0.004556432220902389,-0.0021168711191542886
0.0013800552022080884,-0.08887944264684519,-0.0144123020793112,-0.014444404676902842,-0.014012570995788707,-0.004863295254292158,-0.004960319719977918,-0.004556279538639466,-0.0021168046212262565
0.0013820552822112885,-0.08887068342750239,-0.014410829833690103,-0.014442937840530714,-0.014011140871913717,-0.004862741924948601,-0.004959784228220705,-0.004555779124917406,-0.0021165669080007265
0.0013840553622144888,-0.08886755210027117,-0.014410333066846848,-0.01444244128690698,-0.014010660216938843,-0.0048625751821642724,-0.0049596189026095165,-0.004555628925526393,-0.0021165015650681843
0.0013860554422176889,-0.08885883798741587,-0.01440886830836608,-0.014440981909963376,-0.014009237355732972,-0.004862024623689948,-0.004959086085624284,-0.00455513099830448,-0.002116265008527239
0.001388055522220889,-0.0888557518316789,-0.014408379039438476,-0.014440492826508918,-0.014008763973882099,-0.00486186065573486,-0.004958923438626155,-0.004554983288981501,-0.002116200823940288
0.001390055602224089,-0.08884708295422873,-0.014406921789466716,-0.014439040930294184,-0.014007348396078645,-0.004861312875982595,-0.004958393304030104,-0.004554487855335156,-0.0021159654273778788
0.001392055682227289,-0.08884404209670953,-0.014406440039459453,-0.014438559337946641,-0.014006882307731802,-0.004861151690575131,-0.004958233343132261,-0.0045543426430348245,-0.002115902404374286
0.0013940557622304894,-0.08883541857919204,-0.01440499031863717,-0.014437114943035326,-0.014005474033357366,-0.004860606697128766,-0.004957705898282553,-0.00455384970979779,-0.00211566817097192
0.0013960558422336895,-0.08883242314222246,-0.014404516107826247,-0.01443664086200624,-0.014005015258187804,-0.0048604483017182076,-0.004957548630712093,-0.004553707001232998,-0.0021156063126769355
0.0013980559222368895,-0.08882384510477341,-0.014403073936065098,-0.014435203988246827,-0.014003614306562105,-0.004859906101892464,-0.004957023882705754,-0.004553216574997218,-0.0021153732455036147
0.0014000560022400896,-0.08882089520629205,-0.014402607283997712,-0.014434737438021344,-0.01400316286353593,-0.004859750503658876,-0.00495686931542952,-0.0045530763766389315,-0.0021153125549299543
0.00140205608224329,-0.08881236276465193,-0.014401172680480105,-0.014433308104535683,-0.014001769253271349,-0.004859211104499136,-0.0049563472711031745,-0.004552588463754415,-0.0021150806569420876
0.00140405616224649,-0.08880945851820188,-0.014400713605974046,-0.014432849103872358,-0.014001325160647126,-0.004859058310353239,-0.004956195410827638,-0.004552450781831621,-0.002115021136989881
0.00140605624224969,-0.08880097178371521,-0.01439928658915302,-0.014431427329055337,-0.013999938909648292,-0.0048585217186354855,-0.004955676076757544,-0.004551965388406299,-0.002114790411031272
0.0014080563222528901,-0.08879811329844005,-0.01439883511029619,-0.014430975895985286,-0.013999502184976509,-0.0048583717352184445,-0.004955526929928585,-0.004551830228905826,-0.0021147320644879356
0.0014100564022560904,-0.08878967237805034,-0.01439741569789459,-0.014429561697504359,-0.01399812331043984,-0.004857837957448997,-0.0049550103124302676,-0.004551347360805377,-0.0021145025132896533
0.0014120564822592905,-0.08878685975869485,-0.014396971832044962,-0.014429117849331449,-0.013997693970562927,-0.004857690791132394,-0.00495486388523319,-0.004551214729471827,-0.0021144453428299332
0.0014140565622624906,-0.08877846475494716,-0.014395560041055844,-0.014427711244126808,-0.013996322488976802,-0.00485715983354808,-0.004954349990361665,-0.004550734392319775,-0.00211421696901037
0.0014160566422656907,-0.08877569810185493,-0.014395123804841226,-0.014427274997427254,-0.013995900550028853,-0.004857015490433802,-0.004954206288721048,-0.004550604294655462,-0.002114160977196269
0.001418056722268891,-0.08876734911289076,-0.014393719651526986,-0.014425876001711057,-0.013994536477172909,-0.004856487359001564,-0.004953695122270456,-0.0045501264938329015,-0.0021139337832610287
0.001420056802272091,-0.08876462852200238,-0.014393291060844592,-0.01442544737233317,-0.013994121954579282,-0.004856345844921719,-0.004953554151850086,-0.00454999893509775,-0.002113878972541752
0.0014220568822752911,-0.08875632564156208,-0.014391894560737393,-0.014424056001589906,-0.01399276530552473,-0.004855820545338835,-0.004953045719353878,-0.004549523675743449,-0.002113652960883678
0.0014240569622784912,-0.08875365120441651,-0.014391473630754171,-0.01442363500465426,-0.013992358214002331,-0.0048556818658558,-0.004952907485556788,-0.004549398660955064,-0.0021135993335957078
0.0014260570422816915,-0.08874539452183784,-0.0143900847986557,-0.014422251273640595,-0.013991009003111727,-0.004855159403549771,-0.004952401792287605,-0.00454892594796545,-0.002113374506494877
0.0014280571222848916,-0.08874276632557136,-0.01438967154380813,-0.014421837923539833,-0.01399060935666884,-0.0048550235639561465,-0.004952266300256055,-0.004548803481899034,-0.002113322064861891
0.0014300572022880916,-0.08873455592578858,-0.014388290393789471,-0.014420461846284361,-0.01398926759759602,-0.004854503944084628,-0.0049517633512256975,-0.004548333319928075,-0.002113098424485578
0.0014320572822912917,-0.0887319740531348,-0.014387884827783384,-0.014420056156683214,-0.013988875409532189,-0.004854370949403217,-0.004951630605841125,-0.004548213407116451,-0.002113047170618469
0.0014340573622944918,-0.0887238100166808,-0.014386511373185371,-0.014418687746486936,-0.01398754111522261,-0.004853854176854181,-0.004951130405800696,-0.004547745800575835,-0.002112824719021218
0.001436057442297692,-0.08872127454597284,-0.014386113508996667,-0.014418289730322673,-0.013987156398129188,-0.004853724031838177,-0.004951000411683876,-0.0045476284453095745,-0.0021127746549181835
0.0014380575223008922,-0.08871315694898035,-0.014384747762430023,-0.014416928999758983,-0.01398582958081998,-0.004853210111229977,-0.00495050296512381,-0.004547163398368732,-0.002112553394041801
0.0014400576023040922,-0.08871066795414899,-0.014384357612304065,-0.014416538669241082,-0.013985452346579743,-0.004853082820362765,-0.004950375726634762,-0.00454704860469604,-0.002112504521588245
0.0014420576823072923,-0.08870259686834975,-0.014382999585649273,-0.014415185630155777,-0.01398413301779969,-0.0048525717560440355,-0.004949881037784794,-0.004546586121282088,-0.002112284453261816
0.0014440577623104926,-0.08870015441892887,-0.014382617161101903,-0.014414802996766653,-0.013983763277587597,-0.00485244732353961,-0.00494975655902306,-0.004546473893009102,-0.0021122367742305217
0.0014460578423136927,-0.08869212991165772,-0.014381266865510015,-0.014413457660278713,-0.01398245144815781,-0.00485193911958959,-0.0049492646318524776,-0.0045460139768071185,-0.00211201790017049
0.0014480579223168928,-0.08868973407278329,-0.014380892177327461,-0.014413082734773769,-0.01398208921244114,-0.00485181754939248,-0.0049491429166571245,-0.004545904317497877,-0.00211197141622159
0.0014500580023200928,-0.0886817562069784,-0.014379549623219945,-0.01441174511127515,-0.013980784892474975,-0.004851312209620998,-0.004948653754874783,-0.004545446971950906,-0.0021117537380317903
0.0014520580823232931,-0.0886794070393922,-0.01437918268145921,-0.014411377903683206,-0.013980430171013539,-0.004851193505406391,-0.004948534806824517,-0.004545339884927466,-0.0021117084507128294
0.0014540581623264932,-0.0886714758735993,-0.014377847878528796,-0.014410048002839796,-0.013979133369917513,-0.004850691033354153,-0.004948048413879101,-0.0045448851132367084,-0.0021114919698845785
0.0014560582423296933,-0.08866917343365126,-0.014377488692518306,-0.014409688522463639,-0.013978786171764285,-0.004850575198528183,-0.004947932236292512,-0.004544780601579436,-0.0021114478806306303
0.0014580583223328934,-0.08866128902202566,-0.01437616164972931,-0.014408366353215322,-0.013977496898238092,-0.004850075597466805,-0.004947448615372594,-0.004544328406704374,-0.0021112325985427603
0.0014600584023360937,-0.08865903336167738,-0.014375810228069373,-0.014408014608632268,-0.01397715723173984,-0.004849962635166735,-0.004947335211308365,-0.004544226473252004,-0.0021111897086764793
0.0014620584823392937,-0.08865119575398733,-0.01437449095365806,-0.014406700179193604,-0.013975875493777068,-0.004849465908099016,-0.004946854365342666,-0.004543776857910608,-0.0021109756265954597
0.0014640585623424938,-0.08864898692081417,-0.014374147304221168,-0.014406356178255747,-0.0139755433665744,-0.004849355821193277,-0.004946743737599587,-0.0045436775052603556,-0.0021109339373271384
0.001466058642345694,-0.08864119616244442,-0.01437283580569673,-0.01440504949611682,-0.013974269171463273,-0.004848861970853493,-0.004946265669257198,-0.004543230471929337,-0.00211072105640715
0.001468058722348894,-0.08863903419964232,-0.01437249993562881,-0.014404713245952105,-0.013973944590491942,-0.004848754761942184,-0.0049461578203746906,-0.004543133702437368,-0.002110680568834913
0.0014700588023520943,-0.08863129033159972,-0.014371196219773787,-0.014403414317878883,-0.013972677944815772,-0.004848263790796291,-0.004945682532065295,-0.004542689253352309,-0.0021104688901179957
0.0014720588823552943,-0.08862917527798701,-0.014370868135494423,-0.014403085824891686,-0.013972360916307032,-0.004848159462211265,-0.004945577464323492,-0.004542595069133788,-0.0021104296052277902
0.0014740589623584944,-0.08862147833690283,-0.014369572208365624,-0.014401794656926944,-0.013971101825944958,-0.004847671372457077,-0.0049451049581976745,-0.004542153206289451,-0.002110219129643892
0.0014760590423616945,-0.08861941022692538,-0.014369251915568855,-0.0144014739267986,-0.013970792355426222,-0.004847569926262289,-0.004945002673617637,-0.004542061609218817,-0.0021101810483097148
0.0014780591223648948,-0.08861176024506201,-0.014367963782498118,-0.014400190524262729,-0.013969540825554246,-0.004847084719829983,-0.0049445329515671295,-0.004541622334369418,-0.0021099717766768786
0.0014800592023680949,-0.08860973910879996,-0.014367651286153768,-0.01439987756195283,-0.013969238917850086,-0.004846986157821874,-0.004944433451911335,-0.004541533326080765,-0.0021099348996608588
0.001482059282371295,-0.0886021361140557,-0.014366370951748728,-0.014398601929444754,-0.013967994952941818,-0.004846503836374166,-0.004943966515569409,-0.004541096640740288,-0.0021097268326853375
0.001484059362374495,-0.08860016197722696,-0.014366066256102749,-0.01439829673919178,-0.013967700612174979,-0.004846408160081818,-0.0049438698023419846,-0.0045410102226275395,-0.0021096911606378775
0.0014860594423776953,-0.08859260599314121,-0.01436479372424797,-0.014397028880589734,-0.013966464216002259,-0.0048459287250143725,-0.004943405653083688,-0.0045405761280700105,-0.0021094842989142675
0.0014880595223808954,-0.08859067887710825,-0.01436449683282373,-0.014396731465912013,-0.013966177445594228,-0.004845835935700087,-0.004943311727530708,-0.004540492301287317,-0.0021094498323741945
0.0014900596023840955,-0.08858316992286905,-0.014363232106681785,-0.014395471384374683,-0.013964948621228648,-0.0048453593881418585,-0.004942850366473286,-0.004540060798547149,-0.0021092441763856146
0.0014920596823872955,-0.08858128984464633,-0.014362943022281029,-0.014395181748071674,-0.013964669423901075,-0.004845269486801429,-0.004942759229583283,-0.0045399795640092945,-0.0021092109157803797
0.0014940597623904958,-0.08857382793509538,-0.014361686104293326,-0.014393929446039474,-0.013963448173714657,-0.004844795827615145,-0.004942300657586639,-0.004539550653881697,-0.0021090064658986483
0.001496059842393696,-0.0885719949073544,-0.014361404828997542,-0.014393647590192658,-0.013963176551490306,-0.004844708814978291,-0.0049422123100909135,-0.004539472012264409,-0.0021089744115444695
0.001498059922396896,-0.08856458005299506,-0.014360155720885682,-0.014392403069388483,-0.013961962877156755,-0.004844238044760797,-0.0049417565277578655,-0.004539045695305677,-0.00210877116803023
0.001500060002400096,-0.08856279408407197,-0.014359882256056796,-0.014392128995362524,-0.013961698831360532,-0.004844153921291569,-0.00494167097013087,-0.004538969647045927,-0.002108740320132255
0.0015020600824032961,-0.08855542629107567,-0.014358640958823582,-0.01439089225679328,-0.013960492733856274,-0.004843686040374325,-0.004941217977807677,-0.004538545923573941,-0.002108538283135219
0.0015040601624064964,-0.08855368738497954,-0.014358375305105722,-0.014390625965237406,-0.013960236265116503,-0.004843604806271605,-0.004941135210267568,-0.004538472468870582,-0.002108508641787741
0.0015060602424096965,-0.08854636665519418,-0.014357141819036667,-0.014389397009195025,-0.013959037744722123,-0.004843139814721051,-0.004940685008044384,-0.004538051338965174,-0.0021083078113468675
0.0015080603224128966,-0.08854467481161464,-0.014356883976357239,-0.01438913850004464,-0.013958788852972118,-0.004843061469919164,-0.004940605030553512,-0.004537980477779192,-0.0021082793765335776
0.0015100604024160967,-0.08853740114257252,-0.01435565830102188,-0.014387917326107629,-0.013957597909273587,-0.004842599367537369,-0.004940157618264823,-0.00453756194128257,-0.002108079752577262
0.001512060482419297,-0.08853575635688662,-0.014355408268592766,-0.014387666598584705,-0.013957356593752305,-0.004842523911706275,-0.004940080430529997,-0.004537493673337569,-0.002108052524171348
0.001514060562422497,-0.08852852974181384,-0.014354190402845957,-0.014386453205619739,-0.01395617322564244,-0.004842064698031424,-0.004939635807755246,-0.004537077729854913,-0.0021078541065176815
0.0015160606424256971,-0.08852693200509712,-0.014353948179165299,-0.014386210258235358,-0.013955939484896622,-0.004841992130577536,-0.004939561409228518,-0.004537012054637687,-0.0021078280842821524
0.0015180607224288972,-0.08851975243292028,-0.01435273812114881,-0.014385004644398064,-0.013954763690576254,-0.004841535804884415,-0.004939119575292476,-0.004536598703537501,-0.002107630872639111
0.0015200608024320975,-0.08851820173195477,-0.0143525037040023,-0.014384769474953341,-0.013954537522461419,-0.0048414661249510235,-0.004939047965171551,-0.004536535620298431,-0.002107606056226995
0.0015220608824352976,-0.08851106918731191,-0.014351301451146097,-0.014383571637690495,-0.013953369299441073,-0.004841012686251574,-0.0049386089191449,-0.0045361248607130745,-0.0021074100501926912
0.0015240609624384976,-0.08850956550459464,-0.014351074837608712,-0.01438334424327827,-0.01395315070112328,-0.004840945892719528,-0.004938540096373693,-0.004536064368466685,-0.0021073864391472482
0.0015260610424416977,-0.08850247996784531,-0.01434988038663302,-0.014382154179329209,-0.013951990046224863,-0.004840495339763542,-0.004938103837073754,-0.004535656199293032,-0.0021071916382101943
0.001528061122444898,-0.08850102328159946,-0.014349661573070467,-0.014381934556335572,-0.013951779014182068,-0.004840431431251721,-0.00493803780034299,-0.004535598296818546,-0.002107169231965221
0.001530061202448098,-0.0884939847288336,-0.014348474919987047,-0.014380752261733762,-0.013950625923540209,-0.004839983762527384,-0.004937604326334108,-0.00453519271671835,-0.0021069756355045536
0.0015320612824512982,-0.08849257501301845,-0.014348263902057585,-0.014380540405839956,-0.01395042245356421,-0.004839922737393412,-0.004937541074081963,-0.0045351374025602706,-0.0021069544333846193
0.0015340613624544982,-0.08848558341606748,-0.014347085042171654,-0.014379365875914749,-0.013949276922628186,-0.004839477951127983,-0.0049371103836762555,-0.004534734409960887,-0.0021067620406704053
0.0015360614424576985,-0.08848422064038872,-0.01434688181482782,-0.014379161782098766,-0.013949081009826078,-0.004839419807468862,-0.0049370499140889345,-0.004534681682429539,-0.002106742041891115
0.0015380615224608986,-0.08847727596683537,-0.014345710742739664,-0.014377995011477176,-0.01394794303336125,-0.004838977901629251,-0.004936622005346858,-0.004534281275524409,-0.002106550852084578
0.0015400616024640987,-0.08847596009675704,-0.014345515300230196,-0.014377798674015636,-0.013947754672157317,-0.004838922637282062,-0.004936564316359285,-0.004534231132696585,-0.0021065320557528927
0.0015420616824672988,-0.08846906230994833,-0.014344352009837417,-0.014376639656624439,-0.01394662424424741,-0.004838483609575663,-0.004936139187090408,-0.004533833309445997,-0.0021063420679067724
0.0015440617624704988,-0.08846779330670268,-0.014344164345708899,-0.01437645106909443,-0.013946443428384985,-0.004838431222118211,-0.00493608427638688,-0.004533785749165534,-0.0021063244730212443
0.0015460618424736991,-0.08846094236576031,-0.01434300883020785,-0.014375299798161621,-0.013945320542433469,-0.004837995069993474,-0.004935661924150435,-0.004533390507297102,-0.002106135686080023
0.0015480619224768992,-0.08845972018636084,-0.014342828937306993,-0.01437511895344275,-0.013945147264976735,-0.0048379455567450465,-0.0049356097891653326,-0.004533345527175611,-0.0021061192915311482
0.0015500620024800993,-0.08845291604619301,-0.014341681189195057,-0.01437397542149993,-0.013944031913708958,-0.004837512277392277,-0.004935190211271026,-0.004532952864185032,-0.0021059317043313915
0.0015520620824832994,-0.08845174064344644,-0.014341509059670578,-0.014373802311776271,-0.013943866167045045,-0.004837465635414411,-0.004935140849189544,-0.004532910461602492,-0.002105916508901907
0.0015540621624864997,-0.08844498325476116,-0.014340369070748208,-0.014372666510660513,-0.013942758342510391,-0.004837035225766542,-0.00493472404269822,-0.00453252037475423,-0.0021057301201725907
0.0015560622424896997,-0.08844385457727931,-0.014340204696052735,-0.014372501127422619,-0.01394260011835121,-0.004836991451863729,-0.004934677450457073,-0.0045324805468596845,-0.0021057161225377695
0.0015580623224928998,-0.08843714388659599,-0.014339072457425439,-0.0143713730482785,-0.013941499811924706,-0.004836563908597015,-0.004934263412181527,-0.004532093033187603,-0.0021055309309005728
0.0015600624024961,-0.08843606187880941,-0.014338915828317918,-0.014371215382325584,-0.013941349101309187,-0.0048365229993175395,-0.004934219586469739,-0.004532055776899931,-0.002105518129628589
0.0015620624824993002,-0.08842939782847305,-0.01433779133039861,-0.014370095015607603,-0.013940256303694153,-0.0048360983188525265,-0.004933808312975462,-0.0045316708332080735,-0.0021053341335982704
0.0015640625625025003,-0.08842836243064425,-0.01433764243694643,-0.01436994505704988,-0.013940113096990355,-0.004836060270489282,-0.004933767250235198,-0.0045316361452167045,-0.0021053225271505296
0.0015660626425057003,-0.08842174495883752,-0.014336525669457374,-0.014368832392524327,-0.013939027798220085,-0.00483563844899139,-0.004933358737841131,-0.004531253768079981,-0.002105139725135212
0.0015680627225089004,-0.08842075610707438,-0.014336384501038526,-0.014368690130784983,-0.01393889208512731,-0.004835603257582712,-0.0049333204342684065,-0.004531221644845564,-0.0021051293118666994
0.0015700628025121007,-0.0884141851478334,-0.014335275453014093,-0.014367585157532656,-0.013937814274567683,-0.004835184290963358,-0.004932914679047888,-0.004530841830610634,-0.00210494770216831
0.0015720628825153008,-0.08841324277410276,-0.01433514199831958,-0.014367450581350425,-0.013937686044118784,-0.004835151952293842,-0.004932879130593486,-0.004530812268365915,-0.00210493848032793
0.0015740629625185009,-0.08840671825732974,-0.014334040658108142,-0.014366353287768568,-0.013936615710470281,-0.004834735836211081,-0.004932476128374945,-0.0045304350131517976,-0.0021047580611424734
0.001576063042521701,-0.08840582228947286,-0.014333914905144449,-0.014366226385200008,-0.013936494951034063,-0.00483470634581253,-0.0049324433307452245,-0.004530408007902354,-0.002104750028873468
0.001578063122524901,-0.08839934414095164,-0.014332821260411091,-0.014365136759005076,-0.013935432082334318,-0.004834293075672123,-0.004932043077113193,-0.0045300333076014,-0.0021045707982914903
0.0015800632025281013,-0.0883984945026982,-0.014332703196502507,-0.014365017517426944,-0.013935318781617748,-0.004834266428824398,-0.004932013025770979,-0.004530008855126484,-0.0021045639536317715
0.0015820632825313014,-0.08839206264410768,-0.014331617234231304,-0.014363935545656712,-0.013934263365243716,-0.004833855999780562,-0.004931615516066806,-0.004529636705405033,-0.0021043859096386377
0.0015840633625345015,-0.08839125925509102,-0.014331506846022477,-0.014363823951768662,-0.013934157510294526,-0.004833832191512568,-0.004931588206232305,-0.0045296148012583855,-0.002104380250521187
0.0015860634425377015,-0.08838487360402342,-0.014330428552519361,-0.014362749620785162,-0.013933109532965305,-0.00483342459846908,-0.0049311934355552416,-0.004529245197557794,-0.002104203390997604
0.0015880635225409018,-0.08838411637979678,-0.01433032582597792,-0.01436264566061216,-0.013933011110174434,-0.004833403623559684,-0.004931168862206931,-0.004529225837068521,-0.002104198915250879
0.001590063602544102,-0.08837777684976968,-0.014329255186872851,-0.014361578956103935,-0.013931970557953362,-0.004832998861170737,-0.004930776825414927,-0.004528858774605849,-0.0021040232379731768
0.001592063682547302,-0.08837706570182026,-0.014329160107291843,-0.014361482614998798,-0.013931879553057339,-0.0048329807141496576,-0.004930754983290468,-0.004528841952879227,-0.0021040199433215077
0.001594063762550502,-0.0883707722022961,-0.014328097107541885,-0.0143604235219838,-0.013930846411355027,-0.004832578776820891,-0.004930365675001224,-0.004528477426648274,-0.0021038454459621253
0.0015960638425537024,-0.08837010703806399,-0.014328009659542926,-0.014360334784630158,-0.013930762809438968,-0.004832563451969921,-0.004930346558598545,-0.004528463138566771,-0.0021038433300261537
0.0015980639225569024,-0.08836385947446286,-0.014326954283434539,-0.014359283287458212,-0.013929737063015493,-0.004832164333859344,-0.004929959973190358,-0.0045281011433388136,-0.0021036700101540132
0.0016000640025601025,-0.08836324019735554,-0.014326874450970013,-0.014359202137873001,-0.013929660848515357,-0.00483215182521312,-0.004929943576768492,-0.0045280893835628905,-0.002103669070451081
0.0016020640825633026,-0.08835703847107616,-0.01432582668212231,-0.014358158220228866,-0.013928642481483285,-0.004831755520232307,-0.004929559708381371,-0.0045277299138878,-0.0021034969255320575
0.0016040641625665029,-0.08835646498048531,-0.01432575444847846,-0.014358084641765191,-0.013928573638188849,-0.004831745821579447,-0.004929546025961538,-0.004527720676856854,-0.002103497159476664
0.001606064242569703,-0.08835030898891892,-0.014324714269845771,-0.014357048286671203,-0.013927562634015997,-0.004831352323394449,-0.004929164868498212,-0.004527363727063911,-0.002103326186874013
0.001608064322572903,-0.08834978118023981,-0.014324649617645754,-0.014356982262021442,-0.013927501145073667,-0.004831345428278707,-0.004929153893864838,-0.004527357006997347,-0.002103327591778271
0.0016100644025761031,-0.08834367081678857,-0.014323617011520497,-0.014355953451840419,-0.013926497486585648,-0.004830954730311119,-0.004928775440991706,-0.004527002571196197,-0.0021031577887530494
0.0016120644825793032,-0.08834318858143482,-0.014323559922726714,-0.014355894963038485,-0.013926443334500955,-0.004830950632032243,-0.00492876716769339,-0.0045269983620941775,-0.0021031603618270754
0.0016140645625825035,-0.08833712373552959,-0.01432253487074242,-0.014354873679476734,-0.013925447003884166,-0.004830562727460368,-0.004928391412841604,-0.004526646434175867,-0.0021029917255386246
0.0016160646425857036,-0.08833668696095479,-0.014322485326660372,-0.014354822707902058,-0.013925400170525381,-0.0048305614190755145,-0.00492838583419242,-0.0045266447298205805,-0.0021029954638911155
0.0016180647225889036,-0.08833066751807458,-0.014321467809794822,-0.014353808932012333,-0.013924411149330209,-0.004830176300835462,-0.0049280127705590305,-0.004526295303458576,-0.002102827991397538
0.0016200648025921037,-0.08833027608778694,-0.01432142579107536,-0.014353765458391936,-0.013924371615930409,-0.004830177775159994,-0.0049280098796392734,-0.004526296097415011,-0.0021028328920361075
0.001622064882595304,-0.08832430192947498,-0.014320415789653377,-0.014352759170576494,-0.013923389885073714,-0.004829795435946773,-0.004927639500188246,-0.0045259491660661144,-0.0021026665802946908
0.001624064962598504,-0.08832395572305825,-0.014320381276296198,-0.014352723174988629,-0.013923357632234424,-0.004829799685555623,-0.004927639289845822,-0.004525952451683202,-0.002102672640126449
0.0016260650426017042,-0.08831802672694385,-0.014319378769993238,-0.014351724355002567,-0.013922383172003148,-0.004829420117824395,-0.004927271587309253,-0.004525608008588751,-0.0021025074859942344
0.0016280651226049042,-0.08831772562007642,-0.014319351741350099,-0.014351695816879792,-0.013922358179697279,-0.004829427135053192,-0.004927274050160678,-0.004525613779000439,-0.0021025147018262423
0.0016300652026081045,-0.08831184165989117,-0.014318356709194912,-0.014350704443833852,-0.013921390969750985,-0.004829050331020311,-0.004926909017039803,-0.004525271817187211,-0.002102350702060425
0.0016320652826113046,-0.08831158552436438,-0.014318337143972543,-0.014350683341965997,-0.013921373217325733,-0.004829060107966502,-0.0049269141454713625,-0.004525280065313415,-0.002102359070600163
0.0016340653626145047,-0.08830574646996393,-0.014317349564350787,-0.014349699394330048,-0.013920413236700107,-0.004828686059610833,-0.0049265517740378125,-0.004524940577594801,-0.0021021962218586527
0.0016360654426177048,-0.08830553517370232,-0.014317337440614518,-0.014349685706867914,-0.01392040270288047,-0.004828698588134976,-0.004926559560206808,-0.004524951296142634,-0.0021022057397145815
0.001638065522620905,-0.08829974089108636,-0.014316357291272041,-0.014348709162474339,-0.01391944992999061,-0.004828327287199103,-0.004926199842503815,-0.0045246142751197435,-0.002102044038556522
0.0016400656026241051,-0.08829957429816762,-0.014316352586448854,-0.014348702866932437,-0.013919446592882195,-0.004828342558926002,-0.004926210278339563,-0.004524627456584476,-0.002102054702238537
0.0016420656826273052,-0.0882938246494972,-0.014315379844494606,-0.014347733702979003,-0.013918501005525271,-0.004827973996917309,-0.004925853206182973,-0.004524292894647067,-0.0021018941451247304
0.0016440657626305053,-0.08829370262017382,-0.014315382535376772,-0.014347734776239587,-0.013918504842618177,-0.0048279920032374335,-0.004925866283388325,-0.004524308531313447,-0.0021019059510447645
0.0016460658426337054,-0.08828799746379679,-0.01431441717728715,-0.01434677296929367,-0.013917566417977706,-0.004827626171429674,-0.0049255118483681245,-0.004523976420641419,-0.002101746534338353
0.0016480659226369057,-0.08828791985451533,-0.014314427240035565,-0.014346781387609808,-0.013917577406149375,-0.004827646903500295,-0.00492552755842044,-0.004523994504584642,-0.002101759478810845
0.0016500660026401057,-0.08828225904498198,-0.014313469241656725,-0.014345826913610865,-0.013916646120797583,-0.004827283792934536,-0.00492517575190167,-0.00452366483714879,-0.002101601198777689
0.0016520660826433058,-0.08828222570840377,-0.014313486651804187,-0.014345842652609622,-0.013916664236316153,-0.004827307241680936,-0.004925194086054073,-0.00452368536023564,-0.0021016152780201
0.001654066162646506,-0.08827660909649301,-0.014312535988356655,-0.014344895486873633,-0.013915740066218246,-0.004826946843167156,-0.00492484489917837,-0.004523358127799151,-0.002101458130829452
0.0016560662426497062,-0.08827661988151778,-0.014312560720811877,-0.014344918521560425,-0.01391576528474656,-0.004826972999284206,-0.00492486584846122,-0.004523381081689403,-0.0021014733409629163
0.0016580663226529063,-0.0882710473142552,-0.014311617366893356,-0.014343978638782829,-0.013914848205263636,-0.004826615303402422,-0.004924519272147925,-0.004523056275808845,-0.0021013173226878987
0.0016600664026561063,-0.08827110206604076,-0.014311649395944204,-0.014344008943544222,-0.013914880501862051,-0.004826644157355673,-0.004924542827369872,-0.004523081651956206,-0.002101333659737682
0.0016620664826593064,-0.0882655733867213,-0.014310713325533535,-0.014343076317803695,-0.01391397048775474,-0.0048262891544573125,-0.004924198852317306,-0.004522759263982729,-0.002101178766355836
0.0016640665626625067,-0.08826567194670681,-0.014310752624850853,-0.014343113866411593,-0.013914009836885274,-0.004826320696484479,-0.004924225004066781,-0.004522787053636236,-0.0021011962262519526
0.0016660666426657068,-0.08826018699491936,-0.01430982381131187,-0.014342188471174064,-0.013913106862317707,-0.004825968376693887,-0.004923883620753772,-0.004522467074717054,-0.0021010424536459142
0.0016680667226689069,-0.08826032920084656,-0.014309870353953055,-0.014342233236789022,-0.013913153237847167,-0.004826002596806152,-0.004923912359400179,-0.004522497268922174,-0.0021010610322236725
0.001670066802672107,-0.08825488781249306,-0.014308948770037936,-0.014341315044910898,-0.013912257276389997,-0.004825652950021774,-0.004923573558087132,-0.004522179690001436,-0.00210090837618162
0.0016720668826753072,-0.08825507349843105,-0.014309002528451078,-0.014341367000086251,-0.013912310651594062,-0.004825689838005276,-0.004923604873782326,-0.004522212279601458,-0.0021009280691822495
0.0016740669626785073,-0.0882496755057521,-0.014308088146304458,-0.014340455983818622,-0.01391142167622869,-0.004825342853901207,-0.004923268644512803,-0.0045218970914218,-0.0021007765253985723
0.0016760670426817074,-0.08824990450211788,-0.014308149092331638,-0.014340515100503992,-0.013911482023795257,-0.0048253823993183245,-0.004923302527192323,-0.004521932067058973,-0.0021007973284697633
0.0016780671226849075,-0.08824454973371354,-0.014307241883494201,-0.014339611231495993,-0.013910600006917117,-0.004825038067345615,-0.004922968859794213,-0.004521619260162617,-0.00210064689254561
0.0016800672026881078,-0.08824482186729748,-0.014307309988375781,-0.014339677481041327,-0.013910667298950238,-0.004825080259536487,-0.004923005299178743,-0.004521656612279503,-0.002100668801242135
0.0016820672826913078,-0.08823951014815384,-0.014306409923788552,-0.014338780730344752,-0.013909792212373083,-0.004824738568924761,-0.004922674183265899,-0.004521346177009706,-0.002100519468686073
0.001684067362694508,-0.08823982524214283,-0.014306485158167051,-0.014338854083504342,-0.013909866420396948,-0.004824783397008765,-0.00492271316886272,-0.004521385895850524,-0.002100542478470434
0.001686067442697708,-0.08823455639365275,-0.014305592208174853,-0.014337964421576685,-0.013908998235356162,-0.004824444336767447,-0.004922384593836121,-0.004521077822352757,-0.002100394244698985
0.001688067522700908,-0.08823491426765202,-0.014305674542098551,-0.014338044848512562,-0.013909079330318451,-0.00482449178964451,-0.004922426114940339,-0.0045211198979645565,-0.0021004183509419016
0.0016900676027041084,-0.08822968810764169,-0.014304788676454464,-0.014337162245221885,-0.01390821801747531,-0.004824155348564514,-0.004922100069989721,-0.004520814176187868,-0.002100271211280245
0.0016920676827073084,-0.08823008857770416,-0.014304878079382247,-0.014337249715508914,-0.013908305969751933,-0.004824205414916905,-0.004922144115686017,-0.004520858598422133,-0.002100296409261487
0.0016940677627105085,-0.08822490492045626,-0.014303999267251417,-0.014336374140137298,-0.01390745149919743,-0.004823871581572029,-0.004921820589791211,-0.0045205552181205675,-0.002100150358944009
0.0016960678427137086,-0.08822534779910042,-0.014304095708055653,-0.014336468622765877,-0.013907546278595403,-0.004823924249865435,-0.004921867148954928,-0.004520601976634209,-0.00210017664385277
0.001698067922716909,-0.08822020645537852,-0.014303223918019392,-0.014335600044013653,-0.013906698619854095,-0.004823593012613846,-0.004921546130887303,-0.004520300927368066,-0.0021000316780237427
0.001700068002720109,-0.08822069155162053,-0.014303327364991486,-0.014335701507395193,-0.01390680019561664,-0.004823648271099368,-0.0049215951921863085,-0.004520350011625146,-0.0021000590449595197
0.001702068082723309,-0.08821559232869673,-0.014302462565051754,-0.014334839893385439,-0.013905959317651144,-0.0048233196180853385,-0.004921276670510441,-0.004520051282762534,-0.0020999151586737646
0.0017040681627265091,-0.08821611944806958,-0.014302572985905097,-0.014334948305355515,-0.013906067658461014,-0.004823377454800662,-0.004921328222406296,-0.004520102682035412,-0.0020999436026468464
0.0017060682427297094,-0.08821106214974517,-0.01430171514348798,-0.01433409362363747,-0.013905233529675239,-0.004823051373955754,-0.004921012185481179,-0.0045198062627533255,-0.0020998007908702766
0.0017080683227329095,-0.08821163109432736,-0.014301832505362851,-0.0143342089514605,-0.013905348603659008,-0.00482311177672692,-0.00492106621623079,-0.004519859966124177,-0.0020998303068024407
0.0017100684027361096,-0.0882066155209652,-0.014300981587324,-0.014333361169014984,-0.013904521191903461,-0.004822788255772056,-0.004920752652211728,-0.004519565845410332,-0.0020996885644129167
0.0017120684827393096,-0.08820722608940659,-0.014301105856791849,-0.014333483379388562,-0.013904642966636044,-0.0048228512122150255,-0.004920809149868968,-0.004519621841772601,-0.0020997191471381405
0.00171406856274251,-0.08820225203795005,-0.014300261829419523,-0.014332642462630968,-0.013903822239210856,-0.004822530238661589,-0.004920498046708705,-0.004519330008426477,-0.0020995784689258937
0.00171606864274571,-0.08820290402549597,-0.014300392972486833,-0.014332771521689772,-0.013903950681718983,-0.00482259573618369,-0.004920556999125742,-0.004519388286486148,-0.0020996101131909297
0.00171806872274891,-0.08819797128949951,-0.014299555801507038,-0.014331937436475315,-0.013903136605378844,-0.004822277297335441,-0.00492024834457632,-0.004519098729120676,-0.0020994704938594264
0.0017200688027521102,-0.08819866448802094,-0.014299693783620535,-0.014332073309796236,-0.013903271682146296,-0.004822345323137302,-0.0049203097394054755,-0.004519159277397993,-0.0020995031943245993
0.0017220688827553102,-0.0881937728576766,-0.014298863434201317,-0.014331246021424144,-0.013902464223104623,-0.00482202940609196,-0.0049200035210197205,-0.004518871984440976,-0.002099364628491146
0.0017240689627585105,-0.08819450705569169,-0.014299008220251385,-0.014331388674029664,-0.013902605900075377,-0.004822099947168735,-0.004920067345714672,-0.004518934791271586,-0.002099398379730901
0.0017260690427617106,-0.08818965631785255,-0.014298184657006963,-0.014330568147247197,-0.013901805024008312,-0.004821786538819463,-0.0049197635508477075,-0.004518649750967042,-0.0020992608619272964
0.0017280691227649107,-0.0881904313005589,-0.014298336211332996,-0.014330717543610842,-0.013901953266591998,-0.004821859581962853,-0.0049198297926654816,-0.004518714804503822,-0.0020992956584310143
0.0017300692027681108,-0.08818562123877162,-0.01429751939832886,-0.014329903742618624,-0.013901158938643347,-0.004821548669000219,-0.004919528408476499,-0.004518432004913705,-0.002099159183104352
0.001732069282771311,-0.08818643678806863,-0.014297677684723153,-0.014330059846668724,-0.01390131371171874,-0.004821624200799906,-0.004919597054478757,-0.004518499293127969,-0.0020991950192769423
0.0017340693627745111,-0.08818166718259533,-0.014296867585479862,-0.014329252735124282,-0.013900525896503764,-0.004821315769713213,-0.00491929806793244,-0.004518218722133464,-0.0020990595807901854
0.0017360694427777112,-0.08818252307711644,-0.014297032567192718,-0.014329415510249062,-0.013900687164423822,-0.004821393776558681,-0.0049193691049873685,-0.004518288232816679,-0.002099096450952887
0.0017380695227809113,-0.08817779370496694,-0.01429622914469129,-0.014328615051272295,-0.013899905826034209,-0.004821087813637971,-0.004919072502855729,-0.004518009878119891,-0.0020989620435856965
0.0017400696027841116,-0.0881786897201041,-0.014296400784435248,-0.014328784460324226,-0.013900073552630388,-0.004821168281720161,-0.004919145917639545,-0.004518081598885142,-0.002098999941976733
0.0017420696827873117,-0.08817400035505966,-0.014295604001120905,-0.014327990616501208,-0.01389929865463822,-0.004820864773057673,-0.004918851686503374,-0.00451780544801047,-0.0020988665599260543
0.0017440697627905117,-0.08817493626299257,-0.01429578226107556,-0.014328166621801593,-0.013899472803224767,-0.004820947688370673,-0.004918927465501974,-0.004517879366293971,-0.0020989054807013514
0.0017460698427937118,-0.08817028667563893,-0.014294992078863498,-0.01432737935519017,-0.013898704308687873,-0.004820646619862851,-0.004918635591752812,-0.004517605406589879,-0.0020987731180823078
0.0017480699227969121,-0.08817126224536416,-0.014295176920680249,-0.014327561918533996,-0.013898884842066717,-0.004820731968205721,-0.00491871372126356,-0.004517681509652616,-0.002098813055316261
0.0017500700028001122,-0.08816665220311512,-0.014294393300959217,-0.014326781190667532,-0.013898122713532232,-0.004820433325554655,-0.004918424191104981,-0.004517409728292952,-0.002098681706162695
0.0017520700828033123,-0.08816766720047303,-0.014294584685765882,-0.014326970273328134,-0.013898309593997455,-0.00482052109253311,-0.004918504657238332,-0.004517488003222164,-0.0020987226538488626
0.0017540701628065123,-0.08816309646760363,-0.014293807589403955,-0.014326196045221078,-0.013897553793507446,-0.004820224861248569,-0.004918217456688073,-0.004517218387208016,-0.0020985923121142323
0.0017560702428097124,-0.08816415065530946,-0.014294005477809754,-0.014326391607955043,-0.013897746982849908,-0.004820315032276794,-0.004918300245369321,-0.004517298820918883,-0.0020986342641661168
0.0017580703228129127,-0.0881596189929814,-0.014293234865158481,-0.014325623840107148,-0.013896997471945284,-0.004820021197677791,-0.004918015360260637,-0.004517031357079907,-0.0020985049237241295
0.0017600704028161128,-0.08816071213065199,-0.014293439217258603,-0.01432582584315877,-0.013897196931457296,-0.004820113757980157,-0.004918100457231563,-0.004517113936317057,-0.0020985478739758597
0.0017620704828193129,-0.08815621929694636,-0.014292675048158305,-0.014325064495560452,-0.013896453671183091,-0.004819822305196995,-0.004917817873215293,-0.004516848611313341,-0.002098419528621314
0.001764070562822513,-0.08815735114113242,-0.014292885823539268,-0.01432527289866716,-0.013896659361663424,-0.004819917239810012,-0.004917905264036072,-0.004516933322652647,-0.002098463470828504
0.0017660706428257132,-0.08815289689107582,-0.014292128057323555,-0.014324517930803868,-0.013895922312573151,-0.004819628153785783,-0.004917624966582094,-0.0045166701229761175,-0.0020983361142779635
0.0017680707228289133,-0.08815406719528879,-0.014292345215067474,-0.014324732693200634,-0.013896134194331318,-0.004819725447559729,-0.004917714636632841,-0.004516756952826056,-0.0020983810421183425
0.0017700708028321134,-0.08814965128088564,-0.01429159381056851,-0.014323984064058135,-0.013895403316491911,-0.004819438713052401,-0.004917436611032025,-0.004516495864802256,-0.002098254668010943
0.0017720708828353135,-0.08815085979563052,-0.014291817309258851,-0.014324205144482845,-0.01389562134935367,-0.004819538350653381,-0.004917528545514824,-0.00451658479940588,-0.002098300575085269
0.0017740709628385138,-0.08814648196589273,-0.014291072224812273,-0.014323462812552172,-0.01389489660235052,-0.004819253952237538,-0.004917252776880788,-0.004516325809195663,-0.0020981751769835076
0.0017760710428417138,-0.08814772843869549,-0.014291302022538085,-0.014323690169250168,-0.013895120745661979,-0.004819355918149093,-0.0049173469608212155,-0.004516416834631955,-0.0020982220568161896
0.001778071122844914,-0.08814338843967126,-0.014290563215987874,-0.014322954092532465,-0.013894402088603465,-0.004819073840217758,-0.004917073434092021,-0.004516159928232972,-0.0020980976282066553
0.001780071202848114,-0.08814467261511123,-0.014290799270349411,-0.014323187683261965,-0.013894632301236536,-0.004819178118742903,-0.004917169852341161,-0.004516253030418755,-0.0020981454742466585
0.0017820712828513143,-0.0881403701899186,-0.014290066699053298,-0.014322457819273795,-0.013893919692759354,-0.004818898345509574,-0.004916898552281332,-0.004515998193667387,-0.002098022008540868
0.0017840713628545144,-0.08814169180965854,-0.014290308967166834,-0.014322697601310828,-0.013894155933116575,-0.004819004920772628,-0.0049169971895174636,-0.004516093358358911,-0.002098070814162437
0.0017860714428577144,-0.08813742669851236,-0.014289582588000917,-0.014321973907088836,-0.013893449331390115,-0.0048187274362728955,-0.004916728100719527,-0.004515840576931657,-0.0020979483046975394
0.0017880715228609145,-0.08813878550132928,-0.014289831026504012,-0.014322219837232336,-0.013893691557409429,-0.004818836292221353,-0.004916828941450025,-0.004515937789726293,-0.002097998063200995
0.0017900716028641148,-0.08813455744157728,-0.014289110795868629,-0.014321502269339204,-0.013892990920141674,-0.0048185610803151546,-0.004916562048336705,-0.004515687049141897,-0.002097876503240725
0.001792071682867315,-0.08813595316339373,-0.014289365360925198,-0.014321754303916173,-0.013893239089301724,-0.0048186722007216454,-0.004916665076899863,-0.00451578629547991,-0.0020979272078532948
0.001794071762870515,-0.08813176188954161,-0.014288651234749207,-0.014321042818444566,-0.01389254437374314,-0.0048183992450947745,-0.004916400363725495,-0.004515537581100583,-0.002097806590588546
0.001796071842873715,-0.08813319426345742,-0.014288911882054837,-0.0143213009133154,-0.013892798443068129,-0.004818512613558981,-0.004916505564292423,-0.004515638846266812,-0.0020978582344651294
0.0017980719228769151,-0.08812903950720592,-0.01428820381580179,-0.014320595465894485,-0.01389210960601789,-0.004818241897725401,-0.004916243015145274,-0.004515392143300427,-0.0020977385530149997
0.0018000720028801154,-0.08813050826353039,-0.014288470500589057,-0.014320859576458048,-0.013892369532082874,-0.004818357497676002,-0.004916350371721769,-0.004515495412426122,-0.0020977911292390248
0.0018020720828833155,-0.08812638975380463,-0.014287768449261723,-0.014320160122257841,-0.013891686529893173,-0.004818089004979579,-0.004916089970525599,-0.004515250705927687,-0.0020976723766514675
0.0018040721628865156,-0.0881278946200854,-0.014288041126305044,-0.01432043020345667,-0.01389195226882883,-0.004818206819676056,-0.004916199466953879,-0.004515355963992046,-0.002097725878235626
0.0018060722428897156,-0.08812381208306617,-0.01428734504445115,-0.014319736697193683,-0.013891275057410297,-0.0048179405332925505,-0.0049159411974699935,-0.004515113238865535,-0.002097608047488335
0.001808072322892916,-0.08812535278412652,-0.014287623668072869,-0.014320012703519716,-0.013891546564908673,-0.004818060545827481,-0.004916052817430911,-0.004515220470697788,-0.0020976624673755373
0.001810072402896116,-0.08812130594328484,-0.01428693350979037,-0.014319325099462321,-0.013890875099735774,-0.004817796448766593,-0.00491579666326004,-0.0045149797116979945,-0.002097545551376774
0.001812072482899316,-0.08812288220125093,-0.01428721803386537,-0.014319606984961642,-0.01389115233105483,-0.0048179186420672674,-0.004915910390274665,-0.004515088901978879,-0.002097600882440828
0.0018140725629025162,-0.0881188707773778,-0.01428653375280764,-0.014318925236935228,-0.013890486567170625,-0.0048176567171745125,-0.004915656334858822,-0.004514850093713027,-0.0020974848740302194
0.0018160726429057165,-0.08812048231171457,-0.014286824130769281,-0.014319212955213968,-0.013890769477140057,-0.004817781074005228,-0.004915772152290649,-0.004514961226976834,-0.0020975411090767924
0.0018180727229089165,-0.088116506022957,-0.01428614568015098,-0.014318537016606724,-0.013890109369162087,-0.004817521303964111,-0.00491552017891521,-0.00451472435390664,-0.002097426001026223
0.0018200728029121166,-0.08811815255049905,-0.014286441864996223,-0.01431883052083613,-0.013890397912188168,-0.004817647806927955,-0.004915638069971885,-0.004514837414542795,-0.002097483132793595
0.0018220728829153167,-0.08811421111238815,-0.014285769197598006,-0.014318160344603828,-0.013889743414312912,-0.0048173901742617296,-0.004915388161767307,-0.004514602460985951,-0.002097368917807955
0.001824072962918517,-0.08811589234737441,-0.01428607114189302,-0.014318459587525957,-0.013890037544384115,-0.00481751880580275,-0.0049155081095027305,-0.004514717433241004,-0.0020974269389679055
0.001826073042921717,-0.08811198547286395,-0.01428540421006797,-0.014317795126198251,-0.013889388610393256,-0.004817263292876746,-0.004915260249446809,-0.0045144843833733305,-0.0020973136096860863
0.0018280731229249171,-0.08811370112696987,-0.014285711865953746,-0.014318100060131473,-0.013889688281085543,-0.004817394035281982,-0.0049153822367630495,-0.004514601251352739,-0.002097372512844754
0.0018300732029281172,-0.08810982852646512,-0.014285050621632005,-0.014317441265816622,-0.013889044864350466,-0.004817140624305365,-0.0049151364076825904,-0.004514370089209754,-0.0020972600618403272
0.0018320732829313173,-0.08811157830883529,-0.0142853639408296,-0.014317751842660788,-0.013889350028832381,-0.00481727345970675,-0.004915260417331812,-0.004514488836879623,-0.0020973198395390106
0.0018340733629345176,-0.08810773969022963,-0.014284708335524645,-0.014317098667051878,-0.013888712082320336,-0.004817022132734826,-0.0049150166019049,-0.004514259546358552,-0.0020972082593212473
0.0018360734429377177,-0.08810952330751355,-0.014285027269341081,-0.014317414838294358,-0.013889022693358805,-0.004817157043111433,-0.004915142616491442,-0.004514380157547664,-0.002097268904037336
0.0018380735229409177,-0.0881057183762204,-0.014284377254154832,-0.01431676723267429,-0.013888390169637745,-0.004816907782047512,-0.004914900797249183,-0.004514152722409217,-0.002097158187051947
0.0018400736029441178,-0.08810753553260428,-0.014284701753488473,-0.014317088949395219,-0.013888706179603258,-0.004817044749227473,-0.004915028799231526,-0.004514275180810708,-0.002097219691199742
0.0018420736829473181,-0.08810376399159138,-0.014284057279117194,-0.014316446864642783,-0.013888079030847567,-0.004816797535825067,-0.00491478895856023,-0.0045140495846809825,-0.0020971098298298236
0.0018440737629505182,-0.08810561438883319,-0.014284387294463512,-0.01431677407752079,-0.013888400391719787,-0.004816936541487769,-0.004914918930252992,-0.004514173873854348,-0.0020971721857614097
0.0018460738429537183,-0.08810187593865773,-0.014283748311203407,-0.014316137464116061,-0.013887778569715846,-0.004816691357352678,-0.0049146810503961445,-0.00451395010022672,-0.002097063172328296
0.0018480739229569183,-0.08810375927612138,-0.014284083792660676,-0.014316470123434063,-0.013888105233089072,-0.004816832383030817,-0.004914812973972155,-0.004514076203599641,-0.002097126372334459
0.0018500740029601186,-0.08810005361496237,-0.014283450250413419,-0.014315838931464058,-0.013887488689240493,-0.004816589209623127,-0.004914577037032391,-0.004513854235836571,-0.0020970181990985787
0.0018520740829633187,-0.08810196958965172,-0.01428379114768836,-0.014316176987114695,-0.0138878206063292,-0.004816732236704781,-0.004914710894524677,-0.004513982136706843,-0.0020970822354096316
0.0018540741629665188,-0.08809829641334646,-0.014283162995967108,-0.014315551166279193,-0.013887209291662664,-0.0048164910553411275,-0.004914476882465939,-0.00451376195804188,-0.0020969748945714145
0.0018560742429697189,-0.08810024471994078,-0.014283509258380678,-0.01431589456777084,-0.013887546413307117,-0.0048166360650719695,-0.004914612655769807,-0.004513891639579274,-0.0020970397593581412
0.0018580743229729192,-0.08809660372201833,-0.01428288644631562,-0.01431527406738809,-0.013886940278477823,-0.004816396856927548,-0.004914380550419302,-0.004513673233118913,-0.002096933243058913
0.0018600744029761192,-0.08809858405290527,-0.014283238022808615,-0.014315622763850235,-0.0138872825551495,-0.0048165438304128404,-0.004914518221294372,-0.004513804678367093,-0.002096998928433389
0.0018620744829793193,-0.08809497492462179,-0.014282620499152786,-0.014315007532862599,-0.013886681550446723,-0.004816306576523568,-0.004914288004344666,-0.0045135880270926985,-0.0020968932287562347
0.0018640745629825194,-0.08809698696993438,-0.014282977338291952,-0.014315361473052048,-0.013887028932254231,-0.004816455494730444,-0.004914427554417005,-0.004513721218971205,-0.0020969597267727963
0.0018660746429857195,-0.08809340940030803,-0.014282365051427146,-0.01431475146003203,-0.013886433007607207,-0.00481622017599518,-0.004914199207428129,-0.004513506305740923,-0.0020968548357435065
0.0018680747229889198,-0.08809545284795878,-0.014282727101410752,-0.014315110592338365,-0.0138867854443017,-0.004816371019754716,-0.004914340618192228,-0.004513641227047045,-0.002096922138399585
0.0018700748029921198,-0.08809190652380523,-0.014282119999353237,-0.014314505745494196,-0.01388619454928497,-0.0048161376169373014,-0.004914114122593719,-0.004513428034597809,-0.0020968180479875053
0.00187207488299532,-0.08809398105952124,-0.01428248720801706,-0.014314870017945765,-0.013886551990265828,-0.004816290366946689,-0.004914257375414674,-0.004513564668008529,-0.0020968861472245963
0.00187407496299852,-0.08809046566548877,-0.014281885238423503,-0.01431427028512745,-0.013885966074105206,-0.004816058860678231,-0.004914032712507709,-0.004513353178957923,-0.002096782849343561
0.0018760750430017203,-0.08809257097284827,-0.014282257553246702,-0.014314639645397313,-0.013886328468426083,-0.004816213497502984,-0.004914177788623321,-0.00451349150703195,-0.002096851737048085
0.0018780751230049204,-0.08808908619145256,-0.01428166066342007,-0.014314044974102288,-0.013885747480004089,-0.00481598386828391,-0.004913954939582774,-0.004513281703880183,-0.0020967492235573135
0.0018800752030081204,-0.08809122195191928,-0.014282038031530938,-0.014314419369513881,-0.013886114776378092,-0.004816140372360017,-0.004914101820105574,-0.0045134217090598075,-0.002096818891561538
0.0018820752830113205,-0.08808776746358145,-0.014281446168426576,-0.014313829706893199,-0.013885538664240187,-0.004815912600562414,-0.0049138807659822245,-0.0045132135741917725,-0.002096717154266594
0.0018840753630145208,-0.08808993335654124,-0.01428182853660874,-0.014314209084426517,-0.01388591081104615,-0.004816070952198538,-0.004914029431901696,-0.004513355238804897,-0.0020967875943495684
0.001886075443017721,-0.08808650883962077,-0.014281241646839955,-0.01431362437729044,-0.013885339523405826,-0.004815845018068178,-0.004913810153624218,-0.004513148754492009,-0.002096686625003203
0.001888075523020921,-0.08808870454241717,-0.014281628961538144,-0.014314008683587787,-0.013885716468693804,-0.004816005197447858,-0.004913960585808843,-0.004513292060754121,-0.00209675782889165
0.001890075603024121,-0.08808530967325097,-0.014281046991382659,-0.014313428878412172,-0.013885149953439166,-0.004815781081106636,-0.004913743064186123,-0.004513087209156435,-0.0020966576191948218
0.0018920756830273213,-0.0880875348612214,-0.014281439198708801,-0.014313818059784152,-0.013885531644936317,-0.0048159430682905005,-0.004913895243385593,-0.004513232139172561,-0.0020967295785640967
0.0018940757630305214,-0.08808416931415683,-0.014280862094114279,-0.014313243102716026,-0.01388496984963518,-0.004815720749738376,-0.004913679459108646,-0.004513028902340638,-0.002096630120166784
0.0018960758430337215,-0.08808642366066946,-0.014281259139853524,-0.014313637105147733,-0.01388535623475171,-0.004815884524666391,-0.00491383336595598,-0.004513175438107432,-0.002096702826641793
0.0018980759230369216,-0.08808308710810417,-0.014280686846444063,-0.014313066942011616,-0.013884799106658026,-0.004815663983783884,-0.004913619299600351,-0.004512973797984469,-0.0020966041111440386
0.0019000760030401219,-0.08808537028459287,-0.014281088676060694,-0.014313465711168311,-0.013885190132492885,-0.004815829526277545,-0.004913774914614024,-0.004513121921392083,-0.0020966775563001417
0.001902076083043322,-0.08808206239700729,-0.01428052113914243,-0.014312900287471942,-0.013884637618552147,-0.004815610742827694,-0.00491356254664171,-0.004512921859815764,-0.002096579575252892
0.001904076163046522,-0.08808437407301073,-0.014280927697786187,-0.01431330376870549,-0.013885033231899031,-0.004815778032592324,-0.004913719850227895,-0.004513071552650011,-0.0020966537506168963
0.001906076243049722,-0.08808109451900878,-0.014280364862353751,-0.014312743029646212,-0.013884485278754567,-0.004815560986223229,-0.00491350916098971,-0.004512873051354689,-0.0020965564955230265
0.0019080763230529222,-0.08808343436220388,-0.01428077609486567,-0.014313151168000936,-0.01388488542610786,-0.004815730002850169,-0.004913668133444362,-0.004513024295298962,-0.002096631392574071
0.0019100764030561225,-0.08808018280854649,-0.014280217905607998,-0.014312595058471399,-0.013884341980106438,-0.004815514673096974,-0.004913459103181972,-0.004512827335917536,-0.0020965348548892355
0.0019120764830593225,-0.08808255048478845,-0.014280633756526611,-0.01431300779869012,-0.01388474660766694,-0.0048156853960658625,-0.004913619724693088,-0.004512980112554836,-0.002096610465059781
0.0019140765630625226,-0.0880793265964332,-0.01428008015783345,-0.014312456263284996,-0.013884207614865047,-0.004815471762353278,-0.00491341233354138,-0.0045127846766209855,-0.0020965146361934628
0.0019160766430657227,-0.08808172176978987,-0.014280500571400952,-0.01431287354981523,-0.013884616668546188,-0.004815644171034292,-0.004913574584191126,-0.004512938967436007,-0.0020965909508701987
0.001918076723068923,-0.0880785252099249,-0.014279951507368483,-0.014312326532836508,-0.01388408207471559,-0.004815432212678585,-0.004913368812180108,-0.0045127450363859544,-0.0020964958221865388
0.001920076803072123,-0.0880809475427156,-0.014280376427536821,-0.014312748309836663,-0.013884495500149094,-0.004815606286334772,-0.004913532671947072,-0.004512900822767083,-0.0020965728327113618
0.0019220768830753231,-0.0880777779728002,-0.01427983184197434,-0.014312205755300521,-0.013883965250783158,-0.004815395982546304,-0.00491332849900441,-0.004512708377941894,-0.0020964783955302367
0.0019240769630785232,-0.08808022712563271,-0.01428026121241155,-0.014312631966645985,-0.013884382993325542,-0.004815571700335858,-0.004913493947765783,-0.004512865641183333,-0.002096556093201198
0.0019260770430817235,-0.08807708420543206,-0.014279721048847322,-0.014312093818288603,-0.01388385703364509,-0.004815363030221192,-0.004913291353718772,-0.004512674663830826,-0.0020964623387990855
0.0019280771230849236,-0.08807955983723825,-0.014280154812943476,-0.014312524407577808,-0.013884279038382944,-0.0048155403711996145,-0.004913458371252514,-0.004512833385134518,-0.0020965407148713215
0.0019300772030881237,-0.08807644322486236,-0.014279619014631064,-0.014311990608861633,-0.013883757313342317,-0.004815333313763899,-0.004913257335830406,-0.004512643856411379,-0.002096447634482297
0.0019320772830913237,-0.08807894499293904,-0.014280057115504726,-0.014312425519422512,-0.01388418352509912,-0.004815512256886521,-0.004913425901817596,-0.004512804016889238,-0.002096526680169051
0.001934077363094524,-0.08807585434487923,-0.014279525625429204,-0.014311896013542404,-0.01388366597939216,-0.0048153067910357405,-0.004913226404653776,-0.004512615917863027,-0.002096434264985729
0.0019360774430977241,-0.08807838190492226,-0.014279968005933563,-0.0143123351884384,-0.0138840963427337,-0.0048154873151598256,-0.004913396498680676,-0.004512777498538856,-0.002096513971459244
0.0019380775231009242,-0.08807531687608872,-0.014279440766817699,-0.01431180991832787,-0.013883582920799756,-0.004815283419703104,-0.004913198519314885,-0.0045125908101901705,-0.0020964222126337523
0.0019400776031041243,-0.08807786988223343,-0.014279887369546853,-0.0143122533003643,-0.013884017380040699,-0.0048154655035902855,-0.00491337012087534,-0.004512753792001868,-0.002096502571026309
0.0019420776831073243,-0.0880748301259953,-0.014279364323857664,-0.014311732208701982,-0.013883508026071068,-0.004815263157242317,-0.004913173638756021,-0.00451256849522638,-0.0020964114596712783
0.0019440777631105246,-0.08807740823085161,-0.014279815091152729,-0.014312179740432036,-0.013883946525280525,-0.004815446779560788,-0.004913346727253506,-0.004512732859027855,-0.002096492461076072
0.0019460778431137247,-0.08807439339907136,-0.014279296181107235,-0.014311662769647545,-0.01388344118322397,-0.004815245960943974,-0.004913151721739852,-0.004512548934638361,-0.0020964019882655726
0.0019480779231169248,-0.08807699625376522,-0.014279751055063034,-0.014312114393379061,-0.013883883666232177,-0.004815431100270991,-0.004913326276489964,-0.004512714661201858,-0.0020964836237377894
0.0019500780031201249,-0.08807400599683914,-0.014279236222635107,-0.01431160148565961,-0.013883382279801626,-0.004815231787917892,-0.004913132726854369,-0.004512532089930408,-0.002096393780508306
0.0019520780831233252,-0.0880766332510471,-0.014279695145106071,-0.014312057143460764,-0.013883828690205524,-0.004815418422741952,-0.0049133087270868195,-0.004512699159948357,-0.002096476041066013
0.001954078163126525,-0.08807366721794246,-0.014279184332032424,-0.014311548240757317,-0.013883331202883754,-0.004815220595097603,-0.004913116612517002,-0.0045125179224483735,-0.0020963868184174605
0.0019560782431297255,-0.08807631851993138,-0.014279647244638993,-0.014312007874463272,-0.013883781484053491,-0.004815408703820783,-0.0049132940373780324,-0.00451268631653562,-0.0020964696950426086
0.0019580783231329256,-0.0880733763582254,-0.014279140392425676,-0.014311502918496914,-0.013883287839099567,-0.004815212339245027,-0.004913103336979363,-0.004512506393383964,-0.002096381083939263
0.0019600784031361257,-0.0880760513548912,-0.014279607236560916,-0.014311966469716145,-0.013883741934184514,-0.004815401900185475,-0.004913282165534023,-0.004512676092079882,-0.0020964645675786904
0.0019620784831393258,-0.08807313271080694,-0.014279104286489337,-0.014311465401984157,-0.013883252074639571,-0.0048152069769552015,-0.0049130928583316896,-0.004512497463778901,-0.0020963765589501705
0.001964078563142526,-0.08807583104771204,-0.014279575003325107,-0.014311932812104754,-0.013883709926574601,-0.004815397968349317,-0.004913273069566014,-0.004512668447549467,-0.0020964606405165717
0.001966078643145726,-0.08807293556616054,-0.014279075896459006,-0.014311435573887516,-0.013883223795268617,-0.004815204464661059,-0.004913085134507489,-0.004512491094529265,-0.002096373225258872
0.001968078723148926,-0.08807565688757224,-0.014279550426952187,-0.014311906784083348,-0.013883685346780033,-0.004815396864665943,-0.004913266707330821,-0.004512663343769156,-0.0020964578956317527
0.001970078803152126,-0.08807278421218717,-0.014279055104143271,-0.014311413316449924,-0.0138832028863373,-0.004815204758637935,-0.004913080123287914,-0.00451248724638952,-0.0020963710646081483
0.0019720788831553266,-0.08807552816111679,-0.014279533389042443,-0.014311888267687305,-0.013883668079949327,-0.004815398545333698,-0.0049132630365352125,-0.0045126607414242795,-0.002096456314634861
0.0019740789631585267,-0.08807267793429605,-0.014279041790937561,-0.014311398511502631,-0.013883189232795372,-0.004815207815008501,-0.004913077782306517,-0.004512485879976989,-0.002096370058676988
0.0019760790431617267,-0.08807544415253625,-0.014279523770788977,-0.014311877144546271,-0.01388365801083602,-0.004815402966400612,-0.004913262014740529,-0.0045126606010650475,-0.0020964558791736437
0.001978079123164927,-0.08807261601547797,-0.014279035837835831,-0.01431139104047681,-0.013883182719203161,-0.004815213589747275,-0.004913078069053619,-0.004512486955775829,-0.0020963701890824057
0.001980079203168127,-0.08807540414364338,-0.014279521452990461,-0.014311873295896843,-0.01388365502381092,-0.004815410083769042,-0.0049132635993673355,-0.004512662883110806,-0.0020964565708349765
0.001982079283171327,-0.08807259773638716,-0.01427903712544451,-0.014311390784417614,-0.013883183229745119,-0.004815222038685637,-0.004913080940881134,-0.004512490434141628,-0.0020963714373815933
0.001984079363174527,-0.08807540741395031,-0.014279526316063705,-0.014311876602595187,-0.013883659002874534,-0.004815419853200372,-0.004913267747699898,-0.004512667547854254,-0.0020964583711467594
0.001986079443177727,-0.08807262237541273,-0.014279045533994169,-0.014311397623995435,-0.013883190648240886,-0.0048152331175161725,-0.00491308635500681,-0.0045124962753052165,-0.002096373785073696
0.001988079523180927,-0.08807545324074596,-0.014279538240056799,-0.014311886945129906,-0.01388366983166955,-0.004815432230319827,-0.00491327441689081,-0.0045126745554656825,-0.002096461261579993
0.0019900796031841277,-0.08807268920876385,-0.014279060943353657,-0.014311411439520484,-0.013883204858159434,-0.004815246781797943,-0.004913094268519299,-0.004512504439377501,-0.0020963772136020466
0.001992079683187328,-0.08807554089917555,-0.01427955710466213,-0.014311904203635296,-0.013883687393493606,-0.0048154471706212615,-0.004913283563965686,-0.004512683865997381,-0.0020964652235507357
0.001994079763190528,-0.0880727975105393,-0.014279083233041714,-0.014311432110953922,-0.013883225742629877,-0.0048152629869607005,-0.004913104638382226,-0.004512514886353136,-0.0020963817043559087
0.001996079843193728,-0.08807566966231448,-0.014279582789228562,-0.014311928257903304,-0.013883711571311241,-0.004815464629471735,-0.004913295145827544,-0.004512695439387744,-0.0020964702384220564
0.001998079923196928,-0.08807294655281253,-0.01427911228224115,-0.014311459517922157,-0.013883253184455584,-0.004815281688310167,-0.004913117421439269,-0.004512527576115382,-0.0020963872386726857
0.002000080003200128,-0.08807583880125006,-0.014279615172775316,-0.0143119589873973,-0.01388374224776695,-0.00481548456211656,-0.0049133091192616616,-0.004512709235465681,-0.0020964762875060844
0.002002080083203328,-0.08807313560570305,-0.014279147969810453,-0.01431149353972859,-0.013883287066125289,-0.004815302841032301,-0.0049131325744184,-0.004512542468439878,-0.0020963937978397346
0.0020040801632065283,-0.08807604758515794,-0.014279654134004206,-0.014311996271264584,-0.01388377930519754,-0.004815506923683848,-0.004913325440940077,-0.004512725213954892,-0.002096483352065998
0.0020060802432097288,-0.08807336393746204,-0.014279190174298148,-0.014311534055367529,-0.013883327269826983,-0.004815326400198629,-0.004913150053936853,-0.004512559522999408,-0.002096401363096523
0.002008080323212929,-0.08807629528137902,-0.01427969955131287,-0.014312039988349193,-0.01388382262564461,-0.00481553166918942,-0.0049133440674261585,-0.004512743334478075,-0.002096491413317969
0.002010080403216129,-0.08807363081454062,-0.014279238773954199,-0.014311580943536026,-0.013883373677459022,-0.004815352320770433,-0.004913169816505365,-0.004512578699367718,-0.0020964099156364616
0.002012080483219329,-0.0880765811554997,-0.014279751302807698,-0.014312090017204973,-0.0138838720908673,-0.00481555875354153,-0.004913364955179368,-0.004512763556561374,-0.0020965004524332496
0.002014080563222529,-0.08807393550167951,-0.014279293646744686,-0.014311634082648078,-0.013883426170644458,-0.004815380557604172,-0.004913191818533241,-0.004512599957024386,-0.0020964194366091204
0.002016080643225729,-0.08807690447142896,-0.014279809266316855,-0.014312146236108521,-0.013883927582354747,-0.004815588131545719,-0.004913388060559803,-0.004512785839638565,-0.0020965104505401067
0.0020180807232289292,-0.08807427726197585,-0.014279354670363084,-0.01431169335084604,-0.013883484630741757,-0.004815411065455633,-0.004913216016332529,-0.004512623255358486,-0.002096429907121985
0.0020200808032321293,-0.08807726449147718,-0.014279873319403244,-0.01431220852307216,-0.01388398898133884,-0.0048156197579095755,-0.004913413339832878,-0.004512810143055439,-0.0020965213887258797
0.0020220808832353294,-0.08807465535697177,-0.014279421722244834,-0.014311758626015289,-0.013883548938859184,-0.0048154437989853995,-0.004913242366123137,-0.004512648553673571,-0.002096441308242714
0.00202408096323853,-0.08807766047643327,-0.014279943339377342,-0.014312276755856652,-0.01388405616880658,-0.004815653587247499,-0.004913440749173912,-0.004512836426074049,-0.0020965332480389226
0.00202608104324173,-0.08807506904672428,-0.014279494679578989,-0.014311829785795524,-0.013883618975865866,-0.004815478712762968,-0.0049132708240370295,-0.004512675811191344,-0.00209645362100092
0.00202808112324493,-0.08807809168564565,-0.01428001920331064,-0.01431235081198458,-0.013884129025513097,-0.004815689574085641,-0.004913470244672862,-0.004512864647877143,-0.002096546009490711
0.00203008120324813,-0.08807551758989039,-0.01427957341932237,-0.01431190670759512,-0.013883694622405764,-0.004815515761272192,-0.00491330134612323,-0.004512704987056563,-0.00209646682639037
0.00203208128325133,-0.08807855737709712,-0.014280100788048101,-0.014312430568752888,-0.013884207431993761,-0.004815727672866509,-0.004913501782338879,-0.004512894767572313,-0.002096559654057736
0.0020340813632545303,-0.08807600024380126,-0.014279657818211746,-0.014311989268603144,-0.013883775758909256,-0.004815554898915617,-0.0049133338883522665,-0.0045127360403408754,-0.002096480905370861
0.0020360814432577303,-0.08807905680748793,-0.014280187970221772,-0.014312515903246297,-0.013884291268577468,-0.004815767837954021,-0.004913535318105068,-0.004512926744196531,-0.002096574162683643
0.0020380815232609304,-0.0880765162645433,-0.014279747752777395,-0.014312077345802936,-0.013883862265606508,-0.004815596080019611,-0.004913368406620908,-0.004512768930047535,-0.0020964958388703125
0.002040081603264131,-0.0880795892323095,-0.01428028062626335,-0.014312606692349843,-0.013884380415398613,-0.004815810023638101,-0.004913570807833,-0.004512960536720286,-0.002096589516281112
0.002042081683267331,-0.08807706490703517,-0.014279843099355897,-0.014312170815984753,-0.013883954022539712,-0.004815639258838952,-0.004913404856756785,-0.004512803615115444,-0.0020965116077867373
0.002044081763270531,-0.08808015390592772,-0.014280378632417547,-0.014312702812762325,-0.013884474752410383,-0.004815854184139658,-0.004913608207317535,-0.004512996104052029,-0.0020966056957339957
0.002046081843273731,-0.08807764542510713,-0.014279943734103255,-0.014312269555759016,-0.013884050909575873,-0.004815684389561803,-0.004913443194523075,-0.004512840054423622,-0.002096528192990276
0.0020480819232769312,-0.08808075008165753,-0.014280481864754906,-0.014312804141008979,-0.013884574159396828,-0.004815900273615297,-0.004913647472291336,-0.004513033405042433,-0.0020966226818992305
0.0020500820032801313,-0.08807825707157997,-0.014280049533007887,-0.014312373441569104,-0.013884152806419496,-0.004815731426314462,-0.004913483375623142,-0.0045128782067955136,-0.002096545575325212
0.0020520820832833314,-0.08808137701184467,-0.014280590199185159,-0.014312910553454673,-0.013884678515986104,-0.004815948246162226,-0.004913688558429643,-0.0045130723984888035,-0.002096640455608939
0.0020540821632865315,-0.08807889909834313,-0.01428016037190384,-0.01431248234970451,-0.013884259592625221,-0.004815780323166193,-0.004913525355705206,-0.004512918031003331,-0.0020965637356119716
0.0020560822432897316,-0.08808203394794181,-0.014280703511469752,-0.014313021926316723,-0.01388478770166244,-0.004815998055822944,-0.004913731421354829,-0.0045131130431393125,-0.002096658997672371
0.002058082323292932,-0.08807957075643374,-0.01428027612648368,-0.014312596156313846,-0.013884371147610522,-0.004815831034134068,-0.004913569090367011,-0.004512959485772344,-0.002096582654649163
0.002060082403296132,-0.08808272014058995,-0.01428082167723558,-0.014313138135678171,-0.013884901595779627,-0.004816049656590273,-0.004913776016641126,-0.004513155297697404,-0.002096678288877967
0.002062082483299332,-0.08808027129611434,-0.014280396672311483,-0.014312714737417577,-0.01388448735066819,-0.0048158835131877,-0.004913614535160411,-0.004513002529785202,-0.0020966023132155433
0.0020640825633025323,-0.08808343483969414,-0.014280944571987433,-0.014313259057500506,-0.013885020077572932,-0.004816103002411939,-0.0049138222998192935,-0.004513199120826083,-0.0020966983099953585
0.0020660826433057324,-0.08808099996695341,-0.014280521884836169,-0.01431283796892151,-0.013884608080979346,-0.004815937714254225,-0.004913661645596216,-0.004513047121686359,-0.002096622692072105
0.0020680827233089324,-0.0880841772945049,-0.014281072071121415,-0.014313384567636835,-0.013885143026172202,-0.00481615804719559,-0.004913870226381214,-0.004513244471152278,-0.00209671904177737
0.0020700828033121325,-0.08808175601790236,-0.014280651639404245,-0.0143129657266294,-0.013884733217625692,-0.004815993591222946,-0.004913710377148608,-0.004513093220086283,-0.002096643771964038
0.0020720828833153326,-0.08808494675369359,-0.014281204049937643,-0.01431351454184472,-0.013885270320614167,-0.004816214744813384,-0.004913919751784558,-0.004513291307271076,-0.0020967404649620287
0.002074082963318533,-0.08808253869737366,-0.014280785811272949,-0.01431309788625596,-0.01388486263960237,-0.004816051097950225,-0.004913760685259909,-0.0045131407835658464,-0.002096665533622734
0.002076083043321733,-0.08808574246543564,-0.01428134038365398,-0.014313648855799577,-0.01388540183985577,-0.004816273049107169,-0.004913970831457587,-0.004513339587750267,-0.0020967625602746525
0.0020780831233249333,-0.08808334725332308,-0.014280924275623592,-0.014313234323440305,-0.013884996225830828,-0.004816110188264405,-0.004913812525345397,-0.004513189770680715,-0.0020966879577678744
0.0020800832033281333,-0.08808656367748359,-0.014281480947418042,-0.014313787385107026,-0.013885537462785749,-0.004816332913892858,-0.0049140234208035335,-0.00451338927113436,-0.002096785308429723
0.0020820832833313334,-0.08808418093332161,-0.014281066907573721,-0.014313374913758036,-0.013885133855170723,-0.004816170815970319,-0.0049138658527975235,-0.004513240139965425,-0.0020967110251092964
0.0020840833633345335,-0.08808740963725023,-0.014281625616321177,-0.014313930005316455,-0.01388567706823835,-0.004816394292965608,-0.004914077475205529,-0.004513440315949184,-0.0020968086901330396
0.0020860834433377336,-0.08808503898464186,-0.014281213582191378,-0.014313519532735337,-0.013885275406433643,-0.004816232934854524,-0.004913920622991129,-0.004513291849938084,-0.0020967347163492072
0.0020880835233409336,-0.08808827959188391,-0.014281774265410743,-0.014314076591933575,-0.013885820535005124,-0.0048164571401043315,-0.004914132950031006,-0.004513492680705993,-0.0020968326860836104
0.0020900836033441337,-0.08808592065432976,-0.014281364174507052,-0.014313668055861038,-0.013885420758394725,-0.00481629649868969,-0.004913976791287611,-0.0045133448591043335,-0.0020967590121840113
0.0020920836833473342,-0.08808917278835,-0.01428192676970388,-0.014314227020433869,-0.013885967741848254,-0.0048165214090768295,-0.004914189800636617,-0.0045135463239060316,-0.0020968572769757775
0.0020940837633505343,-0.08808682518928668,-0.014281518559527204,-0.014313820358599969,-0.013885569789805837,-0.00481636146123969,-0.004914034313039814,-0.004513399125961877,-0.002096783893306399
0.0020960838433537344,-0.08809008847350493,-0.014282083004199614,-0.0143143811662747,-0.013886118567512318,-0.00481658705364419,-0.00491424798237255,-0.0045136012040445025,-0.002096882443501092
0.0020980839233569345,-0.08808775183634646,-0.014281676612247095,-0.014313976316405864,-0.013885722379407906,-0.0048164277762642385,-0.00491409314359658,-0.004513454609004689,-0.002096809340407337
0.0021000840033601345,-0.0880910258941793,-0.014282242843892705,-0.014314538904909335,-0.013886272890737898,-0.004816654027565966,-0.0049143074505874655,-0.0045136572796152285,-0.002096908166350445
0.0021020840833633346,-0.08808869984235347,-0.014281838207663763,-0.014314135804734205,-0.013885878405943719,-0.004816495397523759,-0.004914153238307421,-0.004513511266727347,-0.002096835334178085
0.0021040841633665347,-0.0880919842972513,-0.01428240616378577,-0.014314700111798738,-0.013886430590273061,-0.004816722284604633,-0.004914368160632852,-0.004513714509114646,-0.002096934426215947
0.0021060842433697348,-0.08808966845424188,-0.014282003220789182,-0.014314298699055287,-0.013886037748170408,-0.004816564278784194,-0.004914214552527144,-0.004513569057629398,-0.002096861855312194
0.0021080843233729353,-0.08809296292973012,-0.01428257283890324,-0.014314864662425725,-0.013886591544887061,-0.004816791778530767,-0.004914430067867992,-0.004513772851046427,-0.0020969612037930806
0.0021100844033761354,-0.08809065691911204,-0.014282171526662864,-0.014314464874866897,-0.013886200284871898,-0.004816634373821625,-0.0049142770416204145,-0.004513627940219511,-0.002096888884507463
0.0021120844833793354,-0.08809396103882704,-0.014282742744303032,-0.014315032432306384,-0.013886755633381733,-0.004816862463127264,-0.004914493127664125,-0.004513832263925376,-0.002096988479782491
0.0021140845633825355,-0.08809166448430966,-0.014282343000365077,-0.014314634207707429,-0.013886365894871583,-0.004816705636427296,-0.004914340660966433,-0.00451368787301991,-0.002096916402468007
0.0021160846433857356,-0.08809497787204124,-0.014282915755090862,-0.014315203297004489,-0.013886922734605109,-0.004816934292194751,-0.00491455729540956,-0.004513892706282142,-0.0020970162348922204
0.0021180847233889357,-0.08809269039750325,-0.014282517517029603,-0.01431480657316859,-0.013886534457044887,-0.004816778020412157,-0.0049144053659635565,-0.004513748814570563,-0.002096944389906188
0.0021200848033921357,-0.08809601267723007,-0.014283091746431881,-0.014315377132142985,-0.013887092727463026,-0.004817007219555801,-0.004914622526513798,-0.004513954136667123,-0.002097044449839476
0.002122084883395336,-0.0880937339067614,-0.01428269495185662,-0.014314981846908301,-0.013886705850331544,-0.004816851479611765,-0.00491447111203382,-0.004513810723433512,-0.0020969728275446356
0.002124084963398536,-0.08809706470269281,-0.014283270593564623,-0.014315553813417908,-0.013887265490932409,-0.004817081199060089,-0.0049146887764126,-0.004514016513655049,-0.002097073105352804
0.0021260850434017364,-0.08809479426063029,-0.014282875180125673,-0.01431515990466343,-0.013886879953748281,-0.004816925967890911,-0.00491453785462759,-0.004513873558197079,-0.002097001696118215
0.0021280851234049365,-0.08809813319724288,-0.01428345217181284,-0.014315733216610345,-0.013887440904072963,-0.004817156184588803,-0.004914756000572139,-0.0045140797958489656,-0.0020971021821739027
0.0021300852034081366,-0.08809587070821306,-0.014283058077208614,-0.014315340622262905,-0.013887056646401396,-0.004817001439148588,-0.004914605549228213,-0.0045139372774802644,-0.002097030976376063
0.0021320852834113366,-0.08809921741029043,-0.014283636356599367,-0.014315915217599966,-0.013887618846040369,-0.004817232130059731,-0.004914824154493935,-0.00451414394188478,-0.0020971316610597823
0.0021340853634145367,-0.08809696249924395,-0.01428324351858197,-0.014315523875640009,-0.013887235807498795,-0.004817077847322408,-0.004914674151356416,-0.004514001839936819,-0.00209706064908348
0.002136085443417737,-0.08810031659191447,-0.01428382302345799,-0.014316099692377038,-0.013887799196098054,-0.0048173089894316635,-0.004914893193719168,-0.004514208910435218,-0.002097161522784574
0.002138085523420937,-0.0880980688841679,-0.014283431379840332,-0.014315709540845569,-0.013887417316362737,-0.004817155146393627,-0.004914743616575057,-0.004514067204259625,-0.0020970906950239718
0.002140085603424137,-0.08810142999294465,-0.014284012048047112,-0.014316286517056015,-0.013887981833630266,-0.004817386716709412,-0.004914963073833479,-0.004514274660214352,-0.002097191748141649
0.0021420856834273375,-0.08809918911421578,-0.014283621536708632,-0.014315897494060308,-0.013887601052442074,-0.004817233290391607,-0.00491481390049354,-0.00451413332918485,-0.0020971210950011952
0.0021440857634305375,-0.08810255686503346,-0.014284203306161602,-0.014316475567887352,-0.013888166638153688,-0.004817465265948221,-0.004915033750471271,-0.004514341149981595,-0.0020972223179454544
0.0021460858434337376,-0.08810032244148389,-0.01428381386505541,-0.01431608761160806,-0.013887786895324964,-0.004817312233398854,-0.004914884958772562,-0.00451420017349633,-0.0020971518298409735
0.0021480859234369377,-0.08810369646073796,-0.014284396673746423,-0.014316666721270993,-0.013888353489330527,-0.004817544591258762,-0.004915105179320494,-0.004514408338546094,-0.0020972532130336193
0.0021500860034401378,-0.08810146811900633,-0.01428400824090476,-0.014316279769967695,-0.013887974724750389,-0.004817391929555232,-0.0049149567471283495,-0.004514267696029501,-0.0020971828803931377
0.002152086083443338,-0.08810484803359159,-0.014284592026908653,-0.014316859853768456,-0.013888542266980348,-0.004817624646811622,-0.004915177316126994,-0.004514476184770838,-0.002097284414268788
0.002154086163446538,-0.08810262540083777,-0.014284204540450233,-0.014316473845786853,-0.013888164420621766,-0.004817472333063301,-0.004915029221337607,-0.004514335855676018,-0.002097214227533703
0.002156086243449738,-0.08810601083818408,-0.014284789241930423,-0.01431705484211575,-0.013888732851092512,-0.0048177053868420335,-0.004915250116699178,-0.004514544647576899,-0.0020973159025406444
0.002158086323452938,-0.08810379354212061,-0.014284402640065709,-0.014316669715892941,-0.013888355863017461,-0.004817553398192179,-0.0049151023372415005,-0.004514404611387447,-0.0020972458521665072
0.0021600864034561386,-0.08810718413023659,-0.014284988195281853,-0.014317251563236084,-0.013888925121838652,-0.0048177867656546795,-0.004915323536912461,-0.004514613685947724,-0.002097347658767893
0.0021620864834593387,-0.08810497179917273,-0.014284602416320258,-0.014316867257307806,-0.01388854893220517,-0.004817635079283083,-0.004915176050750798,-0.004514473922180029,-0.0020972777352255426
0.0021640865634625387,-0.08810836716667579,-0.014285188763632887,-0.014317449894251811,-0.013889118959584366,-0.004817868737628027,-0.004915397532713708,-0.004514683258933073,-0.002097379663900088
0.002166086643465739,-0.08810615942955145,-0.014284803745988542,-0.0143170663472581,-0.013888743508651918,-0.004817717330753206,-0.004915250317849715,-0.0045145437471382785,-0.0020973098576765217
0.002168086723468939,-0.0881095592057142,-0.014285390823866963,-0.014317649712498106,-0.013889314244902242,-0.004817951257219477,-0.004915472060125932,-0.004514753325653577,-0.0020974118989197637
0.002170086803472139,-0.08810735569213961,-0.014285006506065128,-0.014317266863189815,-0.013888939473038323,-0.004817800107100946,-0.004915325094600965,-0.0045146140454196985,-0.002097342200519143
0.002172086883475339,-0.08811075950691923,-0.014285594253092192,-0.01431785089553392,-0.013889510858583037,-0.004818034278969339,-0.004915547075252431,-0.004514823845304364,-0.0020974443448441215
0.002174086963478539,-0.08810855984721264,-0.014285210573775744,-0.014317468682778988,-0.013889136706269003,-0.004817883362910079,-0.004915400337149814,-0.004514684776258444,-0.002097374744788756
0.0021760870434817396,-0.088111967331297,-0.014285798928655561,-0.014318053321156252,-0.013889708681648953,-0.004818117757506226,-0.004915622534281725,-0.004514894777159872,-0.0020974769827272477
0.0021780871234849397,-0.08810977115652015,-0.01428541582659062,-0.014317671683945475,-0.013889335089485871,-0.004817967052854728,-0.004915476001728827,-0.00451475589896988,-0.0020974074715584892
0.00218008720348814,-0.08811318194135728,-0.01428600472815344,-0.014318256867410603,-0.013889907595364251,-0.004818201647550778,-0.004915698393491413,-0.004514966080577266,-0.002097509793661745
0.00218208728349134,-0.08811098888335786,-0.014285622142236488,-0.014317875744864744,-0.013889534504079665,-0.004818051131703758,-0.004915552044662135,-0.0045148273729544225,-0.002097440361941072
0.00218408736349454,-0.08811440260119958,-0.014286211529446013,-0.014318461412605352,-0.0138901074812492,-0.004818285903921203,-0.004915774609253262,-0.004515037715001301,-0.002097542758780939
0.00218608744349774,-0.08811221229264168,-0.014285829398709102,-0.014318080743980112,-0.013889734831702024,-0.0048181355543252995,-0.004915628422369874,-0.004514899157701779,-0.0020974733970907508
0.00218808752350094,-0.08811562857657775,-0.014286419210667901,-0.014318666835322314,-0.01389030822109008,-0.004818370481536957,-0.004915851138037059,-0.00451510963996772,-0.0020975758592605273
0.00219008760350414,-0.08811344065098559,-0.014286037474285834,-0.014318286560015723,-0.01388993595427784,-0.004818220275691675,-0.0049157050913728115,-0.0045149712127950875,-0.0020975065582052688
0.0021920876835073407,-0.08811685913498142,-0.014286627650241756,-0.01431887301443045,-0.013890509696952916,-0.0048184553354239925,-0.004915927936415409,-0.00451518181510795,-0.002097609076320692
0.0021940877635105408,-0.08811467322677169,-0.014286246247537302,-0.014318493071987955,-0.013890137754016617,-0.004818305250883432,-0.004915782008296385,-0.004515043497914852,-0.002097539826527654
0.002196087843513741,-0.08811809354570652,-0.01428683672689011,-0.014319079829097173,-0.01389071179119429,-0.004818540420718893,-0.004916004961067923,-0.004515254200152799,-0.0020976423912278724
0.002198087923516941,-0.08811590929022887,-0.014286455597340863,-0.01431870015921864,-0.013890340113425156,-0.004818390435094379,-0.004915859129875517,-0.004515115972843289,-0.0020975731833482603
0.002200088003520141,-0.08811933107993097,-0.01428704631964746,-0.014319287158801118,-0.01389091438647355,-0.004818625692673581,-0.004916082168785651,-0.004515326754936655,-0.0020976757852967176
0.002202088083523341,-0.08811714811350281,-0.014286665402891564,-0.014318907701346218,-0.013890542915318589,-0.004818475783635734,-0.004915936412958578,-0.004515188597468074,-0.002097606610006522
0.002204088163526541,-0.0881205710107876,-0.014287256307872875,-0.01431949488334422,-0.013891117365764986,-0.00481871110665986,-0.004916159516475584,-0.004515399439401672,-0.0020977092398919875
0.0022060882435297412,-0.08811838897073142,-0.01428687554371532,-0.014319115578338879,-0.013890746042832991,-0.00481856125194085,-0.004916013814512026,-0.004515261331786657,-0.002097640087892936
0.0022080883235329413,-0.08812181261343736,-0.01428746657126184,-0.0143197028828636,-0.013891320612369244,-0.004818796618173723,-0.004916236961164715,-0.004515472213601517,-0.0020977427364303647
0.002210088403536142,-0.08811963113811726,-0.014287085899680434,-0.014319323670506017,-0.013890949379436654,-0.004818646795569632,-0.004916091291624655,-0.004515334135910093,-0.0020976735984508774
0.002212088483539342,-0.08812305516514317,-0.014287676989858633,-0.014319911037843957,-0.013891524009925143,-0.004818882182840044,-0.004916314460004593,-0.004515545037705671,-0.0020977762563823706
0.002214088563542542,-0.08812087389400126,-0.014287296351010054,-0.014319531858510516,-0.01389115280894193,-0.004818732370212967,-0.004916168801511846,-0.004515406970067212,-0.0020977071231784977
0.002216088643545742,-0.0881242979453424,-0.014287887444068384,-0.014320119229129506,-0.013891727442421746,-0.004818967756416944,-0.0049163919702756385,-0.004515617872003323,-0.0020978097812742714
0.002218088723548942,-0.08812211651893549,-0.014287506778294191,-0.014319740023380864,-0.013891356215517287,-0.004818817931697311,-0.004916246301520035,-0.004515479794608556,-0.0020977406436305996
0.002220088803552142,-0.088125540235719,-0.014288097814668855,-0.014320327337935916,-0.01389193079420956,-0.004819053294800215,-0.004916469449391299,-0.004515690676907326,-0.002097843292689856
0.0022220888835553423,-0.08812335829575424,-0.014287717062501542,-0.014319948046522884,-0.013891559483698385,-0.004818903435988924,-0.004916323749130815,-0.0045155525700103175,-0.0020977741414204354
0.0022240889635585423,-0.08812678132027645,-0.014288307982822835,-0.01432053524586222,-0.013892133950012493,-0.0048191387540278,-0.004916546854902445,-0.004515763412958282,-0.0020978767722723344
0.002226089043561743,-0.08812459850964759,-0.01428792708499173,-0.014320155809731892,-0.013891762498400122,-0.0048189888391984926,-0.004916401101965359,-0.004515625256878414,-0.0020978075982216343
0.002228089123564943,-0.0881280204854088,-0.01428851783008956,-0.014320742834902853,-0.013892336794939227,-0.004819224090284126,-0.004916624144501536,-0.004515836040828337,-0.0020979102017261507
0.002230089203568143,-0.08812583644823221,-0.014288136727526856,-0.014320363195204376,-0.013891965144927946,-0.004819074097585368,-0.0049164783177885665,-0.004515697815952333,-0.002097840995769944
0.002232089283571343,-0.08812925701997346,-0.01428872723843717,-0.01432094998745941,-0.013892539214494945,-0.004819309259904616,-0.0049167012760270214,-0.004515908521325335,-0.0020979435628188815
0.002234089363574543,-0.08812707140162347,-0.014288345872283816,-0.014320570085549902,-0.013892167308989565,-0.004819159167562059,-0.004916555354513361,-0.004515770208109164,-0.002097874315865165
0.0022360894435777432,-0.08813049021536147,-0.014288936090254065,-0.014321156586352437,-0.013892741094592636,-0.004819394219379932,-0.004916778207467364,-0.004515980815396569,-0.0020979768373829756
0.0022380895235809433,-0.08812830266250633,-0.01428855440186569,-0.014320776363803033,-0.013892368876706274,-0.004819244005698514,-0.004916632170204897,-0.004515842394367441,-0.002097907540372903
0.0022400896035841434,-0.08813171936556895,-0.014289144268361007,-0.01432136251483313,-0.013892942321564626,-0.004819478925360391,-0.004916854896965396,-0.004516052884132786,-0.0020980100073176287
0.0022420896835873435,-0.0881295295262054,-0.014288762199313607,-0.01432098191343453,-0.01389256973462412,-0.004819328568726474,-0.004916708723084686,-0.004515914335891034,-0.0020979406512263783
0.002244089763590544,-0.08813294376726814,-0.014289351656022556,-0.014321567656595086,-0.013893142782173882,-0.00481956333466027,-0.004916931302822435,-0.004516124688772012,-0.0020980430545905863
0.002246089843593744,-0.0881307512907573,-0.014288969148118627,-0.014321186618363594,-0.013892769769725784,-0.004819412813543837,-0.00491678497153487,-0.004515985993993115,-0.0020979736304282985
0.002248089923596944,-0.08813416271987586,-0.014289558136958955,-0.014321771895785826,-0.013893342363625317,-0.004819647404262128,-0.004917007383502421,-0.0045161961907034505,-0.002098075961239911
0.0022500900036001442,-0.08813196725697837,-0.014289175132233106,-0.014321390362969123,-0.013892968869441333,-0.004819496697218889,-0.004916860874102313,-0.004516057330139916,-0.0020980064600525593
0.0022520900836033443,-0.08813537552562584,-0.014289763595357666,-0.014321975117018498,-0.013893540953577104,-0.004819731091321066,-0.0049170830976361735,-0.004516267351471359,-0.0020981087093758276
0.0022540901636065444,-0.08813317672853636,-0.014289380036082431,-0.014321593032101334,-0.013893166921659882,-0.004819580176994654,-0.004916936389502735,-0.004516128305954664,-0.0020980391222461363
0.0022560902436097444,-0.08813658148963761,-0.014289967915884896,-0.014322177205383278,-0.013893738440151873,-0.004819814353169046,-0.004917158404025373,-0.00451633813277885,-0.002098141281182455
0.0022580903236129445,-0.08813437901201919,-0.014289583744576522,-0.014321794511093206,-0.013893363814740338,-0.004819663210293047,-0.004917011476624862,-0.0045161988832212955,-0.002098071599230754
0.002260090403616145,-0.08813777991998403,-0.014290170983697047,-0.014322378046458762,-0.013893934711947794,-0.00481989714731904,-0.004917233261646773,-0.004516408496491679,-0.002098173658919609
0.002262090483619345,-0.08813557341700244,-0.014289786143121102,-0.01432199468577177,-0.013893559437522754,-0.00481974575471915,-0.004917086094534409,-0.00451626902388832,-0.0020981038733047337
0.002264090563622545,-0.08813897012776263,-0.014290372684452275,-0.014322577526323578,-0.013894129658049767,-0.004819979431469365,-0.0049173076296562075,-0.004516478404642097,-0.002098205824924567
0.0022660906436257453,-0.08813675925612216,-0.01428998711762955,-0.014322193442469985,-0.013893753679339637,-0.004819827768065533,-0.004917160202478386,-0.004516338690072676,-0.0020981359268447517
0.0022680907236289453,-0.08814015142716222,-0.01429057290432165,-0.014322775531567376,-0.013894323168040222,-0.004820061163507754,-0.0049173814673926525,-0.004516547819432556,-0.002098237761613794
0.0022700908036321454,-0.08813793584513817,-0.014290186554533603,-0.014322390668037333,-0.013893946430026363,-0.004819909208316241,-0.004917233759888831,-0.0045164078440633115,-0.002098167742307521
0.0022720908836353455,-0.0881413231355319,-0.014290771530000648,-0.014322971949302361,-0.01389451513201037,-0.004820142301515633,-0.0049174547343823405,-0.0045166167032395016,-0.002098269451484711
0.0022740909636385456,-0.08813910250300537,-0.01429038434079515,-0.01432258624985138,-0.01389413757993251,-0.004819990033651071,-0.004917306726387056,-0.00451647644832508,-0.002098199302231607
0.0022760910436417457,-0.08814248457344932,-0.014290968448720348,-0.014323166667174514,-0.013894705440570991,-0.004820222803772254,-0.004917527390342668,-0.004516685018617136,-0.002098300877117459
0.002278091123644946,-0.08814025855193972,-0.014290580363917197,-0.014322780075829019,-0.013894327019932635,-0.004820070202449689,-0.0049173790617875685,-0.00451654446550237,-0.0020982305892390993
0.0022800912036481462,-0.08814363506478592,-0.014291163548258382,-0.014323359573374304,-0.01389489398486303,-0.004820302628758726,-0.004917599395186222,-0.004516752728300954,-0.0020983320211765254
0.0022820912836513463,-0.08814140331748642,-0.01429077451195505,-0.014322972034437532,-0.013894514641437079,-0.0048201496732957596,-0.004917450726102076,-0.004516611858422873,-0.0020982615860373898
0.0022840913636545464,-0.0881447739367767,-0.014291356716950499,-0.01432355055664847,-0.013895080656568923,-0.0048203817351622795,-0.004917670709024814,-0.004516819795211718,-0.0020983628664125948
0.0022860914436577465,-0.08814253612858533,-0.014290966673527286,-0.014323162014705328,-0.01389470033640265,-0.004820228404981002,-0.0049175216795433584,-0.004516678590101141,-0.002098292275420807
0.0022880915236609465,-0.08814590052008374,-0.014291547843701019,-0.014323739506310105,-0.01389526534792259,-0.004820460081880129,-0.004917741292173238,-0.004516886182458765,-0.0020983933956641118
0.0022900916036641466,-0.08814365631763921,-0.014291156737827061,-0.014323349906233468,-0.013894883997343479,-0.004820306356509298,-0.004917591882529372,-0.004516744623742406,-0.0020983226402724086
0.0022920916836673467,-0.08814701414886497,-0.014291736817994323,-0.014323926312250464,-0.013895447951720721,-0.004820537628023769,-0.004917811105153431,-0.004516951853343992,-0.002098423591859094
0.002294091763670547,-0.08814476322057603,-0.014291344594632471,-0.014323535599205826,-0.013895065517341161,-0.004820383487100611,-0.00491766129568687,-0.004516809922745985,-0.0020983526635655458
0.0022960918436737473,-0.08814811416083841,-0.014291923529905513,-0.014324110864949391,-0.013895628361333031,-0.004820614332922825,-0.0049178801086981715,-0.004517016771365244,-0.002098453438016751
0.0022980919236769474,-0.08814585617692032,-0.014291530134318258,-0.014323718984400827,-0.01389524479005612,-0.004820459756195234,-0.004917729879855652,-0.00451687445070918,-0.0020983823283657046
0.0023000920036801474,-0.08814919989734697,-0.014292107870111025,-0.014324293055485915,-0.01389580647071263,-0.004820690156129011,-0.0049179482637549884,-0.004517080900219936,-0.0020984829172491456
0.0023020920836833475,-0.08814693452985134,-0.014291713247865703,-0.014323899953201213,-0.013895421709737153,-0.0048205351234574915,-0.004917797596092021,-0.004516938171430526,-0.0020984116178319806
0.0023040921636865476,-0.0881502707034257,-0.014292289729900003,-0.014324472775549588,-0.01389598217440694,-0.004820765057420399,-0.004918015531490105,-0.0045171442038087805,-0.0020985120127629178
0.0023060922436897477,-0.08814799762627318,-0.014291893826873963,-0.014324078397605407,-0.013895596171232368,-0.004820609548779902,-0.004917864405672928,-0.004517001048913598,-0.002098440515218905
0.0023080923236929477,-0.08815132592786232,-0.014292469001184275,-0.014324649917450362,-0.013896155367567452,-0.004820838996804941,-0.004918081873292064,-0.0045172066462390685,-0.002098540707860854
0.002310092403696148,-0.08814904481687647,-0.014292071763570542,-0.014324254210238098,-0.013895768069999677,-0.004820682992287081,-0.004917930270099647,-0.004517063047370493,-0.002098469003878006
0.0023120924836993483,-0.08815236492326597,-0.014292645576509506,-0.014324824374129934,-0.013896325945960615,-0.004820911934524796,-0.004918147250775766,-0.004517268191828479,-0.0020985689859436105
0.0023140925637025484,-0.08815007545620127,-0.014292246950821635,-0.014324427284360211,-0.013895937302116275,-0.004820755414339483,-0.0049179951511014374,-0.004517124131225171,-0.002098497067259405
0.0023160926437057485,-0.08815338704612558,-0.014292819349065376,-0.014324996039171598,-0.013896493805977532,-0.004820983831059852,-0.004918211625785951,-0.004517328805108309,-0.0020985968305112525
0.0023180927237089486,-0.08815108890270386,-0.014292419282143243,-0.014324597513880197,-0.013896103764289881,-0.004820826775537599,-0.004918059010639588,-0.004517184265117263,-0.0020985246889135556
0.0023200928037121486,-0.08815439165687702,-0.01429299021269625,-0.014325164806811041,-0.013896658844644428,-0.004821054647131894,-0.004918274960401146,-0.004517388450827154,-0.0020986242251649382
0.0023220928837153487,-0.08815208451881454,-0.014292588651710663,-0.014324764793363554,-0.013896267353867864,-0.004820897036725395,-0.004918121810910786,-0.004517243413905133,-0.0020985518524927116
0.002324092963718549,-0.08815537811996405,-0.014293158061911561,-0.014325330571946609,-0.013896820959632758,-0.004821124343708307,-0.004918337216937299,-0.004517447093954247,-0.0020986511536084905
0.002326093043721749,-0.08815306167100512,-0.01429275495436983,-0.014324929018043943,-0.013896427968847932,-0.004820966158994525,-0.004918183514351089,-0.004517301542669695,-0.0020985785417526512
0.0023280931237249494,-0.0881563458039,-0.014293322791895938,-0.014325493230149512,-0.013896980049268872,-0.00482119288200581,-0.004918398357951438,-0.004517504699682857,-0.002098677599649989
0.0023300932037281495,-0.08815401972984653,-0.014292918085646767,-0.014325090083832785,-0.013896585507887822,-0.0048210341036878605,-0.004918244083639437,-0.004517358616717518,-0.0020986047405541644
0.0023320932837313495,-0.0881572940813302,-0.014293484298519581,-0.014325652677674104,-0.013897136012544371,-0.004821260223494425,-0.004918458346245353,-0.004517561233433802,-0.002098703547203362
0.0023340933637345496,-0.08815495807007397,-0.014293077941758422,-0.01432524788732983,-0.013896739870315313,-0.004821100832403368,-0.004918303481701389,-0.004517414601584407,-0.002098630432864698
0.0023360934437377497,-0.08815822232909266,-0.014293642478348426,-0.01432580881146793,-0.013897288749125537,-0.004821326329900979,-0.004918517144869199,-0.004517616660858659,-0.0020987289802899367
0.0023380935237409498,-0.08815587607064412,-0.014293234419622268,-0.014325402325832992,-0.013896890956137881,-0.004821166306997839,-0.004918361671712622,-0.00451746946303865,-0.002098655602759871
0.00234009360374415,-0.08815912992827955,-0.01429379722865413,-0.014325961529181775,-0.013897438159363491,-0.004821391163213094,-0.0049185747171251164,-0.004517670947843247,-0.002098753883040009
0.00234209368374735,-0.08815677311479844,-0.014293387416866594,-0.014325553297348451,-0.01389703866605247,-0.004821230489590524,-0.0049184186171026085,-0.00451752316708437,-0.002098680234425036
0.00234409376375055,-0.08816001626429729,-0.014293948447424251,-0.014326110729179794,-0.013897584144303721,-0.0048214546856826905,-0.00491863102657083,-0.004517724060510903,-0.0020987782396944123
0.0023460938437537505,-0.08815764859012225,-0.01429353683184047,-0.014325700700600505,-0.013897182901455307,-0.004821293342566906,-0.004918474281558125,-0.004517575679964866,-0.0020987043121568276
0.0023480939237569506,-0.08816088072692332,-0.014294096033371654,-0.014326256310548848,-0.013897726605695262,-0.0048215168598296,-0.0049186860370229795,-0.004517775965225592,-0.00209880203460592
0.0023500940037601507,-0.08815850188860372,-0.014293682563623502,-0.014325844435041514,-0.013897323564451282,-0.004821354828582243,-0.004918528629026758,-0.004517626968165811,-0.00209872782036466
0.0023520940837633507,-0.08816172271037159,-0.014294239885945118,-0.014326398173109128,-0.013897865446001264,-0.004821577648445493,-0.004918739712561027,-0.004517826628595581,-0.0020988252522409824
0.002354094163766551,-0.08815933240669284,-0.014293824512035579,-0.014325984400861445,-0.013897460557863492,-0.004821414910565275,-0.004918581623720453,-0.0045176769984185735,-0.0020987507435722627
0.002356094243769751,-0.08816254161334412,-0.014294379905338276,-0.014326536217423011,-0.013898000568407258,-0.0048216370145970555,-0.004918792017530281,-0.00451787601747616,-0.002098847877180997
0.002358094323772951,-0.08816013954536146,-0.01429396257764688,-0.014326120498997856,-0.013897593785242704,-0.0048214735517217435,-0.004918633230118958,-0.004517725737703423,-0.002098773066419174
0.002360094403776151,-0.08816333683909461,-0.014294515992499882,-0.014326670344805326,-0.013898131876831386,-0.004821694921629942,-0.004918842916545668,-0.004517924098973259,-0.0020988698941239673
0.0023620944837793516,-0.08816092271015835,-0.014294096661786932,-0.014326252631145037,-0.01389772315087654,-0.004821530715537943,-0.004918683412973132,-0.0045177731532526156,-0.0020987947736621957
0.0023640945637825516,-0.08816410779548363,-0.014294648049143079,-0.014326800457332473,-0.01389825927593331,-0.004821751333172037,-0.00491889237449501,-0.004517970840446419,-0.0020988912878859164
0.0023660946437857517,-0.08816168131126917,-0.014294226666554801,-0.01432638069976388,-0.013897848559798906,-0.004821586365784299,-0.004918732137308604,-0.004517819212553725,-0.0020988158501769076
0.002368094723788952,-0.08816485389503502,-0.014294775977754762,-0.014326926457852062,-0.01389838267112328,-0.004821806213137064,-0.004918940356542409,-0.004518016209511896,-0.0020989120434023165
0.002370094803792152,-0.08816241476357244,-0.01429435249482788,-0.014326504608091135,-0.013897969917799022,-0.004821640466518745,-0.004918779368428866,-0.004517863883352639,-0.002098836280959093
0.002372094883795352,-0.08816557455499621,-0.014294899681605503,-0.014327048249992345,-0.013898501968571808,-0.004821859525728136,-0.004918986828131723,-0.00451806017404604,-0.002098932145729628
0.002374094963798552,-0.08816312248669574,-0.014294474050271792,-0.014326624260148753,-0.013898087131430556,-0.004821692982090324,-0.004918825071918839,-0.004517907133656739,-0.0020988560511262014
0.002376095043801752,-0.0881662691973892,-0.01429501906475816,-0.01432716573817122,-0.013898617075217981,-0.004821911235441037,-0.0049190317549896775,-0.0045181027021880486,-0.0020989515800466435
0.002378095123804952,-0.08816380390507174,-0.01429459123734928,-0.014326739560753051,-0.013898200108020547,-0.004821743877142474,-0.004918869213648008,-0.00451794893173795,-0.002098875145918762
0.0023800952038081527,-0.08816693724906968,-0.01429513403207752,-0.014327278827605667,-0.013898727898778872,-0.00482196130706764,-0.004919075103129324,-0.004518143762343219,-0.002098970331655959
0.0023820952838113528,-0.08816445844799273,-0.014294703961329498,-0.01432685041552386,-0.01389830875567826,-0.004821793116616414,-0.004918911759773761,-0.0045179892461357,-0.0020988935507017907
0.002384095363814553,-0.08816757814178293,-0.014295244489239713,-0.014327387424320963,-0.013898834347758519,-0.004822009705699545,-0.004919116838853337,-0.004518183323186071,-0.0020989883859854437
0.002386095443817753,-0.08816508554966733,-0.014294812128297254,-0.014326956730893802,-0.01389841298330428,-0.004821840665754711,-0.004918952676744729,-0.00451802804566014,-0.00209891125096626
0.002388095523820953,-0.08816819131221226,-0.014295350342740135,-0.014327491435158907,-0.013898936331455846,-0.004822056396730897,-0.004919156928756917,-0.004518221353662957,-0.0020990057285894337
0.002390095603824153,-0.08816568464927281,-0.014294915645161716,-0.014327058414116947,-0.013898512700598943,-0.004821886490104303,-0.0049189919313038215,-0.004518065299394937,-0.0020989282323303983
0.002392095683827353,-0.08816877620204208,-0.01429545149990401,-0.014327590767788065,-0.013899033759974685,-0.004822101345862332,-0.004919195339731534,-0.0045182578229956,-0.0020990223451503994
0.0023940957638305532,-0.088166255191008,-0.014295014419665316,-0.014327155373277601,-0.013898607818070735,-0.004821930555519932,-0.004919029490491459,-0.004518100976700196,-0.0020989444805410767
0.0023960958438337537,-0.08816933225800247,-0.014295547868893721,-0.01432768533071129,-0.01389912654423108,-0.004822144519103661,-0.004919232038967528,-0.004518292700683472,-0.002099038221480052
0.002398095923836954,-0.08816679662415097,-0.014295108360393233,-0.014327247517299803,-0.013898698247045852,-0.004821972828167537,-0.004919065321648908,-0.004518135047215729,-0.002098959981475288
0.002400096003840154,-0.08816985893192672,-0.014295639358718354,-0.014327775033275012,-0.01389921459596236,-0.004822185882777427,-0.00491926699395754,-0.004518325956507007,-0.0020990533435208338
0.002402096083843354,-0.08816730840310409,-0.014295197376780776,-0.014327334755954846,-0.013898783899675183,-0.004822013274527096,-0.004919099392421002,-0.004518167480863385,-0.0020989747211412777
0.002404096163846554,-0.08817035568080508,-0.014295725879242679,-0.014327859785678392,-0.013899297827736039,-0.00482222540352217,-0.004919300172499691,-0.004518357560530603,-0.0020990676973472915
0.002406096243849754,-0.08816778998745381,-0.014295281379123509,-0.014327416999870998,-0.013898864688944027,-0.004822051861396229,-0.004919131670759648,-0.0045181982478504626,-0.002098988685680094
0.002408096323852954,-0.08817082196682949,-0.014295807341194528,-0.014327939498980523,-0.013899376152956718,-0.004822263048295201,-0.004919331542700221,-0.004518387483104954,-0.0020990812691672038
0.0024100964038561543,-0.08816824084201634,-0.014295360278584657,-0.014327494160541356,-0.013898940528679512,-0.004822088555893105,-0.004919162124926565,-0.004518227318672204,-0.002099001861366756
0.002412096483859355,-0.08817125725745344,-0.014295883656174638,-0.014328014085110367,-0.01389944948587608,-0.0048222987843762645,-0.004919361072977094,-0.004518415694870489,-0.0020990940453231564
0.002414096563862555,-0.08816866043689026,-0.014295433987203917,-0.014327566150332116,-0.013899011333558912,-0.0048221233254595024,-0.004919190723496368,-0.0045182546641146,-0.0020990142346115916
0.002416096643865755,-0.08817166102543555,-0.014295954736664207,-0.01432808345687409,-0.013899517741599535,-0.004822332579370184,-0.00491938873206248,-0.004518442166759691,-0.0020991060122936217
0.002418096723868955,-0.08816904824750875,-0.014295502417906059,-0.014327632882491616,-0.01389907701911826,-0.004822156137864152,-0.0049192174353596815,-0.004518280255257405,-0.0020990257919615896
0.002420096803872155,-0.08817203274889236,-0.014296020496033107,-0.01432814752796358,-0.01389958083609498,-0.0048223644012100825,-0.004919414489005971,-0.0045184668700000005,-0.0020991171566943183
0.002422096883875355,-0.08816940375468509,-0.014295565484508584,-0.014327694271157607,-0.013899137501759412,-0.004822186961205461,-0.004919242229725836,-0.0045183040634765295,-0.0020990365201015524
0.0024240969638785552,-0.08817237191134951,-0.014296080848548887,-0.014328206212965034,-0.013899638686200902,-0.004822394218160597,-0.0049194383131775455,-0.004518489776116672,-0.0020991274652795255
0.0024260970438817553,-0.08816972644466603,-0.014295623101730465,-0.014327750231366192,-0.013899192698758923,-0.004822215763914787,-0.0049192650761260125,-0.004518326060447037,-0.0020990464058554684
0.0024280971238849554,-0.08817267800178503,-0.01429613570938378,-0.014328259427366135,-0.013899691209633466,-0.0048224219988204685,-0.004919460174270213,-0.00451851085693516,-0.0020991369249432176
0.002430097203888156,-0.08817001580917695,-0.014295675185199736,-0.01432780067905929,-0.013899242528275098,-0.004822242514759227,-0.00491928594441594,-0.004518346218145635,-0.0020990554361876774
0.002432097283891356,-0.0881729505146833,-0.014296184994623512,-0.014328307087564912,-0.013899738324995055,-0.004822447712125858,-0.004919480042303126,-0.004518530084584042,-0.0020991455227203906
0.002434097363894556,-0.08817027134547042,-0.014295721651461498,-0.014327845531092537,-0.013899286909355919,-0.004822267182844579,-0.0049193048047787655,-0.0045183645088532915,-0.0020990635982040995
0.002436097443897756,-0.08817318895007911,-0.014296228621274856,-0.014328349110877015,-0.013899779951781415,-0.004822471327353039,-0.004919497887624218,-0.004518547431497471,-0.0020991532457882408
0.0024380975239009562,-0.08817049255637562,-0.01429576241798608,-0.01432788470524363,-0.013899325761946886,-0.004822289737618347,-0.0049193216277279486,-0.004518380905158016,-0.002099070879153494
0.0024400976039041563,-0.08817339281360521,-0.014296266507273277,-0.014328385415543673,-0.013899816010389442,-0.004822492814121338,-0.004919513680913058,-0.004518562870417807,-0.002099160081467358
0.0024420976839073564,-0.08817067895034161,-0.014295797403176307,-0.014327918120219385,-0.013899359006898176,-0.004822310148872461,-0.004919336384109901,-0.004518395379957221,-0.002099077266428621
0.0024440977639105564,-0.0881735616165397,-0.014296298571491015,-0.014328415920739395,-0.013899846422124523,-0.0048225121423960205,-0.004919527393183623,-0.0045185763743982085,-0.002099166017222947
0.002446097843913757,-0.08817083004148597,-0.014295826526375488,-0.014327945695663723,-0.013899386565972269,-0.004822328386746149,-0.0049193490451067785,-0.004518407906460374,-0.0020990827475673964
0.002448097923916957,-0.08817369487585038,-0.014296324733744275,-0.014328440546579373,-0.01389987110920797,-0.0048225292824910105,-0.004919538995786897,-0.004518587916805055,-0.002099171040665967
0.002450098003920157,-0.08817094534963825,-0.014295849707874727,-0.014327967352165107,-0.013899408361851072,-0.00482234442172875,-0.0049193595822391144,-0.00451841845819144,-0.0020990873102540966
0.002452098083923357,-0.08817379211424045,-0.014296344914800958,-0.014328459214127086,-0.013899889994784184,-0.0048225442050716895,-0.004919548460413649,-0.004518597471320538,-0.002099175139554281
0.0024540981639265573,-0.08817102440038616,-0.014295866868920403,-0.014327983011263782,-0.013899424318143281,-0.004822358224662367,-0.004919367967368522,-0.0045184270089913756,-0.0020990909423204934
0.0024560982439297573,-0.0881738528601931,-0.014296359036387919,-0.014328471845401567,-0.013899903002927979,-0.004822556881157648,-0.00491955575909702,-0.004518605011945017,-0.002099178301793837
0.0024580983239329574,-0.08817106672511917,-0.01429587793172174,-0.014327992595459391,-0.013899434359391491,-0.0048223697667447085,-0.004919374172700334,-0.004518433533020588,-0.00209909363174697
0.0024600984039361575,-0.0881738766480145,-0.014296367021198172,-0.014328478363384628,-0.013899910058651325,-0.004822567282125284,-0.004919560864215102,-0.004518610512999454,-0.0020991805154397416
0.0024620984839393576,-0.08817107186107173,-0.014295882819457494,-0.014327996028217767,-0.013899438411078994,-0.0048223790195316,-0.004919378170786069,-0.004518438004761231,-0.0020990953666636357
0.002464098563942558,-0.0881738630178784,-0.014296368792898327,-0.014328478692028086,-0.01389991108791067,-0.004822575379710577,-0.0049195637484935545,-0.004518613949127847,-0.0020991817686973934
0.002466098643945758,-0.08817103935136714,-0.014295881456283677,-0.014327993233978447,-0.013899436399637002,-0.004822385954939767,-0.0049193799345261125,-0.004518440399019674,-0.0020990961353514574
0.0024680987239489582,-0.08817381151586705,-0.014296364276135249,-0.014328472756260702,-0.013899906017613477,-0.004822581146011553,-0.004919564385008018,-0.004518615295299489,-0.0020991820499235646
0.0024700988039521583,-0.08817096874505734,-0.014295873767339953,-0.014327984138161129,-0.013899428252450942,-0.0048223905452492305,-0.004919379437172055,-0.004518440690928734,-0.0020990959262432744
0.0024720988839553584,-0.08817372169401466,-0.014296353396543442,-0.014328460481995181,-0.013899894775625215,-0.0048225845534909766,-0.00491956274718674,-0.004518614526811344,-0.0020991813476274805
0.0024740989639585585,-0.08817085959716776,-0.014295859678757046,-0.014327968667173088,-0.013899413897867769,-0.00482239276310606,-0.004919376652329294,-0.004518438855950055,-0.0020990947279249488
0.0024760990439617585,-0.088173593110347,-0.014296336080751535,-0.014328441796134916,-0.013899877290775763,-0.004822585574978808,-0.004919558808812889,-0.004518611619290264,-0.002099179650471867
0.0024780991239649586,-0.0881707114687364,-0.014295839117663451,-0.014327946748415733,-0.013899393265202252,-0.004822392581524767,-0.004919371553959462,-0.004518434869876303,-0.0020990925291363522
0.002480099203968159,-0.08817342532892372,-0.014296312256389224,-0.014328416626580822,-0.0138998534928662,-0.004822584183674713,-0.004919552544027052,-0.004518606548695279,-0.0020991769472740044
0.002482099283971359,-0.0881705239268536,-0.014295812012191624,-0.01432791831029097,-0.01389936628474312,-0.004822389973890754,-0.004919364116382651,-0.004518428708833357,-0.002099089318772402
0.0024840993639745593,-0.08817321791987719,-0.014296281852093758,-0.01432838490223777,-0.013899823312674964,-0.004822580353150479,-0.004919543927329532,-0.0045185992913197096,-0.0020991732270067205
0.0024860994439777594,-0.08817029654470362,-0.014295778291485331,-0.014327883282208376,-0.013899332887760223,-0.00482238491396287,-0.0049193543142799796,-0.004518420349282613,-0.0020990850858841315
0.0024880995239809594,-0.0881729704594516,-0.014296244797516688,-0.014328346553021214,-0.013899786681964389,-0.004822574057352494,-0.00491953293358271,-0.004518589823793455,-0.002099168478799449
0.0024900996039841595,-0.08817002890160101,-0.014295737885705411,-0.014327841594590943,-0.013899293006509982,-0.004822377375875578,-0.004919342122695674,-0.004518409768022947,-0.0020990798196795844
0.0024920996839873596,-0.088172682530043,-0.014296201023329997,-0.014328301509863634,-0.0138997435334868,-0.004822565270604047,-0.004919519538013339,-0.00451857812308502,-0.002099162691939158
0.0024940997639905597,-0.08816972058303166,-0.014295690726036606,-0.014327793178882005,-0.013899246574242121,-0.004822367334141593,-0.004919327517039563,-0.004518396942193023,-0.002099073509524925
0.0024960998439937598,-0.088172353720236,-0.014296150461232686,-0.014328249704720691,-0.013899693800990843,-0.0048225539676077294,-0.004919503716214844,-0.004518564166503672,-0.0020991558558713995
0.0024980999239969603,-0.08816937118068913,-0.014295636744693647,-0.014327737967551187,-0.013899193525205602,-0.00482235476365392,-0.0049193104730891665,-0.0045183818492732135,-0.0020990661449453024
0.0025001000040001603,-0.08817198362484086,-0.014296093043956633,-0.01432819107057734,-0.01389963741922709,-0.004822540123447595,-0.00491948544414935,-0.004518547931701407,-0.0020991479602011686
0.0025021000840033604,-0.08816898029251025,-0.014295575874927278,-0.0143276758941004,-0.013899133794654309,-0.004822339639688298,-0.0049192909669918935,-0.0045183644670876945,-0.0020990577156258295
0.0025041001640065605,-0.08817157184493252,-0.014296028705273143,-0.014328125541454167,-0.013899574323954462,-0.004822523713591609,-0.00491946469815014,-0.0045185293966751045,-0.0020991389946939556
0.0025061002440097606,-0.08816854752271411,-0.014295508051030487,-0.014327606893070126,-0.013899067318853245,-0.004822321937905327,-0.004919268975267226,-0.004518344773806459,-0.002099048211412532
0.0025081003240129606,-0.08817111798788253,-0.014295957379998253,-0.014328053052412953,-0.013899504451945372,-0.004822504713893575,-0.0049194414549234506,-0.004518508539768349,-0.0020991289492765285
0.0025101004040161607,-0.08816807248183686,-0.014295433208344364,-0.014327530900045243,-0.013898994035084202,-0.0048223016343527355,-0.004919244474808907,-0.004518322747947266,-0.002099037622313252
0.002512100484019361,-0.08817062166739871,-0.014295879003999422,-0.01432797353956298,-0.013899427740992178,-0.0048224831005956054,-0.004919415691550915,-0.00451848533967353,-0.0020991178140379986
0.0025141005640225613,-0.08816755478676504,-0.014295351283263666,-0.014327447851660582,-0.013898913881651091,-0.004822278705467436,-0.004919217442886823,-0.004518298368377548,-0.0020990259384985094
0.0025161006440257614,-0.08817008250355679,-0.014295793514200504,-0.01432788694006626,-0.01389934412991212,-0.0048224588503300225,-0.004919387385491334,-0.004518459775433639,-0.0020991055792305775
0.0025181007240289615,-0.08816699406077169,-0.014295262213242944,-0.014327357685606853,-0.013898826797885903,-0.004822253128077689,-0.0049191878571492025,-0.004518271614316311,-0.0020990131503024487
0.0025201008040321615,-0.08816950012283477,-0.01429570084858776,-0.014327793192143452,-0.013899253558552954,-0.004822431940121486,-0.004919356514582769,-0.0045184318264441465,-0.0020990922352704926
0.0025221008840353616,-0.08816638993354982,-0.014295165936801784,-0.014327260340636156,-0.013898732724153776,-0.004822224879405151,-0.0049191556956245715,-0.004518242465336023,-0.0020989992482236285
0.0025241009640385617,-0.08816887415814811,-0.01429560094621555,-0.014327692235079391,-0.01389915596779867,-0.004822402347389151,-0.004919323057044656,-0.004518401472454924,-0.002099077772738875
0.0025261010440417618,-0.08816574204124364,-0.01429506239353024,-0.014327155756567216,-0.013898631601858407,-0.004822193937066838,-0.00491912093672358,-0.004518210901364324,-0.002098984222925898
0.002528101124044962,-0.08816820424888044,-0.01429549374721127,-0.014327584009228341,-0.013899051299574127,-0.004822370049948479,-0.004919286991479536,-0.004518368693571943,-0.0020990621823825406
0.002530101204048162,-0.08816505002648388,-0.01429495152409458,-0.014327043874291095,-0.013898523373447404,-0.004822160279077211,-0.004919083559241139,-0.0045181769026859525,-0.0020989680652392555
0.0025321012840513624,-0.08816749004091445,-0.014295379192780908,-0.014327468456019146,-0.013898939496850612,-0.004822335026013305,-0.004919248296874956,-0.004518333470259019,-0.0020990454551148025
0.0025341013640545625,-0.08816431353841593,-0.014294833270242014,-0.014326924635776056,-0.01389840798241705,-0.004822123883850021,-0.0049190435423581026,-0.004518140449944351,-0.0020989507661606003
0.0025361014440577626,-0.08816673118666705,-0.014295257225214422,-0.014327345517960784,-0.013898820503650863,-0.004822297254197786,-0.004919206952605573,-0.004518295783339669,-0.0020990275820163508
0.0025381015240609627,-0.08816353223273263,-0.014294707574806085,-0.014326797984072685,-0.013898285373317443,-0.004822084730200178,-0.004919000865643118,-0.004518101524143383,-0.0020989323168545166
0.0025401016040641627,-0.08816592734511562,-0.014295127787890325,-0.01432721513864704,-0.013898694265053666,-0.004822256713518139,-0.0049191629384346,-0.004518255613998606,-0.0020990085543359295
0.002542101684067363,-0.08816270577170496,-0.014294574381711852,-0.014326663863319336,-0.013898155491757557,-0.004822042797345768,-0.004918955509054559,-0.004518060106649119,-0.002098912708654151
0.002544101764070563,-0.0881650781818298,-0.014294990825281009,-0.014327077262761495,-0.013898560727198923,-0.004822213383394586,-0.0049191162345157986,-0.004518212943783505,-0.0020989883634911608
0.002546101844073763,-0.08816183382420932,-0.014294433635980213,-0.01432652221874627,-0.013898018284409404,-0.00482199806490957,-0.0049189074529420495,-0.004518016179191252,-0.0020988919330618026
0.0025481019240769635,-0.08816418336900196,-0.014294846282957546,-0.0143269318360827,-0.013898419837292394,-0.0048221672436531285,-0.004919066821395238,-0.004518167754606613,-0.0020989670010693167
0.0025501020040801636,-0.08816091606575797,-0.01429428528373323,-0.01432637299668092,-0.013897873699013269,-0.004821950512921112,-0.004918856678048312,-0.004517969723864841,-0.0020988699817498092
0.0025521020840833636,-0.08816324258547167,-0.014294694107594073,-0.014326778805488214,-0.013898271543609907,-0.004822118274527148,-0.004919014680012736,-0.004518120028746183,-0.0020989444588279415
0.0025541021640865637,-0.08815995217852812,-0.014294129272198784,-0.014326216144552697,-0.013897721684382091,-0.004821900121818274,-0.004918803165510912,-0.004517920723131864,-0.002098846846561213
0.002556102244089764,-0.08816225551675747,-0.014294534246972804,-0.014326618118959801,-0.013898115795502246,-0.004822066456659311,-0.004918959791703785,-0.004518069748848151,-0.0020989207286956787
0.002558102324092964,-0.08815894185138534,-0.01429396554971446,-0.01432605161089675,-0.013897562190405444,-0.004821846872448826,-0.004918746896863565,-0.004517869159822549,-0.002098822519510388
0.002560102404096164,-0.08816122185508159,-0.01429436664998837,-0.01432644972558764,-0.013897952543399227,-0.0048220117711031,-0.00491890213820095,-0.004518016897927539,-0.0020988958027729093
0.002562102484099364,-0.08815788477991428,-0.014293794065732623,-0.014325879345358996,-0.013897395168054267,-0.004821790746072301,-0.0049186878540380344,-0.004517815017137021,-0.002098796992783848
0.002564102564102564,-0.08816014129939749,-0.014294191266652049,-0.014326273575574613,-0.013897781738814058,-0.00482195419932446,-0.004918841701635552,-0.004517961459369969,-0.0020988696733324186
0.0025661026441057646,-0.08815678066644296,-0.014293614770824683,-0.01432569929870045,-0.013897220569385036,-0.00482173172436146,-0.00491862601936558,-0.004517758278646692,-0.002098770258740842
0.0025681027241089647,-0.08815901355541284,-0.014294008048095982,-0.014326089620240453,-0.013897603334347166,-0.004821893723203269,-0.004918778464539046,-0.004517903416932885,-0.002098842332820037
0.0025701028041121648,-0.08815562922006794,-0.01429342761668491,-0.014325511422801009,-0.013897038347543586,-0.004821669789403821,-0.004918561375578341,-0.004517698928295604,-0.0020987423099139858
0.002572102884115365,-0.08815783833561898,-0.014293816946577727,-0.01432589781202638,-0.013897417283690825,-0.004821830325035099,-0.004918712409844679,-0.00451784275474725,-0.002098813773855361
0.002574102964118565,-0.08815443015667823,-0.014293232556134673,-0.014325315670663634,-0.013896848456769074,-0.004821604923703192,-0.004918493905810872,-0.004517636950401735,-0.0020987131390099345
0.002576103044121765,-0.08815661535931027,-0.014293617915483678,-0.014325698104498292,-0.013897223541632283,-0.004821763987532397,-0.0049186435208887205,-0.004517779457318507,-0.0020987839892322555
0.002578103124124965,-0.08815318319898104,-0.014293029543126608,-0.014325111996418581,-0.013896650852398086,-0.004821537110181149,-0.0049184235936016165,-0.004517572329658488,-0.0020986827389099685
0.002580103204128165,-0.08815534435261055,-0.014293410909333363,-0.014325490452351344,-0.013897022064058122,-0.004821694693826167,-0.004918571781412015,-0.004517713509528183,-0.002098752971919532
0.0025821032841313657,-0.08815188807652287,-0.014292818532748145,-0.014324900355326728,-0.01389644549086807,-0.00482146633217844,-0.004918350422894138,-0.004517505051135778,-0.002098651102670588
0.0025841033641345657,-0.08815402504849534,-0.014293195883783099,-0.014325274811413363,-0.01389681280795768,-0.004821622427467238,-0.00491849717556125,-0.004517644896634961,-0.0020987207150615387
0.002586103444137766,-0.08815054452571211,-0.014292599481225188,-0.014324680703783553,-0.013896232329720974,-0.004821392573456275,-0.0049182743780385165,-0.0045174351002812835,-0.0020986182235240586
0.002588103524140966,-0.0881526571868125,-0.014292972795629607,-0.014325051138648468,-0.01389659573142649,-0.00482154717242766,-0.004918419687890261,-0.0045175736042759205,-0.002098687211978653
0.002590103604144166,-0.0881491522898422,-0.014292372345926096,-0.014324452999322822,-0.013896011327606915,-0.0048213158181978225,-0.004918195443792665,-0.004517362462921802,-0.0020985840948790405
0.002592103684147366,-0.08815124051430474,-0.014292741602813408,-0.014324819392160673,-0.013896370793669875,-0.0048214689131018925,-0.004918339303361265,-0.004517499618467707,-0.0020986524561678755
0.002594103764150566,-0.0881477111191112,-0.01429213708536481,-0.014324217200619778,-0.013895782444287358,-0.004821236051009336,-0.0049181136053235,-0.004517287125264207,-0.0020985487103210455
0.002596103844153766,-0.08814977478463057,-0.014292502264422581,-0.014324579531197309,-0.013896137955006209,-0.004821387634308276,-0.004918256007346154,-0.004517422925607719,-0.0020986164413033595
0.0025981039241569663,-0.08814622077064153,-0.014291893659204146,-0.014323973267494553,-0.01389554564063826,-0.004821153256921411,-0.004918028848208138,-0.004517209073896631,-0.0020985120636129633
0.002600104004160167,-0.08814825975838234,-0.014292254740695875,-0.014324331516152288,-0.013895897176870174,-0.004821303321290092,-0.004918169785627665,-0.0045173435124751735,-0.0020985791612369168
0.002602104084163367,-0.08814468100850097,-0.014291642028259359,-0.014323721160915567,-0.01389530087865362,-0.00482106742139028,-0.004917941158435129,-0.004517128295789598,-0.0020984741486956312
0.002604104164166567,-0.0881466952031069,-0.0142919989930256,-0.014324075308569158,-0.013895648421815539,-0.004821215959716736,-0.004918080624400384,-0.004517261366232085,-0.002098540609998483
0.002606104244169767,-0.08814309160372058,-0.01429138215450099,-0.014323460843002355,-0.013895048121448076,-0.004820978530298886,-0.004917850522405484,-0.004517044778296945,-0.0020984349596882288
0.002608104324172967,-0.0881450808933238,-0.014291734983961229,-0.014323810871144272,-0.01389539165351859,-0.004821125535684941,-0.004917988510271993,-0.004517176474424406,-0.002098500781796607
0.002610104404176167,-0.08814145233431143,-0.01429111400105775,-0.014323192277028687,-0.013894787333259906,-0.0048208865699578985,-0.0049177569269337395,-0.004516958509156874,-0.0020983944908887662
0.0026121044841793672,-0.08814341661054152,-0.014291462677211741,-0.01432353816772954,-0.013895126836780467,-0.004821032035719709,-0.00491789343026419,-0.004517088824982836,-0.0020984596710188915
0.0026141045641825673,-0.08813976298528503,-0.01429083753221991,-0.014322915427425502,-0.013894518479454032,-0.004820791527107015,-0.004917660359249058,-0.0045168694764929265,-0.0020983527367745692
0.002616104644185768,-0.08814170214327662,-0.014291182037648884,-0.014323257163335436,-0.01389485393753024,-0.0048209354467754865,-0.004917795371813777,-0.004516998406223909,-0.0020984172722324406
0.002618104724188968,-0.08813802334866652,-0.014290552713441389,-0.014322630259783437,-0.013894241526524406,-0.004820693388915698,-0.004917560806996156,-0.004516777668814831,-0.002098309692002636
0.002620104804192168,-0.08813993728706854,-0.0142908930313098,-0.014322967824133654,-0.013894572922827536,-0.004820835756237159,-0.00491769432277365,-0.004516905206850853,-0.002098373580184297
0.002622104884195368,-0.08813623322351255,-0.014290259511342785,-0.014322336740855602,-0.013893956442096608,-0.004820592142984341,-0.004917458258236205,-0.0045166830750194365,-0.0020982653514100853
0.002624104964198568,-0.08813812184449406,-0.014290595625399078,-0.014322670117459243,-0.013894283760864564,-0.004820732951920819,-0.004917590271413518,-0.004516809215954292,-0.0020983285898017487
0.0026261050442017682,-0.08813439241592542,-0.014289957893713755,-0.01432203483856002,-0.013893663194930413,-0.004820487777345124,-0.004917352701447795,-0.004516585684391483,-0.002098219710014539
0.0026281051242049683,-0.08813625562518464,-0.014290289788291964,-0.014322364011813745,-0.01389398642096913,-0.004820627022074882,-0.00491748320642102,-0.004516710423013285,-0.002098282296192808
0.0026301052042081684,-0.08813250073906789,-0.014289647829515428,-0.014321724521981941,-0.013893361754921991,-0.004820380280462858,-0.004917244125527743,-0.004516485486604428,-0.002098172763014462
0.002632105284211369,-0.08813433844583787,-0.01428997548953606,-0.014322049476866782,-0.013893680873606299,-0.004820517955380827,-0.0049173731169023585,-0.0045166088178959,-0.0020982346946465066
0.002634105364214569,-0.08813055801317612,-0.014289329288882513,-0.014321405761376194,-0.013893052093105951,-0.004820269641235835,-0.004917132519791878,-0.004516382471721177,-0.002098124505789531
0.002636105444217769,-0.0881323701302324,-0.014289652699853881,-0.014321726483458875,-0.013893367090380995,-0.004820405740954028,-0.004917259992383233,-0.004516504390860074,-0.0020981857806332696
0.002638105524220969,-0.08812856406557364,-0.01428900224312577,-0.014321078528169226,-0.013892734181657804,-0.004820155848996698,-0.0049170178739758805,-0.004516276630194831,-0.0020980749339009844
0.002640105604224169,-0.08813035050923854,-0.014289321391144682,-0.014321395003602936,-0.013893045044039546,-0.0048202903683444735,-0.0049171438228094244,-0.004516397132554183,-0.002098135549805185
0.0026421056842273693,-0.08812651873068265,-0.014288666664733647,-0.01432074279496124,-0.013892407993895576,-0.004820038893513094,-0.004916900178235959,-0.004516167952869294,-0.002098024043091895
0.0026441057642305693,-0.08812827942083246,-0.01428898153648658,-0.014321055010486687,-0.013892714708472025,-0.004820171827537621,-0.004917024598547658,-0.004516287034017809,-0.002098083997996376
0.0026461058442337694,-0.08812442185003487,-0.01428832252737437,-0.014320398535527837,-0.01389207350428168,-0.004819918764988383,-0.004916779423149448,-0.004516056430979948,-0.0020979718292874787
0.0026481059242369695,-0.08812615671010604,-0.014288633110138508,-0.014320706478474271,-0.013892376058713832,-0.00482005010895497,-0.004916902310386165,-0.004516174086682311,-0.0020980311212232465
0.00265010600424017,-0.08812227327228349,-0.014287969805897645,-0.014320045724821916,-0.013891730688424695,-0.004819795454062315,-0.004916655599715523,-0.004515942056154177,-0.0020979182885953553
0.00265210608424337,-0.08812398222927609,-0.014288276087541393,-0.014320349383107889,-0.013892029070947233,-0.004819925203454671,-0.004916776949535264,-0.004516058282371317,-0.002097976915684716
0.00265410616424657,-0.08812007285321269,-0.014287608476336387,-0.014319684338975498,-0.013891379523081114,-0.004819668951811622,-0.004916528699355863,-0.004515824820412043,-0.0020978634173058398
0.0026561062442497702,-0.08812175583769506,-0.014287910445320295,-0.014319983701109429,-0.013891673722503002,-0.004819797102332149,-0.004916648507627958,-0.004515939613301291,-0.002097921377762506
0.0026581063242529703,-0.08811782045574568,-0.014287238515908069,-0.014319314355300771,-0.013891019986156408,-0.004819539249750581,-0.004916398713914976,-0.004515704716166598,-0.0020978072118921233
0.0026601064042561704,-0.08811947740185998,-0.014287536161285643,-0.014319609410382001,-0.01389130999186188,-0.004819665797320675,-0.004916516976720496,-0.004515818072082099,-0.0020978645040213573
0.0026621064842593705,-0.08811551594995454,-0.014286859903016294,-0.014318935752291989,-0.01389065205670684,-0.004819406339831556,-0.004916265635660912,-0.0045155817362245295,-0.0020977496690105287
0.0026641065642625705,-0.08811714679541989,-0.014287153214434526,-0.014319226490011225,-0.013890937858655856,-0.0048195312805918294,-0.00491638234929281,-0.004515693651717333,-0.002097806291209222
0.002666106644265771,-0.08811315921306767,-0.014286472617252043,-0.01431854850962647,-0.013890275714940411,-0.004819270214445451,-0.004916129457285609,-0.004515455873786503,-0.00209769078550069
0.002668106724268971,-0.08811476389918327,-0.014286761584951938,-0.014318834920266262,-0.013890557303669197,-0.004819393544755909,-0.004916244618248914,-0.0045155663456047474,-0.0020977467362574553
0.002670106804272171,-0.08811075012947552,-0.014286076639394662,-0.014318152608165671,-0.01388989094221799,-0.004819130866422095,-0.004915990171905269,-0.004515327122447481,-0.0020976305583857388
0.0026721068842753713,-0.08811232860112539,-0.014286361254211984,-0.014318434682601317,-0.013890168308839747,-0.00481925258286242,-0.0049161037769173774,-0.004515436147536713,-0.0020976858362810147
0.0026741069642785714,-0.0881082885907379,-0.014285671951413106,-0.014317748029956433,-0.013889497721054477,-0.0048189882890307045,-0.004915847773060864,-0.0045151954761971985,-0.0020975689848724524
0.0026761070442817714,-0.08810984079639209,-0.014285952204778608,-0.014318025759656057,-0.01388977085725958,-0.004819108388400319,-0.004915959819051582,-0.004515303051700368,-0.0020976235885785256
0.0026781071242849715,-0.08810577449559,-0.014285258536466713,-0.014317334758231789,-0.013889096035119562,-0.0048188424759801445,-0.004915702254718329,-0.004515060929420387,-0.002097506062351408
0.0026801072042881716,-0.08810730038730756,-0.014285534420406771,-0.014317608135256949,-0.013889364933176166,-0.0048189609552984885,-0.004915812738830108,-0.004515167052678056,-0.002097559990632535
0.0026821072842913717,-0.08810320774994505,-0.01428483637890594,-0.014316912777411591,-0.01388868586923841,-0.00481869342141923,-0.004915553611268887,-0.00451492347689699,-0.0020974417883970796
0.002684107364294572,-0.08810470728337685,-0.014285107886042776,-0.014317181794417677,-0.013888950521992727,-0.0048188102779258175,-0.00491566253085692,-0.004515028145447485,-0.0020974950401095077
0.0026861074442977723,-0.08810058826690026,-0.014284405464273248,-0.014316482073103484,-0.013888267209392515,-0.004818541119937053,-0.004915401837529311,-0.004514783113802506,-0.002097376160767967
0.0026881075243009723,-0.08810206140128908,-0.014284672587825134,-0.014316746723339673,-0.013888527610268934,-0.0048186563510915085,-0.0049155091901615785,-0.00451488632538189,-0.002097428734859967
0.0026901076043041724,-0.08809791596673974,-0.014283965779303492,-0.014316042632103218,-0.013887840042720114,-0.004818385566563082,-0.004915246928742088,-0.004514639835708091,-0.0020973091774066856
0.0026921076843073725,-0.08809936266492276,-0.014284228513084992,-0.014316302909413043,-0.013888096185721538,-0.004818499170045317,-0.0049153527121994865,-0.004514741588250297,-0.0020973610729186037
0.0026941077643105726,-0.08809519077693483,-0.0142835173119241,-0.014315594442394941,-0.013887404357516295,-0.004818226756767283,-0.0049150888805754986,-0.004514493638580595,-0.0020972408364399574
0.0026961078443137726,-0.08809661100534563,-0.0142837756503466,-0.014315850341216489,-0.013887656237224589,-0.004818338730477623,-0.004915193092852017,-0.004514593930217628,-0.002097292052504272
0.0026981079243169727,-0.08809241263214918,-0.014283060051255835,-0.014315137493151862,-0.013886960143233878,-0.0048180646864604045,-0.004914927689123887,-0.004514344518782881,-0.002097171136178767
0.0027001080043201732,-0.08809380636081515,-0.014283313989326923,-0.014315389008517367,-0.01388720775480927,-0.004818175028519387,-0.004915030328426347,-0.0045144433478445725,-0.0020972216720200137
0.0027021080843233733,-0.08808958147423757,-0.014282593987612611,-0.014314671774736025,-0.013886507390483086,-0.004817899351993834,-0.00491476335090758,-0.004514192473073733,-0.0020971000751182946
0.0027041081643265734,-0.08809094867678324,-0.014282843520936808,-0.014314918902272501,-0.01388675072966484,-0.004818008060742488,-0.0049148644156559234,-0.004514289838087963,-0.002097149930053164
0.0027061082443297735,-0.08808669725224595,-0.014282119112501521,-0.014314197278698534,-0.01388604609103166,-0.004817730750159729,-0.004914595862872885,-0.004514037498607829,-0.002097027651937954
0.0027081083243329735,-0.0880880379058919,-0.014282364237279995,-0.014314440014627535,-0.013886285154137866,-0.004817837824159431,-0.004914695351700098,-0.004514133398300475,-0.002097076825375262
0.0027101084043361736,-0.08808375992241264,-0.014281635418623128,-0.014313713997779573,-0.013885576237805045,-0.004817558878190986,-0.004914425222392214,-0.004513879592935858,-0.0020969538655014022
0.0027121084843393737,-0.08808507400797447,-0.014281876131653428,-0.014313952338916915,-0.013885811021732366,-0.004817664316223429,-0.004914523134144199,-0.0045139740262307,-0.0020970023569420407
0.0027141085643425738,-0.08808076944816631,-0.01428114289987089,-0.014313221925908129,-0.013885097824886004,-0.004817383733761166,-0.004914251427263912,-0.004513718754004393,-0.002096878714856504
0.002716108644345774,-0.08808205695005294,-0.01428137919854699,-0.014313455869663871,-0.013885328327109593,-0.004817487534828271,-0.004914347760999478,-0.004513811720023077,-0.00209692652389344
0.0027181087243489744,-0.0880777258001228,-0.014280641551330839,-0.014312721058201378,-0.013884610847514049,-0.0048172053149842815,-0.004914074475712032,-0.004513554980155678,-0.002096802199235212
0.0027201088043521744,-0.08807898670633782,-0.014280873433643006,-0.014312950602579803,-0.01388483706608764,-0.004817307478308266,-0.0049141692307029475,-0.00451364647821776,-0.002096849325553495
0.0027221088843553745,-0.08807462895608409,-0.014280131369281414,-0.014312211390964728,-0.01388411530208563,-0.004817023620414754,-0.004913894366386453,-0.004513388270127647,-0.002096724318053617
0.0027241089643585746,-0.08807586325822188,-0.014280358833815685,-0.014312436534563756,-0.013884337235640769,-0.004817124145437872,-0.004913987542117124,-0.004513478299750368,-0.0020967707614302535
0.0027261090443617747,-0.08807147890103409,-0.014279612351192622,-0.014311692921690863,-0.013883611186152866,-0.0048168386490471445,-0.004913711098362386,-0.004513218623053636,-0.0020966450709117446
0.0027281091243649747,-0.08807268659427817,-0.014279835397130642,-0.014311913663701962,-0.01388382883389907,-0.004816937535431647,-0.004913802694529908,-0.004513307183951854,-0.0020966908312157226
0.002730109204368175,-0.08806827562713465,-0.014279084495725475,-0.014311165649059302,-0.013883098498423516,-0.004816650400315892,-0.004913524671140297,-0.004513046038462151,-0.0020965644575935195
0.002732109284371375,-0.08806945671025651,-0.014279303122844129,-0.014311381989266955,-0.01388331186014756,-0.004816747647943881,-0.004913614687654289,-0.004513133130548264,-0.002096609534785729
0.0027341093643745754,-0.08806501913372028,-0.014278547802731094,-0.014310629572935399,-0.013882577238759684,-0.004816458874095054,-0.004913335084645564,-0.004512870516276652,-0.0020964824780666273
0.0027361094443777755,-0.08806617360907557,-0.014278762011401993,-0.014310841511716748,-0.013882786314825403,-0.004816554483068309,-0.00491342352162797,-0.004512956139660387,-0.0020965268721997634
0.0027381095243809756,-0.08806170942729323,-0.014278002273249834,-0.014310084694369498,-0.013882047408177233,-0.0048162640706979065,-0.00491314233922818,-0.004512692056815194,-0.0020963991324823455
0.0027401096043841756,-0.08806283730081818,-0.014278212064438798,-0.014310292232693766,-0.013882252199524776,-0.004816358041337629,-0.004913229197013055,-0.004512776211803437,-0.002096442843700847
0.0027421096843873757,-0.0880583465215165,-0.014277447909510282,-0.014309531015595922,-0.013881509008844578,-0.004816065990876597,-0.0049129464356623045,-0.0045125106607901075,-0.0020963144211753985
0.002744109764390576,-0.0880594478027257,-0.014277653284776735,-0.014309734155023837,-0.013881709516990042,-0.004816158323723319,-0.004913031714795696,-0.004512593347886737,-0.0020963574497153722
0.002746109844393776,-0.0880549304372061,-0.01427688471492787,-0.014308968540031696,-0.013880962044081582,-0.004815864635821685,-0.004912747375145887,-0.004512326329307547,-0.0020962283446637805
0.002748109924396976,-0.08805600513918851,-0.014277085676424295,-0.014309167282714905,-0.013881158271116346,-0.004815955331634945,-0.004912831076385563,-0.004512407549213238,-0.0020962706908528726
0.002750110004400176,-0.08805146120232483,-0.014276312694103772,-0.014308397272275222,-0.013880406518358365,-0.004815660007161645,-0.00491254515930021,-0.004512139063867144,-0.0020961409036485312
0.0027521100844033765,-0.08805250934173868,-0.014276509244574924,-0.01430859162095562,-0.013880598466948375,-0.004815749066919757,-0.0049126272836153935,-0.004512218817479106,-0.0020961825679058537
0.0027541101644065766,-0.08804793885197282,-0.014275731852823345,-0.014307817218105083,-0.013879842437293812,-0.004815452106962435,-0.00491233979016937,-0.004511948866361506,-0.0020960520990135497
0.0027561102444097767,-0.08804896044904116,-0.014275923995605531,-0.01430800717611388,-0.013880030110678853,-0.004815539531862186,-0.0049124203387404496,-0.004512027154773194,-0.002096093081849532
0.0027581103244129768,-0.08804436342837715,-0.014275142198054742,-0.014307228384478175,-0.013879269807654183,-0.004815240937726753,-0.004912131270219671,-0.004511755739075618,-0.002095961931825316
0.002760110404416177,-0.08804535850688383,-0.014275329937074945,-0.014307413955735274,-0.013879453209647062,-0.004815326729183166,-0.004912210244438009,-0.004511832563576559,-0.0020960022338415998
0.002762110484419377,-0.0880407349808841,-0.014274543737947043,-0.014306630779528384,-0.01387868863735137,-0.004815026502393638,-0.004911919602339169,-0.004511559684686438,-0.0020958704033326764
0.002764110564422577,-0.08804170356816791,-0.01427472707772223,-0.014306811968541472,-0.013878867772337253,-0.004815110662039577,-0.004911997003806692,-0.004511635046761905,-0.002095910025221975
0.002766110644425777,-0.08803705356594566,-0.014273936481828547,-0.014306024412564422,-0.013878098935441244,-0.004814808804337575,-0.004911704789836855,-0.0045113607062621545,-0.0020957775149665126
0.0027681107244289776,-0.08803799569289494,-0.014274115427464557,-0.014306201224427988,-0.013878273808376433,-0.004814891334023448,-0.004911780620365762,-0.004511434607592808,-0.0020958164575124705
0.0027701108044321777,-0.08803331924711104,-0.014273320440205106,-0.014305409294068382,-0.01387750071212187,-0.0048145878473680286,-0.004911486836442128,-0.004511158807261754,-0.0020956832683395273
0.0027721108844353777,-0.0880342349481564,-0.014273494997395482,-0.014305581734462574,-0.013877671328532945,-0.004814668749161334,-0.0049115610980544795,-0.004511231249723265,-0.002095721532416524
0.002774110964438578,-0.08802953209501158,-0.014272695624757529,-0.014304785435693244,-0.013876893978731285,-0.004814363635728488,-0.004911265746303961,-0.00451095399153405,-0.002095587665245838
0.002776111044441778,-0.08803042140812162,-0.014272865799782954,-0.014304953510883223,-0.013877060344714313,-0.004814442911913589,-0.004911338441231396,-0.004511024977196948,-0.002095625251818906
0.002778111124444978,-0.08802569218734864,-0.014272062048339909,-0.014304152850260935,-0.013876278747745571,-0.0048141361740957535,-0.004911041523990158,-0.0045107462633172096,-0.0020954907076606902
0.002780111204448178,-0.08802655515402216,-0.01427222784806675,-0.01430431656709552,-0.013876440869964856,-0.004814213827173329,-0.004911112654673446,-0.004510815794446363,-0.00209552761778529
0.002782111284451378,-0.08802179960888293,-0.014271419724977462,-0.014303511551760496,-0.013875655032777058,-0.004813905467579265,-0.004910814174486682,-0.0045105356272380215,-0.002095392397740165
0.002784111364454578,-0.08802263627413931,-0.014271581156856294,-0.014303670917670498,-0.013875812918463527,-0.00481398150026578,-0.004910883743575173,-0.0045106037062921395,-0.0020954286325619437
0.0027861114444577787,-0.08801785445141448,-0.014270768669863555,-0.014302861555344907,-0.013875022848571153,-0.0048136715217199045,-0.004910583703196583,-0.004510322088310898,-0.002095292737820699
0.002788111524460979,-0.0880186648637914,-0.014270925741928658,-0.014303016578342789,-0.013875176505522007,-0.004813745936947421,-0.0049106517135480005,-0.004510388717942383,-0.002095328298575439
0.002790111604464179,-0.08801385681377112,-0.014270108899357552,-0.014302202877328835,-0.013874382211004382,-0.004813434342489196,-0.004910350115939142,-0.004510105651937134,-0.002095191730418739
0.002792111684467379,-0.08801464102531442,-0.0142702616202253,-0.01430235356600719,-0.01387453164758157,-0.004813507143404824,-0.004910416570619091,-0.0045101708349915715,-0.002095226618432093
0.002794111764470579,-0.08800980680179384,-0.014269440430982458,-0.014301535535186613,-0.013873733137082152,-0.004813193936288557,-0.0049101134189491755,-0.004509886323904199,-0.0020950893782303946
0.002796111844473779,-0.08801056486804631,-0.014269588809849462,-0.014301681898716168,-0.013873878362210499,-0.004813265126253693,-0.0049101783212303855,-0.004509950063419686,-0.0020951235949176064
0.002798111924476979,-0.08800570452831735,-0.014268763283421752,-0.014300859547548898,-0.013873075644935652,-0.004812950309948005,-0.004909873618875769,-0.004509664110384614,-0.002094985684130976
0.0028001120044801792,-0.08800643650831332,-0.01426890733006395,-0.014301001595677579,-0.013873216668101884,-0.004813019892538038,-0.004909936972237813,-0.004509726409591497,-0.002095019230996716
0.0028021120844833798,-0.08800155011315325,-0.01426807747651647,-0.014300174934199742,-0.013872409753818944,-0.004812703470725136,-0.004909630722781331,-0.004509439017935032,-0.0020948806511744745
0.00280411216448658,-0.08800225606941087,-0.014268217201287904,-0.014300312677251558,-0.013872546585070684,-0.0048127714497289914,-0.0049096925309101945,-0.00450949988025547,-0.002094913529812684
0.00280611224448978,-0.0879973436830728,-0.014267383031262508,-0.014299481716073951,-0.013871735484106423,-0.004812453426304109,-0.00490938473814059,-0.004509211053495277,-0.0020947742825932095
0.00280811232449298,-0.08799802368158298,-0.014267518445093327,-0.01429961516494697,-0.01387186813405016,-0.004812519805723534,-0.004909445004927947,-0.004509270482542656,-0.0020948064946867927
0.00281011240449618,-0.08799308537179036,-0.014266679969807797,-0.014298779915254156,-0.013871052857290024,-0.004812200184794627,-0.004909135672839544,-0.004508980224387509,-0.0020946665817973722
0.00281211248449938,-0.08799373948200459,-0.014266811084202427,-0.014298909081418695,-0.013871181337089285,-0.0048122649688434535,-0.004909194402382117,-0.004509038223965721,-0.0020946981291178686
0.0028141125645025802,-0.08798877531993964,-0.014265968315448253,-0.014298069554967124,-0.013870361895975373,-0.004811943754730429,-0.004908883535174146,-0.004508746538314825,-0.0020945575523743957
0.0028161126445057803,-0.08798940361476468,-0.014266095142484421,-0.014298194450464678,-0.013870486217349924,-0.004812006947834281,-0.004908940731773309,-0.0045088031124180085,-0.0020945884367818773
0.0028181127245089804,-0.08798441367505569,-0.01426524809262497,-0.014297350659580451,-0.01386966262387901,-0.004811684145068241,-0.004908628333849155,-0.004508510003360286,-0.0020944471980885123
0.002820112804512181,-0.08798501623084196,-0.014265370644951795,-0.014297471297021965,-0.013869782799102826,-0.0048117457518638005,-0.004908684002010307,-0.004508565156172204,-0.002094477421531273
0.002822112884515381,-0.0879800005915557,-0.014264519326920952,-0.014296623254599785,-0.013868955065825243,-0.004811421365186612,-0.004908370077977037,-0.004508270627985905,-0.0020943355228802713
0.002824112964518581,-0.08798057748808452,-0.014264637617756827,-0.014296739647163374,-0.013869071107724538,-0.0048114813905208035,-0.00490842422240882,-0.004508324363879205,-0.0020943650873944887
0.002826113044521781,-0.08797553623071576,-0.014263782045057268,-0.01429588736666464,-0.013868239247742291,-0.004811155424884445,-0.004908108777076594,-0.004508028421031329,-0.0020942225308659434
0.002828113124524981,-0.08797608755118941,-0.014263896088188137,-0.014295999528094,-0.013868351169693986,-0.004811213873813872,-0.004908161402690328,-0.004508080744567018,-0.0020942514385754382
0.0028301132045281813,-0.08797102076064767,-0.014263036274889179,-0.014295143023544732,-0.013867515196658747,-0.00481088633437958,-0.004907844441071586,-0.004507783391712573,-0.0020941082263369027
0.0028321132845313813,-0.08797154659167997,-0.014263146084667125,-0.014295250968147627,-0.013867623012588825,-0.004810943212169951,-0.004907895552980659,-0.004507834307639501,-0.002094136479452884
0.0028341133645345814,-0.08796645435627842,-0.014262282045402747,-0.014294390254136563,-0.013866782940700172,-0.004810614104307585,-0.004907577080289515,-0.004507535549620904,-0.0020939926137591085
0.002836113444537782,-0.08796695478788123,-0.014262387636743685,-0.014294493996782634,-0.013866886665081632,-0.004810669416432883,-0.004907626683808668,-0.004507585062875018,-0.002094020214579865
0.002838113524540982,-0.08796183719932542,-0.01426151938671078,-0.0142936290884593,-0.013866042509085096,-0.004810338745720192,-0.0049073067054601245,-0.00450728490472145,-0.0020938756977725024
0.002840113604544182,-0.08796231232489622,-0.014261620775092281,-0.014293728644577841,-0.013866142156935787,-0.004810392497861874,-0.004907354806104635,-0.004507333020425102,-0.0020939026486830326
0.002842113684547382,-0.08795716947827291,-0.014260748330048843,-0.014292859557650969,-0.013865293932121226,-0.004810060270083888,-0.004907033327714077,-0.00450703146735194,-0.002093757483190374
0.0028441137645505822,-0.08795761939458283,-0.014260845531508323,-0.014292954943229057,-0.013865389519002128,-0.004810112468130188,-0.004907079931199083,-0.004507078190813222,-0.002093783786662102
0.0028461138445537823,-0.08795245138834609,-0.01425996890777095,-0.01429208169396395,-0.01386453724120134,-0.004809778689278292,-0.004906756958581349,-0.004506775248221225,-0.002093637974998696
0.0028481139245569824,-0.08795287619552727,-0.01426006193890351,-0.014292172925544409,-0.013864628783214403,-0.004809829339323462,-0.004906802070821111,-0.004506820584933303,-0.002093663633589164
0.0028501140045601825,-0.0879476831314853,-0.014259181153345393,-0.01429129553076097,-0.013863772468799159,-0.004809494015594615,-0.004906477609989747,-0.004506516258407918,-0.002093517178355475
0.002852114084563383,-0.08794808293301917,-0.014259270031301875,-0.01429138262544042,-0.013863859982585386,-0.004809543123938164,-0.004906521237096937,-0.004506560214048382,-0.002093542194708028
0.002854114164566583,-0.08794286491632054,-0.014258385101350449,-0.014290501102510815,-0.013862999648465003,-0.004809206261734056,-0.00490619529426339,-0.0045062545093589685,-0.002093395098590105
0.002856114244569783,-0.08794323981902286,-0.014258469843834897,-0.01429058407793701,-0.013863083151202158,-0.004809253834879877,-0.004906237442548208,-0.0045062970897889664,-0.002093419475433503
0.002858114324572983,-0.08793799695814597,-0.014257580787470145,-0.014289698444784034,-0.013862218814822056,-0.0048089154408063215,-0.0049059100241211785,-0.004505990012888262,-0.002093271741202714
0.0028601144045761833,-0.08793834707215205,-0.014257661412737387,-0.014289777319153592,-0.013862298324222193,-0.004808961485461725,-0.004905950700090487,-0.004506031224151707,-0.002093295481350745
0.0028621144845793834,-0.08793307947888904,-0.014256768248489033,-0.014288887594247783,-0.013861430003561057,-0.004808621566327588,-0.004905621812674962,-0.004505722781174843,-0.002093147111863327
0.0028641145645825834,-0.08793340491764129,-0.014256844775342774,-0.014288962386304222,-0.013861505537868553,-0.004808666089402658,-0.004905661023031546,-0.004505762629497789,-0.0020931702182145325
0.0028661146445857835,-0.08792811270708314,-0.014255947522287982,-0.014288068588661582,-0.01386063325143617,-0.004808324652219034,-0.004905330673427999,-0.004505452826761571,-0.002093021216411255
0.0028681147245889836,-0.08792841358731913,-0.01425601997007846,-0.01428813931769316,-0.013860704829425854,-0.004808367660825724,-0.0049053684250698545,-0.004505491318551487,-0.0020930436919485763
0.002870114804592184,-0.08792309687784026,-0.014255118647839193,-0.014287241466872522,-0.013859828596260455,-0.004808024712804915,-0.004905036620273233,-0.00450518016255349,-0.002092894060854303
0.002872114884595384,-0.08792337331957335,-0.014255187036460327,-0.014287308152708973,-0.013859896237234224,-0.004808066214256024,-0.004905072920292375,-0.0045052173043981705,-0.002092915908644596
0.0028741149645985843,-0.08791803223282221,-0.014254281665201747,-0.01428640626881057,-0.013859016076901057,-0.004807721762811072,-0.004904739667491608,-0.004504904801816278,-0.002092765651368101
0.0028761150446017843,-0.08791828435932585,-0.014254346015088383,-0.014286468931820805,-0.013859079800685835,-0.004807761764619204,-0.004904774523173268,-0.004504940600483078,-0.0020927868745617474
0.0028781151246049844,-0.08791291902020457,-0.014253436615515524,-0.0142855630354827,-0.013858195733273777,-0.004807415817362489,-0.004904439829750033,-0.004504626758174252,-0.002092635994295127
0.0028801152046081845,-0.08791314695800341,-0.01425349694764199,-0.014285621696573042,-0.013858255560219709,-0.004807454327239514,-0.004904473248572002,-0.004504661220609525,-0.0020926565961258154
0.0028821152846113846,-0.08790775749465088,-0.014252583540997064,-0.014284711808968547,-0.013857367606338803,-0.004807106891981857,-0.004904137122099728,-0.00450434604560901,-0.0020925050961440998
0.0028841153646145846,-0.08790796137350067,-0.014252639876873644,-0.014284766489579659,-0.013857423557316034,-0.004807143917837709,-0.0049041691117312144,-0.004504379178936983,-0.0020925250799282923
0.002886115444617785,-0.0879025479172813,-0.014251722484933982,-0.014283852632415267,-0.013856531738095423,-0.004806795002587647,-0.004903831559974431,-0.004504062678457627,-0.0020923729635891415
0.0028881155246209852,-0.0879027278701518,-0.014251774846604379,-0.01428390335451901,-0.013856583834491329,-0.004806830552529186,-0.00490386212827503,-0.0045040944899794825,-0.002092392332725608
0.0028901156046241853,-0.08789729055563922,-0.014250853491679753,-0.014282985550031966,-0.01385568817157674,-0.004806480165491934,-0.004903523159188381,-0.004503776671410818,-0.0020922396034689294
0.0028921156846273854,-0.08789744671869748,-0.014250901901718262,-0.014283032336128975,-0.013855736435293755,-0.004806514247822072,-0.004903552314207186,-0.00450380716860386,-0.002092258361438379
0.0028941157646305855,-0.08789198568365418,-0.014249976606647565,-0.014282110607083575,-0.013854836950844059,-0.00480616239739828,-0.0049032119359342105,-0.0045034880395109795,-0.002092105022785734
0.0028961158446337855,-0.08789211819625377,-0.014250021088157155,-0.014282153480201338,-0.013854881404297211,-0.004806195020615221,-0.004903239685909019,-0.004503517230027923,-0.0020921231731505173
0.0028981159246369856,-0.0878866335816142,-0.014249091876305705,-0.014281227849886377,-0.013853978120981998,-0.0048058417154,-0.004902897906781196,-0.004503196798150574,-0.002091969228704736
0.0029001160046401857,-0.08788674258627324,-0.014249132452914289,-0.014281266833575515,-0.013854018787095804,-0.004805872888195926,-0.004902924260137307,-0.004503224689818398,-0.0020919867751082685
0.0029021160846433858,-0.08788123453613146,-0.014248199348171588,-0.014280337325802236,-0.013853111728093243,-0.004805518136978032,-0.004902581088673294,-0.004502902963070334,-0.0020918322285531496
0.0029041161646465863,-0.08788132017851286,-0.014248236044029089,-0.014280372444133318,-0.013853148630298255,-0.004805547868237815,-0.004902606054022325,-0.0045029295638891464,-0.0020918491747194024
0.0029061162446497864,-0.08787578884010287,-0.014247299070805642,-0.014279439083231992,-0.013852237819291888,-0.004805191679998478,-0.004902261498926805,-0.004502606550356989,-0.002091694029819173
0.0029081163246529864,-0.08787585126900199,-0.014247331910581579,-0.014279470360793599,-0.013852270981523057,-0.004805219978799078,-0.004902285085065928,-0.0045026318684993965,-0.0020917103795523853
0.0029101164046561865,-0.08787029679267702,-0.014246391093805471,-0.014278533171610323,-0.013851356442698472,-0.004804862362710676,-0.004901939155228369,-0.004502307576441521,-0.0020915546401511858
0.0029121164846593866,-0.08787033616000348,-0.014246420102686216,-0.014278560633505652,-0.013851385889391868,-0.004804889238319886,-0.004901961371139235,-0.004502331620251588,-0.0020915703973353574
0.0029141165646625867,-0.08786475869921914,-0.014245475467800285,-0.014277619641399505,-0.013850467647434177,-0.004804530203745043,-0.0049016140756329455,-0.004502006058097208,-0.0020914140673568182
0.0029161166446657867,-0.08786477515997428,-0.014245500671485238,-0.014277643313243323,-0.013850493403523737,-0.0048045556656201955,-0.0049016349304804455,-0.004502028836089263,-0.00209142923595519
0.002918116724668987,-0.08785917487127479,-0.014244552244444764,-0.01427669854408377,-0.013849571483614943,-0.00480419522211076,-0.004901286278561608,-0.004501702012437628,-0.002091272319402055
0.0029201168046721873,-0.08785916858353572,-0.014244573669143484,-0.014276718451999017,-0.013849593574529412,-0.0048042192798977085,-0.004901305781692782,-0.004501723533295329,-0.0020912869034566306
0.0029221168846753874,-0.08785354562652874,-0.014243621476412274,-0.014275769932162384,-0.013848668002344931,-0.00480385743719338,-0.004900955782799197,-0.0045013954569144265,-0.002091129404410142
0.0029241169646785875,-0.08785351675143044,-0.014243639148841851,-0.014275786102777712,-0.013848686454005464,-0.004803880100725391,-0.004900973943742258,-0.004501415729489819,-0.002091143408041304
0.0029261170446817876,-0.08784787128877151,-0.014242683217389127,-0.014274833859143974,-0.013847757255711007,-0.004803516868752629,-0.004900622607492191,-0.004501086409315381,-0.002090985330660768
0.0029281171246849876,-0.0878478199904856,-0.014242697164770573,-0.014274846319590188,-0.013847772094527542,-0.004803538148049151,-0.0049006394359553,-0.0045011054426277375,-0.0020909987580666704
0.0029301172046881877,-0.0878421521878577,-0.014241737522068086,-0.014273890379539947,-0.013846839296776334,-0.004803173536920018,-0.004900286772146441,-0.004500774887762246,-0.0020908401065889795
0.002932117284691388,-0.08784207863357388,-0.014241747772123106,-0.014273899157446762,-0.01384685054964446,-0.004803193442185448,-0.004900302278016497,-0.0045007926909969905,-0.002090852962045101
0.002934117364694588,-0.08783638865966888,-0.014240784446141838,-0.014272939548858084,-0.013845914179573983,-0.004802827462196459,-0.004899948296624769,-0.004500460910708606,-0.0020906937407842194
0.002936117444697788,-0.08783629301957492,-0.014240791027089528,-0.014272944672350844,-0.013845921873872015,-0.004802846003818983,-0.004899962489966328,-0.004500477493216249,-0.0020907060286428553
0.0029381175247009885,-0.08783058104607246,-0.01423982404629626,-0.014271981423595863,-0.013844981959100668,-0.004802478665449786,-0.004899607201144659,-0.004500144496937641,-0.0020905462419893027
0.0029401176047041885,-0.08783046349333465,-0.014239826986850085,-0.01427198292129245,-0.013844986122686318,-0.004802495854000182,-0.004899620092198731,-0.004500159868232718,-0.002090557966679053
0.0029421176847073886,-0.08782472969488143,-0.014238856380203783,-0.014271016061233738,-0.013844042691310076,-0.004802127167912252,-0.004899263506275845,-0.0044998256655599134,-0.002090397619099351
0.0029441177647105887,-0.08782459040562399,-0.014238855709567972,-0.014271013962241102,-0.013844043352517172,-0.00480214301414261,-0.004899275105458697,-0.004499839835319826,-0.0020904087851246044
0.0029461178447137888,-0.08781883495981457,-0.014237881506516864,-0.014270043520228677,-0.01384309643310655,-0.004801772991178183,-0.0048989172329379415,-0.004499504436011195,-0.002090247881160807
0.002948117924716989,-0.08781867411309797,-0.014237877254382773,-0.014270037854139155,-0.013843093620741504,-0.0048017875060205484,-0.004898927550839759,-0.004499517414075012,-0.0020902584931011673
0.002950118004720189,-0.08781289720045449,-0.014236899484860838,-0.01426906386000708,-0.013842143242338229,-0.004801416157201301,-0.0048985684023979716,-0.00449918082805013,-0.002090097037370334
0.002952118084723389,-0.08781271497825455,-0.014236891681403631,-0.014269054656895052,-0.01384213698567677,-0.004801429351766443,-0.0048985774497816775,-0.004499192624417454,-0.002090107099880101
0.0029541181647265895,-0.08780691678220388,-0.014235910375826734,-0.01426807714095764,-0.01384118317779012,-0.0048010566882920845,-0.004898217036267728,-0.0044988548617558265,-0.0020899450970737043
0.0029561182447297896,-0.08780671336939223,-0.014235899051702135,-0.014268064431376293,-0.013841173506574118,-0.004801068573868311,-0.0048982248240678405,-0.004498865486585743,-0.002089954614881376
0.0029581183247329897,-0.0878008940762444,-0.014234914240964652,-0.014267083424424542,-0.013840216299177475,-0.004800694607115297,-0.004897863156501428,-0.004498526557525633,-0.0020897920697647648
0.0029601184047361897,-0.08780066966056646,-0.014234899427305148,-0.014267067239402225,-0.013840203243611345,-0.004800705195167055,-0.0048978696958226885,-0.0044985360211354485,-0.0020898010476724472
0.00296211848473939,-0.08779482945949424,-0.014233911142776393,-0.01426608277270038,-0.013839242667138874,-0.004800329936687322,-0.004897506785393152,-0.004498195936072756,-0.0020896379650843047
0.00296411856474259,-0.08779458423154471,-0.014233892871187226,-0.014266063143736471,-0.013839226257885666,-0.0048003392388537135,-0.004897512087509107,-0.0044982042489366564,-0.0020896464079671194
0.00296611864474579,-0.08778872331456168,-0.014232901144707972,-0.014265075249018627,-0.013838262343228875,-0.0047999627003733805,-0.004897147945574059,-0.004497863018423739,-0.002089482792818922
0.00296811872474899,-0.08778845746776587,-0.014232879447264086,-0.014265052208080503,-0.013838242611407238,-0.004799970728467017,-0.004897152021925962,-0.004497870191171797,-0.0020894907056245083
0.00297011880475219,-0.08778257602970313,-0.01423188431114254,-0.014264060917546383,-0.013837275389911011,-0.00479959292188485,-0.004896786660009945,-0.004497527825916099,-0.002089326562899899
0.0029721188847553906,-0.08778228976029272,-0.014231859220384682,-0.01426403449706557,-0.013837252367091438,-0.004799599687890433,-0.004896789522205356,-0.004497533869332947,-0.0020893339506478036
0.0029741189647585907,-0.08777638799877627,-0.014230860707392747,-0.014263039843377118,-0.013836281870550632,-0.00479922062527656,-0.0048964229519984906,-0.004497190380195837,-0.002089169285402042
0.002976119044761791,-0.08777608150576714,-0.014230832256323477,-0.014263010076245237,-0.013836255588751657,-0.004799226141349388,-0.004896424611809865,-0.0044971953052193704,-0.0020891761531831228
0.002978119124764991,-0.08777015962119623,-0.014229830399693411,-0.014262012092522989,-0.013835281849407546,-0.004798845834943953,-0.004896056845166598,-0.004496850703214961,-0.0020890109705425323
0.002980119204768191,-0.08776983310636455,-0.014229798621773291,-0.014261979012088142,-0.013835252341092045,-0.004798850113408583,-0.0048960573145299365,-0.004496854520935072,-0.0020890173235183843
0.002982119284771391,-0.0877638913018881,-0.014228793455193504,-0.014260977731907197,-0.01383427539162853,-0.004798468575620323,-0.004895688363467623,-0.004496508817228884,-0.002088851628679724
0.002984119364774591,-0.08776354496974799,-0.014228758384337556,-0.014260941371970226,-0.013834242689700096,-0.004798471628969128,-0.004895687654481177,-0.004496511538886254,-0.0020888574720820887
0.002986119444777791,-0.08775758345124066,-0.01422774994194866,-0.014259936829356208,-0.013833262563239693,-0.0047980888723737946,-0.004895317531178631,-0.004496164744793845,-0.0020886912703119457
0.0029881195247809917,-0.0877572175090217,-0.014227711612522394,-0.014259897224166896,-0.013833226701039062,-0.00479809071326564,-0.004895315656101499,-0.004496166381778682,-0.0020886966094421353
0.0029901196047841918,-0.08775123648505964,-0.014226699928913386,-0.01425888945359225,-0.013832243431139249,-0.004797706750604644,-0.004894944372897631,-0.004495818508764431,-0.0020885299060763303
0.002992119684787392,-0.08775085114268087,-0.014226658375728535,-0.014258846637844984,-0.013832204442440014,-0.00479770739186326,-0.004894941344148261,-0.004495819072615036,-0.002088534746304549
0.002994119764790592,-0.08774485082452008,-0.014225643485933073,-0.014257835674225226,-0.013831218063089621,-0.004797322236042282,-0.004894568913540736,-0.0044954701322908516,-0.002088367546747553
0.002996119844793792,-0.08774444629456722,-0.014225598744243919,-0.014257789683055331,-0.013831175982094603,-0.004797321690654857,-0.004894564743695573,-0.004495469634692361,-0.0020883718935123443
0.002998119924796992,-0.08773842689611724,-0.014224580683735923,-0.014256775561744666,-0.013830186527709596,-0.004796935354742289,-0.004894191178339267,-0.004495119638816306,-0.002088204203236612
0.003000120004800192,-0.08773800339381778,-0.014224532789235087,-0.014256726430724263,-0.013830141389046905,-0.00479693363585798,-0.004894185880131283,-0.0044951180915993585,-0.0020882080620442073
0.0030021200848033922,-0.08773196513161842,-0.01422351159392492,-0.014255709187511739,-0.013829148894466564,-0.004796546133083398,-0.0048938111928368945,-0.004494767052074299,-0.0020880398865895824
0.0030041201648065923,-0.08773152287481814,-0.014223460582739506,-0.014255656952645886,-0.01382910073318581,-0.0047965432540119,-0.004893804779154186,-0.004494764467213686,-0.0020880432630132856
0.003006120244809793,-0.08772546596801356,-0.014222436288969707,-0.014254636623751246,-0.013828105233668703,-0.004796154597764578,-0.004893428982886744,-0.004494412396085936,-0.0020878746079863474
0.003008120324812993,-0.08772500517715014,-0.014222382197656844,-0.01425458132147347,-0.013828054085236581,-0.004796150571974447,-0.004893421466770963,-0.004494408785699174,-0.002087877507665876
0.003010120404816193,-0.08771892984746615,-0.014221354842198275,-0.014253557943543209,-0.013827055616456798,-0.004795760775801929,-0.0048930445746484435,-0.004494055695157177,-0.002087708378739331
0.003012120484819393,-0.08771845074554499,-0.014221297707741241,-0.0142534996107116,-0.013827001516753404,-0.004795755616919143,-0.004893035969293378,-0.004494051071503226,-0.0020877108073801887
0.003014120564822593,-0.08771235721726142,-0.014220267327788607,-0.014252473220814512,-0.013826000114796195,-0.004795364694525536,-0.004892657994585068,-0.004493696973876079,-0.002087541210292202
0.003016120644825793,-0.0877118600298301,-0.014220207187592423,-0.014252411894707532,-0.013825943100110816,-0.0047953584163319424,-0.0048926483133351255,-0.004493691349353838,-0.0020875431736650228
0.0030181207248289933,-0.08770574852975574,-0.014219173820760083,-0.014251382530330618,-0.01382493880146851,-0.004794966381576434,-0.004892269269460177,-0.0044933362571099415,-0.0020873731142185535
0.0030201208048321933,-0.08770523348487938,-0.014219110712647542,-0.01425131824864287,-0.013824878908495639,-0.0047949589980082075,-0.004892258525808916,-0.004493329644256952,-0.0020873746181584744
0.003022120884835394,-0.08769910424232732,-0.01421807439696537,-0.014250285947687114,-0.01382387175006358,-0.004794565864903468,-0.004891878426334812,-0.004492973570002572,-0.002087204102220628
0.003024120964838594,-0.08769857157056112,-0.014218008359172477,-0.014250218748525011,-0.013823809015898626,-0.004794557390049481,-0.004891866633923369,-0.0044929659814935225,-0.0020872051526266006
0.003026121044841794,-0.08769242481732194,-0.014216969133081452,-0.014249183549301037,-0.013822799034971063,-0.0047941631727601,-0.004891485492564426,-0.004492608937971364,-0.00208703418612797
0.003028121124844994,-0.08769187475168554,-0.014216900204253109,-0.014249113471178418,-0.013822733497106013,-0.004794153620860254,-0.004891472665179892,-0.004492600386616648,-0.0020870347889620717
0.003030121204848194,-0.08768571072200258,-0.014215858106601224,-0.014248075412402389,-0.013821720731371985,-0.004793758333701203,-0.004891090495795742,-0.004492242386704489,-0.002086863377896107
0.0030321212848513942,-0.0876851434979534,-0.014215786325786886,-0.014248002494236129,-0.01382165242769134,-0.004793747719144914,-0.004891076647369662,-0.004492232885448745,-0.002086863539182882
0.0030341213648545943,-0.08767896242849418,-0.014214741395824314,-0.014246961615025,-0.013820636915230063,-0.004793351376579775,-0.00489069346396356,-0.004491873942157868,-0.0020866916896051238
0.0030361214448577944,-0.08767837828390292,-0.014214666802473883,-0.014246885896131076,-0.013820565884006741,-0.004793339713904405,-0.004890678608570512,-0.004491863504078627,-0.0020866914154309513
0.0030381215248609945,-0.08767218041373258,-0.014213619079848746,-0.01424584223599827,-0.01381954766328335,-0.004792942330543768,-0.004890294425287747,-0.004491503630552334,-0.0020865191334583796
0.003040121604864195,-0.08767157958885505,-0.014213541713807811,-0.014245763756086846,-0.013819473943174196,-0.004792929634432889,-0.00489027857714357,-0.004491492268858473,-0.0020865184299707572
0.003042121684867395,-0.08766536515941095,-0.0142124912385618,-0.014244717354937965,-0.013818453053035772,-0.004792531225032773,-0.004889893408270029,-0.004491131478370723,-0.0020863457217811317
0.003044121764870595,-0.08766474789685927,-0.014212411140067037,-0.014244636154108963,-0.01381837668307693,-0.004792517510314471,-0.0048898765817302105,-0.004491119206400887,-0.002086344595187919
0.003046121844873795,-0.08765851715192323,-0.0142113579526309,-0.01424358705223729,-0.013817353162747915,-0.004792118089774661,-0.004889490441690666,-0.0044907575123547365,-0.0020861714670190818
0.0030481219248769953,-0.0876578836966408,-0.01421127516230583,-0.01424350317097602,-0.013817274182350785,-0.004792103371419911,-0.0048894726512488116,-0.004490744343575965,-0.00208616992358787
0.0030501220048801954,-0.08765163688231195,-0.01421021930349482,-0.01424245140905794,-0.013816248071428602,-0.004791702954782271,-0.004889085554605348,-0.004490381759502077,-0.0020859963817370384
0.0030521220848833954,-0.08765098748154544,-0.01421013386234504,-0.014242364888230474,-0.013816166520375256,-0.00479168724790327,-0.0048890668148915024,-0.004490367707508216,-0.0020859944277944287
0.0030541221648865955,-0.08764472484621129,-0.014209075373354176,-0.014241310507320725,-0.013815137858825703,-0.004791285850349959,-0.004888678776341798,-0.0044900042470633105,-0.0020858204786174403
0.003056122244889796,-0.08764405974948328,-0.01420898732276308,-0.014241221388169535,-0.013815053777264741,-0.004791269170198507,-0.0048886591021209125,-0.004489989325573579,-0.002085818120548381
0.003058122324892996,-0.08763778154379287,-0.014207926245162577,-0.01424016442969679,-0.013814022605417656,-0.004790866807050347,-0.004888270136496611,-0.004489625002538877,-0.002085643770459016
0.003060122404896196,-0.08763710100287296,-0.014207835626886354,-0.01424007275383585,-0.013813936033859312,-0.004790849169015977,-0.0048882495426667665,-0.004489609225396242,-0.002085641014706006
0.0030621224848993963,-0.08763080747970854,-0.014206772002617066,-0.014239013259598072,-0.013812902392404014,-0.00479044585573074,-0.004887859664931884,-0.004489244053675979,-0.0020854662701752895
0.0030641225649025963,-0.08763011174858547,-0.014206678858780158,-0.014238919069008238,-0.013812813371715664,-0.004790427275339022,-0.004887838166522608,-0.004489227434845593,-0.0020854631232376858
0.0030661226449057964,-0.08762380316303582,-0.014205612730149015,-0.014237857081168146,-0.013811777301696655,-0.004790023027509771,-0.004887447391771865,-0.004488861428465508,-0.002085287990793165
0.0030681227249089965,-0.08762309249788873,-0.014205517103239331,-0.01423776041819242,-0.013811685873098351,-0.0047900035204206355,-0.004887425003942474,-0.004488843982033159,-0.0020852844592264557
0.0030701228049121966,-0.08761676910721815,-0.014204448512914362,-0.014236695979272483,-0.01381064741591034,-0.004789598353773813,-0.004887033347399538,-0.004488477155138834,-0.00208510894545142
0.003072122884915397,-0.08761604376638889,-0.01420435044577861,-0.014236596886611505,-0.01381055362097022,-0.0047895779357797945,-0.004887010085437558,-0.0044884588953094185,-0.00208510503586651
0.003074122964918597,-0.08760970583000927,-0.014203279436784184,-0.014235530039489235,-0.01380951281835362,-0.004789171866173543,-0.004886617562453291,-0.004488091262164681,-0.0020849291473992878
0.0030761230449217972,-0.0876089660739741,-0.014203178972623359,-0.014235428560196536,-0.013809416698983404,-0.004789150553198051,-0.00488659344177267,-0.00448807220326067,-0.0020849248664617827
0.0030781231249249973,-0.08760261385341621,-0.014202105588335333,-0.014234359348099855,-0.013808373593019703,-0.0047887435966204265,-0.004886200067823526,-0.0044877037782460215,-0.0020847486099949773
0.0030801232049281974,-0.08760185994475489,-0.014202002770699518,-0.01423425552557672,-0.013808275191469788,-0.004788721404715847,-0.004886175103962858,-0.004487683934705717,-0.002084743964424367
0.0030821232849313975,-0.08759549370364014,-0.014200927054840787,-0.01423318399207917,-0.013807229824576958,-0.004788313577283127,-0.004885780894649148,-0.0044873147323168305,-0.002084567346704178
0.0030841233649345975,-0.08759472590700716,-0.014200821927624166,-0.014233077870069957,-0.01380712918343159,-0.004788290522629061,-0.004885755103269954,-0.004487294118692766,-0.0020845623432731177
0.0030861234449377976,-0.08758834591101754,-0.014199743924259522,-0.014232004059085809,-0.013806081598359386,-0.004787881840583862,-0.0048853600743140975,-0.0044869241535388064,-0.002084385371098524
0.0030881235249409977,-0.08758756449311324,-0.014199636531695925,-0.01423189568167319,-0.013805978760532241,-0.004787857939485389,-0.004885333471199159,-0.004486902784496235,-0.002084380016632093
0.003090123604944198,-0.08758117100996204,-0.014198556285227235,-0.014230819637452487,-0.013804929000357359,-0.004787448419194905,-0.0048849376384439425,-0.004486532071298219,-0.0020842026968541415
0.0030921236849473983,-0.08758037623950336,-0.014198446671885091,-0.014230709049052515,-0.013804824009086695,-0.004787423688080768,-0.004884910239495506,-0.004486509961613444,-0.0020841969982290905
0.0030941237649505984,-0.08757396953890285,-0.014197364227045936,-0.014229630816175962,-0.01380377211720764,-0.004787013346034755,-0.004884513618902162,-0.004486138515202492,-0.0020840193377500353
0.0030961238449537984,-0.08757316168659428,-0.01419725243782341,-0.014229518061533296,-0.013803665016051646,-0.0047869878014555585,-0.004884485440140255,-0.004486115679761264,-0.0020840133018940597
0.0030981239249569985,-0.08756674204022971,-0.014196167839674737,-0.014228437684907648,-0.013802611036184416,-0.004786576654264782,-0.0048840880477868985,-0.004485743515077148,-0.002083835307666704
0.0031001240049601986,-0.08756592137873016,-0.014196053919794432,-0.014228322809090178,-0.01380250186901597,-0.0047865503128910105,-0.0048840591053473615,-0.004485719968872909,-0.002083828941557573
0.0031021240849633987,-0.08755948906022838,-0.014194967213719475,-0.014227240333943422,-0.013801445845189265,-0.004786138377285312,-0.004883660957427233,-0.004485347100962356,-0.002083650620584504
0.0031041241649665987,-0.08755865586412286,-0.014194851208723467,-0.01422712338233737,-0.013801334656191124,-0.004786111255905536,-0.004883631267560004,-0.004485322859094549,-0.0020836439312493216
0.0031061242449697993,-0.08755221114902177,-0.014193762440422412,-0.014226038854213282,-0.013800276632741148,-0.004785698548731941,-0.0048832323803795034,-0.004484949303109528,-0.002083465290582071
0.0031081243249729993,-0.08755136569479131,-0.014193644396167621,-0.014225919872518516,-0.01380016346640147,-0.004785670664251054,-0.004883201959446942,-0.004484924380782106,-0.0020834582850965595
0.0031101244049761994,-0.08754490886050802,-0.01419255361165263,-0.01422483333727172,-0.013799103487967061,-0.004785257202471836,-0.004882802349423878,-0.004484550151978104,-0.002083279331834826
0.0031121244849793995,-0.08754405142650026,-0.014192433574305535,-0.014224712371496688,-0.013798988389074354,-0.004785228571909179,-0.004882771213898912,-0.004484524564497778,-0.002083272017322517
0.0031141245649825996,-0.08753758275230138,-0.01419134081989566,-0.014223623875287535,-0.013797926500591912,-0.004784814372600051,-0.004882370897560666,-0.004484149678232124,-0.0020830927586133864
0.0031161246449857996,-0.08753671361869686,-0.014191218835926977,-0.014223500971743713,-0.01379780951422985,-0.0047847850130874016,-0.004882339064024838,-0.0044841234410066,-0.002083085142244802
0.0031181247249889997,-0.08753023338566983,-0.014190124158243417,-0.01422241056103364,-0.01379674576092898,-0.004784370093435733,-0.004881938058006689,-0.004483747912736923,-0.002082905585282019
0.0031201248049922,-0.08752935283445189,-0.014190000274422958,-0.014222285766330578,-0.013796626932471325,-0.004784340022215378,-0.004881905543148376,-0.004483721041273145,-0.002082897674273854
0.0031221248849954,-0.08752286132547094,-0.014188903720383424,-0.014221193487876546,-0.013795561359869299,-0.00478392439951816,-0.004881503864191508,-0.0044833448865555115,-0.002082717826296968
0.0031241249649986004,-0.08752196964039655,-0.014188777983775427,-0.014221066848917103,-0.01379544073497539,-0.004783893633941236,-0.004881470684804203,-0.00448331739645816,-0.0020827096279113855
0.0031261250450018005,-0.08751546714009241,-0.014187679600589073,-0.014219972749766368,-0.013794373388872185,-0.004783477325603155,-0.004881068349753883,-0.004482940630945364,-0.002082529496204942
0.0031281251250050005,-0.0875145646066597,-0.01418755205854664,-0.014219844313741289,-0.013794251013481628,-0.00478344588312757,-0.004881034522734229,-0.004482912537915023,-0.00208252101774872
0.0031301252050082006,-0.08750805140138791,-0.014186451893708936,-0.014218748441226408,-0.01379318193995492,-0.0047830289066591305,-0.004880631548537929,-0.004482535177354852,-0.0020823406096414695
0.0031321252850114007,-0.08750713830680407,-0.014186322593868777,-0.014218618255609012,-0.01379305786028244,-0.004782996804847608,-0.004880597090883893,-0.004482506497186229,-0.0020823318584651854
0.0031341253650146008,-0.08750061468461566,-0.014185220695156429,-0.014217520657342806,-0.013791987105682744,-0.004782579177863286,-0.004880193494589552,-0.004482128557419882,-0.0020821511813293317
0.003136125445017801,-0.08749969131776537,-0.014185089685433737,-0.014217388769883772,-0.013791861368213143,-0.00478254643438145,-0.0048801584233984716,-0.0044820993060000775,-0.0020821421648265495
0.003138125525021001,-0.08749315756837328,-0.014183986100899295,-0.014216289493753847,-0.013790788979158594,-0.004782128174597691,-0.004879754222152536,-0.004481720802960284,-0.002081961226076882
0.0031401256050242014,-0.08749222421978747,-0.01418385342948236,-0.014216155952476146,-0.01379066163064167,-0.00478209480721213,-0.004879718554619324,-0.004481690996267107,-0.0020819519516833587
0.0031421256850274015,-0.08748568063453348,-0.014182748207448703,-0.014215055046639518,-0.013789587654012576,-0.004781675932445277,-0.004879313765664758,-0.00448131194597632,-0.0020817707587764064
0.0031441257650306016,-0.08748473759635869,-0.014182613922793862,-0.014214919899833122,-0.013789458741458214,-0.0047816419590217315,-0.004879277519080085,-0.00448128160007654,-0.0020817612339693015
0.0031461258450338017,-0.08747818446818387,-0.014181507111849286,-0.014213817412711202,-0.013788383224392319,-0.004781222487186222,-0.004878872159754636,-0.0044809020186453215,-0.002081579794402589
0.0031481259250370017,-0.08747723203414852,-0.014181371262675477,-0.014213680708927682,-0.013788252795064987,-0.004781187925687415,-0.004878835351502892,-0.0044808711496928545,-0.0020815700266995935
0.003150126005040202,-0.08747066965755952,-0.014180262911668023,-0.014212576689200751,-0.01378717578495215,-0.004780767874793731,-0.004878429439237087,-0.004480491053317991,-0.0020813883480107678
0.003152126085043402,-0.08746970812294114,-0.01418012554695128,-0.014212438477247916,-0.013787043886365804,-0.0047807327432774546,-0.004878392086794492,-0.004480459677552113,-0.002081378344969287
0.003154126165046602,-0.08746313679397966,-0.014179015704983745,-0.014211332973850032,-0.013785965430842926,-0.004780312131430264,-0.004877985639109816,-0.0044800790825149425,-0.00208119643473533
0.003156126245049802,-0.08746216645557359,-0.01417887687395196,-0.014211193302786605,-0.01378583211075575,-0.004780276448047399,-0.004877947760042552,-0.004480047216258521,-0.0020811862039516655
0.0031581263250530026,-0.08745558647178167,-0.014177765590376173,-0.014210086364899989,-0.01378475225770129,-0.004779855293443397,-0.004877540794549442,-0.004479666138923062,-0.0020810040697880126
0.0031601264050562026,-0.0874546076278694,-0.014177625342503795,-0.014209945284030327,-0.013784617564110748,-0.004779819076435992,-0.004877502406511724,-0.004479633798580804,-0.0020809936188965423
0.0031621264850594027,-0.08744801928825761,-0.014176512666915216,-0.014208836961079965,-0.013783536361639549,-0.004779397397361976,-0.004877094940907629,-0.004479252255391959,-0.0020808112684562656
0.003164126565062603,-0.08744703223857199,-0.014176371051917672,-0.01420869451994859,-0.013783400342776884,-0.0047793606650611805,-0.004877056061639752,-0.004479219457448583,-0.0020808006051285903
0.003166126645065803,-0.08744043584358853,-0.014175257034150391,-0.014207584861597213,-0.01378231783923518,-0.004778938479892136,-0.004876648113707333,-0.004478837464930425,-0.00208061804610161
0.003168126725069003,-0.08743944088928234,-0.01417511410197859,-0.014207441109983277,-0.013782180543560016,-0.004778901250716135,-0.004876608761033661,-0.004478804225948818,-0.002080607178045689
0.003170126805072203,-0.08743283674077719,-0.014173998792099393,-0.014206330166125379,-0.013781096787519825,-0.004778478577913082,-0.004876200348638671,-0.004478421800702688,-0.0020804244181578547
0.003172126885075403,-0.08743183418439049,-0.014173854592934633,-0.014206185154037517,-0.013780958263715228,-0.00477844087036524,-0.00487616054046588,-0.004478388137322209,-0.002080413353117234
0.0031741269650786036,-0.08742522258558383,-0.014172738041237531,-0.014205072974794182,-0.013779873303969086,-0.004778017728473237,-0.004875751681555252,-0.004478005296024907,-0.002080230400129511
0.0031761270450818037,-0.08742421273101042,-0.014172592625485737,-0.014204926752464877,-0.013779733600936013,-0.004777979561139964,-0.004875711435870233,-0.004477971224959467,-0.002080219145882426
0.0031781271250850038,-0.08741759398646,-0.014171474882486853,-0.014203813388178286,-0.013778647486491796,-0.0047775559687861765,-0.004875302148470184,-0.004477587984361494,-0.002080036007590055
0.003180127205088204,-0.08741657713891349,-0.01417132830077294,-0.014203666006058241,-0.013778506653343745,-0.0047775173603348585,-0.004875261483338019,-0.004477553522397717,-0.002080024571948566
0.003182127285091404,-0.08740995155448197,-0.014170209417204852,-0.014202551507286448,-0.013777419433419313,-0.004777093336226474,-0.004874851785552131,-0.004477169899321461,-0.0020798412561802496
0.003184127365094604,-0.08740892802046256,-0.014170061720367265,-0.014202403016039063,-0.01377727751947686,-0.004777054305403477,-0.004874810719114191,-0.00447713506331687,-0.0020798296469893844
0.003186127445097804,-0.08740229590328194,-0.014168941747173367,-0.014201287433550026,-0.013776189243494582,-0.004776629868325661,-0.0048744006291212855,-0.004476751074654673,-0.0020796461616063655
0.003188127525101004,-0.08740126599054482,-0.014168792986258793,-0.014201137884046205,-0.013776046298280317,-0.004776590433954317,-0.004874359179593307,-0.004476715881535932,-0.0020796343867433256
0.0031901276051042042,-0.08739462764898398,-0.014167671974587629,-0.014200021268812318,-0.013774957015861579,-0.004776165602768068,-0.0048739487156455145,-0.004476331544248222,-0.002079450739638534
0.0031921276851074047,-0.08739359166650429,-0.014167522200845299,-0.014199870712124871,-0.013774813089094569,-0.0047761257837466336,-0.004873906901315565,-0.004476296011009216,-0.002079438807011813
0.003194127765110605,-0.08738694741013579,-0.014166400202045223,-0.014198753115317563,-0.013773722850054576,-0.004775700577386855,-0.004873496081736352,-0.004475911342122839,-0.0020792550061090333
0.003196127845113805,-0.08738590566807602,-0.014166249466921374,-0.014198601602715407,-0.013773577991644918,-0.0047756603926864104,-0.004873453920962869,-0.00447587548582285,-0.0020792429236575344
0.003198127925117005,-0.08737925580764154,-0.014165126532534728,-0.014197483075699555,-0.013772486845987102,-0.004775234830159751,-0.004873042764145007,-0.004475490502428981,-0.0020790589769105285
0.003200128005120205,-0.08737820861731586,-0.014164974887666744,-0.014197330658642177,-0.013772341106030445,-0.004775194298822117,-0.004873000275354724,-0.004475454340190782,-0.0020790467526026926
0.003202128085123405,-0.08737155346469364,-0.014163851069424565,-0.01419621125297044,-0.01377124910394119,-0.004774768399204992,-0.004872588799758357,-0.004475069059443283,-0.0020788626679943594
0.003204128165126605,-0.08737050113853513,-0.014163698566635553,-0.014196057983102375,-0.013771102532713235,-0.004774727540340621,-0.0048725460014443,-0.004475032608451284,-0.002078850309827299
0.0032061282451298053,-0.0873638410067061,-0.014162573916451843,-0.014194937750509899,-0.01377000972455647,-0.004774301322777151,-0.004872134225594972,-0.00447464704756476,-0.002078666095368806
0.0032081283251330058,-0.08736278385823243,-0.014162420607744877,-0.014194783679654885,-0.013769862372507536,-0.004774260155563081,-0.004872091136314462,-0.004474610325063111,-0.0020786536113674365
0.003210128405136206,-0.08735611906124466,-0.014161295177710777,-0.014193662672053211,-0.013768768808819045,-0.004773833639262891,-0.0048716790788009565,-0.004474224501310976,-0.0020784692750973064
0.003212128485139406,-0.08735505740502544,-0.014161141115263535,-0.014193507852209093,-0.01376862072656884,-0.004773792182940776,-0.004871635717173713,-0.00447418752460187,-0.0020784566733135263
0.003214128565142606,-0.08734838825796024,-0.014160014957641631,-0.014192386121680544,-0.013767526458050594,-0.004773365387176864,-0.00487122339664602,-0.004473801455314449,-0.002078272223296753
0.003216128645145806,-0.08734732240958211,-0.01415986019380066,-0.01419223060501331,-0.013767377696382593,-0.004773323661050789,-0.004871179781352046,-0.00447376424175606,-0.0020782595118085416
0.003218128725149006,-0.08734064922852036,-0.014158733361019497,-0.014191108203805624,-0.01376628277389765,-0.0047728966051576015,-0.004870767216519483,-0.004473377944318797,-0.0020780749561357613
0.0032201288051522062,-0.08733957950455143,-0.014158577948294133,-0.014190952042643522,-0.013766133383753317,-0.004772854628591884,-0.004870723366296949,-0.004473340511323423,-0.0020780621430462327
0.0032221288851554063,-0.08733290260654074,-0.014157450492942652,-0.014189829023164244,-0.01376503785832033,-0.004772427331963183,-0.004870310575926128,-0.004472954003175023,-0.002077877489832874
0.0032241289651586064,-0.08733182932449686,-0.014157294483999603,-0.014189672269992267,-0.01376488789079366,-0.004772385124380361,-0.004870266509569405,-0.004472916368207185,-0.0020778645832694553
0.003226129045161807,-0.08732514902751483,-0.014156166458821173,-0.014188548684802769,-0.01376379181358108,-0.004771957606467056,-0.004869853512482086,-0.004472529666837632,-0.00207767984065479
0.003228129125165007,-0.08732407250582636,-0.014156009906478905,-0.01418839139225711,-0.013763641319913346,-0.004771915187345808,-0.004869809248839755,-0.004472491847412234,-0.0020776668487683474
0.003230129205168207,-0.08731738912874691,-0.014154881364365629,-0.014187267294066996,-0.013762544742233845,-0.0047714874676538285,-0.004869396063910852,-0.004472104970360915,-0.002077482024914627
0.003232129285171407,-0.08731630968672319,-0.014154724321588555,-0.01418710951492925,-0.013762393773807889,-0.004771444856526857,-0.004869351621883641,-0.004472066984041343,-0.0020774689558785884
0.003234129365174607,-0.08730962354928201,-0.014153595315575536,-0.01418598495659056,-0.013761296747112909,-0.00477101695461506,-0.004868938268039107,-0.0044716799488951076,-0.0020772840589701404
0.0032361294451778073,-0.08730854150707738,-0.014153437835468269,-0.014185826743782047,-0.013761145355447604,-0.004770974171066933,-0.0048688936665778546,-0.004471641813291334,-0.0020772709209795847
0.0032381295251810074,-0.0873018529298373,-0.014152308418727949,-0.014184701778283657,-0.013760047931321748,-0.004770546106544999,-0.004868480162792734,-0.004471254637682656,-0.0020770859592219746
0.0032401296051842074,-0.0873007686084153,-0.014152150554529447,-0.014184543184859531,-0.013759896168066272,-0.004770503170210008,-0.00486843542089623,-0.004471216370449223,-0.002077072760492735
0.003242129685187408,-0.08729407791273255,-0.014151020780366015,-0.014183417865321513,-0.01375879839822193,-0.004770074962736355,-0.004868021786192643,-0.004470829072054319,-0.002076887742111869
0.003244129765190608,-0.08729299163383167,-0.014150862585443843,-0.01418325894446506,-0.013758646315150185,-0.004770031893296406,-0.004867976922905643,-0.00447079069088851,-0.0020768744908796484
0.003246129845193808,-0.08728629914181975,-0.014149732507287079,-0.01418213332413275,-0.013757548251421694,-0.0047696035625759865,-0.0048675631763505705,-0.004470403287425343,-0.0020766894241208388
0.003248129925197008,-0.08728521122791916,-0.014149574035131802,-0.014181974129149766,-0.013757395900426881,-0.00476956037975851,-0.004867518210761785,-0.004470364810065282,-0.002076676128640342
0.0032501300052002083,-0.08727851726241449,-0.01414844370653161,-0.014180848261388053,-0.013756297594764993,-0.004769131945540706,-0.004867104371465128,-0.004469977319291671,-0.0020764910217674747
0.0032521300852034083,-0.08727742803669901,-0.014148285010750886,-0.014180688845701006,-0.013756145027853883,-0.00476908866911648,-0.004867059322705064,-0.004469938763514389,-0.002076477690311494
0.0032541301652066084,-0.08727073292122581,-0.014147154485371233,-0.014179562783988511,-0.013755046532320037,-0.004768660151192936,-0.0048666454098174996,-0.004469551203226079,-0.002076292551606062
0.0032561302452098085,-0.08726964270755118,-0.014146995619684162,-0.014179403201130918,-0.013754893801607576,-0.004768616800974008,-0.004866600297056528,-0.004469512586845618,-0.0020762791924646236
0.0032581303252130086,-0.08726294676628625,-0.014145864951297429,-0.014178276999054168,-0.013753795168368345,-0.004768188219176473,-0.0048661863297674145,-0.004469124974874332,-0.0020760940302248744
0.003260130405216209,-0.08726185588914355,-0.014145705969528488,-0.014178117302664469,-0.013753642326071612,-0.004768144815013935,-0.004866141172213558,-0.004469086315739748,-0.002076080651704281
0.003262130485219409,-0.08725515944688267,-0.014144575212009791,-0.014176991013912416,-0.013752543607393232,-0.004767716189212272,-0.0048657271697490215,-0.004468698669951358,-0.0020758954742443434
0.0032641305652226092,-0.08725406823136274,-0.01414441616808313,-0.01417683125772845,-0.013752390705826062,-0.004767672750994077,-0.004865681986645893,-0.0044686599859448065,-0.002075882084666297
0.0032661306452258093,-0.08724737161348499,-0.014143285375404397,-0.014175704936086454,-0.013751291954068663,-0.004767244101093975,-0.0048652679682666304,-0.004468272324237373,-0.0020756969003152595
0.0032681307252290094,-0.08724628038524443,-0.014143126323338006,-0.014175545173939454,-0.01375113904563585,-0.00476720064874291,-0.00486522277889141,-0.004468233633272182,-0.0020756835080159596
0.0032701308052322095,-0.08723958391767564,-0.014141995549562043,-0.01417441887328344,-0.013750040313247709,-0.004766771994683731,-0.004864808763890594,-0.004467845973573923,-0.002075498325116955
0.0032721308852354095,-0.08723849300290196,-0.014141836543462074,-0.014174259159092532,-0.013749887450439653,-0.004766728548155226,-0.004864763587551945,-0.004467807293592749,-0.002075484938446236
0.0032741309652386096,-0.08723179701208175,-0.014140705842736872,-0.014173132933383216,-0.01374878878995167,-0.00476629990990791,-0.004864349595253216,-0.004467419653860213,-0.002075299765355568
0.00327613104524181,-0.08723070673745659,-0.014140546936791624,-0.014172973321149312,-0.013748636025338311,-0.004766256489187832,-0.004864304451289166,-0.00446738100283299,-0.0020752863926759616
0.00327813112524501,-0.08722401155030174,-0.014139416363344414,-0.014171847224426477,-0.013747537489358341,-0.004765827886752702,-0.004863890501044475,-0.004466993401049064,-0.0020751012377621743
0.0032801312052482103,-0.08722292224296802,-0.014139257611818674,-0.014171687768226627,-0.013747384875583895,-0.00476578451185532,-0.004863845408820398,-0.00446695479697114,-0.0020750878874480345
0.0032821312852514104,-0.08721622818683655,-0.014138127219950072,-0.01417056185460306,-0.013746286516790844,-0.004765355965259875,-0.004863431520007918,-0.004466567251143069,-0.0020749027590910144
0.0032841313652546104,-0.0872151401743614,-0.014137968677179102,-0.014170402608584607,-0.013746134106567873,-0.004765312656225567,-0.0048633864989144,-0.004466528712033259,-0.002074889439527593
0.0032861314452578105,-0.08720844757701937,-0.014136838521257347,-0.014169276932240474,-0.013745035977706295,-0.004764884185522456,-0.004862972690936497,-0.004466141240190797,-0.0020747043461176824
0.0032881315252610106,-0.08720736118735864,-0.014136680241641034,-0.014169117950615168,-0.013744883823810039,-0.00476484096241556,-0.00486292776038721,-0.004466102784089353,-0.0020746910657002235
0.0032901316052642107,-0.08720067037694408,-0.014135550376096219,-0.014167992565792252,-0.01374378597768447,-0.004764412587680357,-0.004862514052668357,-0.004465715404282835,-0.0020745060156373432
0.0032921316852674107,-0.0871995859384084,-0.014135392414093255,-0.014167833902830312,-0.013743634132947219,-0.004764369470587089,-0.004862469232098008,-0.004465677049249599,-0.0020744927827701675
0.0032941317652706113,-0.0871928972433955,-0.014134262893411334,-0.014166708863826039,-0.013742536622416405,-0.004763941211916121,-0.00486205564408267,-0.004465289779547924,-0.0020743077844628823
0.0032961318452738113,-0.08719181508461361,-0.014134105303533291,-0.014166550573850455,-0.013742385139721713,-0.004763898220942314,-0.004862010952944887,-0.004465251543660309,-0.0020742946075585074
0.0032981319252770114,-0.08718512883377826,-0.014132976182250291,-0.01416542593501208,-0.013741288017692916,-0.0047634700984505104,-0.00486159750409543,-0.004464864402149031,-0.0020741096694231
0.0033001320052802115,-0.08718404928366219,-0.014132819019055857,-0.014165268072392654,-0.013741136949970072,-0.004763427253719522,-0.004861552961860668,-0.004464826303500139,-0.002074096556901333
0.0033021320852834116,-0.08717736580604502,-0.014131690351751847,-0.014164143888111422,-0.013740040269393293,-0.004762999287538191,-0.004861139671655226,-0.004464439308279472,-0.002073911687360913
0.0033041321652866116,-0.08717628919375617,-0.014131533669841092,-0.01416398650725926,-0.01373988966961166,-0.004762956609188811,-0.004861095297808792,-0.0044644013649761775,-0.0020738986476479676
0.0033061322452898117,-0.08716960881862833,-0.0141304055111344,-0.014162862831964333,-0.013738793483473977,-0.004762528819463489,-0.004860682185739181,-0.00446401453415907,-0.002073713855131568
0.003308132325293012,-0.08716853547354003,-0.014130249365142697,-0.014162705987325695,-0.013738643404637218,-0.004762486327647612,-0.004860637999778997,-0.004463976764320008,-0.0020737008966591184
0.0033101324052962123,-0.08716185853036713,-0.014129121769683948,-0.01416158287547854,-0.01373754776595707,-0.004762058734535935,-0.0048602250853486,-0.004463590116030185,-0.002073516189600779
0.0033121324852994124,-0.08716078878203032,-0.014128966214276154,-0.014161426621528962,-0.013737398261097376,-0.00476201644941647,-0.004860181106783147,-0.004463552537783811,-0.0020735033208050552
0.0033141325653026125,-0.08715411560043883,-0.014127839236742814,-0.014160304127617736,-0.01373630322291923,-0.004761589073086066,-0.004859768409504988,-0.00446316609015395,-0.002073318707642983
0.0033161326453058125,-0.08715304977854511,-0.014127684326607213,-0.01416014851885612,-0.013736154345091504,-0.004761547014834719,-0.004859724657851154,-0.0044631287216365485,-0.0020733059369638564
0.0033181327253090126,-0.08714638068828591,-0.014126558021697344,-0.014159026697389453,-0.013735059960479771,-0.004761119875460982,-0.004859312197245624,-0.004462742492806178,-0.002073121426139443
0.0033201328053122127,-0.08714531912263399,-0.01412640381154001,-0.014158871788332444,-0.013734911762756307,-0.004761078064256102,-0.00485926869202669,-0.004462705352159982,-0.0020731087620195535
0.0033221328853154128,-0.08713865445354557,-0.014125278233966391,-0.014157750693833623,-0.013733818084789661,-0.004760651182019931,-0.004858856487619484,-0.004462319360273605,-0.002072924361976463
0.003324132965318613,-0.08713759747400597,-0.01412512477850541,-0.01415759653900979,-0.013733670620254192,-0.0047606096380445025,-0.004858813248363037,-0.004462282465644865,-0.0020729118128603283
0.0033261330453218134,-0.0871309375559801,-0.014123999982989702,-0.014156476226010899,-0.01373257770201994,-0.0047601830331302,-0.004858401319683047,-0.004461896728849935,-0.002072727532043632
0.0033281331253250134,-0.08712988549245856,-0.014123847336949071,-0.01415632287995462,-0.013732431023762023,-0.004760141776569457,-0.004858358365918844,-0.004461860098386939,-0.0020727151063766797
0.0033301332053282135,-0.0871232306554059,-0.014122723378216085,-0.014155203402990904,-0.013731338918350464,-0.004759715469162649,-0.004857946732496109,-0.004461474634832016,-0.0020725309532319434
0.0033321332853314136,-0.08712218383780855,-0.01412257159631988,-0.01415505092023672,-0.013731193079459789,-0.004759674520201981,-0.004857904083753983,-0.004461438286683096,-0.0020725186594596455
0.0033341333653346137,-0.08711553441162187,-0.014121448529091576,-0.014153932333840533,-0.013730101839958516,-0.004759248530487339,-0.00485749276511759,-0.004461053114515856,-0.0020723346424320202
0.0033361334453378137,-0.08711449316981952,-0.014121297666058161,-0.014153780768917141,-0.01372995689351904,-0.004759207909310161,-0.004857450440925316,-0.004461017066827503,-0.0020723224889989547
0.003338133525341014,-0.08710784948433939,-0.014120175545047891,-0.014152663127612205,-0.013728866573007191,-0.004758782257469295,-0.00485703945660131,-0.004460632204192781,-0.002072138616532278
0.003340133605344214,-0.08710681414813247,-0.014120025655583972,-0.01415251253503681,-0.013728722572091751,-0.004758741984254834,-0.004856997476482592,-0.004460596475107682,-0.002072126611881273
0.003342133685347414,-0.08710017653311082,-0.0141189045354904,-0.014151395893332277,-0.013727633223634302,-0.004758316690464076,-0.00485658684599181,-0.004460211940145524,-0.002071942892417121
0.0033441337653506145,-0.08709914743219457,-0.014118755674285275,-0.014151246327604585,-0.013727490221298709,-0.004758276785385264,-0.004856545229464159,-0.004460176547800609,-0.0020719310449883207
0.0033461338453538146,-0.08709251621725991,-0.014117635609786757,-0.01415013073998924,-0.013726401897940858,-0.004757851869813541,-0.004856134972320194,-0.0044597923586443405,-0.002071747486965146
0.0033481339253570146,-0.08709149368118783,-0.01411748783150637,-0.014149982255585725,-0.013726259947218277,-0.0047578123530347925,-0.004856093738892831,-0.004459757321168872,-0.0020717358051951023
0.0033501340053602147,-0.08708486919581065,-0.014116368877254936,-0.014148867776522208,-0.013725172701979729,-0.004757387835841471,-0.004855683874599973,-0.004459373495943149,-0.0020715524170473285
0.003352134085363415,-0.08708385355396028,-0.014116222236536045,-0.014148720427890206,-0.013725031855874967,-0.004757348727516541,-0.0048556430437716935,-0.004459338831456714,-0.0020715409093681014
0.003354134165366615,-0.08707723612741633,-0.014115104447151647,-0.014147607111809077,-0.01372394574174427,-0.004756924628849257,-0.004855233591822789,-0.004458955388275603,-0.0020713576995252054
0.003356134245369815,-0.08707622770895386,-0.01411495899859599,-0.014147460953361009,-0.013723806053228243,-0.004756885949119119,-0.004855193183079969,-0.004458921114886235,-0.0020713463743634746
0.003358134325373015,-0.0870696176702899,-0.014113842428660657,-0.014146348854655034,-0.01372272112315709,-0.004756462289111591,-0.004854784162954347,-0.004458538071851249,-0.002071163351249091
0.0033601344053762155,-0.0870686168041339,-0.014113698226828949,-0.014146203940762476,-0.013722582645160852,-0.004756424058102201,-0.0048547441957687495,-0.0044585042076534425,-0.002071152217025218
0.0033621344853794156,-0.08706201448213331,-0.014112582930880966,-0.014145093113780873,-0.01372149895205857,-0.00475600085687216,-0.004854335626930182,-0.004458121582851625,-0.0020709693890562575
0.0033641345653826157,-0.08706102149692092,-0.0141124400302873,-0.01414494949876886,-0.013721361737467973,-0.004755963094692372,-0.004854296120756957,-0.004458088145924426,-0.0020709584541834117
0.0033661346453858158,-0.08705442722006626,-0.014111326062815217,-0.01414383999781117,-0.013720279334195557,-0.004755540372339288,-0.00485388802265149,-0.004457705957426383,-0.002070775829769116
0.003368134725389016,-0.08705344244411778,-0.014111184517921253,-0.014143697735952438,-0.013720143435845473,-0.004755503099078676,-0.00485384899692709,-0.004457672965831481,-0.0020707651026523914
0.003370134805392216,-0.08704685654055677,-0.014110071933358032,-0.01414258961526283,-0.01371906237521009,-0.004755080875681659,-0.0048534413889809785,-0.004457291231689423,-0.0020705826901934307
0.003372134885395416,-0.08704588030183978,-0.014109931798566962,-0.014142448760771954,-0.01371892784587877,-0.004755044111408401,-0.004853402863121068,-0.004457258703469188,-0.0020705721792289283
0.003374134965398616,-0.0870393030993512,-0.014108820651284468,-0.0141413420745337,-0.01371784818062819,-0.004754622407024073,-0.004852995764738749,-0.00445687744171511,-0.0020703899871165657
0.003376135045401816,-0.08703833572544689,-0.014108681980935333,-0.014141202681561158,-0.013717715073031586,-0.004754586171782767,-0.004852957758136075,-0.004456845394890651,-0.002070379700690487
0.0033781351254050167,-0.0870317675514041,-0.014107572325238321,-0.014140097483890637,-0.013716636855848494,-0.004754165006443123,-0.004852551188698137,-0.0044564646235342965,-0.002070197737305634
0.0033801352054082167,-0.08703080936947034,-0.01410743517360012,-0.014139959606517151,-0.013716505222634639,-0.004754129320252589,-0.0048525137207204964,-0.004456433076103533,-0.002070187683793377
0.003382135285411417,-0.08702425055080779,-0.014106327063720467,-0.014138855951458083,-0.013715428506131019,-0.004753708713962847,-0.004852107699581489,-0.004456052813130557,-0.002070005957505727
0.003384135365414617,-0.08702330188754495,-0.014106191484986326,-0.014138719643688749,-0.01371529839987428,-0.004753673596814058,-0.004852070789569646,-0.004456021783066283,-0.002069996145270998
0.003386135445417817,-0.08701675275072226,-0.014105084975077217,-0.014137617585206475,-0.013714223236585835,-0.004753253569550497,-0.004851665336056098,-0.004455642046436261,-0.0020698146644381036
0.003388135525421017,-0.08701581393233955,-0.01410495102335881,-0.014137482900965228,-0.013714094709781605,-0.004753219041404471,-0.004851629003321763,-0.004455611551684328,-0.0020698051018320594
0.003390135605424217,-0.08700927480330622,-0.014103846167488922,-0.014136382492940719,-0.01371302115216194,-0.004752799613112283,-0.004851224136730056,-0.004455232359328829,-0.002069623874798436
0.003392135685427417,-0.08700834615548576,-0.014103713896810631,-0.01413624948606444,-0.013712894257220833,-0.004752765693897922,-0.0048511884005538125,-0.004455202417806121,-0.002069614570158764
0.0033941357654306177,-0.08700181735964743,-0.014102610748958421,-0.014135150782288834,-0.013711822357636055,-0.00475234688448911,-0.004850784140148157,-0.004454823787626847,-0.0020694336052550165
0.003396135845433818,-0.08700089920750957,-0.014102480213251372,-0.014135019506521495,-0.013711697146878301,-0.004752313594101026,-0.004850749019777376,-0.004454794417219398,-0.002069424566905036
0.003398135925437018,-0.08699438106969262,-0.014101378827299267,-0.014133922560690229,-0.013710626957601394,-0.004751895423452293,-0.004850345384787732,-0.004454416367086249,-0.002069243872446975
0.003400136005440218,-0.08699347373776176,-0.01410125008039585,-0.01413379306967738,-0.013710503483251354,-0.004751862781748742,-0.004850310899434508,-0.004454387585647379,-0.00206923510869476
0.003402136085443418,-0.0869869665821787,-0.014100150510124573,-0.014132697935384473,-0.01370943505645653,-0.004751445269699336,-0.004849907909054603,-0.004454010133396528,-0.0020690546929825007
0.003404136165446618,-0.08698607039434789,-0.014100023605752436,-0.014132570282667229,-0.013709313370637036,-0.004751413296500052,-0.00484987407789373,-0.004453981958744837,-0.002069046212119995
0.003406136245449818,-0.0869795745445637,-0.014098925904835271,-0.014131477013399646,-0.013708246758394355,-0.004750996462849657,-0.004849471751278913,-0.004453605122176875,-0.002068866083437081
0.0034081363254530182,-0.08697868982406019,-0.014098800896611752,-0.014131351252409248,-0.013708126913121153,-0.004750965177933769,-0.004849438593445829,-0.004453577572094439,-0.0020688578937392036
0.0034101364054562183,-0.08697220560295675,-0.01409770511860873,-0.01413025990154105,-0.013707062167390718,-0.004750549042440435,-0.004849036949711122,-0.0044532013689724415,-0.0020686780603517137
0.003412136485459419,-0.08697133267230828,-0.014097582060035087,-0.014130136085593001,-0.013706944214566955,-0.0047505184655443075,-0.004849004484299842,-0.004453174461202838,-0.0020686701700754814
0.003414136565462619,-0.0869648604020506,-0.014096488258387378,-0.014129046706379848,-0.013705881387193596,-0.004750103047922289,-0.004848603542517837,-0.004452798909250488,-0.002068490640231165
0.003416136645465819,-0.0869639995830501,-0.01409636720284317,-0.01412892488866831,-0.013705765378604308,-0.004750073198737509,-0.004848571788578998,-0.0044527726614969785,-0.002068483057614814
0.003418136725469019,-0.08695753958505159,-0.014095275430867223,-0.014127837534241548,-0.013704704521311936,-0.00474965851865516,-0.0048481715677778205,-0.0044523977783966434,-0.002068303839542198
0.003420136805472219,-0.08695669119872382,-0.014095156431604508,-0.014127717767833652,-0.013704590508618424,-0.004749629416826338,-0.004848140544316548,-0.004452372208320216,-0.0020682965728043047
0.0034221368854754192,-0.08695024379361196,-0.014094066742486611,-0.014126632491194798,-0.01370353167300456,-0.0047492154939040385,-0.004847741063477872,-0.004451998011711105,-0.0020681176747118072
0.0034241369654786193,-0.08694940816017921,-0.014093949852624422,-0.014126514829025138,-0.01370341970773914,-0.004749187159026816,-0.004847710789451878,-0.004451973136928709,-0.0020681107320504387
0.0034261370454818194,-0.08694297366776134,-0.014092862299414782,-0.01412543168304019,-0.013702362945269315,-0.004748774012834878,-0.004847312067508855,-0.004451599644404931,-0.002067932162125506
0.00342813712548502,-0.08694215110660927,-0.014092747571933314,-0.014125316177904973,-0.013702253078829614,-0.004748746464453761,-0.004847282561826298,-0.004451575482487493,-0.002067925551717307
0.00343013720548822,-0.0869357298458392,-0.014091662207540566,-0.014124235215298795,-0.013701198440832008,-0.004748334114510313,-0.004846884617661569,-0.00445120271159623,-0.002067747318125541
0.00343213728549142,-0.08693492067548131,-0.014091549695275554,-0.014124121919850215,-0.013701090724475474,-0.0047483073721165826,-0.004846855899179106,-0.0044511792800667705,-0.0020677410481248714
0.00343413736549462,-0.08692851296442525,-0.014090466572461186,-0.014123043193201002,-0.013700038262135453,-0.004747895837885566,-0.004846458751622812,-0.004450807248306448,-0.002067563159009178
0.00343613744549782,-0.08692771750247112,-0.014090356328098354,-0.014122932159941738,-0.013699932746973988,-0.004747869920915262,-0.004846430839143551,-0.004450784564638279,-0.0020675572375472443
0.0034381375255010203,-0.08692132365827361,-0.014089275499470987,-0.014121855721675385,-0.013698882511328688,-0.004747459221804287,-0.004846034506971333,-0.0044504132894566594,-0.0020673797010269477
0.0034401376055042203,-0.08692054222139353,-0.014089167575540282,-0.014121747002952989,-0.01369877924832313,-0.004747434149636058,-0.004846007419242838,-0.004450391371071455,-0.00206737413621094
0.0034421376855074204,-0.08691416256024388,-0.014088089093550131,-0.014120672905337459,-0.013697731290255947,-0.004747024304994389,-0.00484561192117379,-0.004450020869863796,-0.0020671969603809287
0.0034441377655106205,-0.0869133954641366,-0.014087983542420437,-0.01412056655333877,-0.01369763033021078,-0.004747000096947506,-0.004845585676886142,-0.0044499997341298355,-0.002067191760293185
0.003446137845513821,-0.08690703030123387,-0.01408690745935348,-0.014119494848478444,-0.013696584700445855,-0.004746591126063914,-0.004845191031580784,-0.004449630024236928,-0.0020670149532229934
0.003448137925517021,-0.08690627786059228,-0.014086804333226859,-0.014119390915224133,-0.013696486094003726,-0.004746567801396215,-0.004845165649364571,-0.004449609688467221,-0.002067010125920118
0.003450138005520221,-0.0868999275101144,-0.014085730701199742,-0.014118321655054526,-0.01369544284310084,-0.004746159723497051,-0.004844771875423003,-0.004449240787173752,-0.002066833695653179
0.0034521380855234212,-0.08689919003859198,-0.014085630052105782,-0.014118220192393468,-0.013695346640737112,-0.004746137301402801,-0.004844747373847264,-0.004449221268624089,-0.0020668292491651625
0.0034541381655266213,-0.08689285481365935,-0.014084558923059771,-0.014117153428675356,-0.013694305819085935,-0.00474573013564979,-0.004844354489807027,-0.004448853193156592,-0.0020666532037178402
0.0034561382455298214,-0.08689213262383709,-0.01408446080285034,-0.014117054488279162,-0.01369421207110353,-0.0047457086352577895,-0.004844330887377395,-0.004448834509023885,-0.0020666491460472444
0.0034581383255330215,-0.08688581283648185,-0.014083392228546177,-0.014115990272593417,-0.013693173728918599,-0.0047453024007461245,-0.004843938911711618,-0.004448467276549051,-0.0020664734934080532
0.0034601384055362215,-0.08688510623983488,-0.014083296688889625,-0.01411589390595089,-0.013693082485442409,-0.004745281841117519,-0.004843916226868272,-0.004448449443969384,-0.0020664698325291516
0.003462138485539422,-0.08687880220096676,-0.014082230720901942,-0.01411483228969288,-0.013692046672757693,-0.004744876556873821,-0.004843525177983668,-0.004448083071592209,-0.002066294580657892
0.003464138565542622,-0.08687811150783016,-0.014082137813277624,-0.014114738548104504,-0.013691957983729262,-0.0047448569570001185,-0.00484350342909934,-0.004448066107638977,-0.0020662913245157737
0.003466138645545822,-0.08687182352720373,-0.014081074502989422,-0.01411367958247862,-0.013690924750392757,-0.004744452641980368,-0.004843113325334276,-0.004447700612400932,-0.002066116481342673
0.0034681387255490223,-0.0868711490467419,-0.014080984278682433,-0.014113588517051185,-0.013690838665565148,-0.0047444340207814725,-0.004843092530712398,-0.004447684534083144,-0.0020661136378524745
0.0034701388055522224,-0.08686487743292234,-0.01407992367727956,-0.014112532253065323,-0.013689808061233683,-0.004744030693868974,-0.0048427033903348715,-0.004447319932960321,-0.0020659392112773456
0.0034721388855554224,-0.08686421947309447,-0.014079836187375187,-0.014112443914706584,-0.013689724630166133,-0.004744013070191134,-0.004842683568207564,-0.004447304757220752,-0.002065936788323365
0.0034741389655586225,-0.08685796453342715,-0.014078778345841042,-0.014111390403166989,-0.01368869670430009,-0.004743610750194617,-0.004842295409413376,-0.004446941067122159,-0.0020657627862147947
0.0034761390455618226,-0.08685732340095485,-0.014078693641219293,-0.014111304842580002,-0.013688615976352632,-0.004743594142808428,-0.004842276577939525,-0.004446926810835496,-0.002065760791649642
0.0034781391255650227,-0.08685108544153039,-0.014077638610329202,-0.014110254134085478,-0.013687590778210528,-0.004743192848459893,-0.0048418894188502265,-0.004446564048601131,-0.002065587221844101
0.003480139205568223,-0.08685046144186565,-0.014077556741659515,-0.01411017140176353,-0.013687512802538961,-0.004743177276058303,-0.004841871596113576,-0.004446550728572286,-0.002065585663487919
0.0034821392855714233,-0.08684424076748805,-0.0140765045719755,-0.014109123546700271,-0.013686490381172351,-0.004742777026011123,-0.0048414854547745795,-0.004446188910971434,-0.0020654125337889644
0.0034841393655746233,-0.08684363420478068,-0.014076425589711328,-0.014109043692921458,-0.013686415206722946,-0.004742762507207504,-0.0048414686587818605,-0.004446176543933705,-0.002065411419428572
0.0034861394455778234,-0.08683743111893608,-0.014075376331576725,-0.014107998741457786,-0.013685395610971249,-0.0047423633200344316,-0.004841083553160567,-0.004445815687663146,-0.0020652387376060184
0.0034881395255810235,-0.0868368422960008,-0.014075300285950096,-0.014107921816279383,-0.013685323286475398,-0.004742349873360497,-0.00484106780183943,-0.004445804290276375,-0.0020652380749940445
0.0034901396055842236,-0.08683065710082437,-0.014074253989484224,-0.01410687981836031,-0.013684306564960681,-0.00474195176755171,-0.004840683749823307,-0.004445444411958612,-0.002065065848783152
0.0034921396855874236,-0.08683008631910843,-0.014074180930500352,-0.014106805871613701,-0.013684237138929776,-0.004741939411455584,-0.004840669061020516,-0.004445434000807487,-0.0020650656456372464
0.0034941397655906237,-0.08682391931535267,-0.014073137645593217,-0.014105766876955778,-0.013683223340051705,-0.004741542405416718,-0.004840286080415215,-0.004445075116988983,-0.002064893882737875
0.0034961398455938242,-0.08682336687490556,-0.014073067623025445,-0.014105695958241264,-0.013683156860772209,-0.004741531158261029,-0.004840272471894802,-0.004445065708581331,-0.0020648941467399074
0.0034981399255970243,-0.0868172183619081,-0.014072027399332323,-0.014104660016327049,-0.013682146032702645,-0.0047411352703111845,-0.0048398905804222245,-0.004444707835730743,-0.0020647228548157136
0.0035001400056002244,-0.08681668456134745,-0.014071960462716533,-0.014104592175008172,-0.013682082548230627,-0.0047411251503710035,-0.004839878069863464,-0.004444699446495588,-0.0020647235936109036
0.0035021400856034245,-0.08681055483699977,-0.014070923349652913,-0.014103559335081284,-0.013681074738908833,-0.0047407303987408635,-0.004839497285159904,-0.004444342601002058,-0.0020645527802885346
0.0035041401656066245,-0.08681003997348152,-0.014070859548282601,-0.014103494620280094,-0.013681014297065194,-0.004740721424201903,-0.004839485890155609,-0.004444335247288101,-0.0020645540014847066
0.0035061402456098246,-0.08680392933419678,-0.014069825595018673,-0.014102464931339747,-0.013680009554192428,-0.004740327827031725,-0.004839106229769878,-0.00444397944545943,-0.0020643836743529523
0.0035081403256130247,-0.0868034337033834,-0.01406976497793954,-0.014102403391931423,-0.013679952202557697,-0.004740320015988347,-0.004839095967824407,-0.004443973143533193,-0.002064385385519701
0.0035101404056162248,-0.08679734244406466,-0.014068734233395143,-0.014101376902727211,-0.013678950573592419,-0.004739927591326081,-0.004838717449215963,-0.004443618401594187,-0.0020642155521287285
0.003512140485619425,-0.0867968663400934,-0.014068676849399915,-0.014101318587334735,-0.013678896359501676,-0.004739920961779338,-0.00483870833774343,-0.004443613167638328,-0.0020642177607966034
0.0035141405656226254,-0.08679079475410323,-0.014067649362239282,-0.014100295346361692,-0.01367789789165433,-0.00473952972757868,-0.004838330978280545,-0.004443259501729015,-0.0020640484286571347
0.0035161406456258254,-0.08679033846955489,-0.01406759525986261,-0.0141002403033508,-0.013677846862192245,-0.004739524297434497,-0.004838323034602944,-0.004443255351840611,-0.0020640511423168514
0.0035181407256290255,-0.08678428684868454,-0.014066571078489321,-0.014099220358844143,-0.01367685160242038,-0.004739134271553035,-0.00483794685156086,-0.004442902778014611,-0.0020638823188994008
0.0035201408056322256,-0.08678385067455248,-0.014066520306002464,-0.01409916863631822,-0.013676803804416235,-0.004739130058620229,-0.004837940092906235,-0.004442899728203405,-0.0020638855450010513
0.0035221408856354257,-0.08677781930899005,-0.014065499478554323,-0.014098152036248205,-0.013675811799419544,-0.004738741258817545,-0.004837565103465334,-0.004442548262426202,-0.0020637172377350895
0.0035241409656386257,-0.08677740353464952,-0.014065452083960171,-0.014098103682043155,-0.013675767279442148,-0.004738738280805934,-0.004837559546965949,-0.0044425463286129376,-0.002063720983687347
0.003526141045641826,-0.08677139271294962,-0.014064434658303928,-0.014097090474110044,-0.013674778575657416,-0.004738350724741657,-0.004837185768209927,-0.004442195986760138,-0.0020635531999605417
0.003528141125645026,-0.08677099762612704,-0.014064390689331937,-0.014097045535789188,-0.013674737380010321,-0.004738348999260272,-0.004837181430900461,-0.00444219518477489,-0.002063557473129873
0.0035301412056482264,-0.08676500763518089,-0.014063376713058413,-0.01409603576741823,-0.0136737520236066,-0.004737962704492308,-0.004836808879814528,-0.004441845982630614,-0.0020633902202873092
0.0035321412856514265,-0.08676463352192325,-0.014063336217159389,-0.014095994292267336,-0.01367371419832311,-0.004737962249047393,-0.004836805778630225,-0.00444184632821107,-0.0020633950279971996
0.0035341413656546266,-0.08675866464692657,-0.014062325737578306,-0.014094988010603588,-0.013672732235196813,-0.004737577233029962,-0.0048364344720992995,-0.00444149828146622,-0.002063228313340577
0.0035361414456578266,-0.08675831179157187,-0.014062288761919622,-0.014094950045625878,-0.013672697826035096,-0.004737578065023256,-0.004836432623874286,-0.004441499790256083,-0.0020632336628707533
0.0035381415256610267,-0.08675236431599684,-0.014061281826054707,-0.014093947297529465,-0.013671719301805102,-0.004737194345105111,-0.004836062578681189,-0.0044411529145067,-0.002063067493657647
0.003540141605664227,-0.08675203300114295,-0.014061248417515103,-0.014093912889440542,-0.013671688354243445,-0.004737196481831919,-0.004836062000146566,-0.004441155602053946,-0.0020630733922433085
0.003542141685667427,-0.08674610720670585,-0.014060245072098876,-0.014092913721481363,-0.013670713314246184,-0.004736814075254473,-0.004835693232970254,-0.004440809912799565,-0.0020629077756863547
0.003544141765670627,-0.08674579771318143,-0.01406021527726367,-0.01409288291670442,-0.013670685873478196,-0.004736817533901858,-0.004835693940752404,-0.004440813794554882,-0.002062914230517418
0.0035461418456738275,-0.08673989387981519,-0.014059215568732795,-0.01409188737515752,-0.013669714362763017,-0.004736436457797348,-0.004835326468166226,-0.00444046930719688,-0.0020627491737835826
0.0035481419256770275,-0.08673960648664968,-0.014059189433888768,-0.014091860219818286,-0.01366969047369267,-0.004736441255442321,-0.004835328478785049,-0.004440474398511958,-0.002062756192003901
0.0035501420056802276,-0.08673372489247239,-0.01405819340837898,-0.014090868350658798,-0.013668722537017015,-0.004736061526832042,-0.004834962317254942,-0.004440131128351935,-0.002062591702213723
0.0035521420856834277,-0.08673345987686602,-0.014058170979509569,-0.01409084489058066,-0.013668702244254012,-0.004736067680439726,-0.004834965647122038,-0.00444013744447789,-0.0020625992909203274
0.0035541421656866278,-0.08672760079815293,-0.014057178682850875,-0.014089856739479106,-0.013667737926078704,-0.004735689316232214,-0.0048346008130048836,-0.004439795406716035,-0.0020624353751471595
0.003556142245689828,-0.08672735843544785,-0.014057160005631357,-0.014089837020178313,-0.013667721273933679,-0.004735696842654065,-0.0048346054784218755,-0.004439802962801757,-0.0020624435413895206
0.003558142325693028,-0.08672152214660188,-0.014056171483343042,-0.014088852632495558,-0.013666760618418212,-0.004735319859643257,-0.004834241987963677,-0.004439462172535296,-0.002062280206658792
0.003560142405696228,-0.08672130271025315,-0.01405615660313553,-0.01408883669917646,-0.013666747650898207,-0.00473532877561529,-0.004834248005120481,-0.004439470983625852,-0.0020622889574380687
0.003562142485699428,-0.08671548948377432,-0.014055171900421557,-0.014087856119959025,-0.013665790701895872,-0.004734953190478835,-0.004833885874454635,-0.004439131455847374,-0.0020621262107265005
0.0035641425657026286,-0.08671529324532047,-0.01405516086227047,-0.014087844017509102,-0.01366578146269955,-0.004734963512619816,-0.004833893259427759,-0.004439141536882468,-0.002062135552994812
0.0035661426457058287,-0.08670950335177896,-0.014054180024014417,-0.014086867291484454,-0.013664828263753193,-0.0047345893419172115,-0.004833532504573431,-0.004438803286478366,-0.0020619734012297187
0.0035681427257090287,-0.0867093305808147,-0.014054172872641485,-0.014086859064469753,-0.013664822796266116,-0.004734601086726947,-0.0048335412733242124,-0.004438814652290682,-0.002061983341889387
0.003570142805712229,-0.08670356428882162,-0.014053195943402125,-0.01408588623604147,-0.013663873390603223,-0.004734228346897871,-0.004833181910184575,-0.00443847769403959,-0.002061821791947942
0.003572142885715429,-0.08670341525296675,-0.01405319272320174,-0.014085881928701933,-0.013663871737893634,-0.004734241530755435,-0.004833192078557591,-0.004438490359353296,-0.00206183233785079
0.003574142965718629,-0.08669767282914499,-0.014052219747207939,-0.014084913041945,-0.01366292616842175,-0.004733870238117918,-0.004832834122918142,-0.00443815470792449,-0.0020616713965592574
0.003576143045721829,-0.08669754779401985,-0.014052220502242715,-0.014084912698189645,-0.013662928373235742,-0.004733884877279955,-0.004832845706639482,-0.004438168687353667,-0.0020616825545058805
0.003578143125725029,-0.08669182950297691,-0.014051251523389131,-0.0140839477968458,-0.013661986682538124,-0.0047335150480287405,-0.004832489174166391,-0.004437834357305555,-0.0020615222286389542
0.0035801432057282296,-0.08669172873216993,-0.014051256297384528,-0.014083951460248097,-0.013661992787294972,-0.004733531158627653,-0.004832502188841953,-0.004437849665352575,-0.002061534005377936
0.0035821432857314297,-0.08668603483647012,-0.014050291359226844,-0.014082990587721344,-0.013661055017626092,-0.004733162808832447,-0.004832147095080459,-0.004437516671131165,-0.00206137430165799
0.00358414336573463,-0.08668595859151292,-0.01405030019556743,-0.014082998301514665,-0.013661065064414104,-0.004733180406874825,-0.0048321615561943655,-0.004437533322185263,-0.0020613867038853082
0.00358614344573783,-0.08668028935164843,-0.014049339341317642,-0.014082041500866591,-0.013660131257694883,-0.004732813552478582,-0.004831807916567052,-0.004437201678122572,-0.0020612276289816594
0.00358814352574103,-0.086680237891988,-0.01404935228304193,-0.014082053307939596,-0.013660145288266845,-0.004732832653843375,-0.004831823839479955,-0.004437219686458241,-0.0020612406633398654
0.00359014360574423,-0.08667459356635214,-0.014048395555563862,-0.014081100621884762,-0.013659215486080612,-0.004732467310660634,-0.0048314716692851555,-0.004436889406770871,-0.0020610822238681503
0.00359214368574743,-0.08667456714932205,-0.014048412645359979,-0.014081116564776975,-0.013659233541849222,-0.004732487931097593,-0.004831489069232695,-0.004436908786546429,-0.002061095896945736
0.00359414376575063,-0.08666894799418236,-0.014047460087164813,-0.014080168035678563,-0.013658307785437088,-0.00473212411481283,-0.004831138383642877,-0.004436579885333985,-0.002060938099467112
0.0035961438457538302,-0.0866689468749767,-0.014047481367365791,-0.014080188156575564,-0.013658329907470781,-0.004732146269940691,-0.004831157275733965,-0.004436600650589984,-0.0020609524177977703
0.0035981439257570308,-0.08666335314444731,-0.01404653302060759,-0.014079243826440801,-0.013657408237727367,-0.004731783996106623,-0.004830808089794161,-0.004436273141833661,-0.0020607952688183207
0.003600144005760231,-0.08666337757609284,-0.014046558533187184,-0.014079268167170166,-0.013657434466745772,-0.004731807701411622,-0.004830828489009446,-0.004436295306491464,-0.002060810238880286
0.003602144085763431,-0.0866578095221078,-0.014045614439658329,-0.014078328077645858,-0.01365651692421488,-0.00473144698544757,-0.004830480817635606,-0.004435969204052496,-0.0020606537448502496
0.003604144165766631,-0.08665785975543827,-0.014045644226226289,-0.014078356679672523,-0.013656547300584744,-0.004731472256281683,-0.004830502738825901,-0.004435992781912809,-0.0020606693730656025
0.003606144245769831,-0.08665231762772459,-0.014044704427353038,-0.01407742087204073,-0.013655633925455015,-0.0047311131134719474,-0.004830156596803335,-0.004435668099531063,-0.0020605135403787365
0.003608144325773031,-0.08665239391135371,-0.014044738529151087,-0.014077453776462634,-0.013655668489185764,-0.004731139965051342,-0.004830180054688043,-0.0044356931042724874,-0.002060529833112731
0.0036101444057762312,-0.08664687795740506,-0.014043803065989317,-0.014076522291636162,-0.013654759321286503,-0.004730782410543569,-0.004829835456669832,-0.004435369855564911,-0.0020603746681056184
0.0036121444857794313,-0.08664698053770092,-0.01404384152388649,-0.014076559539180102,-0.01365479811202626,-0.004730810857947028,-0.004829860465835392,-0.004435396300742505,-0.002060391631666002
0.003614144565782632,-0.08664149100275233,-0.014042910437117256,-0.01407563241769846,-0.013653893190823123,-0.004730454906750631,-0.004829517426340904,-0.004435074499201815,-0.0020602371406173953
0.003616144645785832,-0.08664162012380947,-0.014042953291605615,-0.014075674048715382,-0.013653936247854156,-0.004730484964917802,-0.004829544001239211,-0.004435102398245569,-0.00206025478125375
0.003618144725789032,-0.08663615725081016,-0.014042026621531001,-0.014074751330740109,-0.013653035612445127,-0.0047301306319023515,-0.004829202534652503,-0.004434782057238748,-0.002060100970383889
0.003620144805792232,-0.08663631315442681,-0.014042073912721522,-0.014074797385201364,-0.013653082974680078,-0.004730162315632369,-0.004829230689599459,-0.004434811423452299,-0.0020601192942869776
0.003622144885795432,-0.0866308771840158,-0.014041151699260259,-0.014073879110512196,-0.013652186663791265,-0.00472980961552608,-0.004828890810167835,-0.004434492556219225,-0.0020599661697569553
0.003624144965798632,-0.08663106010966536,-0.014041203466878429,-0.014073929628004852,-0.013652238369768742,-0.004729842939475828,-0.004828920559341736,-0.004434523402778354,-0.0020599851830580417
0.0036261450458018323,-0.0866256512801449,-0.01404028574956166,-0.014073015835995293,-0.013651346421750291,-0.004729491886863937,-0.004828582281174164,-0.00443420602243038,-0.0020598327509691416
0.0036281451258050323,-0.08662586146495278,-0.014040342032943416,-0.014073070855718229,-0.013651402509631016,-0.004729526865546634,-0.004828613638614297,-0.004434238362381667,-0.0020598524597393686
0.0036301452058082324,-0.08662048001226456,-0.014039428850910769,-0.014072161585391495,-0.013650514962453156,-0.004729177474869903,-0.004828276975680008,-0.004433922481900244,-0.0020597007261324318
0.003632145285811433,-0.08662071769098184,-0.014039489688998139,-0.01407222114615115,-0.013650575470015755,-0.004729214122653468,-0.004828309955285096,-0.004433956328159666,-0.0020597211363821656
0.003634145365814633,-0.08661536384868061,-0.014038581080993219,-0.014071316436115883,-0.013649692361264554,-0.004728866408206618,-0.004827974921411956,-0.004433641960394959,-0.002059570107236922
0.003636145445817833,-0.08661562925366026,-0.014038646512330534,-0.0140713805763223,-0.013649757325901766,-0.004728904739312246,-0.004828009536938779,-0.004433677325746564,-0.0020595912249151338
0.003638145525821033,-0.08661030325289035,-0.01403774251669718,-0.014070480464788744,-0.013648878692775479,-0.004728558715242506,-0.004827676145812026,-0.00443336448341614,-0.002059440906149627
0.0036401456058242332,-0.08661059661406202,-0.01403781257942673,-0.014070549222451259,-0.013648948151490032,-0.004728598743743065,-0.004827712410873865,-0.00443340138051063,-0.002059462737143243
0.0036421456858274333,-0.08660529868353303,-0.014036913234104777,-0.014069653747227111,-0.013648074030794991,-0.0047282544240486515,-0.004827380676034546,-0.004433090076198071,-0.002059313134613151
0.0036441457658306334,-0.08660562022837878,-0.014036987965962837,-0.014069727159950599,-0.013648148020195754,-0.004728296163867266,-0.004827418604099807,-0.0044331285175515465,-0.0020593356847464486
0.0036461458458338335,-0.08660035059434011,-0.014036093308484172,-0.014068836358436969,-0.013647278448342525,-0.004727953562395872,-0.004827088538943348,-0.004432818763705123,-0.0020591868042444937
0.003648145925837034,-0.08660070054787124,-0.014036172746797203,-0.014068914463417808,-0.013647357004640724,-0.004727997027304491,-0.00482712814333415,-0.0044328587616977244,-0.002059210079278485
0.003650146005840234,-0.08659545943408978,-0.0140352828142818,-0.01406802837260534,-0.013646492017640255,-0.00472765615775189,-0.0048267997611090106,-0.004432550570629123,-0.002059061926533827
0.003652146085843434,-0.08659583801882213,-0.014035366995962254,-0.01406811120662736,-0.01364657517664555,-0.004727701361369671,-0.0048268410549997375,-0.0044325921375036985,-0.0020590859321656324
0.003654146165846634,-0.0865906256465574,-0.014034481825114206,-0.014067229863092303,-0.013645714810105371,-0.004727362237278213,-0.004826514368805926,-0.004432285521386665,-0.0020589385128432338
0.0036561462458498343,-0.0865910330824888,-0.014034570786656932,-0.014067317462523168,-0.013645802607222183,-0.0047274091930703125,-0.004826557365221895,-0.004432328669247547,-0.0020589632547055306
0.0036581463258530344,-0.08658584967047028,-0.014033690413760654,-0.014066440902423458,-0.013644946896342647,-0.004727071827827504,-0.004826232388009648,-0.004432023640116646,-0.0020588165744055893
0.0036601464058562344,-0.08658628617505719,-0.014033784191238836,-0.01406653330321071,-0.013645039366566435,-0.004727120549103518,-0.004826277099825714,-0.00443206838092836,-0.0020588420580659804
0.0036621464858594345,-0.08658113193946125,-0.014032908652155219,-0.014065661562282242,-0.013644188346136975,-0.004726784955940612,-0.004825953844394103,-0.004431764950677658,-0.002058696122323319
0.0036641465658626346,-0.08658159772759473,-0.014033007281216509,-0.014065758799949282,-0.013644285524050405,-0.004726835455853165,-0.004826000284333253,-0.004431811296263576,-0.002058722353283717
0.003666146645865835,-0.08657647288202214,-0.014032136611379134,-0.01406489191350226,-0.013643439228445976,-0.00472650164784381,-0.0048256787633288644,-0.004431509476645483,-0.0020585771675672346
0.003668146725869035,-0.08657696816600605,-0.0140322401272421,-0.014064994023144966,-0.013643541148215345,-0.0047265539393872005,-0.004825726943960924,-0.00443155743868666,-0.002058604151263339
0.0036701468058722353,-0.08657187292145889,-0.014031374361653548,-0.014064132026059904,-0.013642699611392781,-0.004726221929446032,-0.004825407169876506,-0.004431257241310593,-0.0020584597209753904
0.0036721468858754353,-0.08657239791098796,-0.014031482799103837,-0.014064239042342658,-0.013642806306764448,-0.004726276025454859,-0.00482545710361682,-0.0044313068313445204,-0.0020584874627760865
0.0036741469658786354,-0.08656733247584728,-0.01403062197233188,-0.014063381969066887,-0.013641969562258702,-0.0047259458263360895,-0.004825139088789961,-0.004431008267675702,-0.0020583437932519297
0.0036761470458818355,-0.0865678873779847,-0.014030735365718642,-0.0140634939262192,-0.013642081066555576,-0.00472600173948394,-0.004825190787898061,-0.004431059497095111,-0.0020583722984587344
0.0036781471258850356,-0.08656285195798918,-0.014029879511892775,-0.014062641810763245,-0.013641249147476399,-0.004725673363780104,-0.00482487454450989,-0.004430762578453402,-0.002058229394965988
0.0036801472058882356,-0.08656343697714378,-0.014029997895124872,-0.01406275874257577,-0.013641365493594277,-0.004725731106578117,-0.004824928021088218,-0.004430815458504984,-0.0020582586688124654
0.003682147285891436,-0.08655843177536834,-0.014029147047932572,-0.01406191161850976,-0.013640538432622744,-0.004725404566718685,-0.00482461356116214,-0.004430520196063662,-0.0020581165365505215
0.0036841473658946362,-0.08655904711327418,-0.014029270454475155,-0.014062033558330992,-0.013640659653026892,-0.004725464151514294,-0.004824668827154732,-0.004430574737846946,-0.0020581465842017623
0.0036861474458978363,-0.08655407233010728,-0.014028424647158432,-0.014061191458781081,-0.013639837482411802,-0.0047251394597644,-0.0048243561625551604,-0.0044302811426315475,-0.0020580052283012593
0.0036881475259010364,-0.08655471818580265,-0.01402855311002944,-0.01406131843951388,-0.013639963609133663,-0.004725200898740066,-0.004824413229746452,-0.0044303373570977345,-0.0020580360548533186
0.0036901476059042365,-0.08654977401892626,-0.014027712375381186,-0.01406048139715864,-0.01363914636068814,-0.004724878067199139,-0.004824102372177533,-0.004430045439984828,-0.0020578954803755984
0.0036921476859074365,-0.08655045058873116,-0.014027845927147693,-0.014060613451256608,-0.013639277425321799,-0.004724941372370982,-0.004824161252191042,-0.0044301033379356095,-0.0020579270908549505
0.0036941477659106366,-0.08654553723309956,-0.014027010297508476,-0.014059781498323922,-0.013638465130420207,-0.004724620412971583,-0.004823852213195452,-0.004429813109651736,-0.00205778730279153
0.0036961478459138367,-0.08654624471059683,-0.01402714897028342,-0.01405991865778803,-0.01363860116411912,-0.004724685596188178,-0.004823912917492653,-0.004429872701738161,-0.002057819702154559
0.0036981479259170368,-0.08654136235841628,-0.014026318477537849,-0.014059091826051322,-0.01363779385369341,-0.0047243665206946435,-0.004823605708450344,-0.004429584172858689,-0.0020576807054265805
0.0037001480059202373,-0.08654210093443,-0.014026462302976625,-0.014059234122426665,-0.013637934887167202,-0.0047244335936357665,-0.004823668248329368,-0.004429645469580057,-0.002057713898559065
0.0037021480859234374,-0.08653724977513796,-0.01402563697855001,-0.014058412443201761,-0.01363713259170376,-0.004724116413643008,-0.004823362880456387,-0.0044293586505279575,-0.00205757569801679
0.0037041481659266374,-0.08653801963771401,-0.014025785987847084,-0.014058559907574044,-0.01363727865521493,-0.00472418538781839,-0.0048234272670509065,-0.00442942166223073,-0.0020576096897333583
0.0037061482459298375,-0.08653319985795996,-0.014024965862702327,-0.014057743411715883,-0.013636481404751538,-0.004723870114750663,-0.004823123751398211,-0.004429136563275638,-0.0020574722901556776
0.0037081483259330376,-0.08653400119234637,-0.014025120086588074,-0.014057896074708335,-0.01363663252811229,-0.0047239410014988156,-0.004823189995676219,-0.0044292013001523065,-0.0020575070851993294
0.0037101484059362377,-0.08652921297597098,-0.014024305191222029,-0.014057084792607493,-0.013635840352234703,-0.0047236276466085,-0.004822888343128543,-0.004428917931409307,-0.00205737049129321
0.0037121484859394377,-0.08653004596459737,-0.014024464659959306,-0.014057242684377547,-0.013635996564803703,-0.004723700457095452,-0.004822956455891188,-0.004428984403497341,-0.002057406094334803
0.003714148565942638,-0.08652528949261473,-0.01402365502440003,-0.014056436645957363,-0.013635209492642774,-0.004723389031461923,-0.004822656677165836,-0.004428702774925994,-0.002057270310734849
0.0037161486459458383,-0.0865261543150744,-0.01402381976778118,-0.01405659979619348,-0.013635370823322243,-0.0047234637766800855,-0.004822726669046363,-0.0044287709921067946,-0.002057306726372607
0.0037181487259490384,-0.08652142976565122,-0.014023015421584375,-0.01405579903090664,-0.0136345888835506,-0.004723154291208491,-0.0048224287746921135,-0.004428491113510024,-0.0020571717576405306
0.0037201488059522385,-0.08652232659868175,-0.014023185468927975,-0.01405596746882519,-0.013634755360783155,-0.004723230981975507,-0.004822500656154638,-0.004428561085507864,-0.0020572089903995623
0.0037221488859554386,-0.08651763414712053,-0.01402238644117418,-0.014055172005650877,-0.013633978581612511,-0.0047229234473956504,-0.0048222046565506785,-0.004428282966530984,-0.0020570748410237353
0.0037241489659586386,-0.08651856316458419,-0.01402256182132187,-0.014055345759992987,-0.013634150233378092,-0.0047230020943532375,-0.0048222784378891504,-0.0044283547029119776,-0.002057112895355551
0.0037261490459618387,-0.08651390298330347,-0.01402176814061323,-0.01405455562743359,-0.013633378642556036,-0.004722696521218434,-0.004821984343243914,-0.004428078353041648,-0.0020569795697505007
0.003728149125965039,-0.08651486435617027,-0.01402194888192697,-0.01405473472646228,-0.013633555496369106,-0.004722777134831243,-0.004822060034581002,-0.00442815186321275,-0.0020570184500325536
0.003730149205968239,-0.08651023661468679,-0.014021160576384233,-0.014053949952540567,-0.013632789121176195,-0.004722473533517225,-0.004821767854931139,-0.004427877291775978,-0.0020568859525385286
0.003732149285971439,-0.0865112305110161,-0.014021346706742934,-0.01405413442403758,-0.013632971204082816,-0.0047225561240717764,-0.004821845466217203,-0.004427952584983996,-0.002056925663073739
0.0037341493659746395,-0.08650663537592718,-0.01402056380400265,-0.014053355036293725,-0.013632210071329925,-0.004722254504775601,-0.004821555211426506,-0.004427679801147169,-0.0020567939979562397
0.0037361494459778395,-0.08650766196084901,-0.01402075535079947,-0.014053544907556746,-0.013632397409904745,-0.0047223390823791555,-0.004821634752438476,-0.004427756886477776,-0.0020568345429725484
0.0037381495259810396,-0.08650309959581487,-0.014019977878010837,-0.014052770933045312,-0.013631641545929865,-0.004722039455118084,-0.0048213464321968345,-0.004427485899245651,-0.002056703714421872
0.0037401496059842397,-0.0865041590315147,-0.01402017486815037,-0.014052966230885106,-0.013631834166273667,-0.004722126029697656,-0.0048214279125372815,-0.004427564785622472,-0.002056745098071807
0.0037421496859874398,-0.08649962959724083,-0.014019402851972621,-0.014052197696172298,-0.013631083596939462,-0.004721828404308167,-0.004821141536359695,-0.00442729560383732,-0.0020566151102026074
0.00374414976599064,-0.08650072204294042,-0.01401960531186783,-0.01405239844690976,-0.013631281524676079,-0.0047219169856093915,-0.004821224965455739,-0.00442737630002094,-0.002056657336562842
0.00374614984599384,-0.08649622569716107,-0.014018838778467156,-0.014051635378070635,-0.013630536275367002,-0.004721621371746076,-0.004820940542681247,-0.004427108932361478,-0.002056528193413696
0.00374814992599704,-0.08649735130910316,-0.014019046734036901,-0.014051841607534213,-0.013630739535640823,-0.00472171196933227,-0.004821025929783646,-0.0044271914469485776,-0.0020565712664846166
0.0037501500060002405,-0.086492888206565,-0.014018285709083922,-0.014051084030149852,-0.013629999631260496,-0.004721418376466877,-0.004820743469574416,-0.00442692590192918,-0.002056442972017616
0.0037521500860034406,-0.08649404713799555,-0.014018499185749872,-0.014051295763672592,-0.013630208248733707,-0.004721510999717927,-0.004820830823756476,-0.004427010243351571,-0.0020564868957228836
0.0037541501660066407,-0.08648961743044094,-0.014017743694416834,-0.014050543702827484,-0.013629473713702307,-0.004721219437138319,-0.004820550335096802,-0.004426746529321298,-0.002056359453823189
0.0037561502460098407,-0.0864908098315943,-0.014017962717101115,-0.014050760965244644,-0.013629687712552355,-0.004721314095249814,-0.004820639665253565,-0.004426832705845083,-0.002056404232009373
0.003758150326013041,-0.08648641366774557,-0.014017212784059272,-0.01405001444552402,-0.013628958570804001,-0.004721024572059013,-0.004820361156948936,-0.004426570830986843,-0.002056277646484826
0.003760150406016241,-0.08648763968582786,-0.01401743737718164,-0.014050237261170185,-0.013629177974721051,-0.004721121274041194,-0.004820452471796097,-0.004426658850711508,-0.0020563232829209476
0.003762150486019441,-0.08648327721137121,-0.014016693026598664,-0.014049496306657406,-0.013628454249701294,-0.004720833799156405,-0.004820175952472239,-0.00442639882304117,-0.002056197557501664
0.003764150566022641,-0.08648453699054584,-0.014016923214074129,-0.01404972469936419,-0.013628679081885817,-0.004720932553833259,-0.004820269260545406,-0.004426488693898792,-0.002056244055878849
0.0037661506460258416,-0.08648020834811618,-0.014016184469611512,-0.014048989333638264,-0.013627960796549227,-0.004720647135984951,-0.004819994738647428,-0.004426230521264357,-0.0020561191942168175
0.0037681507260290416,-0.08648150202948689,-0.01401642027484748,-0.014049223326731504,-0.013628191079709282,-0.004720747951993194,-0.004820090048300995,-0.004426322251018664,-0.0020561665581478425
0.0037701508060322417,-0.08647720735865407,-0.01401568715965815,-0.01404849357286465,-0.013627478256517013,-0.0047204645997242075,-0.004819817532092483,-0.0044260659410994595,-0.002056042563816574
0.003772150886035442,-0.08647853508025168,-0.014015928605552397,-0.014048733189162175,-0.01362771401286621,-0.0047205674855125375,-0.004819914851498959,-0.004426159537345144,-0.0020560907968355663
0.003774150966038642,-0.08647427451750361,-0.014015201142278192,-0.014048009069717224,-0.013627006673783599,-0.004720286207177097,-0.004819644349061056,-0.004425905097650961,-0.0020559676733296747
0.003776151046041842,-0.08647563641427092,-0.014015448251216056,-0.014048254331526453,-0.013627247925038471,-0.004720391171005127,-0.004819743686210082,-0.004426000567812752,-0.0020560167788916577
0.003778151126045042,-0.08647141009300131,-0.014014726461985356,-0.014047535868554683,-0.01362654609153275,-0.004720111974768068,-0.004819475205440732,-0.004425748005683092,-0.00205589452962652
0.003780151206048242,-0.08647280629677852,-0.01401497925583774,-0.01404778679767014,-0.013626792858910707,-0.004720219024705592,-0.0048195765681383,-0.004425845357015087,-0.0020559445111071255
0.003782151286051442,-0.08646861434727207,-0.014014263162263245,-0.01404707401270884,-0.013626096551948848,-0.004719941918541463,-0.004819310116751357,-0.004425594679618435,-0.0020558231394185236
0.0037841513660546427,-0.0864700449867841,-0.014014521662384023,-0.014047330630409938,-0.01362634885616576,-0.004720051062467524,-0.004819413512618949,-0.00442569391920325,-0.0020558740001135785
0.0037861514460578428,-0.08646588753620138,-0.014013811285560254,-0.014046623544480129,-0.013625658096211996,-0.0047197760541596665,-0.004819149098143339,-0.004425445133536206,-0.002055753509257319
0.003788151526061043,-0.08646735273704298,-0.01401407551278414,-0.014046885871528953,-0.013625915957480077,-0.004719887299761774,-0.004819254534617167,-0.004425546268284298,-0.0020558052523825406
0.003790151606064243,-0.08646322990940927,-0.014013370873285524,-0.014046184505133234,-0.01362523076449405,-0.004719614396901638,-0.0048189921643961445,-0.0044252993811709235,-0.0020556856455341377
0.003792151686067443,-0.08646472979403279,-0.014013640847925906,-0.014046452561772354,-0.013625494202519814,-0.004719727751674944,-0.004819099648726332,-0.004425402417819789,-0.0020557382742247684
0.003794151766070643,-0.08646064171022441,-0.01401294196580434,-0.014045756934892729,-0.013624814595954375,-0.004719456961661188,-0.004818839329916719,-0.004425157435910911,-0.002055619554479117
0.003796151846073843,-0.08646217639792615,-0.014013217707651198,-0.01404603074084307,-0.013625083629936387,-0.004719572432907711,-0.004818948869166566,-0.0044252623810244725,-0.0020556730717896056
0.0037981519260770432,-0.08645812317565699,-0.01401252460243404,-0.014045340872938806,-0.013624409628735467,-0.004719303762945497,-0.004818690608737937,-0.004425019310796888,-0.002055555242160637
0.0038001520060802437,-0.08645969278256514,-0.014012806130751676,-0.014045620447397527,-0.013624684277362551,-0.004719421357773304,-0.004818802209783146,-0.004425126170764712,-0.002055609651064307
0.003802152086083444,-0.08645567453637498,-0.014012118821439806,-0.014044936357403219,-0.013624015899959275,-0.004719154814873473,-0.004818546014517184,-0.004424885018520619,-0.002055492714484686
0.003804152166086644,-0.08645727917543783,-0.014012406154965022,-0.014045221719041706,-0.013624296181408356,-0.004719274540196002,-0.004818659684045171,-0.004424993799557291,-0.0020555480178734435
0.003806152246089844,-0.08645329601667988,-0.01401172466003064,-0.014044543425365152,-0.013623633445723017,-0.00471901013117438,-0.004818405560534859,-0.0044247545714235365,-0.002055431977194233
0.003808152326093044,-0.0864549357976528,-0.01401201781697061,-0.014044834592327185,-0.013623919377657305,-0.004719131993709677,-0.004818521305044021,-0.0044248652795680354,-0.002055488177878256
0.003810152406096244,-0.08645098783448191,-0.014011342154355413,-0.014044162112847446,-0.01362326230109551,-0.004718869725186314,-0.004818269259692997,-0.004424627981495481,-0.002055373035868643
0.003812152486099444,-0.08645266286391703,-0.014011641152385929,-0.014044459102747087,-0.013623553900662623,-0.004718993731456301,-0.004818387085492064,-0.004424740622610468,-0.0020554301365760725
0.0038141525661026443,-0.08644875020127911,-0.014010971339499207,-0.014043792454812805,-0.01362290250011352,-0.004718733609854858,-0.004818137124513949,-0.00442450526037344,-0.002055315895923077
0.0038161526461058443,-0.0864504605825135,-0.014011276195762676,-0.014044095284732713,-0.013623199783943734,-0.004718859766184716,-0.004818257037721305,-0.004424619840144717,-0.0020553738992997415
0.003818152726109045,-0.08644658332213397,-0.014010612249479497,-0.014043434485160093,-0.013622554075778205,-0.004718601797731696,-0.0048180091671390516,-0.004424386419340327,-0.0020552605626079266
0.003820152806112245,-0.08644832915527811,-0.014010922980583122,-0.014043743171649548,-0.013622857059982502,-0.004718730110249121,-0.004818131173682036,-0.004424502943276155,-0.0020553194712170475
0.003822152886115445,-0.08644448739565123,-0.014010264917242634,-0.014043088236720713,-0.013622217060051478,-0.004718474300973294,-0.004817885399327308,-0.004424271469323749,-0.0020552070410082605
0.003824152966118645,-0.08644626877758006,-0.014010581539256859,-0.014043402795794078,-0.01362252576022013,-0.004718604775607893,-0.00481800950494168,-0.004424389942754364,-0.002055266857330205
0.003826153046121845,-0.08644246261395792,-0.01400992937466027,-0.014042753741255184,-0.013621891483852702,-0.004718351131339576,-0.004817765832454159,-0.004424160420894888,-0.0020551553360432704
0.0038281531261250452,-0.08644427963829972,-0.014010251903116996,-0.014043074188390195,-0.013622205915053545,-0.004718483773822292,-0.004817892042683481,-0.004424280848971905,-0.0020552160624752926
0.0038301532061282453,-0.08644050916268377,-0.014009605652526258,-0.01404243102944992,-0.013621577377055704,-0.004718232300192801,-0.004817650477510384,-0.004424053284267438,-0.002055105452465803
0.0038321532861314454,-0.08644236191980968,-0.014009934102417026,-0.0140427573795859,-0.013621897553832368,-0.004718367116055192,-0.004817778797705361,-0.0044241756719632565,-0.0020551670913217675
0.003834153366134646,-0.08643862722093998,-0.01400929378055312,-0.014042120130913858,-0.01362127476848525,-0.004718117818496244,-0.004817539345100816,-0.004423950069296447,-0.0020550573948618102
0.003836153446137846,-0.08644051579795604,-0.014009628166327887,-0.014042452398450273,-0.013621600704855906,-0.004718254813070014,-0.004817669780418833,-0.004424074421403805,-0.0020551199483719723
0.003838153526141046,-0.08643681696130172,-0.014008993787369195,-0.01404182107417546,-0.013620983685914207,-0.004718007696813147,-0.004817432445443297,-0.004423850785477348,-0.002055011167649895
0.003840153606144246,-0.08643874144203849,-0.014009334122934392,-0.014042159272970284,-0.013621315395369848,-0.004718146875229478,-0.004817565000847761,-0.004423977106608741,-0.002055074637960642
0.003842153686147446,-0.08643507854978959,-0.014008705700515352,-0.01404153388667954,-0.013620704156060696,-0.00471790194530549,-0.004817329788367588,-0.004423755441944905,-0.002054966775080842
0.0038441537661506463,-0.08643703901479392,-0.01400905199923287,-0.01404187803004802,-0.01362104165156392,-0.0047180433124946455,-0.004817464468627553,-0.0044238837365321955,-0.002055031164254487
0.0038461538461538464,-0.08643341214585211,-0.014008429546442342,-0.014041258594784573,-0.013620436204585074,-0.004717800573733047,-0.004817231383314316,-0.0044236640474722925,-0.002054924221237156
0.0038481539261570464,-0.08643540867237866,-0.014008781821127832,-0.014041608695497726,-0.013620779498568648,-0.004717944134423725,-0.00481736819300388,-0.004423794319766191,-0.0020549895312517263
0.0038501540061602465,-0.08643181790234919,-0.014008165350507895,-0.014040995223759867,-0.013620179856087449,-0.004717703591452296,-0.00481713723933405,-0.004423576610470158,-0.0020548835100326554
0.003852154086163447,-0.08643385056435175,-0.014008523613429491,-0.014041351294042968,-0.013620528960452911,-0.004717849350171182,-0.004817276182831888,-0.0044237088645397455,-0.0020549497427816573
0.003854154166166647,-0.08643029596553597,-0.014007913136974099,-0.01404074379778285,-0.013619935134104946,-0.004717611007415429,-0.0048170473650862786,-0.0044234931389857575,-0.002054844645212048
0.003856154246169847,-0.08643236483366064,-0.014008277399851157,-0.014041105849314405,-0.013620290060221554,-0.004717758968486719,-0.004817188446575193,-0.004423627378718125,-0.002054911802504305
0.0038581543261730473,-0.08642884647504699,-0.014007672929004776,-0.014040504339936546,-0.01361970206110934,-0.004717522830169419,-0.0048169617688385005,-0.004423413640702077,-0.00205480763035054
0.0038601544061762473,-0.08643095161662409,-0.014008043203006635,-0.014040872383846992,-0.01362006281981269,-0.004717672997714382,-0.004817104992305012,-0.004423549869801863,-0.0020548757139099726
0.0038621544861794474,-0.08642746956388225,-0.014007444748663061,-0.01404027687220725,-0.013619480658504528,-0.004717439067855126,-0.004816880458465403,-0.00442333812293703,-0.0020547724688534438
0.0038641545661826475,-0.08642961104291953,-0.014007821044407943,-0.014040650919077637,-0.013619847260095606,-0.004717591445791667,-0.0048170258276992875,-0.00442347634492609,-0.0020548414803189066
0.0038661546461858476,-0.08642616535839343,-0.014007228616909385,-0.014040061415482108,-0.013619270946624696,-0.004717359728206519,-0.004816803441448035,-0.004423266592642756,-0.0020547391639558817
0.003868154726189048,-0.0864283432355684,-0.014007610944463005,-0.014040441475343118,-0.013619643400868388,-0.004717514320248659,-0.004816950960041908,-0.0044234068108596775,-0.0020548091048809606
0.003870154806192248,-0.0864249339782693,-0.014007024553598712,-0.01403985798954691,-0.013619072944731532,-0.004717284818549664,-0.0048167307248729455,-0.00442319905640477,-0.0020547077187223436
0.0038721548861954482,-0.08642714831092439,-0.01400741292247353,-0.014040244071877822,-0.013619451260856114,-0.004717441628207334,-0.004816880396221944,-0.0044233412740046635,-0.002054778590575235
0.0038741549661986483,-0.08642377553652399,-0.014006832577478829,-0.014039666613084036,-0.013618886671012664,-0.004717214345802126,-0.00481666231543151,-0.004423135520441337,-0.002054678136046454
0.0038761550462018484,-0.08642602637866016,-0.014007226996633006,-0.014040058726811742,-0.013619270857708695,-0.004717373376380709,-0.004816814142732925,-0.004423279740395453,-0.0020547499402097965
0.0038781551262050485,-0.08642269013948557,-0.01400665270618849,-0.014039487303670722,-0.013618712142579831,-0.004717148316472249,-0.004816598219419232,-0.004423075990602886,-0.002054650418650639
0.0038801552062082485,-0.08642497754175574,-0.014007053184024685,-0.014039885457168616,-0.013619102207998892,-0.00471730957107216,-0.004816752205672122,-0.004423222215698223,-0.0020547231564213416
0.0038821552862114486,-0.08642167788678476,-0.014006484956255146,-0.014039320077776741,-0.013618549375466707,-0.00471708673665835,-0.004816538442735032,-0.004423020472371262,-0.0020546245690858302
0.0038841553662146487,-0.08642400189648883,-0.014006891500619971,-0.014039724278864064,-0.013618945327220959,-0.004717250218174834,-0.004816694590739969,-0.004423168705210381,-0.0020546982416749667
0.003886155446217849,-0.08642073887134284,-0.014006329343093484,-0.014039164950763062,-0.013618398384627393,-0.004717029612048134,-0.004816482990880652,-0.00442296897085921,-0.0020546005897311838
0.0038881555262210493,-0.08642309953242344,-0.014006741961276582,-0.014039575206703958,-0.013618800229788588,-0.0047171953231709115,-0.004816641303239389,-0.004423119213859938,-0.0020546751982638686
0.0038901556062242494,-0.08641987317936445,-0.014006185881003906,-0.01403902193688018,-0.013618259183934976,-0.004716976947918175,-0.004816431868960089,-0.004422921490809896,-0.0020545784827938956
0.0038921556862274494,-0.08642227053240134,-0.014006604579736919,-0.014039438254382867,-0.013618666929033725,-0.004717144891131103,-0.00481659234807528,-0.004423073746205007,-0.00205465402830912
0.0038941557662306495,-0.08641908089032616,-0.014006054583170677,-0.014038891049266328,-0.013618131786179795,-0.004716928749133195,-0.004816385081679032,-0.0044228780365962745,-0.002054558250308876
0.0038961558462338496,-0.08642151497253293,-0.01400647936862695,-0.014039313434482606,-0.01361854543720498,-0.0047170989267141155,-0.00481654772975401,-0.004423032306433337,-0.002054634733759455
0.0038981559262370497,-0.08641836207697014,-0.014005935461660913,-0.014038772299946567,-0.013618016203068432,-0.004716885020145747,-0.004816342633344394,-0.004422838612220787,-0.002054539894138614
0.0039001560062402497,-0.08642083292218918,-0.014006366339454549,-0.014039200758470994,-0.01361843576546643,-0.004717057434166154,-0.004816507452382952,-0.004422994898361898,-0.0020546173163910626
0.0039021560862434503,-0.08641771680529524,-0.014005828527423114,-0.014038665699831223,-0.013617912445222305,-0.00471684576499559,-0.004816304527863884,-0.004422803221314839,-0.0020545234159729487
0.0039041561662466503,-0.08642022444399514,-0.014006265502608504,-0.01403910023670046,-0.013618337923896412,-0.004717020417320463,-0.004816471519669977,-0.0044229615254364404,-0.002054601777807374
0.0039061562462498504,-0.0864171451345496,-0.014005733790285867,-0.014038571258714563,-0.013617820522176263,-0.004716810987309307,-0.004816270768745447,-0.004422771867138375,-0.0020545088173288695
0.00390815632625305,-0.08641968959382182,-0.014006176867357178,-0.014039011878407157,-0.013618251921486395,-0.004716987879596894,-0.004816439934923127,-0.004422932190731083,-0.0020545881194389266
0.0039101564062562506,-0.08641664711722698,-0.014005651258957285,-0.014038488985274336,-0.013617740442378286,-0.004716780690300023,-0.004816241359097165,-0.004422744552579718,-0.0020544960995504216
0.003912156486259451,-0.0864192284207823,-0.014006100441847899,-0.01403893569170994,-0.013618177766140301,-0.0047169598240016705,-0.00481641270105031,-0.004422906896948164,-0.002054576342543206
0.003914156566262651,-0.08641622279905814,-0.01400558094102365,-0.014038418887070333,-0.01361767221318792,-0.004716754876766907,-0.004816216301626672,-0.004422721280155077,-0.0020544852638085015
0.003916156646265851,-0.08641884096722488,-0.01400603623310577,-0.014038871683609417,-0.013618115464673298,-0.004716936253126909,-0.004816389820558892,-0.004422885646417762,-0.0020545664482044938
0.003918156726269051,-0.08641587221900678,-0.014005522842948587,-0.014038360970543678,-0.013617615840875699,-0.004716733549094931,-0.004816195598640946,-0.004422702052008321,-0.002054476311100742
0.003920156806272251,-0.08641852726872923,-0.014005984247033077,-0.01403881985998728,-0.013618065022811328,-0.00471691716915043,-0.004816371295555471,-0.00442286844109756,-0.002054558437333779
0.003922156886275451,-0.08641559540926856,-0.014005476970072959,-0.014038315241016576,-0.013617571330622965,-0.004716716709254785,-0.004816179252046241,-0.004422686869910927,-0.0020544692422514686
0.0039241569662786515,-0.08641828735410302,-0.014005944488408681,-0.014038780225605717,-0.013618026445190487,-0.004716902573835569,-0.004816357127745714,-0.004422855282572611,-0.0020545523106686556
0.003926157046281851,-0.0864153923952624,-0.014005443326613522,-0.014038281702691079,-0.01361753868652042,-0.004716704358802344,-0.004816167263347561,-0.004422675735261484,-0.0020544640579115174
0.003928157126285052,-0.086418121245378,-0.014005916960887457,-0.014038752784106823,-0.01361799973535638,-0.004716892468530875,-0.0048163473184340755,-0.004422846172055156,-0.0020545480687732213
0.003930157206288252,-0.08641526319563243,-0.014005421915663131,-0.014038260358649267,-0.01361751791156854,-0.004716696498878827,-0.0048161596336487875,-0.00442266864908585,-0.002054460758558251
0.003932157286291452,-0.08641802895780905,-0.014005901666999915,-0.01403873753801236,-0.013617984895763973,-0.0047168868541700715,-0.004816341868523772,-0.004422841110384524,-0.0020545457120380553
0.003934157366294652,-0.0864152078222438,-0.014005412739190065,-0.01403825121085255,-0.013617509007676762,-0.0047166931302105065,-0.00481615636365245,-0.0044226656120368675,-0.0020544593444954606
0.003936157446297852,-0.0864180104998713,-0.014005898608152113,-0.014038734488723401,-0.013617981927777306,-0.0047168857312719775,-0.004816340778516622,-0.004422840098027083,-0.0020545452406801707
0.0039381575263010525,-0.08641522628018096,-0.014005415798037804,-0.014038254260141426,-0.013617511975663363,-0.004716694253108566,-0.004816157453659572,-0.004422666624394283,-0.002054459815853331
0.003940157606304252,-0.08641806587326041,-0.014005907784625208,-0.014038743636520216,-0.013617990831669138,-0.004716889099940332,-0.004816344048512985,-0.004422843135076095,-0.002054546654742968
0.003942157686307453,-0.08641531856775005,-0.014005431091925367,-0.014038269506235896,-0.013617526815255777,-0.004716699867469375,-0.004816162903569881,-0.004422671686064914,-0.0020544621725884986
0.003944157766310653,-0.08641819507289056,-0.014005929195575643,-0.014038764980562073,-0.01361801160662109,-0.004716896959863864,-0.004816351678211772,-0.00442285022125174,-0.002054549954096248
0.003946157846313853,-0.08641548467647488,-0.014005458619446569,-0.014038296947734756,-0.013617553525089844,-0.004716709972774056,-0.0048161727128815,-0.004422680796582367,-0.002054466414483927
0.003948157926317053,-0.08641839808689665,-0.014005962839035062,-0.014038798518887535,-0.01361804425072361,-0.004716909310316288,-0.004816363666910448,-0.004422861355901172,-0.002054555138436194
0.003950158006320253,-0.08641572459110101,-0.014005498378070906,-0.01403833658211628,-0.013617592102710676,-0.00471672456808891,-0.004816186880691243,-0.004422693955107298,-0.002054472541149046
0.0039521580863234535,-0.08641867489663506,-0.014006008711910703,-0.014038844248414657,-0.013618088760976367,-0.004716926150156447,-0.004816380013505168,-0.004422876537998574,-0.0020545622072854685
0.003954158166326653,-0.08641603828959697,-0.01400555036414369,-0.014038388405738495,-0.013617642544572726,-0.004716743652065412,-0.004816205405694691,-0.004422711160427531,-0.002054480552019774
0.003956158246329854,-0.086419025476686,-0.014006066809985718,-0.014038902164941261,-0.013618145133288522,-0.004716947477828406,-0.004816400716490864,-0.004422895766145311,-0.0020545711599932264
0.003958158326333053,-0.08641642574315465,-0.01400561457288583,-0.014038452413839043,-0.01361770484603974,-0.004716767222940185,-0.004816228286186127,-0.004422732410957944,-0.0020544904463584883
0.003960158406336254,-0.08641944979485533,-0.014006137127919444,-0.014038972263145325,-0.013618213362478955,-0.004716973291361551,-0.004816425773961382,-0.00442291903856997,-0.0020545819957351556
0.003962158486339454,-0.08641688691619384,-0.01400569099839509,-0.014038528600536232,-0.013617779001385793,-0.004716795278535401,-0.004816255520058924,-0.004422757704740842,-0.0020545022232542056
0.003964158566342654,-0.08641994781217824,-0.01400621965924806,-0.0140390545365856,-0.013618293442276976,-0.00471700358837086,-0.0048164551836096725,-0.004422946353128647,-0.0020545947135136074
0.0039661586463458545,-0.08641742176636694,-0.014005779633646362,-0.014038616958829483,-0.013617865003795745,-0.004716827816258949,-0.004816287104805755,-0.004422787039446184,-0.0020545158816226493
0.003968158726349054,-0.0864205194829233,-0.014006314396385217,-0.014039148977702186,-0.01361838536532293,-0.004717038366057103,-0.004816488942728077,-0.004422977707305076,-0.002054609312157673
0.003970158806352255,-0.08641803024456124,-0.014005880470492485,-0.01403871748060007,-0.013617962845365829,-0.004716864833104662,-0.0048163230375187546,-0.0044228204123716655,-0.00205453142020635
0.003972158886355454,-0.08642116475459846,-0.014006421330623055,-0.014039255577817572,-0.013618489123169117,-0.00471707762120726,-0.004816527048208605,-0.004423013098211037,-0.0020546257903233437
0.003974158966358655,-0.08641871229490494,-0.014005993499664858,-0.014038830156611686,-0.01361807251710439,-0.00471690632565262,-0.00481636331488982,-0.0044228578204431115,-0.0020545488375747385
0.003976159046361854,-0.08642188356795426,-0.01400654045213281,-0.014039374327137283,-0.013618604706280428,-0.004717121350194704,-0.004816569496543231,-0.004423052522586516,-0.0020546441464936
0.003978159126365055,-0.08641946785477332,-0.014006118710774814,-0.01403895497651192,-0.013618194008933118,-0.004716952290069607,-0.0048164079332110735,-0.004422899260214767,-0.002054568132124399
0.003980159206368255,-0.08642267585699241,-0.014006671749965971,-0.01403950521475109,-0.013618732104035547,-0.004717169548979673,-0.0048166162838242784,-0.004423095976800124,-0.0020546643789786166
0.003982159286371455,-0.08642029685479542,-0.014006256092314463,-0.014039091928833021,-0.013618327309687985,-0.004717002722109397,-0.004816456888375179,-0.004422944727869704,-0.0020545893020791424
0.003984159366374656,-0.08642354154897094,-0.014006815212055608,-0.014039648228634044,-0.013618871304728032,-0.004717222213109649,-0.00481666740574486,-0.004423143456849449,-0.0020546864859159134
0.003986159446377855,-0.08642119921886075,-0.01400640563165789,-0.01403924100099313,-0.013618472407120339,-0.004717057617113325,-0.004816510175875764,-0.004422994219220155,-0.0020546123454902422
0.003988159526381056,-0.0864244805644128,-0.014006970825217216,-0.014039803355647687,-0.013619022295567341,-0.004717279337719852,-0.004816722857599237,-0.004423194958361491,-0.0020547104652705486
0.003990159606384255,-0.08642217486412773,-0.014006567315062567,-0.014039402179297665,-0.01361862928789829,-0.004717116970010654,-0.004816567790807921,-0.004423047729707984,-0.002054637260236622
0.003992159686387456,-0.08642549281711388,-0.014007138575150586,-0.014039970581541656,-0.013619185062680492,-0.004717340917533768,-0.004816782634283444,-0.0044232504765931244,-0.0020547363148353654
0.0039941597663906555,-0.086423223701032,-0.014006741127670863,-0.014039575448940817,-0.013618797937608059,-0.004717180775319194,-0.004816629727868721,-0.004423105254405213,-0.0020546640440250695
0.003996159846393856,-0.0864265782141521,-0.014007318446440986,-0.014040149890955042,-0.013619359591113333,-0.004717406946863648,-0.0048168467302957185,-0.004423310006431584,-0.002054764032231185
0.0039981599263970566,-0.08642434563329629,-0.014006927053511403,-0.014039760794006841,-0.013618978340755506,-0.00471724902714582,-0.004816695981357729,-0.0044231667880144186,-0.0020546926943905085
0.004000160006400256,-0.08642773665589723,-0.014007510422560814,-0.014040341267417851,-0.013619545864832135,-0.004717477419611162,-0.004816915139737153,-0.004423373542395002,-0.0020547936149070676
0.004002160086403457,-0.08642554055794022,-0.014007125075500853,-0.014039958197472153,-0.013619170480767745,-0.004717321719187141,-0.00481676654517769,-0.004423232324869434,-0.0020547232086962257
0.004004160166406656,-0.08642896803602146,-0.01400771448587149,-0.01404054469335304,-0.013619743866725294,-0.00471755232926802,-0.004816987856312238,-0.004423441078632984,-0.0020548250601406027
0.004006160246409857,-0.08642680836529114,-0.014007335175445793,-0.014040167641206658,-0.013619374339994926,-0.00471739884473014,-0.004816841412835065,-0.004423301858935831,-0.0020547555841341756
0.0040081603264130565,-0.08643027224151043,-0.014007930617625215,-0.014040760150078224,-0.0136199535786052,-0.004717631668916651,-0.0048170648733296155,-0.0044235126089272785,-0.0020548583650381756
0.004010160406416257,-0.08642814893899618,-0.014007557334044534,-0.01404038910597603,-0.013619589899712079,-0.0047174803966528855,-0.00481692057744081,-0.0044233753838116355,-0.002054789817725249
0.0040121604864194575,-0.0864316491526749,-0.014008158797966824,-0.014040987617807504,-0.013620174981209907,-0.004717715431230911,-0.004817146183702692,-0.004423588126692303,-0.0020548935265352584
0.004014160566422657,-0.08642956215603224,-0.014007791530889005,-0.01404062257144341,-0.013619817140120878,-0.004717566367425195,-0.004817004031710971,-0.004423452892727868,-0.0020548259063195734
0.004016160646425858,-0.0864330986431639,-0.01400839900593618,-0.014041227075653794,-0.013620408054205555,-0.004717803608476922,-0.004817231779950479,-0.004423667624975996,-0.0020549305413967724
0.004018160726429057,-0.08643104788672376,-0.014008037744467388,-0.014040868016172011,-0.013620056040352296,-0.004717656749109674,-0.004817091767967684,-0.004423534378549504,-0.002054863846596933
0.004020160806432258,-0.08643462057997739,-0.014008651219469993,-0.014041478501630828,-0.013620652776188055,-0.0047178961925138,-0.004817321654198256,-0.004423751096460402,-0.0020549694062173807
0.0040221608864354575,-0.0864326059947502,-0.01400829595216567,-0.014041125417626693,-0.01362030657846797,-0.004717751533362195,-0.004817183778139658,-0.004423619833775929,-0.0020549036350669897
0.004024160966438658,-0.08643621482348035,-0.01400891541540447,-0.014041741872655566,-0.013620909124685724,-0.004717993174794562,-0.004817415798178533,-0.004423838533462551,-0.002055010117421885
0.004026161046441858,-0.08643423633716567,-0.014008566130270739,-0.01404139475217705,-0.013620568731463254,-0.004717850711433116,-0.004817280053763324,-0.004423709250541948,-0.0020549452680697546
0.004028161126445058,-0.08643788122741793,-0.014009191569477495,-0.01404201716455054,-0.013621177076161393,-0.004718094546367016,-0.0048175142032318066,-0.004423929927935164,-0.002055052671265575
0.004030161206448259,-0.08643593876441008,-0.01400884825397224,-0.014041675995099262,-0.013620842475269158,-0.0047179542741679435,-0.004817380585983537,-0.004423802620618482,-0.002054988741775901
0.004032161286451458,-0.08643961963893002,-0.014009479656331343,-0.014042304352046448,-0.0136214566060149,-0.004718200297874665,-0.004817616860307519,-0.004424025271467612,-0.002055097063834631
0.004034161366454659,-0.08643771312032747,-0.01400914229736569,-0.014041969120579239,-0.01362112778475519,-0.004718062212008473,-0.004817485365554587,-0.004423899935413532,-0.0020550340521872292
0.0040361614464578584,-0.08644142989856839,-0.014009779649515268,-0.014042603408784873,-0.013621747688585926,-0.004718310419557774,-0.004817723759965042,-0.004424124555286713,-0.002055143291046545
0.004038161526461059,-0.08643955924218123,-0.014009448233454872,-0.014042274101714877,-0.013621424633731682,-0.00471817451499366,-0.004817594382841138,-0.004424001185972988,-0.002055081195137033
0.004040161606464259,-0.0864433118403123,-0.014010091521488422,-0.014042914307320945,-0.013622050297156426,-0.004718424901254325,-0.004817834892374622,-0.004424227770257707,-0.0020551913486505377
0.004042161686467459,-0.08644147696067121,-0.014009766034154833,-0.014042590910519188,-0.013621732994952831,-0.004718291172760753,-0.004817707627819252,-0.004424106362981629,-0.0020551301662905573
0.004044161766470659,-0.08644526529158648,-0.014010415243622407,-0.01404323701912617,-0.013622364403953396,-0.0047185437324010985,-0.004817950247318388,-0.004424334906885158,-0.002055241232228005
0.004046161846473859,-0.08644346609995159,-0.014010095670294704,-0.014042919517923084,-0.013622052840119418,-0.004718412174546366,-0.004817825090077455,-0.004424215456764097,-0.002055180961145468
0.00404816192647706,-0.08644729007327948,-0.01401075078620476,-0.01404357151459168,-0.013622689980152125,-0.004718666902034807,-0.004818069814191512,-0.004424445955313991,-0.0020552929371929875
0.004050162006480259,-0.08644552647765007,-0.014010437111621032,-0.014043259893778597,-0.013622384139881864,-0.004718537509187608,-0.004817946758817827,-0.004424328457285908,-0.0020552335750323213
0.00405216208648346,-0.08644938599976228,-0.014011098118441626,-0.014043917763031072,-0.01362302699587887,-0.004718794398793222,-0.004818193582003269,-0.004424560905330577,-0.002055346458792657
0.00405416216648666,-0.08644765790488514,-0.014010790326800521,-0.01404361200686172,-0.013622726863843053,-0.004718667165123191,-0.004818072622857088,-0.004424445354154461,-0.0020552880031150067
0.00405616224648986,-0.0864515528789075,-0.014011457208461338,-0.01404427573268379,-0.013623375420214197,-0.004718926210916374,-0.004818321539378173,-0.004424679746363697,-0.0020554017921078087
0.00405816232649306,-0.08644986018628865,-0.01401115528342377,-0.014043975824876076,-0.013623080980561926,-0.004718801130394779,-0.004818202670627833,-0.004424566136620205,-0.0020553442403913385
0.00406016240649626,-0.08645379051211007,-0.014011828023317532,-0.014044645390718405,-0.013623735221196157,-0.004719062326247817,-0.004818453674557215,-0.004424802467485737,-0.0020554589320533724
0.00406216248649946,-0.08645213312002466,-0.014011531948008502,-0.014044351314456213,-0.013623446457556643,-0.004718939392648159,-0.004818336890179811,-0.004424690793577787,-0.0020554022816935305
0.00406416256650266,-0.08645609869430791,-0.014012210528992762,-0.014045026703236109,-0.013624106365823662,-0.00471920273223589,-0.004818589975399069,-0.0044249290574137875,-0.0020555178733789614
0.004066162646505861,-0.08645447649780941,-0.014011920286002877,-0.014044738441170719,-0.013623823261307651,-0.004719081939134477,-0.0048184752691809475,-0.004424819313567032,-0.0020554621216887113
0.0040681627265090605,-0.08645847721400328,-0.014012604690401973,-0.014045419635274196,-0.013624488820059942,-0.004719347415934996,-0.004818730429381401,-0.00442505950451088,-0.0020555786106694137
0.004070162806512261,-0.0864568901049369,-0.014012320261789548,-0.014045137169526552,-0.013624211357261898,-0.004719228756711789,-0.004818617794918932,-0.004424951684774464,-0.0020555237548795786
0.004072162886515461,-0.08646092585328526,-0.014013010471396187,-0.014045824150809788,-0.013624882548836141,-0.004719496364007011,-0.004818875023602164,-0.00442519379678714,-0.002055641138345367
0.004074162966518661,-0.08645937372029779,-0.014012731838689035,-0.01404554746297208,-0.013624610709835717,-0.0047193798318462005,-0.004818764454302345,-0.004425087895034211,-0.002055587175604871
0.004076163046521861,-0.08646344438785267,-0.014013427834766475,-0.014046240212763718,-0.013625287516055035,-0.0047196495627227115,-0.004819023744780928,-0.004425331921901157,-0.002055705450663849
0.004078163126525061,-0.0864619271164044,-0.014013154978963754,-0.014045969283901356,-0.013625021282419119,-0.004719535150613423,-0.004818915233862121,-0.004425227931829541,-0.0020556523780400344
0.004080163206528262,-0.08646603258703764,-0.014013856742247664,-0.01404666778300424,-0.013625703684594757,-0.00471980699796315,-0.004819176579260368,-0.004425473867161176,-0.0020557715417188743
0.0040821632865314615,-0.0864645500594145,-0.014013589643821997,-0.014046402593657966,-0.013625443037379378,-0.004719694698700256,-0.004819070119752945,-0.004425371782294033,-0.002055719356197808
0.004084163366534662,-0.08646869021382965,-0.014014297154522397,-0.014047106822351123,-0.013626131016312645,-0.004719968655221181,-0.0048193335130075595,-0.0044256196195264635,-0.00205583940544205
0.004086163446537862,-0.08646724230915576,-0.014014035793421852,-0.014046847352538958,-0.013625875936065054,-0.004719858461406,-0.00481922909775473,-0.004425519433213001,-0.00205578810392885
0.004088163526541062,-0.08647141702490019,-0.014014749031225389,-0.014047557290579818,-0.013626569472049493,-0.0047201345196029665,-0.0048194945316155716,-0.004425769165608686,-0.0020559090356032502
0.004090163606544262,-0.08647000361915062,-0.01401449338687563,-0.014047303519799187,-0.013626319938810081,-0.0047200264236440794,-0.004819392153274101,-0.004425670871024852,-0.0020558586149224014
0.004092163686547462,-0.08647421277062954,-0.01401521233094748,-0.014048019146425669,-0.013627019011633424,-0.004720304575829581,-0.004819659620304956,-0.004425922491673347,-0.0020559804258112524
0.004094163766550662,-0.0864728337366426,-0.014014962382253918,-0.01404777105365548,-0.013626775004937823,-0.004720198569943612,-0.0048195592713458696,-0.004425826081822508,-0.0020559308827069298
0.0040961638465538625,-0.08647707719513169,-0.014015687011240266,-0.014048492347588202,-0.013627479593884216,-0.0047204788082385995,-0.004819828763925264,-0.004426079583641199,-0.002056053569514396
0.004098163926557063,-0.08647573240262332,-0.014015442736590233,-0.014048249911291211,-0.013627241092765544,-0.004720374884451003,-0.00481973043663474,-0.0044259850513548886,-0.002056004900650836
0.004100164006560263,-0.08648001003628214,-0.014016173028620254,-0.014048976850735596,-0.013627951176617652,-0.004720657200785711,-0.004820001946956687,-0.004426240427089705,-0.0020561284600013013
0.004102164086563463,-0.08647869935185871,-0.014015934405885366,-0.01404874004886055,-0.013627718159608643,-0.004720555350931694,-0.0048199056334367885,-0.004426147765028429,-0.0020560806619631237
0.004104164166566663,-0.08648301102574435,-0.014016670338573612,-0.01404947261150922,-0.013628433716649848,-0.004720839737046454,-0.0048201791535116365,-0.004426405007254603,-0.0020562050904015406
0.004106164246569863,-0.08648173431291781,-0.014016437345112043,-0.014049241421493245,-0.013628206161785205,-0.0047207399527717546,-0.004820084845681212,-0.004426314207908544,-0.0020561581596941266
0.004108164326573063,-0.08648607988899937,-0.014017178895560811,-0.01404997958452836,-0.013628927169801944,-0.004721026400217911,-0.004820360367336461,-0.004426573309031427,-0.00205628345368639
0.0041101644065762635,-0.08648483700820014,-0.014016951508219588,-0.01404975398329928,-0.013628705054620471,-0.004720928672979715,-0.004820268056931921,-0.004426484364721277,-0.002056237386736235
0.004112164486579463,-0.08648921634537368,-0.014017698653021398,-0.014050497723394992,-0.013629431490904618,-0.0047212171731205186,-0.0048205455718131444,-0.004426745316977086,-0.0020563635426695537
0.004114164566582664,-0.0864880071539664,-0.014017476848139029,-0.014050277687373706,-0.013629214792451742,-0.004721121494188327,-0.00482045525038937,-0.0044266582198548374,-0.0020563183358246564
0.004116164646585864,-0.08649242010806917,-0.01401822956337894,-0.014051026980698466,-0.01362994663380294,-0.004721412038199827,-0.004820734749961016,-0.004426921015311548,-0.002056445350007912
0.004118164726589064,-0.08649124446036749,-0.014018013316787741,-0.01405081248580165,-0.013629735328633059,-0.004721318398656425,-0.00482064640889228,-0.00442683575736132,-0.002056400999538161
0.004120164806592264,-0.08649569088419334,-0.01401877157804606,-0.014051567308020818,-0.013630472551361161,-0.004721610977528387,-0.004820927884438623,-0.004427100387919435,-0.00205652886820234
0.004122164886595464,-0.0864945486314748,-0.01401856086507474,-0.014051358329663215,-0.01363026661554015,-0.00472151936827075,-0.0048208415149194285,-0.004427016960958327,-0.0020564853702998882
0.004124164966598664,-0.08649902837478952,-0.014019324647429311,-0.014052118655941623,-0.013631009195467681,-0.004721813972807598,-0.004821124957545474,-0.00442728341835174,-0.0020566140895984302
0.004126165046601864,-0.0864979193653122,-0.014019119442905697,-0.014051915169038788,-0.01363080860457542,-0.004721724384547874,-0.004821040550591523,-0.004427201814030684,-0.002056571440378114
0.004128165126605065,-0.08650243227486919,-0.01401988872093477,-0.014052680974043299,-0.013631556517040124,-0.004722021005369692,-0.00482132595122392,-0.004427470089827579,-0.0020567010063873396
0.004130165206608265,-0.08650135635388632,-0.01401968899918822,-0.014052482953014082,-0.013631361246173002,-0.0047219334286361285,-0.00482124349767306,-0.00442739029963222,-0.002056659201887081
0.004132165286611465,-0.0865059022734432,-0.014020463746973019,-0.014053254210916294,-0.01363211446603052,-0.004722232056179599,-0.004821530847061058,-0.004427660385235917,-0.0020567896106065994
0.004134165366614665,-0.08650485928322066,-0.014020269481837285,-0.01405306162968571,-0.013631924489804062,-0.00472214648131762,-0.004821450337574237,-0.004427582400487498,-0.0020567486467878136
0.004136165446617865,-0.08650943805355553,-0.014021049672964797,-0.014053838314164709,-0.01363268299143057,-0.004722447105837116,-0.004821739626290726,-0.004427854287137428,-0.0020568798941409763
0.004138165526621065,-0.08650842783338757,-0.014020860837780742,-0.01405365114616656,-0.013632498283982133,-0.004722363523010246,-0.004821661051352968,-0.004427778098993731,-0.0020568397668890032
0.004140165606624265,-0.08651303929231524,-0.014021646445346385,-0.01405443323041155,-0.013633262041276892,-0.004722666134578747,-0.004821952269795373,-0.0044280517777662435,-0.0020569718487232613
0.0041421656866274656,-0.08651206167854184,-0.014021463012964771,-0.014054251448591239,-0.013633082576268414,-0.0047225845337697065,-0.00482187561971678,-0.004427977377222485,-0.0020569325538478188
0.004144165766630665,-0.08651670566093163,-0.014022254009575357,-0.014055038905304558,-0.013633851562656677,-0.004722889122279941,-0.004822168758108135,-0.004428252839031901,-0.002057065465935229
0.004146165846633866,-0.08651576048695589,-0.014022075952359726,-0.014054862482121979,-0.013633677313277406,-0.004722809493291714,-0.004822094023024926,-0.004428180216921723,-0.0020570269991708203
0.004148165926637066,-0.0865204368247485,-0.014022872310136244,-0.014055655283521783,-0.013634451501713106,-0.004723116048457148,-0.004822389071414879,-0.004428457452521221,-0.0020571607372084537
0.004150166006640266,-0.08651952392105355,-0.014022699599965828,-0.014055484190954228,-0.013634282440682495,-0.004723038380913993,-0.00482231624129043,-0.0044283865995176155,-0.002057123094214839
0.004152166086643466,-0.08652423244327934,-0.014023501290546466,-0.014056282308777571,-0.01363506180365123,-0.004723346892269979,-0.004822613189556316,-0.004428665599500262,-0.0020572576538252525
0.004154166166646666,-0.08652335163744647,-0.014023333898819098,-0.014056116518322545,-0.013634897903221617,-0.004723271175618586,-0.004822542254182149,-0.004428596506116564,-0.002057220830187887
0.0041561662466498665,-0.08652809217024228,-0.01402414089336205,-0.014056919923828223,-0.013635682412743303,-0.004723581632523393,-0.0048228410920300195,-0.004428877260916202,-0.0020573562069195607
0.004158166326653066,-0.08652724328696965,-0.01402397879099726,-0.01405675940650665,-0.01363552364470312,-0.004723507856033956,-0.004822772041026998,-0.004428809917507117,-0.0020573201981500867
0.004160166406656267,-0.08653201565359875,-0.014024791060184073,-0.014057568070478352,-0.013636313272335268,-0.004723820247669971,-0.004823072757992721,-0.004429092417399526,-0.0020574563874779213
0.004162166486659466,-0.08653119851471855,-0.014024634217626002,-0.014057412796837443,-0.013636159608011705,-0.004723748400437325,-0.004823005580812034,-0.004429026814162082,-0.002057421189014613
0.004164166566662667,-0.08653600253558774,-0.014025451731664357,-0.014058226689586732,-0.013636954324852112,-0.004724062715812135,-0.0048233081662623955,-0.004429311049265856,-0.0020575581863403864
0.004166166646665867,-0.08653521696008629,-0.01402530011888501,-0.014058076629703136,-0.013636805735114345,-0.004723992786756908,-0.004823242852186708,-0.004429247176240502,-0.002057523793548638
0.004168166726669067,-0.0865400524527658,-0.014026122847512094,-0.014058895721072655,-0.013637605511804377,-0.004724309014704497,-0.004823547295320578,-0.0044295331365182015,-0.002057661594201509
0.0041701668066722675,-0.08653929825680191,-0.014025976434014492,-0.014058750844555708,-0.013637461967066597,-0.0047242409925742634,-0.004823483833465166,-0.00442947098358981,-0.002057628002374338
0.004172166886675467,-0.08654416503604453,-0.014026804346499966,-0.014059575103922268,-0.013638266773794018,-0.00472455912175615,-0.004823790123314545,-0.004429758658848935,-0.0020577666016113054
0.004174166966678668,-0.08654344203296857,-0.014026663101321285,-0.014059435379917051,-0.013638128244018489,-0.004724492995126671,-0.00482372850262844,-0.0044296982157479145,-0.002057733805969831
0.004176167046681867,-0.08654833991072758,-0.014027496166470556,-0.014060264776194835,-0.013638938050520818,-0.004724813014033085,-0.004824036628059655,-0.004429987595641985,-0.00205787319897625
0.004178167126685068,-0.0865476479111028,-0.014027360058185535,-0.01406013017338561,-0.01363880450522113,-0.004724748771309455,-0.004823976837326825,-0.004429928851945344,-0.002057841194670215
0.0041801672066882675,-0.08655257669655446,-0.014028198244343322,-0.01406096467502964,-0.013639619280788816,-0.0047250706682606565,-0.004824286787041745,-0.004430219925975081,-0.0020579813765603263
0.004182167286691468,-0.08655191550817441,-0.014028067241067284,-0.014060835161642884,-0.013639490689032979,-0.004725008297678546,-0.004824228814882226,-0.004430162871107471,-0.002057950158668584
0.0041841673666946685,-0.08655687500773569,-0.014028910516120577,-0.014061674736652053,-0.013640310402512451,-0.004725332060825919,-0.004824540577419387,-0.004430455628621805,-0.0020580911244859907
0.004186167446697868,-0.08655624443564584,-0.01402878458551301,-0.014061550280459982,-0.013640186732926224,-0.004725271550452773,-0.004824484412290509,-0.004430400251856688,-0.002058060688017029
0.004188167526701069,-0.08656123445299657,-0.014029632916894689,-0.01406239489638073,-0.013641011352723388,-0.004725597167780206,-0.004824797976026346,-0.004430694682053918,-0.002058202432735244
0.004190167606704268,-0.08656063429951563,-0.014029512026162733,-0.01406227546470479,-0.013640892573493631,-0.004725538505516597,-0.0048247436062239975,-0.004430640972514733,-0.002058172772627744
0.004192167686707469,-0.08656565463561745,-0.014030365380854906,-0.014063125088634202,-0.013641722067577059,-0.004725865964841617,-0.004825058959374095,-0.004430937064443652,-0.002058315291150711
0.004194167766710668,-0.08656508470035634,-0.014030249496756542,-0.014063010648348213,-0.013641608146454915,-0.0047258091384224255,-0.004825006373033853,-0.004430885011104855,-0.002058286402274009
0.004196167846713869,-0.08657013515347539,-0.014031107841294011,-0.014063865246937873,-0.013642442482359324,-0.004726138427397609,-0.004825323503654161,-0.004431182753665943,-0.0020584296894366537
0.0041981679267170694,-0.08656959523335984,-0.014030996930141752,-0.014063755764471704,-0.013642333386663808,-0.00472608342439335,-0.004825272688752625,-0.004431132345354278,-0.002058401566591364
0.004200168006720269,-0.08657467559908681,-0.014031860230615645,-0.014064615303930819,-0.01364317253149338,-0.004726414530507519,-0.0048255915847407035,-0.004431431727300817,-0.0020585456171601066
0.00420216808672347,-0.08657416548837797,-0.014031754258279988,-0.014064510745274001,-0.013643068228114726,-0.004726361338325698,-0.004825542529096728,-0.004431382952696417,-0.0020585182550786154
0.004204168166726669,-0.08657927555965012,-0.014032622480341253,-0.014065375191373193,-0.013643912148546591,-0.004726694248905308,-0.004825863178193062,-0.004431683962635715,-0.002058663063751954
0.00420616824672987,-0.08657879504996667,-0.014032521412254422,-0.014065275522078355,-0.013643812603949784,-0.004726642854791667,-0.004825815869469051,-0.004431636810273343,-0.0020586364570989975
0.004208168326733069,-0.08658393461708933,-0.014033394521117319,-0.014066144840153172,-0.013644661266237606,-0.004726977557002116,-0.0048261382592583,-0.004431939436667896,-0.0020587820185080383
0.00421016840673627,-0.08658348349742899,-0.014033298322276682,-0.014066050025339729,-0.013644566446465774,-0.004726927948042004,-0.004826092684961497,-0.004431893894938105,-0.002058756161881251
0.0042121684867394696,-0.08658865234809836,-0.014034176282722754,-0.014066924180294404,-0.013645419816443278,-0.004727264428888994,-0.004826416802873846,-0.00443219812610688,-0.0020589024705903116
0.00421416856674267,-0.08658823040486076,-0.014034084917694836,-0.014066834184652223,-0.013645329687121552,-0.004727216592008811,-0.004826372950357688,-0.004432154183257305,-0.0020588773585208096
0.004216168646745871,-0.08659342832418529,-0.01403496769407628,-0.014067713140963197,-0.013646187730205999,-0.004727554838339705,-0.004826698783670122,-0.004432460007376895,-0.002059024409027954
0.00421816872674907,-0.08659303534119417,-0.01403488112700014,-0.014067627928756403,-0.013646102256544895,-0.004727508760308169,-0.004826656640135527,-0.00443241765151345,-0.002059000035980908
0.004220168806752271,-0.08659826211171767,-0.014035768683243875,-0.014068511650476269,-0.013646964937740902,-0.004727848758813388,-0.004826984175973217,-0.004432725056619359,-0.0020591478227185434
0.00422216888675547,-0.08659789787024302,-0.014035686877835032,-0.014068431185546798,-0.01364688408454003,-0.0047278044262429614,-0.004826943728469929,-0.00443268427570746,-0.0020591241830937553
0.004224168966758671,-0.08660315327196823,-0.014036579177446256,-0.014069319636307935,-0.0136477513684432,-0.00472814616345739,-0.004827272953807561,-0.004432993249695375,-0.0020592727004292177
0.0042261690467618705,-0.08660281755075067,-0.014036502097000731,-0.01406924388207966,-0.013647675100095116,-0.004728103562805768,-0.004827234189235595,-0.004432954031561302,-0.002059249788561723
0.004228169126765071,-0.08660810136116116,-0.014037399103066877,-0.014070137025098087,-0.013648546950895667,-0.004728447025110161,-0.0048275650908987545,-0.004433264562188314,-0.0020593990307978764
0.004230169206768271,-0.08660779393643377,-0.014037326710464553,-0.01407006594458024,-0.013648475231389347,-0.004728406142681542,-0.004827527996009657,-0.004433226894520372,-0.002059376840958511
0.004232169286771471,-0.0866131059305187,-0.014038228385659306,-0.014070963742659705,-0.013649351612876146,-0.004728751316304018,-0.004827860560676249,-0.004433538969406393,-0.0020595268023343547
0.004234169366774672,-0.08661282657603185,-0.01403816064336837,-0.014070897298451256,-0.013649284405801076,-0.004728712138250711,-0.004827825122074549,-0.0044335028397563,-0.0020595053287304045
0.004236169446777871,-0.08661816652630874,-0.01403906694995536,-0.014071799713986846,-0.013650165281365232,-0.004729059009268131,-0.00482815933627618,-0.0044338164463852145,-0.002059656003421654
0.004238169526781072,-0.08661791501335346,-0.014039003820035983,-0.014071737868280131,-0.013650102549915085,-0.004729021521591944,-0.004828125540420869,-0.004433781842169412,-0.0020596352401974346
0.0042401696067842715,-0.08662328268989254,-0.014039914719872836,-0.01407264486326244,-0.01365098788255378,-0.0047293700759314,-0.004828461390544207,-0.004434096967890484,-0.002059786622317155
0.004242169686787472,-0.08662305878732456,-0.014039856163981285,-0.01407258757784727,-0.013650929589530389,-0.004729334264485128,-0.004828429223750089,-0.004434063876391425,-0.002059766563554646
0.004244169766790672,-0.08662845395777294,-0.014040771618523773,-0.014073499113866236,-0.013651819341850922,-0.00472968448792544,-0.004828766696038372,-0.004434380508420609,-0.0020599186471538648
0.004246169846793872,-0.08662825743203711,-0.014040717597916292,-0.014073446350133896,-0.013651765449668124,-0.004729650338414318,-0.004828736144477532,-0.004434348916788114,-0.002059899286873315
0.004248169926797072,-0.0866336798616437,-0.014041637568222336,-0.014074362388383145,-0.013652659583891865,-0.004730002216587571,-0.0048290752250320325,-0.004434667042209458,-0.002060052065941673
0.004250170006800272,-0.08663351047679865,-0.014041588043759412,-0.014074314107330396,-0.013652610054579444,-0.004729969714570864,-0.004829046274735253,-0.004434636937462054,-0.0020600333981022545
0.004252170086803473,-0.08663895992843836,-0.014042512490493092,-0.014075234608611053,-0.013653508532545742,-0.004730323232963856,-0.004829386949516709,-0.004434956543228985,-0.0020601868665686106
0.0042541701668066725,-0.0866388174461812,-0.01404246742264347,-0.014075190770844397,-0.013653463327753489,-0.004730292363856279,-0.004829359586374988,-0.0044349279122553095,-0.002060168885069023
0.004256170246809873,-0.0866442936803803,-0.014043396306079347,-0.014076115695569364,-0.013654366110923724,-0.00473064750781212,-0.0048297018412050965,-0.004435248985192041,-0.002060323036802115
0.004258170326813073,-0.08664417786007265,-0.014043355654924356,-0.014076076261309144,-0.013654325191925611,-0.004730618256885509,-0.004829676050971178,-0.004435221814752258,-0.002060305735481277
0.004260170406816273,-0.08664968063503325,-0.014044288934951441,-0.014077005569507138,-0.013655232241387165,-0.004730975011605088,-0.0048300198715340486,-0.004435544341555159,-0.0020604605642903385
0.004262170486819473,-0.08664959123372533,-0.01404425266018894,-0.01407697049859169,-0.013655195569085149,-0.004730947363989824,-0.0048299956398238164,-0.004435518618282243,-0.002060443936928002
0.004264170566822673,-0.08665512030535262,-0.014045190296315149,-0.014077904149911672,-0.013656106845555687,-0.00473130571453346,-0.0048303410116675395,-0.004435842585521315,-0.002060599436563461
0.004266170646825874,-0.08665505707780968,-0.014045158357264107,-0.014077873401801468,-0.01365607438048402,-0.004731279655220151,-0.004830318323961679,-0.004435818295922555,-0.0020605834768808646
0.0042681707268290734,-0.08666061219973599,-0.014046100308620435,-0.014078811355516857,-0.013656989844315546,-0.004731639586509086,-0.00483066523249982,-0.004436143690042769,-0.0020607396410349805
0.004270170806832274,-0.08666057489846435,-0.014046072664225008,-0.01407878488929913,-0.013656961546645054,-0.00473161510035009,-0.0048306440741452145,-0.004436120820501185,-0.0020607243426955437
0.004272170886835474,-0.08666615582207596,-0.014047018889569766,-0.014079727104311804,-0.013657881157828115,-0.004731976597168155,-0.004830992504658395,-0.004436447627823941,-0.0020608811650030525
0.004274170966838674,-0.08666614419734807,-0.014046995498403584,-0.014079704878704495,-0.01365785698737003,-0.004731953668879151,-0.004830972860869714,-0.004436426164599698,-0.0020608665216130273
0.004276171046841874,-0.08667175067181085,-0.014047945956127014,-0.014080651313549542,-0.013658780705537806,-0.00473231671587434,-0.004831322798507101,-0.004436754371324253,-0.0020610239956518443
0.004278171126845074,-0.08667176447169364,-0.014047926776397747,-0.014080633286905942,-0.013658760621748551,-0.004732295330036058,-0.004831304654368442,-0.004436734300556162,-0.0020610100007609953
0.004280171206848274,-0.08667739624398024,-0.014048881424526026,-0.014081583899755742,-0.013659688406181302,-0.004732659911722161,-0.004831656084149391,-0.004437063892761137,-0.002061168120052882
0.004282171286851474,-0.08667743521435951,-0.01404886641407977,-0.0140815700300686,-0.01365967236816616,-0.004732640052781852,-0.0048316394246157345,-0.004437045200467982,-0.0020611547671551362
0.004284171366854675,-0.08668309202927652,-0.014049825210279776,-0.014082524778737537,-0.013660604177795542,-0.004733006153540079,-0.004831992331431263,-0.004437376164112821,-0.002061313525166389
0.0042861714468578746,-0.08668315591388472,-0.014049814326605315,-0.014082515023643686,-0.013660592144313458,-0.0047329878058133094,-0.004831977141330155,-0.004437358836195009,-0.0020613008077005816
0.004288171526861075,-0.08668883751409812,-0.014050777228188953,-0.014083473865592284,-0.013661527937726672,-0.00473335540989394,-0.004832331509944663,-0.004437691157121399,-0.002061460197842712
0.004290171606864275,-0.08668892605454155,-0.014050770428422404,-0.014083468182377113,-0.013661519867194351,-0.004733338557566149,-0.004832317773977746,-0.004437675179362338,-0.0020614481091932183
0.004292171686867475,-0.08669463218060482,-0.014051737392351193,-0.014084431074716674,-0.013662459602638762,-0.004733707649090224,-0.004832673589030588,-0.004438008843295782,-0.002061608124823672
0.004294171766870675,-0.08669474511639182,-0.014051734633280601,-0.014084429420318687,-0.013662455453135125,-0.004733692276218458,-0.004832661291775289,-0.004437994201363432,-0.0020615966583211564
0.004296171846873875,-0.08670047550677308,-0.014052705616170053,-0.014085396319815889,-0.01366339908852238,-0.004734062839179403,-0.004833018537782318,-0.004438329193914712,-0.00206175729274398
0.004298171926877075,-0.08670061257533881,-0.014052706854239688,-0.01408539865083106,-0.01366339881779304,-0.004734048929693928,-0.004833007663693414,-0.004438315873363069,-0.0020617464416660724
0.0043001720068802755,-0.08670636696644932,-0.014053681812364162,-0.014086369513912372,-0.01366434631070381,-0.004734420947959343,-0.004833366325048741,-0.004438652180029804,-0.0020619076881326507
0.004302172086883476,-0.08670652790318653,-0.01405368700367941,-0.014086375786598876,-0.013664349876165516,-0.0047344084856654435,-0.0048333568584600275,-0.00443864016630045,-0.002061897445704675
0.004304172166886676,-0.08671230602940712,-0.014054665892976522,-0.014087350569355388,-0.013665301183853801,-0.00473478194297871,-0.004833716919437627,-0.004438977772468617,-0.0020620592974144375
0.004306172246889876,-0.08671249056769251,-0.014054674993308387,-0.014087360739638184,-0.01366530854259891,-0.00473477091155832,-0.004833708844563559,-0.004438967050892233,-0.0020620496568100914
0.004308172326893076,-0.0867182921614024,-0.014055657769383691,-0.014088339397829963,-0.01366626362199651,-0.004735145791540338,-0.004834070289318845,-0.00443930594183763,-0.0020622121069112233
0.004310172406896276,-0.0867185000326249,-0.01405567073417344,-0.014088353421305488,-0.013666274730797583,-0.004735136174553796,-0.00483406359025628,-0.004439296497635621,-0.0020622030612533447
0.004312172486899476,-0.08672432482422995,-0.014056657352305138,-0.014089335910366513,-0.013667233538518809,-0.0047355124607047746,-0.004834426402827877,-0.0044396366585255495,-0.002062366102843513
0.0043141725669026765,-0.08672455575781979,-0.01405667413666921,-0.014089353742307374,-0.013667248353833072,-0.0047355042415925565,-0.004834421063557681,-0.004439628476811508,-0.002062357645204796
0.004316172646905876,-0.08673040347578136,-0.014057664551812999,-0.014090340017350086,-0.013668210846179344,-0.004735881917293721,-0.004834785227869102,-0.004439969892706296,-0.002062521271331888
0.004318172726909077,-0.08673065719923755,-0.014057685110547436,-0.01409036161270969,-0.01366822932415336,-0.0047358750793782215,-0.004834781232257814,-0.004439962958487624,-0.0020625133947355934
0.004320172806912277,-0.08673652757010068,-0.014058679277341118,-0.014091351628529793,-0.01366919545711767,-0.004736254127893557,-0.004835146732119167,-0.004440305614342183,-0.002062677598398454
0.004322172886915477,-0.08673680380902142,-0.01405870356492663,-0.014091376941947304,-0.01366921755359203,-0.004736248654380808,-0.004835144063920832,-0.004440299912521714,-0.00206267029581917
0.004324172966918677,-0.08674269655744327,-0.01405970143769492,-0.014092370653028471,-0.01367018728286366,-0.00473662905885885,-0.004835510883030435,-0.004440643793187124,-0.0020628350699683114
0.004326173046921877,-0.0867429950355533,-0.014059729408301533,-0.014092399638833469,-0.013670212953377546,-0.004736624932840341,-0.004835509525888201,-0.004440639308564644,-0.0020628283343326905
0.0043281731269250775,-0.08674890988433413,-0.014060730941061018,-0.014093396999352335,-0.01367118623434685,-0.004737006676315991,-0.004835877647834469,-0.004440984398789813,-0.002062993671871083
0.004330173206928277,-0.08674923032351471,-0.014060762548552971,-0.014093429611569593,-0.013671215434142812,-0.004737003880770405,-0.004835877585282351,-0.004440981116063705,-0.002062987496058587
0.004332173286931478,-0.08675516699362505,-0.014061767695016845,-0.014094430575400435,-0.01367219222190574,-0.0047373869461666395,-0.004836246993545406,-0.0044413274004969664,-0.0020631533898423757
0.004334173366934678,-0.08675550911394363,-0.014061802892957517,-0.014094466767754905,-0.013672224905934451,-0.0047373854639617425,-0.0048362482090100745,-0.004441325304265835,-0.0020631477666860254
0.004336173446937878,-0.08676146732455475,-0.01406281160654044,-0.014095471288474557,-0.013673205155297444,-0.00473776983409147,-0.004836618886963511,-0.004441672767456466,-0.0020633142095253013
0.004338173526941078,-0.08676183084429498,-0.014062850348197277,-0.014095511014396368,-0.013673241278222453,-0.004737769647985877,-0.0048366213637660235,-0.0044416718422208255,-0.0020633091318124665
0.004340173606944278,-0.08676781031280882,-0.014063862582020501,-0.014096519045289142,-0.013674224943707236,-0.0047381553055538045,-0.004836993294678722,-0.004442020468620849,-0.0020634761164720285
0.0043421736869474785,-0.08676819494849891,-0.014063904820369833,-0.014096562257918239,-0.013674264459909696,-0.004738156398198765,-0.004836997016036256,-0.004442020698784641,-0.0020634715769451495
0.004344173766950678,-0.08677419539057764,-0.014064920527266055,-0.01409757375198098,-0.013675251495758038,-0.004738543325803158,-0.004837370183074124,-0.004442370472750373,-0.0020636390961452614
0.004346173846953879,-0.08677460085702102,-0.014064966214998033,-0.014097620404172142,-0.013675294359341462,-0.004738545679744409,-0.004837375132101724,-0.004442371842622673,-0.002063635087502613
0.004348173926957078,-0.08678062198661815,-0.014065985347516442,-0.014098635314119158,-0.013676284719520157,-0.004738933859879044,-0.004837749518329538,-0.004442722748416441,-0.002063803133919811
0.004350174006960279,-0.08678104799692408,-0.014066034437040322,-0.014098685358447233,-0.013676330884315586,-0.004738937457558716,-0.004837755678042021,-0.00444272524221315,-0.00206379964881632
0.004352174086963479,-0.08678708952631276,-0.01406705694745147,-0.01409970363671509,-0.013677324522521035,-0.004739326872614548,-0.004838131266425073,-0.004443077264004871,-0.0020639682150841256
0.004354174166966679,-0.08678753579192676,-0.014067109390900483,-0.014099757025479819,-0.013677373942091585,-0.004739331696372992,-0.004838138619738734,-0.004443080865850368,-0.0020639652461321286
0.004356174246969879,-0.0867935974317313,-0.01406813523120139,-0.014100778624232639,-0.01367837081175493,-0.004739722328640173,-0.004838515393144745,-0.0044434339877192554,-0.0020641343248418522
0.004358174326973079,-0.08679406366246503,-0.01406819098043777,-0.01410083530946373,-0.01367842343940099,-0.004739728360717814,-0.004838523922879209,-0.0044434386816480775,-0.0020641318646118676
0.00436017440697628,-0.08680014512169267,-0.014069220102357213,-0.014101860180598176,-0.013679423493693034,-0.004740120192387567,-0.004838901864080167,-0.0044437928875844185,-0.0020643014483134525
0.004362174486979479,-0.08680063102575526,-0.014069279108977407,-0.01410192011406043,-0.01367947928245705,-0.004740127414926827,-0.0048389115529601885,-0.004443798657542953,-0.002064299489334974
0.00436417456698268,-0.08680673201182479,-0.0140703114639808,-0.014102948209210701,-0.01368048247429308,-0.00474052042809324,-0.0048392906446340835,-0.00444415393144967,-0.0020644695705376794
0.004366174646985879,-0.0868072372958533,-0.014070373679320488,-0.014103011342409157,-0.013680541376964558,-0.004740528823140392,-0.004839301475291388,-0.004444160761297855,-0.00206446810529998
0.00436817472698908,-0.08681335751462789,-0.014071409218615038,-0.014104042612952235,-0.013681547659009466,-0.00474092299980238,-0.0048396817000241135,-0.0044445170869922964,-0.002064638676473259
0.00437017480699228,-0.08681388188371914,-0.014071474593754395,-0.014104108897137209,-0.013681609628129976,-0.004740932549309488,-0.004839693654999252,-0.004444524960505346,-0.002064637697426176
0.00437217488699548,-0.08682002103953645,-0.0140725132682945,-0.014105143294198035,-0.013682618952803335,-0.004741327871372706,-0.004840074995286445,-0.004444882321721003,-0.0020648087510004498
0.0043741749669986806,-0.08682056419727695,-0.014072581754063247,-0.014105212680370202,-0.013682683940671524,-0.004741338557199492,-0.004840088057030578,-0.0044448912225910665,-0.0020648082505551686
0.00437617504700188,-0.08682672199298101,-0.014073623514555374,-0.01410625015482678,-0.013683696260152369,-0.004741735006478244,-0.004840470495279441,-0.004445249602979251,-0.0020649797789226076
0.004378175127005081,-0.08682728364148012,-0.0140736950615382,-0.014106322593742749,-0.013683764218829142,-0.004741746810394073,-0.004840484646156307,-0.00444525951481724,-0.002064979749452517
0.00438017520700828,-0.08683345977845247,-0.014074739858446357,-0.014107363096231281,-0.013684779485061338,-0.004742144368613229,-0.004840868164687523,-0.004445618897948856,-0.0020651517449678768
0.004382175287011481,-0.08683403961837265,-0.014074814416987965,-0.014107438538408422,-0.013684850366374743,-0.004742157272298993,-0.004840883386975218,-0.004445629804286122,-0.00206515217880932
0.004384175367014681,-0.08684023379656436,-0.014075862200538868,-0.014108482019328733,-0.013685868531071885,-0.004742555921095941,-0.004841267968024776,-0.004445990173653393,-0.0020653246337907463
0.004386175447017881,-0.08684083152715275,-0.014075939720749244,-0.014108560415050526,-0.01368594228662232,-0.004742569906146004,-0.004841284243917656,-0.004446002057943458,-0.0020653255232438474
0.0043881755270210815,-0.08684704344511603,-0.014076990440937596,-0.014109606824571207,-0.013686963301272972,-0.004742969627072619,-0.004841669869638783,-0.004446363396961684,-0.002065498429973687
0.004390175607024281,-0.0868476587642378,-0.014077070872697472,-0.014109688123892659,-0.01368703988243839,-0.0047429846749968176,-0.004841687181249391,-0.004446376242582061,-0.0020654997673032064
0.004392175687027482,-0.08685388811915833,-0.0140781244792913,-0.014110737411956396,-0.013688063698311123,-0.004743385449521388,-0.00484207383371442,-0.004446738534591373,-0.002065673118028825
0.004394175767030681,-0.08685452072332714,-0.014078207772257219,-0.014110821564709082,-0.013688143056252027,-0.004743401541746923,-0.004842092163075332,-0.004446752324845269,-0.002065674895464922
0.004396175847033882,-0.08686076721105532,-0.014079264214803131,-0.014111873681037928,-0.013689169624400714,-0.004743803351256121,-0.004842479824277583,-0.004447115553112401,-0.0020658486823995187
0.0043981759270370815,-0.08686141679546658,-0.014079350318413106,-0.014111960636835676,-0.013689251710065525,-0.004743820469129643,-0.004842499153343366,-0.004447130271230528,-0.0020658508921386444
0.004400176007040282,-0.08686768011055061,-0.014080409546241682,-0.01411301553093631,-0.013690280981334313,-0.004744223294930487,-0.004842887805199093,-0.004447494418950575,-0.0020660251074620813
0.0044021760870434825,-0.08686834636911374,-0.014080498409720327,-0.014113105239180228,-0.013690365745464514,-0.00474424141971996,-0.004842908115848186,-0.004447510048092903,-0.002066027741667751
0.004404176167046682,-0.0868746262048318,-0.01408156037195155,-0.014114162860349562,-0.01369139767049341,-0.0047446452430418735,-0.004843297740198494,-0.004447875098391178,-0.0020662023775274035
0.004406176247049883,-0.08687530883020216,-0.01408165194431551,-0.014114255270233538,-0.013691485063628618,-0.004744664355938616,-0.004843319014235144,-0.004447891621648738,-0.0020662054283310523
0.004408176327053082,-0.08688160487859509,-0.014082716589864108,-0.014115315567563881,-0.01369251959285835,-0.004745069157935338,-0.004843709592847901,-0.00444825755758247,-0.0020663804768426206
0.004410176407056283,-0.0868823035622064,-0.014082810819927473,-0.01411541062807991,-0.013692609565341737,-0.004745089240056008,-0.004843731812004057,-0.004448274957979134,-0.0020663839363444236
0.0044121764870594824,-0.0868886155141103,-0.014083878097508332,-0.014116473550464411,-0.013693646649019276,-0.004745495001807647,-0.00484412332657584,-0.00444864176253932,-0.0020665593895927876
0.004414176567062683,-0.08688932994620892,-0.01408397493388821,-0.014116571210408204,-0.013693739151002866,-0.004745516034196276,-0.004844146472513183,-0.004448660023033642,-0.00206656324986252
0.004416176647065883,-0.08689565749128776,-0.014085044792021937,-0.014117636706546335,-0.01369477873918662,-0.004745922736711312,-0.00484453890467125,-0.004449027679146854,-0.002066739099902572
0.004418176727069083,-0.0868963873609639,-0.014085144183143687,-0.014117736914522538,-0.013694873720636476,-0.004745944700341309,-0.0048445629589830615,-0.004449046782633854,-0.0020667433529804368
0.004420176807072284,-0.08690273018774239,-0.014086216570161835,-0.014118804932925472,-0.013695915763201432,-0.004746352324558541,-0.0048449562902872015,-0.004449415273163984,-0.0020669195918379016
0.004422176887075483,-0.08690347518296448,-0.014086318464264799,-0.014118907637353247,-0.013696013173903086,-0.004746375200334721,-0.004844981234500373,-0.004449435202476988,-0.002066924229735396
0.004424176967078684,-0.086909832978862,-0.014087393328315635,-0.014119978126349414,-0.013697057620546526,-0.00474678372712544,-0.004845375446444999,-0.004449804510227193,-0.0020671008494077305
0.004426177047081883,-0.08691059278650863,-0.014087497673458354,-0.014120083275467848,-0.013697157410110168,-0.0047468074958860115,-0.004845401262021946,-0.004449825248139605,-0.0020671058641084593
0.004428177127085084,-0.08691696523787168,-0.014088574962512201,-0.014121156183208396,-0.013698204210356557,-0.004747216906055882,-0.004845796336037979,-0.004450195355854023,-0.0020672828565656476
0.004430177207088284,-0.08691773954376558,-0.01408868170657821,-0.014121263725082055,-0.013698306328222536,-0.004747241548574561,-0.004845823004378646,-0.004450216885081234,-0.0020672882400262233
0.004432177287091484,-0.08692412633590174,-0.014089761368433101,-0.014122338999546383,-0.013699355431429342,-0.004747651822865794,-0.00484621892183555,-0.004450587775446914,-0.002067465597211677
0.004434177367094684,-0.08692491482484296,-0.014089870459136223,-0.014122448882070789,-0.013699459826873346,-0.004747677319853749,-0.004846246424279341,-0.004450610078648034,-0.002067471341362516
0.004436177447097884,-0.08693131564205349,-0.014090952441423341,-0.014123526471072009,-0.013700511182236117,-0.004748088438947075,-0.004846643166487034,-0.0044509817342967125,-0.002067649055193905
0.004438177527101085,-0.08693211799785303,-0.014091063826313446,-0.014123638641979235,-0.013700617804374827,-0.004748114771055088,-0.004846671484314888,-0.004451004794076516,-0.0020676551519401443
0.004440177607104284,-0.08693853252346752,-0.01409214807650272,-0.014124718493169802,-0.013701671360932649,-0.00474852671557183,-0.0048470690325257875,-0.004451377197586479,-0.0020678332143102733
0.004442177687107485,-0.08693934842898093,-0.014092261702971145,-0.014124832900034008,-0.01370178015872894,-0.004748553863392238,-0.004847098146962081,-0.00445140099649724,-0.0020678396555325763
0.0044441777671106845,-0.08694577634538973,-0.01409334816837691,-0.014125914960911184,-0.013702835865369967,-0.004748966613896383,-0.004847496482373058,-0.004451774130395185,-0.002068018058310235
0.004446177847113885,-0.08694660548255122,-0.014093463983662327,-0.014126031551154225,-0.013702946787638538,-0.0047489945579653236,-0.004847526374587671,-0.004451798650938483,-0.0020680248358657164
0.004448177927117085,-0.08695304647123997,-0.01409455261144871,-0.014127115769065727,-0.013704004593105178,-0.0047494080949655425,-0.004847925478342078,-0.0044521724977013444,-0.002068203570896531
0.004450178007120285,-0.0869538885210959,-0.014094670562642466,-0.014127234489962746,-0.013704117588517835,-0.004749436815764846,-0.004847956129452357,-0.004452197722330003,-0.0020682106766195907
0.004452178087123486,-0.08696034226267957,-0.014095761299829323,-0.014128320812112464,-0.013705177441412555,-0.004749851119716654,-0.004848355982642021,-0.00445257226438688,-0.0020683897357269172
0.004454178167126685,-0.08696119690542221,-0.014095881333881066,-0.014128441610797368,-0.013705292458503672,-0.004749880597676017,-0.004848387373714797,-0.00445259817550674,-0.0020683971614300924
0.004456178247129886,-0.08696766307967845,-0.014096974127349454,-0.014129529984250776,-0.013706354307294215,-0.00475029564898379,-0.004848787957382039,-0.004452973395240724,-0.0020685765364158895
0.0044581783271330855,-0.08696852999468013,-0.014097096191073017,-0.014129652807722071,-0.013706471294466342,-0.004750325864482814,-0.004848820069435639,-0.004452999975212604,-0.0020685842738907556
0.004460178407136286,-0.08697500828058484,-0.014098190987570832,-0.01413074317941204,-0.01370753508749135,-0.004750741643501943,-0.00484922136457533,-0.004453375854962681,-0.0020687639565364364
0.004462178487139486,-0.08697588714643194,-0.014098315027649605,-0.014130867974538256,-0.013707653993020479,-0.0047507725768722526,-0.00484925417858161,-0.004453403086104182,-0.002068771997554472
0.004464178567142686,-0.08698237722219199,-0.014099411773797407,-0.014131960291270658,-0.013708719678495004,-0.004751189063911188,-0.0048496561661431304,-0.0044537796081671405,-0.002068951979621814
0.004466178647145886,-0.08698326771671985,-0.014099537736790338,-0.014132087004796283,-0.013708840450536447,-0.0047512206954385535,-0.004849689663029518,-0.004453807472754599,-0.0020689603159352774
0.004468178727149086,-0.08698976925980714,-0.014100636379086746,-0.014133181213255476,-0.013709907976557223,-0.004751637870760858,-0.004850092323918819,-0.004454184619386785,-0.0020691405891672316
0.004470178807152287,-0.08699067106013358,-0.014100764211433709,-0.014133309791806391,-0.01371003056315071,-0.004751670180687232,-0.004850126484570291,-0.00445421309965713,-0.0020691492125100345
0.0044721788871554865,-0.08699718374732086,-0.014101864696261424,-0.014134405838561214,-0.013711099877702025,-0.0047520880245138,-0.004850529799651944,-0.004454590853076512,-0.002069329768631702
0.004474178967158687,-0.08699809652988146,-0.01410199434428924,-0.014134536228650553,-0.013711224226777648,-0.0047521209930395224,-0.004850564604913155,-0.004454619931229167,-0.0020693386707203074
0.004476179047161887,-0.08700462003727559,-0.014103096617920525,-0.01413563406015976,-0.013712295277736668,-0.00475253948555061,-0.004850968555012349,-0.004454998273617084,-0.0020695195014397427
0.004478179127165087,-0.08700554347785779,-0.014103228027848526,-0.014135766208193496,-0.013712421337120202,-0.004752573092836422,-0.004851003985689617,-0.004455027931815882,-0.0020695286739740417
0.004480179207168287,-0.08701207748093426,-0.014104332036451037,-0.01413686577081163,-0.013713494072262553,-0.004752992214173785,-0.0048514085515942475,-0.004455406845319063,-0.00206970977098316
0.004482179287171487,-0.0870130112547115,-0.014104465154396716,-0.014136999623094304,-0.01371362178968101,-0.004753026440342984,-0.004851444588457564,-0.004455437065694098,-0.0020697192056473436
0.004484179367174687,-0.08701955542835017,-0.014105570844039276,-0.014138100863077365,-0.013714696156686433,-0.004753446170611983,-0.004851849750920283,-0.004455816532426483,-0.002069900560622822
0.0044861794471778875,-0.08702049920991696,-0.014105705616024207,-0.014138236365817835,-0.01371482547977367,-0.004753480995752554,-0.00485188637470544,-0.004455847297076051,-0.0020699102490862775
0.004488179527181088,-0.08702705322843601,-0.01410681293268259,-0.01413933922932906,-0.013715901426231672,-0.004753901315024355,-0.00485229211444569,-0.004456227299120797,-0.0020700918536904586
0.004490179607184288,-0.0870280066918421,-0.014106949304638001,-0.014139476328646178,-0.013716032302533989,-0.004753936719191083,-0.004852329305856275,-0.004456258590113283,-0.0020701017876086527
0.004492179687187488,-0.08703457022903241,-0.014108058194200494,-0.014140580761761645,-0.013717109775949178,-0.004754357607504639,-0.004852735603562354,-0.004456639109524551,-0.0020702836334903665
0.004494179767190688,-0.0870355330478188,-0.014108196111973215,-0.014140719403690181,-0.013717242152930997,-0.004754393570721251,-0.004852773343271866,-0.0044566709089004005,-0.0020702938045057627
0.004496179847193888,-0.08704210577697936,-0.014109306520246608,-0.014141825352404686,-0.013718321100728827,-0.004754815008085598,-0.004853180179602963,-0.004457051927705368,-0.0020704758833012976
0.004498179927197088,-0.0870430776242119,-0.014109445929604857,-0.014141965482900995,-0.013718454925778148,-0.004754851510346901,-0.00485321844825685,-0.004457084217478943,-0.0020704862830442108
0.0045001800072002884,-0.08704965921818478,-0.014110557802320125,-0.01414307289313378,-0.01371953529531071,-0.004755273476743162,-0.004853625803845178,-0.004457465717679676,-0.002070668586378152
0.004502180087203488,-0.08705063976648977,-0.014110698648959145,-0.014143214458081506,-0.01371967051574488,-0.004755310498017172,-0.004853664582062896,-0.004457498479841241,-0.0020706792064676695
0.004504180167206689,-0.0870572298976942,-0.014111811931777313,-0.014144323275682076,-0.013720752254296162,-0.004755732973400785,-0.00485407243751569,-0.00445788044341661,-0.0020708617259538337
0.004506180247209889,-0.087058218819293,-0.014111954161325246,-0.014144466220897942,-0.013720888817367362,-0.0047557704936308605,-0.004854111705892777,-0.004457913659934175,-0.0020708725579986938
0.004508180327213089,-0.0870648171597614,-0.014113068799843052,-0.014145576391651803,-0.013721971872159172,-0.004756193457933655,-0.004854520041794371,-0.00445829606884186,-0.002071055285240976
0.004510180407216289,-0.08706581412650585,-0.014113212357866823,-0.014145720662891553,-0.013722109725060222,-0.004756231457040691,-0.004854559780904546,-0.0044583297216631915,-0.0020710663208404925
0.004512180487219489,-0.08707242034791818,-0.014114328297622781,-0.014146832132526046,-0.013723194043257765,-0.004756654890173104,-0.004854968577818562,-0.004458712557841502,-0.0020712492474338267
0.004514180567222689,-0.08707342503132563,-0.014114473129633832,-0.014146977675490044,-0.013723333133127574,-0.00475669334805761,-0.004855008768215756,-0.004458746628895979,-0.002071260478178747
0.004516180647225889,-0.08708003880504464,-0.01411559031611384,-0.014148090389680077,-0.013724418661844946,-0.004757117229910782,-0.004855418006687012,-0.00445912987426587,-0.0020714435957099432
0.0045181807272290896,-0.08708105087633211,-0.014115736367573923,-0.014148237150019248,-0.013724558935774353,-0.004757156126455034,-0.004855458628907488,-0.00445916434546647,-0.0020714550131833796
0.00452018080723229,-0.08708767187343876,-0.014116854746217062,-0.014149351054393158,-0.013725645622080365,-0.00475758043690298,-0.004855868289464182,-0.004459547981933396,-0.0020716383132320547
0.00452218088723549,-0.08708869100355984,-0.01411700196254427,-0.01414949897771481,-0.013725787027117672,-0.0047576197519733,-0.004855909324028629,-0.004459582835178631,-0.0020716499090103822
0.00452418096723869,-0.08709531889488815,-0.01411812147874885,-0.014150614017860191,-0.01372687481804148,-0.004758044470875047,-0.004856319387184409,-0.004459966844634588,-0.0020718333831498707
0.00452618104724189,-0.08709634475456643,-0.014118269805323175,-0.014150763049733657,-0.013727017301198088,-0.004758084184323758,-0.004856360814599959,-0.0044600020618103765,-0.002071845148803599
0.00452818112724509,-0.08710297921073892,-0.014119390404452498,-0.014151879171203209,-0.013728106143734948,-0.004758509291525575,-0.004856771260856012,-0.004460386426135765,-0.0020720287886018445
0.00453018120724829,-0.0871040114705043,-0.014119539786621846,-0.014152029257165858,-0.013728249651991117,-0.00475854938319333,-0.00485681306161839,-0.004460421989117426,-0.002072040715696551
0.0045321812872514905,-0.08711065216196763,-0.014120661414010005,-0.014153146405483187,-0.013729339493107843,-0.004758974858530793,-0.004857223871465515,-0.004460806690183027,-0.0020722245127170044
0.00453418136725469,-0.08711169049219143,-0.014120811797096023,-0.014153297491046197,-0.013729483973418425,-0.004759015308248655,-0.004857266026061117,-0.004460842580837258,-0.002072236592814235
0.004536181447257891,-0.0871183370892503,-0.01412193439805375,-0.014154415611711513,-0.013730574760059169,-0.004759441131548862,-0.004857677179981811,-0.004461227600506123,-0.0020724205386167555
0.004538181527261091,-0.08711938116018036,-0.01412208572735775,-0.014154567642365758,-0.013730720159359146,-0.004759481919140474,-0.004857719668889764,-0.004461263800692847,-0.002072432763274915
0.004540181607264291,-0.08712603333303419,-0.014123209247178234,-0.014155686680861874,-0.013731811838451131,-0.004759908070224154,-0.004858131147360332,-0.004461649120822268,-0.0020726168494166774
0.004542181687267491,-0.08712708281483038,-0.01412336146798693,-0.014155839602083666,-0.013731958103661407,-0.004759949175507943,-0.004858173951054629,-0.004461685612396684,-0.0020726292101919514
0.004544181767270691,-0.08713374023360829,-0.014124485851951835,-0.014156959503881865,-0.013733050622120591,-0.004760375634191713,-0.004858585734547257,-0.00446207121484019,-0.0020728134282283605
0.0045461818472738915,-0.0871347947963777,-0.014124638909543285,-0.014157113261138825,-0.013733197700153561,-0.004760417036983,-0.004858628833498835,-0.004462107979654617,-0.002072825916675603
0.004548181927277091,-0.08714145713117356,-0.014125764102928493,-0.014158233971704562,-0.013734291004890292,-0.004760843783081424,-0.004859040902483686,-0.0044624938462638425,-0.0020730102581611887
0.004550182007280292,-0.08714251644500604,-0.014125917942577936,-0.014158388510461561,-0.013734438842655725,-0.004760885463194626,-0.004859084277162496,-0.00446253086616975,-0.0020730228658348377
0.004552182087283491,-0.08714918336591373,-0.014127043890659418,-0.01415950997526038,-0.01373553288058038,-0.004761312476522454,-0.004859496612109823,-0.004462916978796417,-0.002073207322324158
0.004554182167286692,-0.08715024710091687,-0.014127198457645061,-0.014159665240985133,-0.013735681424990872,-0.004761354413773204,-0.0048595402429869455,-0.004462954235646284,-0.0020732200407791303
0.004556182247289892,-0.08715691827806718,-0.014128325105704958,-0.014160787405488689,-0.013736776143019882,-0.004761781674147581,-0.004859952824369211,-0.0044633405761442,-0.0020734046038277092
0.004558182327293092,-0.08715798610440192,-0.014128480345314007,-0.01416094334365799,-0.013736925340996716,-0.004761823848354948,-0.004859996691918929,-0.0044633780517935534,-0.002073417424620325
0.0045601824072962925,-0.08716466120799539,-0.014129607638646102,-0.01416206615334953,-0.013738020686057738,-0.00476225133559745,-0.004860409500212823,-0.004463764602020441,-0.0020736020857855136
0.004562182487299492,-0.08716573279591167,-0.014129763496180558,-0.0141622227094547,-0.01373817048453654,-0.004762293726586092,-0.00486045358491478,-0.0044638022783297475,-0.002073615000474385
0.004564182567302693,-0.08717241149625604,-0.014130891380096468,-0.014163346109835242,-0.013739266403574564,-0.0047627214205249735,-0.004860866600603375,-0.004464189020149299,-0.0020737997513162907
0.004566182647305892,-0.08717348651612808,-0.014131047800879006,-0.01416350322938835,-0.013739416749511058,-0.004762764008127315,-0.004860910882944609,-0.004464226878985939,-0.0020738127514632497
0.004568182727309093,-0.08718016848367315,-0.014132176220713956,-0.014164627165982335,-0.013740513189493908,-0.004763191888599686,-0.004861324086519437,-0.004464613794269713,-0.002073997583545638
0.004570182807312293,-0.08718124660603425,-0.014132333150093792,-0.014164784794521762,-0.01374066402986946,-0.004763234652658043,-0.004861368546996477,-0.004464651817509904,-0.002074010660716616
0.004572182887315493,-0.08718793151140618,-0.014133462051212384,-0.014165909212883044,-0.013741760937793538,-0.004763662699512004,-0.004861781918959634,-0.004465038888139266,-0.0020741955656078206
0.0045741829673186934,-0.08718901240698564,-0.014133619434571221,-0.014166067295979516,-0.013741912219621108,-0.004763705619880831,-0.004861826538080684,-0.00446507705767007,-0.0020742087113737916
0.004576183047321893,-0.08719569992102362,-0.014134748762373455,-0.014167192141697002,-0.01374300954251704,-0.004764133812977621,-0.004862240058946875,-0.004465464265538168,-0.002074393680647608
0.004578183127325094,-0.0871967832607802,-0.014134906545131101,-0.014167350624959317,-0.013743161212846546,-0.004764176869525582,-0.004862284817233795,-0.004465502563259344,-0.0020744068865854426
0.004580183207328293,-0.08720347305457252,-0.014136036245058398,-0.01416847584366326,-0.013744258897785185,-0.004764605188741879,-0.0048626984675325825,-0.004465889890273108,-0.002074591911822084
0.004582183287331494,-0.08720455850973031,-0.014136194372678854,-0.014168634672744158,-0.01374441090370935,-0.004764648361354041,-0.004862743345522976,-0.004465928298099095,-0.0020746051695154843
0.004584183367334693,-0.08721125025464749,-0.014137324390219483,-0.014169760210111485,-0.013745508897806956,-0.004765076786583973,-0.004863157105800707,-0.0044663157261810495,-0.0020747902423024146
0.004586183447337894,-0.08721233749673304,-0.014137482808216962,-0.014169919330713644,-0.013745661186467206,-0.004765120055164043,-0.004863202084050182,-0.004466354226042996,-0.00207480354334286
0.004588183527341094,-0.0872190308644648,-0.014138613088912228,-0.014171045132474004,-0.013746759436891465,-0.004765548566321388,-0.004863615934872131,-0.004466741737133311,-0.0020749886552757406
0.004590183607344294,-0.08722011956533994,-0.014138771742856564,-0.014171204490355686,-0.013746911955483278,-0.004765591910793815,-0.0048636609939562,-0.00446678031098091,-0.002075001991263313
0.004592183687347495,-0.0872268142279295,-0.014139902232306474,-0.014172330502297359,-0.01374801040945892,-0.004766020487814192,-0.00486407491590865,-0.004467167887039285,-0.0020751871339468883
0.004594183767350694,-0.08722790405982896,-0.014140061067829583,-0.014172490043278394,-0.013748163105237745,-0.0047660638881263625,-0.004864120036424989,-0.004467206516842766,-0.0020752004964912515
0.004596183847353895,-0.08723459968970976,-0.01414119171169896,-0.014173616211254177,-0.013749261710052295,-0.0047664925109694,-0.00486453401011741,-0.004467594139850461,-0.002075385661540286
0.004598183927357094,-0.08723569032527387,-0.014141350674499972,-0.014173775881221559,-0.013749414530339,-0.00476653594709373,-0.004864579172687743,-0.004467632807602516,-0.002075399042261517
0.004600184007360295,-0.0872423865953038,-0.014142481418524151,-0.014174902151154398,-0.013750513233348367,-0.004766964595745244,-0.004864993178754799,-0.004468020459564167,-0.0020755842213016798
0.0046021840873634945,-0.08724347770761598,-0.014142640454375837,-0.014175061896068462,-0.013750666125535166,-0.004767008047681398,-0.004865038364027186,-0.004468059147281923,-0.0020755976118312274
0.004604184167366695,-0.087250174291113,-0.014143771244366507,-0.014176188213957438,-0.013751764874169306,-0.004767436702155491,-0.004865452383130842,-0.004468446810227616,-0.002075782796499984
0.0046061842473698955,-0.08725126555373441,-0.014143930299120975,-0.014176347979857477,-0.0137519177857254,-0.004767480149932556,-0.0048654975717816705,-0.004468485499954542,-0.002075796188481561
0.004608184327373095,-0.08725796212451116,-0.014145061080971976,-0.014177474291783444,-0.01375301652749395,-0.0047679087902738025,-0.004865911584613252,-0.004468873155941628,-0.002075981370429082
0.004610184407376296,-0.08725905321151506,-0.014145220100566317,-0.014177634024793478,-0.013753169405970938,-0.0047679522139524025,-0.004865956757349326,-0.004468911829749471,-0.002075994755519546
0.004612184487379495,-0.08726574944391466,-0.014146350820259607,-0.014178760276925122,-0.013754268088469017,-0.00476838082023801,-0.004866370744631635,-0.0044692994608645925,-0.0020761799264096097
0.004614184567382696,-0.08726684002992294,-0.014146509750722038,-0.014178919923259939,-0.013754420881506918,-0.004768424199912486,-0.0048664158821923155,-0.004469338100855369,-0.0020761932962798995
0.0046161846473858955,-0.08727353559885385,-0.01414764035433333,-0.014180046061859436,-0.013755519452420673,-0.004768852752254435,-0.004866829824681685,-0.004469725689216312,-0.0020763784477907856
0.004618184727389096,-0.0872746253590711,-0.014147799141788825,-0.014180205567830102,-0.013755672107753292,-0.004768896068054996,-0.004866874907840875,-0.004469764277524157,-0.0020763917941267786
0.004620184807392296,-0.08728131994004246,-0.014148929575493666,-0.01418133153925897,-0.013756770514865584,-0.0047693245466021985,-0.00486728878632931,-0.004470151805281899,-0.002076576917952188
0.004622184887395496,-0.0872824085502912,-0.014149088166169712,-0.01418149085127884,-0.01375692298032626,-0.004769367778697022,-0.004867333795897575,-0.004470190324075053,-0.002076590232455624
0.004624184967398697,-0.08728910181944792,-0.014150218376249222,-0.01418261660200374,-0.013758021171522366,-0.004769796163637504,-0.004867747591214792,-0.0044705777734155945,-0.00207677532030557
0.004626185047401896,-0.08729018895620343,-0.014150376716481707,-0.014182775666594111,-0.013758173395049525,-0.004769839292234894,-0.004867792508041431,-0.004470616204898262,-0.0020767885946949157
0.004628185127405097,-0.08729688059036096,-0.014151506649328162,-0.014183901143192514,-0.013759271318322629,-0.004770267563797876,-0.00486820620105686,-0.004471003558044577,-0.0020769736382966007
0.0046301852074082965,-0.08729796593078697,-0.014151664685567295,-0.014184059906988546,-0.0137594232479656,-0.0047703105691484825,-0.004868251006032007,-0.004471041884458958,-0.002076986864308005
0.004632185287411497,-0.08730465560746582,-0.014152794287690139,-0.014185185056154665,-0.01376052085142243,-0.004770738707606536,-0.004868664577656969,-0.0044714291236729225,-0.002077171855406714
0.004634185367414697,-0.08730573882944918,-0.014152951966506141,-0.014185343465911077,-0.013760672435346946,-0.004770781570005417,-0.004868709251713639,-0.004471467327301075,-0.00207718502479486
0.004636185447417897,-0.08731242622691042,-0.01415408118453769,-0.014186468234461534,-0.013761769667213571,-0.004771209555676582,-0.004869122682903326,-0.004471854434885371,-0.0020773699551548744
0.004638185527421098,-0.08731350700909508,-0.014154238452626451,-0.014186626237058316,-0.013761920853707263,-0.004771252255465353,-0.004869167207019435,-0.004471892498051107,-0.002077383059693865
0.004640185607424297,-0.08732019180637504,-0.014155367233327729,-0.014187750571937956,-0.013763017662334462,-0.004771680068715337,-0.004869580478775053,-0.004472279456351152,-0.002077567921099347
0.004642185687427498,-0.08732126982819827,-0.0141555240375168,-0.01418790811438617,-0.01376316839981272,-0.004771722586284315,-0.0048696248339755565,-0.004472317361421994,-0.002077580952583629
0.0046441857674306974,-0.08732795170514285,-0.014156652327783275,-0.014189031962673706,-0.013764264733681687,-0.004772150207528558,-0.004870037927346292,-0.004472704152827874,-0.002077765736839513
0.004646185847433898,-0.0873290266468686,-0.014156808615037483,-0.01418918899212129,-0.013764414970693011,-0.004772192523318847,-0.004870082094705185,-0.004472741882216936,-0.0020777786870847252
0.004648185927437098,-0.08733570528416885,-0.014157936361904775,-0.014190312301035214,-0.013765510778420982,-0.004772619933024693,-0.0048704949907903364,-0.004473128489165271,-0.002077963386017603
0.004650186007440298,-0.08733677682692298,-0.01415809207933195,-0.014190468764772505,-0.013765660463652612,-0.00477266202753036,-0.004870538951432713,-0.004473166025333159,-0.0020779762468614957
0.004652186087443498,-0.08734345190614884,-0.014159219229981644,-0.014191591481676629,-0.013766755693998349,-0.00477308920621912,-0.0048709516313837015,-0.004473552430309054,-0.0020781608523204945
0.004654186167446698,-0.0873445197319537,-0.014159374324838495,-0.014191747327142306,-0.013766904776281895,-0.0047731310599892565,-0.004870995366487812,-0.004473589755765792,-0.0020781736156238024
0.004656186247449899,-0.08735119093558857,-0.014160500826603776,-0.014192869399551512,-0.01376799937815125,-0.004773557988238383,-0.004871407811510224,-0.004473975941304694,-0.002078358119481485
0.004658186327453098,-0.08735225472739751,-0.014160655246301456,-0.014193024574338157,-0.01376814780646821,-0.004773599581879277,-0.004871451302309505,-0.004474013038611628,-0.002078370777128808
0.004660186407456299,-0.08735892173887266,-0.01416178104667284,-0.014194145949924117,-0.013769241728919607,-0.004774026240324383,-0.0048718634936651345,-0.004474398987301201,-0.0020785551712820213
0.004662186487459499,-0.0873599811806043,-0.014161934738782776,-0.014194300401783953,-0.013769389452406912,-0.004774067554501595,-0.00487190672145026,-0.004474435839072866,-0.002078567715182714
0.004664186567462699,-0.08736664368433403,-0.014163059785413915,-0.014195421028380832,-0.013770482644657073,-0.004774493923838642,-0.004872318640459171,-0.004474821533554986,-0.00207875199155352
0.004666186647465899,-0.08736769846090675,-0.014163212697673384,-0.0141955747052314,-0.01377062961261255,-0.004774534939279101,-0.004872361586580075,-0.004474858122461022,-0.0020787644136425676
0.004668186727469099,-0.0873743561423219,-0.014164336938386706,-0.014196694530841443,-0.01377172202404186,-0.004774961000266516,-0.004872773214622584,-0.004475243545433537,-0.00207894856417909
0.004670186807472299,-0.08737540593968729,-0.014164489018704561,-0.01419684738077114,-0.013771868185929705,-0.0047750016977605725,-0.004872815860490471,-0.004475279854200509,-0.0020789608564179543
0.004672186887475499,-0.08738205848526982,-0.014165612401496854,-0.014197966353570528,-0.013772959766087767,-0.0047754274312212745,-0.0048732271790092214,-0.004475664988419239,-0.0020791448730952604
0.0046741869674787,-0.08738310299044781,-0.014165763597959253,-0.01419811832484446,-0.013773105071544318,-0.004775467791624911,-0.004873269506098661,-0.004475700999832591,-0.0020791570274728043
0.0046761870474818995,-0.08738975008776412,-0.014166886071007327,-0.014199236393188538,-0.013774195770155206,-0.00477589317844837,-0.004873680496600565,-0.004476085828113082,-0.002079340902293766
0.0046781871274851,-0.08739078898887633,-0.014167036331883206,-0.014199387434253918,-0.01377434016899393,-0.004775933182685125,-0.0048737224864513675,-0.004476121525018983,-0.002079352910827091
0.0046801872074883,-0.08739743032661197,-0.014168157843549729,-0.014200504546683241,-0.013775429935962213,-0.004776358203829584,-0.004874133130509715,-0.004476506030238466,-0.002079536635823254
0.0046821872874915,-0.08739846331291677,-0.014168307117296676,-0.014200654606175261,-0.013775573378179702,-0.004776397832892823,-0.004874174764729107,-0.004476541395545678,-0.002079548490558604
0.0046841873674947,-0.08740509858091006,-0.014169427616135486,-0.014201770711420965,-0.013776662163595204,-0.004776822469387166,-0.004874585043985497,-0.004476925560644911,-0.002079732057791089
0.0046861874474979,-0.08740612534283436,-0.014169575851405113,-0.014201919738168083,-0.013776804599376207,-0.004776861704341965,-0.004874626304249981,-0.004476960577326621,-0.0020797437508046613
0.0046881875275011,-0.08741275423211006,-0.014170695286166997,-0.014203034785157422,-0.013777892353519961,-0.004777285937287995,-0.004875036200416349,-0.004477344385311715,-0.0020799271523649844
0.0046901876075043005,-0.08741377446128532,-0.014170842431810798,-0.014203182728187266,-0.013778033733243097,-0.004777324759273339,-0.004875077068473797,-0.004477379036407477,-0.002079938675763835
0.004692187687507501,-0.08742039666408857,-0.014171960751449034,-0.01420429666604934,-0.01377912040659248,-0.0047777485698477,-0.004875486563334413,-0.004477762470351764,-0.0020801219037747953
0.004694187767510701,-0.08742141005338214,-0.014172106756523578,-0.014204443474593882,-0.013779260680835376,-0.004777786960078447,-0.004875527021006004,-0.004477796738969208,-0.0020801332496976953
0.004696187847513901,-0.08742802526321199,-0.014173223910199676,-0.014205556252665131,-0.013780346224069711,-0.004778210329534751,-0.004875936096419459,-0.004478179782015163,-0.002080316296314239
0.004698187927517101,-0.08742903150676233,-0.014173368723972528,-0.014205701876166574,-0.013780485343614613,-0.004778248269303732,-0.004875976125601672,-0.0044782136513319614,-0.002080327456932515
0.004700188007520301,-0.08743563941840522,-0.014174484661061483,-0.014206813443996316,-0.013781569707620433,-0.004778671178974587,-0.004876384763502866,-0.0044785962866929286,-0.002080510314342576
0.004702188087523501,-0.08743663821165425,-0.014174628233016505,-0.014206957832112356,-0.013781707623459398,-0.004778708649654645,-0.004876424346169466,-0.004478629739958583,-0.00208052128186097
0.0047041881675267015,-0.0874432385212167,-0.014175742903112491,-0.014208068139468148,-0.013782790759335799,-0.004779131080953641,-0.004876832528571538,-0.004479011950920668,-0.0020807039422863355
0.004706188247529902,-0.087444229560944,-0.014175885182955554,-0.014208211242077657,-0.013782927422676243,-0.004779168063999688,-0.004876871646775544,-0.0044790449714583415,-0.002080714708943865
0.004708188327533102,-0.08745082196588581,-0.01417699853587732,-0.01420932023895095,-0.013784009281740204,-0.004779589998423495,-0.0048772793557718495,-0.0044794267413822185,-0.002080897164640992
0.004710188407536302,-0.08745180495024112,-0.014177139473541626,-0.014209462006159353,-0.013784144644010123,-0.00477962647537448,-0.004877317991647505,-0.004479459312590558,-0.0020809077227118148
0.004712188487539502,-0.0874583891494097,-0.014178251459338254,-0.01421056964277093,-0.013785225177801884,-0.004780047894504899,-0.004877725209413649,-0.0044798406249133066,-0.002081089965972732
0.004714188567542702,-0.08745936377794569,-0.014178391004989842,-0.014210710024915682,-0.013785359190655155,-0.004780083846985903,-0.004877763345178353,-0.004479872730268287,-0.002081100307766948
0.004716188647545902,-0.08746593947160752,-0.014179501573945845,-0.014211816251720967,-0.013786438350943503,-0.004780504732491751,-0.004878170053974015,-0.004480253568505183,-0.0020812823309200503
0.0047181887275491025,-0.08746690544531288,-0.014179639677989141,-0.01421195519937695,-0.013786570966265153,-0.004780540142215941,-0.004878207671930268,-0.0044802851915618684,-0.002081292448784562
0.004720188807552302,-0.08747347233518776,-0.014180748780630166,-0.014213059967071725,-0.01378764870505281,-0.004780960475855253,-0.004878613854101299,-0.004480665539308239,-0.0020814742441954996
0.004722188887555503,-0.0874744293565202,-0.014180885393713313,-0.014213197431056708,-0.01378777987496431,-0.0047809953246258806,-0.004878650936638669,-0.004480696663702601,-0.0020814841305148634
0.004724188967558703,-0.08748098714581215,-0.014181992980811417,-0.014214300690582176,-0.013788856144493,-0.004781415088247738,-0.004879056574618849,-0.004481076504635575,-0.0020816656905873225
0.004726189047561903,-0.08748193491873058,-0.014182128053831735,-0.014214436621962163,-0.013788985821357562,-0.004781449357960226,-0.0048790931042158765,-0.004481107114086292,-0.0020816753377845758
0.004728189127565103,-0.08748848331216147,-0.014183234076410806,-0.01421553832451047,-0.013790060574113168,-0.0047818685335067855,-0.004879498180528955,-0.004481486431966563,-0.0020818566549611296
0.004730189207568303,-0.0874894215421595,-0.01418336756052023,-0.014215672674605207,-0.013790188710541062,-0.004781902206150635,-0.004879534139755125,-0.004481516510276863,-0.002081866055498635
0.004732189287571503,-0.08749596024600095,-0.01418447196986136,-0.014216772771624756,-0.013791261899259133,-0.004782320775659169,-0.004879938637016719,-0.00448189528895051,-0.002082047122261592
0.004734189367574703,-0.08749688864013702,-0.014184603816471589,-0.014216905492012785,-0.013791388448112493,-0.004782353833319922,-0.004879974008534248,-0.004481924820009824,-0.0020820562686418224
0.004736189447577904,-0.08750341736224387,-0.01418570656411858,-0.014218003935213747,-0.013792460025783401,-0.004782771778924805,-0.0048803779094537675,-0.004482303043410128,-0.00208223707751406
0.004738189527581103,-0.0875043356291757,-0.014185836724906621,-0.014218134977737993,-0.013792584940181781,-0.004782804203786077,-0.004880412676019665,-0.004482332011195969,-0.002082245962280456
0.004740189607584304,-0.08751085407901643,-0.014186937762671077,-0.01421923171909741,-0.013793654860055597,-0.004783221507720661,-0.00488081596340216,-0.004482709663345126,-0.0020824265058262087
0.004742189687587504,-0.08751176192903129,-0.014187066189584497,-0.014219361035870282,-0.01379377809338097,-0.004783253282066054,-0.004880850107870021,-0.0044827380519247804,-0.0020824351215639877
0.004744189767590704,-0.08751826981772011,-0.014188165469551142,-0.014220456027637305,-0.013794846308972796,-0.004783669926664655,-0.004881252764618067,-0.0044831151169355985,-0.00208261539238966
0.004746189847593904,-0.08751916696276868,-0.014188292114813358,-0.014220583571046184,-0.013794967814874796,-0.004783701032879743,-0.004881286269940009,-0.004483142910467938,-0.0020826237317266663
0.004748189927597104,-0.08752566400309869,-0.014189389589345475,-0.014221676765747442,-0.013796034279969878,-0.004784117000579648,-0.004881688279055699,-0.0044835193725457365,-0.002082803722481683
0.0047501900076003046,-0.08752655015682387,-0.014189514405460863,-0.014221802488459641,-0.013796154012370708,-0.004784147421153872,-0.004881721128284174,-0.004483546555282902,-0.002082811778089132
0.004752190087603504,-0.08753303606329782,-0.014190610027205508,-0.014222893838904594,-0.013797218681029615,-0.00478456269449723,-0.004882122472870878,-0.004483922398727166,-0.002082991481466741
0.004754190167606705,-0.0875339109410686,-0.014190732966964825,-0.014223017693872688,-0.013797336594129165,-0.004784592412025865,-0.004882154649160606,-0.004483948955016328,-0.002082999246060064
0.004756190247609904,-0.08754038542992969,-0.014191826688857842,-0.0142241071531585,-0.013798399420692595,-0.004785006973661576,-0.004882555312424879,-0.004484324164222383,-0.00208317865479812
0.004758190327613105,-0.08754124874887215,-0.014191947705343405,-0.014224229093625697,-0.013798515468973713,-0.0047850359708476635,-0.004882586799034694,-0.004484350078507526,-0.0020831861211377894
0.004760190407616305,-0.08754771153813594,-0.01419303948061471,-0.014225316615142638,-0.013799576408067647,-0.004785449803533329,-0.00488298676428806,-0.004484724637968333,-0.002083365228019543
0.004762190487619505,-0.08754856301716359,-0.014193158527205586,-0.01422543659464762,-0.013799690546300897,-0.004785478063189573,-0.0048830175445827686,-0.004484749894791883,-0.0020833723889118467
0.0047641905676227055,-0.08755501382664996,-0.014194248309384516,-0.014226522132084245,-0.013800749552841782,-0.0047858911497934515,-0.0048834167952437075,-0.004485123789099776,-0.002083551186766799
0.004766190647625905,-0.08755585318649471,-0.014194365339761369,-0.014226640104466419,-0.01380086173609048,-0.004785918654844032,-0.0048834468526957955,-0.0044851483731043005,-0.0020835580350645963
0.004768190727629106,-0.08756229173785664,-0.014195453082681561,-0.014227723611814382,-0.013801918765289902,-0.004786330978346827,-0.00488384537229143,-0.004485521586952602,-0.002083736516769232
0.004770190807632305,-0.08756311870110162,-0.014195568050832252,-0.014227839531219148,-0.013802028948915255,-0.004786357711829476,-0.004883874690483127,-0.004485545482882634,-0.002083743045372833
0.004772190887635506,-0.08756954471785808,-0.014196653708636923,-0.01422892096277866,-0.013803083956285114,-0.004786769255326304,-0.004884272462651128,-0.0044859180010674155,-0.0020839212038514395
0.004774190967638706,-0.087570359008966,-0.014196766568861275,-0.014229034783662288,-0.013803192095950973,-0.004786795200394043,-0.004884301025276032,-0.004485941193771009,-0.0020839274057093326
0.004776191047641906,-0.08757677221653096,-0.014197850096008052,-0.014230114094046899,-0.013804245037308266,-0.004787205947096262,-0.004884698033766366,-0.0044863130011927365,-0.002084105233934762
0.0047781911276451065,-0.08757757356187544,-0.014197960802922991,-0.014230225771181583,-0.013804351088986092,-0.004787231087019271,-0.0048847258246313115,-0.004486335475623205,-0.0020841111020443726
0.004780191207648306,-0.0875839736875899,-0.014199042154189285,-0.014231302915323395,-0.013805401920457925,-0.004787641020256376,-0.004885122053308131,-0.004486706557288448,-0.002084288593038856
0.004782191287651507,-0.08758476181548555,-0.014199150662733882,-0.014231412403802277,-0.013805505840431663,-0.004787665338423905,-0.004885149056334976,-0.0044867282985060165,-0.0020842941204473786
0.004784191367654706,-0.08759114858864575,-0.014200229793221652,-0.014232487336956787,-0.013806554518460034,-0.004788074441645382,-0.0048855444891783215,-0.004487098639529064,-0.0020844712672832546
0.004786191447657907,-0.0875919232293789,-0.014200336058662019,-0.014232594592198975,-0.01380665626333091,-0.004788097921567538,-0.004885570688405737,-0.0044871196327025105,-0.002084476447088389
0.0047881915276611065,-0.08759829638126859,-0.014201412923802966,-0.014233667269950154,-0.013807702744677635,-0.004788506178344643,-0.004885965309513374,-0.0044874892183071,-0.00208465324288891
0.004790191607664307,-0.08759905726712625,-0.01420151690173731,-0.014233772247705676,-0.013807802271369043,-0.004788528803654313,-0.00488599068909862,-0.00448750944871543,-0.002084658068239632
0.0047921916876675075,-0.08760541653104457,-0.014202591457297504,-0.014234842625970832,-0.013808846513120376,-0.004788936197681942,-0.004886384482687741,-0.004487878264236284,-0.00208483450617971
0.004794191767670707,-0.08760616339634593,-0.014202693103661235,-0.01423494528232555,-0.013808943778882752,-0.004788957952136546,-0.0048864090269084585,-0.004487897717270425,-0.0020848389702770543
0.004796191847673908,-0.08761250850763741,-0.014203765305746284,-0.014236013317360175,-0.013809985738454234,-0.004789364467235045,-0.0048868019773175035,-0.004488265748154919,-0.0020850150435840127
0.004798191927677107,-0.08761324108876102,-0.014203864576816529,-0.01423611360874055,-0.013810080700869599,-0.004789385334718299,-0.004886825670573366,-0.004488284409319194,-0.002085019139681795
0.004800192007680308,-0.08761957178484593,-0.014204934381876422,-0.014237179257143373,-0.013811120336010901,-0.004789790954835289,-0.004887217762263731,-0.004488651641129055,-0.0020851948416361304
0.004802192087683507,-0.08762028982026075,-0.014205031234277209,-0.014237277140321424,-0.0138112129529977,-0.004789810919359135,-0.0048872405890782655,-0.004488669496042912,-0.00208519856304173
0.004804192167686708,-0.08762660584066376,-0.014206098599111148,-0.014238340359039082,-0.013812250221797287,-0.004790215628571276,-0.004887631806636066,-0.0044890359144557565,-0.002085373886977889
0.004806192247689908,-0.08762730907095741,-0.014206192989818033,-0.01423843579113726,-0.013812340451615016,-0.004790234674277515,-0.004887653751658375,-0.0044890529488553375,-0.0020853772270529617
0.004808192327693108,-0.08763361015733677,-0.014207257871579192,-0.014239496537469074,-0.013813375312504686,-0.004790638456792252,-0.004888044079796099,-0.004489418539666234,-0.0020855521663600183
0.004810192407696309,-0.08763429832524469,-0.0142073497579242,-0.014239589475964865,-0.013813463113758626,-0.0047906565679544525,-0.00488806512780254,-0.004489434739405981,-0.002085555118521278
0.004812192487699508,-0.08764058422142103,-0.014208412114124687,-0.014240647707567753,-0.013814495525518306,-0.004791059408111863,-0.004888454551360832,-0.004489799488529127,-0.002085729666643746
0.004814192567702709,-0.08764125707185537,-0.014208501453800993,-0.014240738110298598,-0.013814580857164162,-0.004791076569137017,-0.004888474687256715,-0.004489814839583344,-0.0020857322243636595
0.004816192647705908,-0.08764752752383931,-0.014209561242316263,-0.014241793785191675,-0.013815610778926318,-0.004791478451411466,-0.004888863191205995,-0.0044901787330535485,-0.0020859063748021604
0.004818192727709109,-0.08764818480391778,-0.014209647993383003,-0.014241881610359554,-0.013815693600274693,-0.004791494646841794,-0.004888882400027318,-0.004490193221517994,-0.0020859085316097185
0.0048201928077123085,-0.08765443955994001,-0.014210705172456902,-0.014242934686928842,-0.013816720991529178,-0.004791895555843763,-0.004889269969469545,-0.0044905562454923085,-0.002086082277921758
0.004822192887715509,-0.08765508101901269,-0.014210789293343715,-0.01424301989310507,-0.013816801262250126,-0.004791910770358398,-0.004889288236384597,-0.004490569857585705,-0.0020860840274031438
0.00482419296771871,-0.0876613198295514,-0.014211843821593056,-0.014244070330108272,-0.013817826082848551,-0.0047923106908361775,-0.004889674856554884,-0.004490931998344981,-0.002086257363203814
0.004826193047721909,-0.08766194521923087,-0.014211925271104892,-0.014244152876237972,-0.013817903762976244,-0.004792324909252948,-0.004889692166865995,-0.004490944720410631,-0.0020862586990031827
0.00482819312772511,-0.0876681678370391,-0.014212977107523912,-0.014245200632808923,-0.013818925973136421,-0.004792723826094283,-0.004890077823134242,-0.0044913059643609645,-0.002086431617965859
0.004830193207728309,-0.08766877691122668,-0.014213055844845657,-0.014245280478215836,-0.013819001023073535,-0.00479273703337137,-0.004890094162279358,-0.004491317782868212,-0.0020864325337860224
0.00483219328773151,-0.0876749830913608,-0.014214104948810874,-0.014246325513869219,-0.013820020583384014,-0.004793134931605269,-0.004890478840151963,-0.004491678116542578,-0.0020866050296431075
0.0048341933677347095,-0.087675575606275,-0.014214180933511802,-0.014246402618260122,-0.013820092963906138,-0.004793147112842909,-0.004890494193706312,-0.004491689018088382,-0.00208660551924623
0.00483619344773791,-0.08768176510612218,-0.014215227264786414,-0.014247444892895957,-0.013821109835330652,-0.004793543977641281,-0.004890877878827763,-0.0044920484281481005,-0.0020867775857898443
0.00483819352774111,-0.08768234082032551,-0.014215300456824839,-0.014247519216365218,-0.013821179507590766,-0.004793555118083422,-0.004890892232505481,-0.004492058399458522,-0.0020867776429981644
0.00484019360774431,-0.08768851339963066,-0.014216343975563329,-0.014248558690273316,-0.013822193651472596,-0.0047939509347627056,-0.004891274910659938,-0.00449241687269473,-0.0020869492740808343
0.004842193687747511,-0.08768907207405721,-0.014216414335290988,-0.014248630193307419,-0.013822260577005358,-0.004793961019798736,-0.004891288250315676,-0.004492425900626394,-0.0020869488927773437
0.00484419376775071,-0.08769522749495037,-0.014217455002043636,-0.014249666827172044,-0.013823271955071723,-0.0047943557738216154,-0.004891669907428657,-0.004492783423961622,-0.002087120082312708
0.004846193847753911,-0.08769576889293279,-0.014217522490210337,-0.014249735470654007,-0.013823336095797938,-0.0047943647889879485,-0.004891682219059154,-0.00449279149550326,-0.0020871192564418687
0.0048481939277571105,-0.0877019069199555,-0.014218560265927488,-0.014250769225558091,-0.013824344670164235,-0.004794758465964986,-0.004892062841199036,-0.004493148055992818,-0.002087289998405357
0.004850194007760311,-0.0877024308072511,-0.014218624843685428,-0.01425083497077189,-0.013824405988394997,-0.004794766396946685,-0.004892074110944698,-0.004493155158266698,-0.002087288721973749
0.004852194087763511,-0.08770855120738379,-0.014219659689722176,-0.014251865808201558,-0.013825411721569106,-0.004795158982637934,-0.004892453684324375,-0.004493510743100174,-0.0020874590104032753
0.004854194167766711,-0.08770905735220191,-0.014219721318630285,-0.014251928616836567,-0.013825470180010168,-0.004795165815270434,-0.004892463898470918,-0.004493516863363589,-0.0020874572774802966
0.004856194247769911,-0.08771515989488923,-0.014220753196750676,-0.014252956498685418,-0.0138264730348968,-0.004795557295587029,-0.004892842409449257,-0.00449387145986631,-0.00208762710647692
0.004858194327773111,-0.08771564806791678,-0.014220811838779122,-0.014253016332840634,-0.013826528596652747,-0.004795563015857626,-0.004892851554429172,-0.00449387658551298,-0.0020876249111954604
0.004860194407776312,-0.08772173252509441,-0.0142218407111604,-0.014254041221414153,-0.013827528536557467,-0.004795953376863438,-0.004893228989512647,-0.004494230181147426,-0.00208779427492406
0.0048621944877795115,-0.08772220249952214,-0.014221896328694765,-0.014254098043602554,-0.01382758116513596,-0.004795957970912945,-0.004893237051906777,-0.004494234299708941,-0.002087791611481154
0.004864194567782712,-0.08772826864564175,-0.014222922157931823,-0.014255119901622197,-0.013828578153769321,-0.004796347198826082,-0.004893613397750954,-0.004494586882076169,-0.0020879605041710715
0.004866194647785912,-0.08772872019718987,-0.014222974713777373,-0.014255173674774895,-0.013828627813085118,-0.004796350652950373,-0.004893620364289969,-0.004494589981223429,-0.002087957366828558
0.004868194727789112,-0.08773476780924665,-0.014223997462887026,-0.014256192465382678,-0.013829621814567204,-0.004796738734144914,-0.004893995607701099,-0.00449494153806454,-0.0020881257827743025
0.004870194807792312,-0.08773520071618966,-0.014224046920272996,-0.014256243152853324,-0.01382966846894629,-0.00479674103479648,-0.004894001465267079,-0.004494943605609119,-0.0020881221658594863
0.004872194887795512,-0.0877412295737456,-0.014225066552698064,-0.014257258839615643,-0.013830659447810256,-0.004797127955803803,-0.004894375593203479,-0.004495294124806562,-0.0020882900994213423
0.004874194967798712,-0.08774164361693901,-0.014225112875281784,-0.01425730640518437,-0.01383070306199394,-0.0047971290895933456,-0.004894380328831365,-0.004495295148702121,-0.002088285997327621
0.0048761950478019124,-0.08774765350214851,-0.014226129354895234,-0.0142583189520962,-0.013831690983190289,-0.004797514837103811,-0.004894753328404957,-0.0044956446182811026,-0.002088453442932283
0.004878195127805113,-0.0877480484650528,-0.014226172506766454,-0.014258363359974055,-0.013831731522339385,-0.004797514790801761,-0.004894756929284072,-0.004495644586624802,-0.0020884488501198262
0.004880195207808313,-0.08775403916268772,-0.014227185797875491,-0.014259372731463188,-0.01383271635123987,-0.004797899351666147,-0.004895128787761836,-0.00449599299475467,-0.002088615802261053
0.004882195287811513,-0.08775441483139376,-0.014227225743560301,-0.014259413946295959,-0.01383275378093844,-0.004797898112204146,-0.004895131241237306,-0.004495991895788447,-0.002088610713257409
0.004884195367814713,-0.08776038612886872,-0.01422823581091078,-0.01426042010722712,-0.013833735483340314,-0.004798281473435287,-0.004895501946042838,-0.004496339230784083,-0.0020887771664966706
0.004886195447817913,-0.08776074229212011,-0.014228272515375473,-0.014260458094099294,-0.013833769769599501,-0.004798279027907633,-0.004895503239616979,-0.004496337052896018,-0.002088771575897369
0.004888195527821113,-0.08776669397951616,-0.014229279324155592,-0.014261461009778091,-0.013834748311729138,-0.004798661176681829,-0.004895872778331824,-0.0044966833032191135,-0.002088937524864443
0.004890195607824313,-0.08776703042873636,-0.014229312752811208,-0.014261495734217216,-0.013834779420991426,-0.004798657512347089,-0.0048958728996657385,-0.0044966800349448294,-0.0020889314273336607
0.004892195687827514,-0.0877729622988244,-0.014230316268655518,-0.014262495370393936,-0.0138357547695082,-0.004799038436005483,-0.004896241260030803,-0.004497025189205214,-0.002089096866727256
0.0048941957678307136,-0.08777327882813896,-0.014230346387361356,-0.014262526798374272,-0.013835782668651002,-0.004799033540287871,-0.00489624019694565,-0.004497020819229114,-0.0020890902569983987
0.004896195847833914,-0.08777919067640429,-0.014231346576354872,-0.014263523121248062,-0.013836754790651275,-0.004799413226338062,-0.0048966073668627,-0.004497364866186082,-0.002089255181586764
0.004898195927837114,-0.08777948708266467,-0.014231373351422584,-0.014263551219194582,-0.013836779446990783,-0.004799407086828924,-0.004896605107341151,-0.004497359383342703,-0.0020892480544630787
0.004900196007840314,-0.08778537870733114,-0.014232370180104635,-0.014264544195417322,-0.013837748310011621,-0.004799785522946361,-0.004896971074874152,-0.004497702311906331,-0.0020894124590846224
0.004902196087843514,-0.08778565479013774,-0.014232393578302019,-0.01426456893020958,-0.01383776969130662,-0.004799778127405521,-0.004896967607061767,-0.004497695705181562,-0.0020894048094397843
0.004904196167846714,-0.08779152599219002,-0.0142333870136701,-0.014265558526889594,-0.013838735263329523,-0.004800155301434899,-0.00489733236043827,-0.004498037504413984,-0.0020895686890036497
0.004906196247849914,-0.08779178155391665,-0.01423340700222513,-0.014265579865865526,-0.013838753337785045,-0.004800146637792213,-0.004897327672644911,-0.004498029762946419,-0.0020895605117824054
0.0049081963278531145,-0.08779763213712244,-0.01423439701173852,-0.014266566050571342,-0.013839715587239534,-0.004800522537748851,-0.00489769120025737,-0.0044983704220630015,-0.0020897238612690274
0.004910196407856315,-0.08779786698293798,-0.01423441355834298,-0.014266583961531213,-0.013839730323510685,-0.004800512594105538,-0.004897685280958465,-0.004498361535145194,-0.002089715151487719
0.004912196487859515,-0.08780369675387263,-0.014235400109926782,-0.014267566702295467,-0.013840689219278132,-0.004800887208176803,-0.004898047571365645,-0.004498701043515875,-0.002089877965949487
0.004914196567862715,-0.08780391069176417,-0.014235413182740048,-0.014267581153505371,-0.013840700586473517,-0.004800875972806814,-0.004898040409203635,-0.004498691000595509,-0.002089868718696649
0.004916196647865915,-0.08780971945983192,-0.01423639624478887,-0.014268560418828579,-0.013841656097890767,-0.00480124928935358,-0.004898401451131932,-0.004499029347746065,-0.002090030993258433
0.004918196727869115,-0.08780991230062646,-0.014236405812441543,-0.014268571379024111,-0.013841664065576137,-0.004801236750704945,-0.004898393034917477,-0.0044990181384272215,-0.0020900212036953775
0.004920196807872315,-0.08781569987808273,-0.014237385353822964,-0.014269547137878058,-0.013842616162438884,-0.004801608758262813,-0.004898752817262175,-0.004499355314040379,-0.0020901829335550604
0.0049221968878755155,-0.08781587143546933,-0.014237391385420592,-0.014269554576268122,-0.01384262070064078,-0.004801594904959012,-0.004898743135975531,-0.004499342928084741,-0.0020901725969164338
0.004924196967878715,-0.08782163763744295,-0.014238367375479025,-0.014270526798099675,-0.013843569353207212,-0.004801965592239703,-0.0048991016478021725,-0.004499678922001458,-0.0020903337773455367
0.004926197047881916,-0.08782178772799534,-0.014238369840605777,-0.014270530684370047,-0.013843570432416465,-0.004801950413081076,-0.004899090690594456,-0.004499665349329552,-0.0020903228889398717
0.004928197127885116,-0.08782753237250956,-0.014239342249165919,-0.014271499339104689,-0.0138445156114107,-0.004802319768973761,-0.004899447921140066,-0.004500000151550163,-0.002090483515284074
0.004930197207888316,-0.08782766081570652,-0.014239341117887976,-0.014271499643421521,-0.013844513202585701,-0.004802303252938672,-0.004899435677334532,-0.004499985382242474,-0.00209047207049433
0.004932197287891516,-0.08783338372370043,-0.014240309915258351,-0.01427246470146679,-0.013845454879201287,-0.004802671266511286,-0.004899791616008864,-0.0045003189829278785,-0.0020906321381740215
0.004934197367894716,-0.08783349034194686,-0.014240305158127416,-0.014272461394479892,-0.01384544895377139,-0.0048026534027574876,-0.004899778075102126,-0.004500303007226007,-0.0020906201324581326
0.0049361974478979165,-0.08783919133729708,-0.014241270315103985,-0.014273422826729047,-0.013846387099674631,-0.0048030200632579725,-0.004900132711488982,-0.004500635396698856,-0.002090779636968943
0.004938197527901116,-0.08783927595594584,-0.014241261903160978,-0.014273415879575783,-0.013846377629543844,-0.004803000841123941,-0.004900117863152285,-0.00450061820500674,-0.002090767065860376
0.004940197607904317,-0.08784495486548577,-0.01424222339103021,-0.014274373657410912,-0.013847312216876939,-0.004803366137981524,-0.004900471187010649,-0.004500949373752494,-0.0020909260027736996
0.004942197687907516,-0.08784501731285718,-0.014242211295808426,-0.014274363041719208,-0.01384729917442685,-0.004803345546987628,-0.004900455021091077,-0.004500930956637476,-0.002090912861881941
0.004944197767910717,-0.0878506739663996,-0.014243169086351244,-0.014275317137014933,-0.013848230175811643,-0.004803709469814134,-0.004900807022356413,-0.004501260895305626,-0.0020910712268454954
0.004946197847913917,-0.08785071407380217,-0.014243153279879704,-0.014275302824906745,-0.013848213533904807,-0.004803687499663878,-0.0049007895288780455,-0.004501241243499569,-0.002091057511856571
0.004948197927917117,-0.08785634830415698,-0.014244107345374407,-0.014276253210033325,-0.013849140922445581,-0.004804050038254888,-0.004901140197663402,-0.00450156994290467,-0.0020912153005948697
0.0049501980079203175,-0.08785636590590788,-0.014244087800181429,-0.014276235174128111,-0.013849120654428828,-0.004804026678836224,-0.0049011213668285845,-0.0045015490473051065,-0.0020912010072719205
0.004952198087923517,-0.08786197754890278,-0.014245038113406881,-0.014277181821954744,-0.013850044403715584,-0.004804387823172281,-0.004901470693425812,-0.004501876498427867,-0.002091358215586772
0.004954198167926718,-0.08786197248234623,-0.014245014802523073,-0.014277160035372287,-0.013850020483423025,-0.004804363064558706,-0.004901450515616231,-0.004501854350099018,-0.002091343339770462
0.004956198247929917,-0.08786756137684758,-0.014245961336762474,-0.01427810291927054,-0.013850940567534904,-0.004804722804806562,-0.004901798490497175,-0.0045021805440874745,-0.002091499963541548
0.004958198327933118,-0.08786753348237472,-0.014245934233724047,-0.014278077355634666,-0.01385091296929121,-0.004804696637258364,-0.004901776956275017,-0.004502157134261302,-0.002091484501150621
0.004960198407936318,-0.08787309947030475,-0.01424687696276754,-0.01427901644948124,-0.013851829362799073,-0.004805054963772165,-0.004902123570092563,-0.004502482062431746,-0.002091640536335898
0.004962198487939518,-0.08787304859137411,-0.014246846041619538,-0.014278987082922686,-0.013851798061422475,-0.004805027377737594,-0.004902100670201735,-0.004502457382509168,-0.0020916244833676656
0.004964198567942718,-0.08787859151773074,-0.014247784939767727,-0.014279922361102915,-0.013852710739392473,-0.0048053842810599524,-0.004902445913790999,-0.004502781036347207,-0.0020917799260038853
0.004966198647945918,-0.08787851750088488,-0.014247750175067008,-0.014279889166262397,-0.013852675710197646,-0.00480535526717633,-0.004902421639158126,-0.004502755077898917,-0.002091763278534682
0.004968198727949119,-0.0878840372137601,-0.0142486852171338,-0.014280820603673267,-0.013853584648193992,-0.004805710738039561,-0.004902765503537539,-0.004503077449060592,-0.00209191812473789
0.004970198807952318,-0.08788393990864456,-0.014248646583952102,-0.014280783555704482,-0.013853545866995071,-0.004805680287134375,-0.00490273984527307,-0.004503050203828122,-0.002091900878923528
0.004972198887955519,-0.08788943625924274,-0.014249577745267873,-0.01428171112775744,-0.013854451041082771,-0.004806034316461545,-0.004903082321645447,-0.004503371284140851,-0.0020920551248894735
0.004974198967958718,-0.08788931551862576,-0.014249535219195052,-0.014281670202330399,-0.01385440848419663,-0.004806002419553741,-0.004903055271044829,-0.004503342744037703,-0.002092037276965801
0.004976199047961919,-0.0878947883612821,-0.014250462475609668,-0.014282593884954488,-0.013855309870944653,-0.004806354998459759,-0.004903396350798407,-0.004503662525501201,-0.002092190918970441
0.004978199127965119,-0.0878946440410699,-0.014250416032756254,-0.014282549058258135,-0.01385526351519324,-0.0048063216467606005,-0.004903367899343014,-0.004503632682613655,-0.002092172465253673
0.004980199207968319,-0.0879000932332669,-0.014251339360641772,-0.014283468827902846,-0.013856161091677302,-0.004806672766553401,-0.004903707574052568,-0.004503951157401035,-0.0020923254996536383
0.0049821992879715195,-0.08789992519252346,-0.014251288977642244,-0.01428342007664802,-0.013856110914390693,-0.004806637951467668,-0.004903677713410813,-0.004503920003989234,-0.002092306436540878
0.004984199367974719,-0.08790535059491013,-0.014252208353896179,-0.014284335910286303,-0.013857004658196136,-0.004806987603649184,-0.004904015974838675,-0.004504237164447904,-0.002092458859773875
0.00498619944797792,-0.08790515869587219,-0.014252154007911516,-0.014284283211708642,-0.013856950637215317,-0.0048069513167761846,-0.004903984696866989,-0.004504204692946716,-0.0020924391837435544
0.004988199527981119,-0.08791056017227902,-0.014253069409959174,-0.014285195086839517,-0.01385784052643945,-0.004807299493043364,-0.004904321536963935,-0.0045045205315992695,-0.002092590992328828
0.00499019960798432,-0.08791034428037528,-0.014253011078679868,-0.014285138418702086,-0.013857782640119075,-0.004807261726178013,-0.004904288833707788,-0.004504486734619267,-0.0020925706999410927
0.0049921996879875195,-0.08791572169783178,-0.014253922484477564,-0.014286046313353524,-0.013858668653374316,-0.00480760841842395,-0.0049046242446141915,-0.004504801244164462,-0.002092721890479825
0.00499419976799072,-0.08791548168169813,-0.014253860146126323,-0.01428598565394988,-0.013858606880585263,-0.004807569163557716,-0.0049045901083090765,-0.004504766114492848,-0.0020927009783770338
0.0049961998479939205,-0.08792083491045018,-0.014254767534163885,-0.014286889546681518,-0.013859488997001708,-0.00480791436387257,-0.004904924082355829,-0.004505079287806513,-0.002092851547552818
0.00499819992799712,-0.08792057064194457,-0.014254701167498086,-0.014286824874837943,-0.013859423317133517,-0.004807873613194481,-0.004904888505428136,-0.00450504281840791,-0.0020928300124598547
0.005000200008000321,-0.08792589955546891,-0.014255604516801383,-0.014287724744743557,-0.013860301516361155,-0.004808217313866452,-0.00490522103513747,-0.004505354648543771,-0.002092979957039049
0.00500220008800352,-0.08792561090969056,-0.014255534101116284,-0.014287656039822154,-0.013860231909325104,-0.004808175059764188,-0.004905184010205608,-0.004505316832561219,-0.002092957795763839
0.005004200168006721,-0.08793091538471103,-0.014256433391250082,-0.014288551866532516,-0.013861106171536804,-0.004808517253280512,-0.004905515088292205,-0.00450562731275181,-0.002093107112595971
0.0050062002480099205,-0.08793060224001341,-0.014256358906380695,-0.01428847910843332,-0.013861032617767999,-0.004808473488341172,-0.004905476608167359,-0.004505588143507577,-0.0020930843220298154
0.005008200328013121,-0.08793588215651689,-0.014257254117451143,-0.014289370872118717,-0.013861902923661658,-0.004808814167389082,-0.004905806227539169,-0.004505897267165073,-0.0020932330080480487
0.0050102004080163215,-0.08793554439452388,-0.01425717554377526,-0.014289294041282671,-0.01386182540412156,-0.004808768884400225,-0.00490576628522626,-0.004505856738161452,-0.0020932095851660232
0.005012200488019521,-0.08794079963577435,-0.014258066656432283,-0.014290181722655032,-0.013862691734922716,-0.004809108041867833,-0.004906094438985408,-0.0045061644988785106,-0.002093357637387444
0.005014200568022722,-0.08794043714139436,-0.014257983974872717,-0.014290100800065996,-0.013862610231101441,-0.004809061233818349,-0.004906053027683975,-0.004506122603798708,-0.0020933335792487646
0.005016200648025921,-0.08794566759394878,-0.014258870970312636,-0.014290984380381823,-0.013863472568565663,-0.004809398862795585,-0.004906379709127624,-0.004506428995349234,-0.0020934809947748415
0.005018200728029122,-0.08794528025539093,-0.01425878416233971,-0.014290899347569436,-0.013863387062484708,-0.004809350522876653,-0.0049063368222327245,-0.004506385728058127,-0.0020934562985232942
0.0050202008080323214,-0.08795048580911312,-0.01425966702230749,-0.014291778808631906,-0.013864245388899712,-0.0048096866166561,-0.004906662024853944,-0.004506690744398153,-0.0020936030745401903
0.005022200888035522,-0.08795007351789914,-0.014259576069941413,-0.014291689647673488,-0.013864155863113773,-0.00480963673826195,-0.004906617655956899,-0.00450664609894306,-0.002093577737404442
0.005024200968038722,-0.08795525406597406,-0.014260454776733029,-0.014292564971834888,-0.01386501016130197,-0.004809971290339789,-0.004906941373445547,-0.0045069497342114595,-0.0020937238711834115
0.005026201048041922,-0.08795481671695461,-0.014260359662546192,-0.014292471665358089,-0.013864916598901473,-0.0048099198670686774,-0.004906895516334872,-0.004506903704822974,-0.0020936978904773735
0.005028201128045123,-0.08795997215590141,-0.014261234199011007,-0.01429334283552195,-0.013865766852221904,-0.004810252871145406,-0.004907217742578299,-0.004507205953342188,-0.0020938433793751
0.005030201208048322,-0.08795950964726812,-0.014261134906130141,-0.014293245366706857,-0.013865669236835122,-0.00481019989680036,-0.004907170391240419,-0.004507158534434849,-0.002093816752498301
0.005032201288051523,-0.08796463987695358,-0.014262005255672922,-0.01429411236633027,-0.01386651542918572,-0.004810531346781703,-0.004907491120324332,-0.0045074593907116975,-0.0020939615939572303
0.005034201368054722,-0.0879641521102531,-0.014261901767781523,-0.014294010718911671,-0.013866413744980943,-0.004810476815371369,-0.004907442268944454,-0.004507410576884763,-0.0020939343183951392
0.005036201448057923,-0.08796925703390629,-0.014262767914364871,-0.014294873532007512,-0.013867255860800787,-0.00481080670536908,-0.004907761495153709,-0.004507710035611139,-0.0020940785099438286
0.005038201528061123,-0.08796874391405207,-0.014262660215705053,-0.014294767690276721,-0.013867150092488241,-0.004810750611108471,-0.00490771113811648,-0.004507659821649274,-0.002094050583268169
0.005040201608064323,-0.08797382343827558,-0.014263522143851275,-0.014295626301415685,-0.01386798811675937,-0.004811078935441075,-0.004908028855935795,-0.00450795787770281,-0.0020941941225216232
0.005042201688067523,-0.08797328487356133,-0.01426341021922605,-0.014295516250223088,-0.013867878249593351,-0.004811021272752381,-0.004907976987826129,-0.004507906258576783,-0.0020941655423907164
0.005044201768070723,-0.08797833890834376,-0.014264267914019366,-0.014296370644535561,-0.013868712167842884,-0.004811348025945938,-0.004908293191940797,-0.004508202907021562,-0.002094308427050665
0.005046201848073924,-0.08797777481045616,-0.014264151748794661,-0.01429625636929237,-0.013868598187623874,-0.004811288789459287,-0.0049082398075446015,-0.004508149877888942,-0.0020942791912097595
0.005048201928077123,-0.08798280326918412,-0.014265005195883121,-0.014297106532470799,-0.013869427985925935,-0.004811613966248137,-0.004908554492841264,-0.004508445113976173,-0.0020944214190650088
0.005050202008080324,-0.0879822135532136,-0.014264884775989658,-0.01429698801915097,-0.013869309879002173,-0.004811553150802287,-0.0049084995871460785,-0.004508390670181947,-0.0020943915253465385
0.0050522020880835235,-0.08798721635268378,-0.014265733961587075,-0.014297833937451458,-0.01387013554397965,-0.004811876746129742,-0.004908812748713361,-0.004508684489350532,-0.0020945330942732402
0.005054202168086724,-0.08798660093713652,-0.014265609273522304,-0.014297711172593708,-0.01387001329724926,-0.004811814346772773,-0.0049087563169090956,-0.004508628626427766,-0.002094502540597149
0.005056202248089924,-0.0879915779975676,-0.014266454184410346,-0.014298552832838065,-0.013870834816075968,-0.004812136355791922,-0.004909067950038351,-0.004508921024305061,-0.0020946434485591167
0.005058202328093124,-0.08799093680437643,-0.014266325215240324,-0.014298425803547751,-0.013870708416988663,-0.004812072367781954,-0.004909009987517911,-0.004508863737975475,-0.002094612232933147
0.005060202408096324,-0.08799588804941867,-0.014267165838769916,-0.014299263193125144,-0.013871525777390656,-0.0048123927858561445,-0.004909320087703765,-0.004509154710377761,-0.002094752477982104
0.005062202488099524,-0.08799522100395442,-0.014267032576131168,-0.014299131887075956,-0.013871395213949464,-0.004812327204662013,-0.004909260590063713,-0.004509095996552383,-0.002094720598502058
0.005064202568102725,-0.08800014636070112,-0.014267868900224683,-0.014299964993944956,-0.013872208404207083,-0.004812646027365629,-0.004909569153004807,-0.004509385539485535,-0.002094860178777945
0.0050662026481059245,-0.08799945339178278,-0.014267731332325773,-0.014299829399380631,-0.013872073664970062,-0.0048125788486675005,-0.0049095081160459965,-0.004509325394265227,-0.0020948276336279605
0.005068202728109125,-0.08800435279078107,-0.014268563345478536,-0.014300658212070667,-0.013872882673919529,-0.0048128960717866215,-0.004909815137645522,-0.004509613503925249,-0.0020949665473591877
0.005070202808112325,-0.08800363383068556,-0.01426842146110188,-0.014300518317806689,-0.013872743748001308,-0.004812827291476559,-0.004909752557373634,-0.0045095519236012654,-0.002094933334811996
0.005072202888115525,-0.08800850720594537,-0.014269249152383819,-0.014301342825419833,-0.013873548565036241,-0.004813142911009509,-0.004910058033739963,-0.004509838596374853,-0.0020950715803156913
0.005074202968118725,-0.08800776219041805,-0.014269102940887313,-0.014301198620845184,-0.013873405442109838,-0.004813072525192175,-0.004909993906366166,-0.004509775577429439,-0.0020950376987328746
0.005076203048121925,-0.0880126094794221,-0.014269926299944601,-0.014302018813057612,-0.013874206057182812,-0.004813386537350084,-0.00491029783381339,-0.004510060809894461,-0.0020951752744151272
0.005078203128125126,-0.0880118383476861,-0.014269775751263132,-0.014301870288136176,-0.013874058727480893,-0.004813314542343299,-0.0049102321557548635,-0.004509996349001303,-0.0020951407222473584
0.0050802032081283255,-0.08801665949139927,-0.014270594768319685,-0.014302686155199796,-0.013874855131105007,-0.0048136269435507,-0.0049105345308033494,-0.004510280137927377,-0.0020952776266034636
0.005082203288131526,-0.08801586218616346,-0.01427043987296657,-0.014302533300471864,-0.013874703585421385,-0.004813553335885921,-0.0049104672986838155,-0.0045102142319521496,-0.002095242402390718
0.005084203368134726,-0.08802065712904228,-0.014271254538825651,-0.014303344833215803,-0.01387549576867171,-0.004813864122781381,-0.004910768118060767,-0.004510496574301126,-0.002095378634005418
0.005086203448137926,-0.08801983359651148,-0.014271095287894263,-0.014303187639799597,-0.013875339998362934,-0.00481378889920428,-0.004910699328710991,-0.0045104292203019146,-0.002095342736377232
0.005088203528141126,-0.08802460228651092,-0.01427190559393956,-0.014303994829631485,-0.01387612795287768,-0.004814098068640773,-0.0049109985893508986,-0.00451071011322827,-0.00209547829392489
0.005090203608144326,-0.08802375247639369,-0.014271741979104602,-0.014303833289224502,-0.013875967949864183,-0.004814021226111801,-0.004910928239809222,-0.004510641308456096,-0.002095441721600555
0.005092203688147526,-0.08802849486497716,-0.014272547917302059,-0.014304636128131964,-0.013876751667846259,-0.004814328775157284,-0.004911225938854375,-0.004510920749307467,-0.0020955766038454216
0.0050942037681507265,-0.0880276187304932,-0.014272379930820827,-0.01430447023301226,-0.013876587424613666,-0.0048142503108520715,-0.00491115402636718,-0.0045108504912067015,-0.002095539355634173
0.005096203848153927,-0.08803233477263935,-0.014273181493719596,-0.01430526871356413,-0.013877366898831869,-0.0048145562367899785,-0.0049114501611681426,-0.004511128477524273,-0.0020956735614305532
0.005098203928157127,-0.08803143227052831,-0.014273009128433375,-0.01430509845659165,-0.013877198408432337,-0.004814476148099825,-0.004911376683190282,-0.0045110567637330285,-0.0020956356362318023
0.005100204008160327,-0.08803612192473906,-0.0142738063091672,-0.01430589257193927,-0.013877973632222448,-0.004814780448429523,-0.004911671251306319,-0.004511333293251981,-0.0020957691645242457
0.005102204088163527,-0.0880351930152668,-0.014273629558502395,-0.014305717946556976,-0.013877800888275749,-0.004814698732961924,-0.00491159620550155,-0.004511260121602555,-0.0020957305613277383
0.005104204168166727,-0.08803985624357381,-0.014274422350790707,-0.014306507690435386,-0.013878571855541873,-0.004815001405399093,-0.004911889204701064,-0.004511535192252419,-0.0020958634111512458
0.005106204248169927,-0.08803890089053978,-0.014274241208760141,-0.014306328690670528,-0.013878394852236632,-0.004814918060978071,-0.004911812588942507,-0.004511460560771668,-0.0020958241290372553
0.005108204328173127,-0.08804353765851218,-0.014275029606909167,-0.014307114057399336,-0.013879161557451995,-0.004815219103455141,-0.0049121040172033685,-0.004511734170676674,-0.0020959562995173995
0.005110204408176327,-0.08804255582925605,-0.014274844068112883,-0.014306930677864385,-0.013878980289546497,-0.004815134128121673,-0.004912025829573835,-0.00451165807758634,-0.0020959163376568827
0.005112204488179528,-0.0880471661060052,-0.014275628067016842,-0.014307711662349147,-0.013879742727754807,-0.0048154335387882614,-0.004912315685083873,-0.0045119302250658504,-0.0020960478280100396
0.005114204568182728,-0.08804615777141288,-0.014275438126643393,-0.014307523898242917,-0.013879557190578207,-0.0048153469308006725,-0.004912235923876236,-0.004511852668782947,-0.0020960071856648017
0.005116204648185928,-0.0880507415296009,-0.01427621772178546,-0.014308300495976027,-0.013880315357394455,-0.004815644708023944,-0.004912524205033558,-0.004512123352351743,-0.0020961379951982733
0.005118204728189128,-0.08804970666411026,-0.014276023375612741,-0.014308108343084613,-0.013880125546847694,-0.004815556465858231,-0.004912442868751164,-0.004512044331488849,-0.002096096671721123
0.005120204808192328,-0.08805426387995319,-0.014276798563065907,-0.014308880550146202,-0.013880879438459002,-0.004815852608223169,-0.00491272957416442,-0.004512313549857406,-0.0020962267998332605
0.005122204888195528,-0.0880532024615603,-0.014276599807462155,-0.014308684004843943,-0.01388068535101569,-0.004815762730573421,-0.004912646661521348,-0.004512233063222986,-0.0020961847946681456
0.005124204968198728,-0.08805773311483416,-0.014277370583889984,-0.014309451817902627,-0.013881434964182204,-0.004816057236883181,-0.00491293179001009,-0.004512500815297785,-0.0020963142408484997
0.0051262050482019286,-0.0880566451250978,-0.014277167415814642,-0.01430925087715293,-0.013881236596889425,-0.004815965722661816,-0.004912847299931508,-0.0045124188618965,-0.002096271553530648
0.005128205128205128,-0.08806114919914465,-0.014277933778472406,-0.014310014293466884,-0.013881981928945197,-0.004816258591938095,-0.004913130850526508,-0.004512685146780348,-0.002096400317360124
0.005130205208208329,-0.08806003462319029,-0.014277726195476717,-0.014309808954822817,-0.01388177927942417,-0.004816165440276136,-0.00491304478214886,-0.004512601725813202,-0.0020963569475161235
0.005132205288211529,-0.08806451210492151,-0.014278488142211967,-0.014310567972240455,-0.01388252032827784,-0.004816456671759409,-0.0049133267540923875,-0.004512866542805439,-0.0020964850286670712
0.005134205368214729,-0.08806337093144732,-0.014278276142439877,-0.014310358233845785,-0.013882313394724757,-0.004816361882006792,-0.00491323910676376,-0.004512781653670139,-0.0020964409760150368
0.005136205448217929,-0.08806782181134866,-0.014279033671693234,-0.014311112850806383,-0.013883050158860351,-0.004816651475156568,-0.004913519499509775,-0.004513045002266909,-0.0020965683742513556
0.005138205528221129,-0.08806665403262842,-0.014278817253882027,-0.014310898711396023,-0.013882838940046965,-0.004816555046882386,-0.0049134302727900925,-0.004512958644558021,-0.0020965236386010096
0.0051402056082243295,-0.08807107830476268,-0.014279570364687596,-0.014311648926930265,-0.013883571418524152,-0.0048168430013774,-0.004913709086004493,-0.004513220524452399,-0.0020966503537782483
0.005142205688227529,-0.08806988391665035,-0.01427934952816856,-0.014311430385831015,-0.013883355913798447,-0.004816744934370151,-0.004913618279665718,-0.004513132697961618,-0.0020966049350310038
0.00514420576823073,-0.08807428157866243,-0.014280098220154797,-0.014312176199561872,-0.013884084106253549,-0.004817031250108659,-0.004913895513226599,-0.0045133931090438825,-0.0020967309670964756
0.00514620584823393,-0.08807306058059346,-0.014279872964853528,-0.014311953256692793,-0.013883864315540109,-0.004816931544376351,-0.004913803127252899,-0.004513303813760109,-0.002096684865245522
0.00514820592823713,-0.08807743163371234,-0.014280617238243577,-0.014312694668835706,-0.013884588222186254,-0.0048172162214762705,-0.004914078781250661,-0.004513562756117897,-0.0020968102142383425
0.00515020600824033,-0.08807618402870974,-0.014280387564680891,-0.014312467324708844,-0.013884364145986991,-0.004817114877246758,-0.004913984815838745,-0.004513471992227528,-0.0020967634293687708
0.00515220608824353,-0.08808052847775082,-0.014281127420292975,-0.014313204336072345,-0.013885083767614709,-0.004817397916045781,-0.004914258890576254,-0.00451372946614592,-0.00209688809541994
0.0051542061682467305,-0.0880792542724251,-0.014280893329584907,-0.014312972591792946,-0.013884855407008987,-0.004817294933766781,-0.0049141633461352845,-0.004513637234032849,-0.0020968406277087196
0.00515620624824993,-0.08808357212579435,-0.014281628768833,-0.014313705203779059,-0.013885570744986605,-0.004817576334822669,-0.004914435842128106,-0.004513893239994628,-0.0020969646110412243
0.005158206328253131,-0.08808227133034614,-0.014281390262691313,-0.014313469061045943,-0.013885338101631705,-0.004817471715161903,-0.004914338719279988,-0.004513799540240449,-0.0020969164607573124
0.00516020640825633,-0.08808656260004094,-0.014282121287585263,-0.014314197275650578,-0.013886049157905695,-0.004817751479252504,-0.004914609637256433,-0.004514054078926112,-0.002097039761686135
0.005162206488259531,-0.0880852352282637,-0.014281878368317853,-0.014313956736756549,-0.01388581223403723,-0.0048176452230979105,-0.004914510936835885,-0.004513958912310217,-0.0020969909291905318
0.005164206568262731,-0.08808949992987412,-0.014282604981463632,-0.0143146805565695,-0.013886519011132309,-0.004817923351221235,-0.004914780277737097,-0.004514211984598073,-0.002097113548122679
0.005166206648265931,-0.08808814599915521,-0.014282357651974695,-0.014314435624401559,-0.013886277809564205,-0.004817815459680979,-0.004914680000791729,-0.004514115352097728,-0.002097064033868441
0.0051682067282691315,-0.0880923841518654,-0.014283079856574675,-0.014315155052606934,-0.013886980310583691,-0.004818091953055325,-0.004914947765771764,-0.004514366959063954,-0.0020971859713030147
0.005170206808272331,-0.08809100368318715,-0.014282828120364865,-0.014314905730646437,-0.01388673483470865,-0.004817982427457888,-0.0049148459135621445,-0.004514268861854348,-0.002097135775835293
0.005172206888275532,-0.08809521530977722,-0.01428354592021796,-0.014315620771022797,-0.013887433063334497,-0.004818257287521901,-0.0049151121039880995,-0.004514519004773126,-0.002097257032363492
0.005174206968278731,-0.0880938083277174,-0.01428328978138445,-0.014315367063345493,-0.013887183317123927,-0.0048181461294161,-0.004915008677987802,-0.004514419444227382,-0.002097206156319546
0.005176207048281932,-0.08809799345456289,-0.014284003180886207,-0.014316077720265904,-0.013887877277616922,-0.00481841935782879,-0.004915273295439709,-0.0045146681245708375,-0.0020973267326246823
0.005178207128285131,-0.08809655998729467,-0.014283742644122919,-0.014315819631542109,-0.013887623265620925,-0.004818306568983808,-0.004915168297335302,-0.004514567102260068,-0.0020972751767338814
0.005180207208288332,-0.0881007186443678,-0.014284451648265613,-0.01431652590997416,-0.013888312962820715,-0.004818578167624577,-0.004915431343606279,-0.00451481432169832,-0.002097395073591403
0.0051822072882915324,-0.08809925872366113,-0.014284186718863019,-0.014316263445468732,-0.013888054690168291,-0.004818463750029988,-0.004915324775297373,-0.004514711839391639,-0.002097342838675243
0.005184207368294732,-0.0881033909445287,-0.014284891333235404,-0.014316965350974471,-0.0138887401294932,-0.004818733720998574,-0.004915586252393527,-0.004514957599792767,-0.0020974620569526974
0.005186207448297933,-0.08810190460574871,-0.01428462201708064,-0.014316698516546668,-0.013888477601892076,-0.004818617676864293,-0.004915478115992694,-0.004514853659457217,-0.0020974091439247707
0.005188207528301132,-0.08810601042757325,-0.014285322247868066,-0.014317396055282572,-0.013889158789339044,-0.0048188860224807435,-0.004915738026133095,-0.004515097962887237,-0.0020975276845818006
0.005190207608304333,-0.08810449770967942,-0.01428504855144462,-0.014317124857385975,-0.013888892013075508,-0.004818768354236977,-0.004915628323965897,-0.004514992566687806,-0.0020974740944478035
0.005192207688307532,-0.08810857717321795,-0.014285744405428787,-0.014317818036102704,-0.013889568955220173,-0.004819035077041628,-0.004915886669582525,-0.004515235415410611,-0.002097591958536123
0.005194207768310733,-0.08810703811876389,-0.014285466335816482,-0.014317542481785092,-0.013889297937158944,-0.004818915787338822,-0.004915775404187374,-0.004515128565710117,-0.002097537692393801
0.0051962078483139326,-0.08811109126836592,-0.01428615782037519,-0.014318231307827365,-0.01388997064115509,-0.004819180890092203,-0.004916032187925063,-0.004515369962187433,-0.0020976548810571717
0.005198207928317133,-0.088109525923497,-0.014285875385249853,-0.014317951404730312,-0.01388969538873908,-0.004819059981800897,-0.004915919362053165,-0.004515261661546452,-0.002097599940096282
0.005200208008320334,-0.08811355280710347,-0.014286562508356767,-0.014318635886036591,-0.013890363862318596,-0.004819323467483592,-0.004916174586769469,-0.004515501608437719,-0.002097716454570457
0.005202208088323533,-0.08811196122155521,-0.014286275715989808,-0.014318351642395317,-0.01389008438356856,-0.004819200943694403,-0.00491606020338471,-0.0045153918596145025,-0.0020976608400727326
0.005204208168326734,-0.08811596189069566,-0.014286958486214125,-0.014319031787497393,-0.013890748635041002,-0.004819462815506946,-0.004916313872149793,-0.0045156303597767315,-0.0020977766816854112
0.005206208248329933,-0.08811434411779155,-0.014286667345472374,-0.014318743212140224,-0.013890464938555197,-0.00481933867953031,-0.00491619793442859,-0.004515519165727069,-0.0020977203950244914
0.005208208328333134,-0.08811831862758293,-0.014287345771978427,-0.01431941903016298,-0.013891124976807499,-0.004819598940893067,-0.004916450050525122,-0.004515756222214781,-0.002097835565195253
0.0052102084083363335,-0.08811667472423179,-0.014287050292323546,-0.014319126132511096,-0.013890837071761288,-0.004819473196259182,-0.0049163325618563,-0.004515643586091857,-0.002097778607836635
0.005212208488339534,-0.08812062313337383,-0.014287724384870146,-0.014319797633171715,-0.013891492906257056,-0.0048197318508120925,-0.00491658312877919,-0.0045158792021568455,-0.0020978931080768487
0.0052142085683427345,-0.08811895316006683,-0.014287424576358163,-0.014319500423238483,-0.013891200802402361,-0.004819604501270631,-0.004916464092763749,-0.00451576512731104,-0.002097835481577777
0.005216208648345934,-0.08812287553084083,-0.014288094345298505,-0.014320167616846442,-0.013891852443181741,-0.004819861552873127,-0.004916713114220073,-0.004515999306402285,-0.002097949313490566
0.005218208728349135,-0.08812117955164794,-0.014287790218579288,-0.014319866105236933,-0.0138915561508466,-0.004819732602393163,-0.00491659253467106,-0.0045158837963810644,-0.002097891019499992
0.005220208808352334,-0.08812507594991174,-0.014288455674859745,-0.014320529002692883,-0.013892203608525335,-0.00481998805512381,-0.0049168400145797354,-0.004516116542144423,-0.0020980041847800824
0.005222208888355535,-0.08812335403247784,-0.014288147241176361,-0.014320223200603319,-0.013891903138613215,-0.0048198575078934654,-0.004916717895521955,-0.004515999600692064,-0.002097945225038519
0.0052242089683587345,-0.08812722452766325,-0.014288808396336517,-0.014320881813398816,-0.013892546424382334,-0.004820111366049905,-0.004916963838013656,-0.004516230916970201,-0.0020980577254722074
0.005226209048361935,-0.08812547674320449,-0.014288495667524478,-0.014320571732615748,-0.013892241788371411,-0.004819979226476123,-0.004916840183683456,-0.004516112548027571,-0.0020979981018116526
0.005228209128365135,-0.08812932140831074,-0.014289152533695794,-0.014321226072832205,-0.013892880913996208,-0.004820231494574607,-0.004917084593100166,-0.004516342438859547,-0.002098109939276624
0.005230209208368335,-0.08812754783161035,-0.014288835522182549,-0.01432091172573198,-0.013892572123938917,-0.004820097767282982,-0.004916959407945213,-0.004516222646563936,-0.0020980496536204605
0.005232209288371536,-0.088131366743202,-0.014289488112087889,-0.014321561806040215,-0.013893207101758454,-0.004820348450058211,-0.004917202288840097,-0.004516451116185077,-0.002098160830085711
0.005234209368374735,-0.08812956745260415,-0.014289166830891745,-0.01432124320558791,-0.013892894170280355,-0.004820213139892518,-0.004917075577519017,-0.004516329904869822,-0.0020980998844485417
0.005236209448377936,-0.08813336069080432,-0.014289815157844624,-0.01432188903924717,-0.01389352501320659,-0.004820462242297348,-0.004917316934656082,-0.004516556957711429,-0.002098210401974256
0.0052382095283811355,-0.08813153576820984,-0.014289489620573942,-0.014321566198995862,-0.013893207953505704,-0.004820325354319329,-0.004917188702038151,-0.004516434331905653,-0.0020981487984617843
0.005240209608384336,-0.08813530341669594,-0.01429013369847752,-0.0143222077998529,-0.013893834675022603,-0.004820572881524351,-0.004917428540391945,-0.004516659972594672,-0.002098258659199185
0.005242209688387536,-0.08813345294755652,-0.01428980391932982,-0.014321880733942766,-0.013893513500868501,-0.004820434421013392,-0.004917298791556806,-0.0045165359370230454,-0.0020981964000080827
0.005244209768390736,-0.08813719509355343,-0.014290443762675844,-0.014322518116430937,-0.013894136115031023,-0.004820680378406619,-0.004917537116311994,-0.004516760170381712,-0.002098305606199258
0.005246209848393936,-0.08813531916686615,-0.014290109756436976,-0.014322186839588321,-0.013893810840763968,-0.004820540350859323,-0.004917405856549314,-0.004516634729964057,-0.0020982426936170264
0.005248209928397136,-0.08813903590114068,-0.014290745380304917,-0.014322820018726583,-0.01389442936219728,-0.00482078474404587,-0.004917642673100422,-0.004516857561009682,-0.0020983512475948166
0.005250210008400337,-0.08813713460944028,-0.014290407162347616,-0.014322484546262657,-0.013894100002726858,-0.004820643155175637,-0.004917509907909438,-0.004516730720860587,-0.0020982876839995665
0.0052522100884035364,-0.08814082602629458,-0.014291038582403498,-0.014323113537654378,-0.013894714446625005,-0.004820885989977202,-0.004917745221860362,-0.004516952154805064,-0.002098395588187357
0.005254210168406737,-0.08813889946564862,-0.014290696168686803,-0.014322773885464516,-0.013894381017429626,-0.00482074284571399,-0.004917610956949585,-0.004516823920233672,-0.0020983313760477218
0.005256210248409937,-0.08814256566291316,-0.01429132340118204,-0.014323398705296453,-0.013894991399554683,-0.004820984128168517,-0.004917844774113267,-0.004517043962483168,-0.002098438632959293
0.005258210328413137,-0.08814061393291332,-0.014290976808249613,-0.014323054889858558,-0.01389465391667981,-0.004820839434658191,-0.004917709015399971,-0.00451691433899258,-0.0020983737748341623
0.005260210408416337,-0.08814425501193966,-0.014291599870019886,-0.014323675554899645,-0.013895260253360565,-0.004821079171019421,-0.0049179413417979505,-0.004517132995147119,-0.0020984803870734894
0.005262210488419537,-0.08814227821569555,-0.01429124911499906,-0.014323327593273288,-0.013894918733417954,-0.004820932934623424,-0.004917804095407776,-0.004517001988434145,-0.002098414885611876
0.005264210568422738,-0.08814589428134868,-0.014291868023463059,-0.014323944120873308,-0.013895521041548677,-0.0048211711313603765,-0.004918034937269678,-0.004517219264287173,-0.0020985208558729506
0.005266210648425937,-0.08814389252547883,-0.014291513124063487,-0.014323592030698204,-0.01389517550171494,-0.004821023358655234,-0.00491789620953618,-0.004517086880241856,-0.002098454713813755
0.005268210728429138,-0.08814748368612924,-0.01429212789722149,-0.014324204438786526,-0.013895773798754285,-0.004821260022451806,-0.004918125573299338,-0.004517302781779849,-0.002098560044880355
0.0052702108084323376,-0.08814545708075397,-0.014291768871733687,-0.014323848238281305,-0.013895424256769484,-0.004821110720228567,-0.0049179853707634405,-0.004517169026484918,-0.002098493265052184
0.005272210888435538,-0.08814902344826965,-0.014292379528166262,-0.014324456545365537,-0.0138960185607389,-0.004821345857982919,-0.00491821326307235,-0.0045173835598868875,-0.0020985979597976895
0.005274210968438738,-0.0881469721070025,-0.014292016395460504,-0.014324096253326375,-0.01389566503490559,-0.004821195033246777,-0.0049180715924819676,-0.004517248439617488,-0.0020985305451186355
0.005276211048441938,-0.08815051379673933,-0.014292622954326931,-0.014324700478490734,-0.013896255364387985,-0.00482142865207084,-0.004918298020187703,-0.004517461611254443,-0.002098634606505766
0.005278211128445138,-0.08814843783667688,-0.014292255733851306,-0.014324336114289734,-0.013895897873569256,-0.004821276312040393,-0.004918154888497062,-0.004517325132477469,-0.002098566559983149
0.005280211208448338,-0.0881519549674704,-0.01429285821488825,-0.0143249362771938,-0.013896484247707576,-0.004821508419259339,-0.004918379858656881,-0.004517536948912054,-0.002098669991063772
0.005282211288451539,-0.08814985450918442,-0.014292486926667451,-0.014324567860777508,-0.01389612281132585,-0.004821354571366135,-0.0049182352730260505,-0.004517399118285659,-0.002098601315793925
0.0052842113684547385,-0.08815334720334031,-0.014293085350187336,-0.014325163981654537,-0.013896705249821633,-0.004821585174517789,-0.004918458792902736,-0.004517609586271538,-0.002098704119708789
0.005286211448457939,-0.08815122237086738,-0.014292710014821016,-0.0143247915335424,-0.013896339887857044,-0.004821429826405745,-0.004918312760697052,-0.004517470410644726,-0.0020986348188768164
0.005288211528461139,-0.08815469075415074,-0.01429330440171022,-0.014325383633197663,-0.01389691841096867,-0.0048216589332399275,-0.004918534837758339,-0.004517679537126002,-0.00209873699885531
0.005290211608464339,-0.08815254167498249,-0.014292925040371256,-0.01432500717448042,-0.013896549143957508,-0.00482150209276467,-0.004918387366547813,-0.004517539023537951,-0.0020986670757348175
0.005292211688467539,-0.08815598587660925,-0.014293515412088745,-0.014325595274289556,-0.013897123772498745,-0.00482172971124267,-0.004918608008465832,-0.00451774681564874,-0.0020987686350947025
0.005294211768470739,-0.08815381268168208,-0.014293132046521545,-0.014325214826627328,-0.013896750621531617,-0.0048215713864708755,-0.004918459106024508,-0.00451760497132826,-0.0020986980930475245
0.005296211848473939,-0.08815723283430643,-0.014293718425096807,-0.014325798948534653,-0.01389732137686971,-0.0048217975247647,-0.004918678320675099,-0.00451781143639199,-0.0020987990351946633
0.0052982119284771395,-0.08815503565799082,-0.014293331077615589,-0.014325414534155399,-0.013896944363590161,-0.004821637723973589,-0.004918527994980467,-0.004517668268756998,-0.0020987278776706305
0.00530021200848034,-0.08815843189769608,-0.014293913485647007,-0.014325994700671972,-0.01389751126764419,-0.004821862390465325,-0.004918745790442536,-0.00451787341428584,-0.002098828206098712
0.00530221208848354,-0.08815621087778473,-0.01429352217913385,-0.014325606342369509,-0.013897130414246485,-0.004821701122141757,-0.004918594049674838,-0.004517728930942641,-0.0020987564366353093
0.00530421216848674,-0.08815958334407106,-0.014294100639786785,-0.014326182576571395,-0.013897693489485661,-0.0048219243254229655,-0.0049188104342297876,-0.004517932764636944,-0.0020988561549255655
0.00530621224848994,-0.088157338621769,-0.014293705397689878,-0.014325790297703594,-0.013897308818713363,-0.00482176159826293,-0.004918657286771326,-0.004517786973379705,-0.002098783777147681
0.00530821232849314,-0.0881606874575424,-0.014294279934694754,-0.014326362623229985,-0.013897868088154906,-0.0048219833471338045,-0.004918872268902248,-0.004517989503127265,-0.002098882888968573
0.00531021240849634,-0.08815841917745346,-0.014293880781026273,-0.01432596644771669,-0.013897479623298615,-0.0048218191700415995,-0.004918717723336755,-0.004517842411937314,-0.0020988099065881866
0.0053122124884995405,-0.08816174452901339,-0.014294451418676501,-0.01432653488876766,-0.01389803511050605,-0.004822039473510324,-0.004918931311727762,-0.004518043645812779,-0.0020989084156951086
0.00531421256850274,-0.08815945283912968,-0.014294048378010732,-0.014326134841088899,-0.01389764287540166,-0.0048218738555978165,-0.004918775376839588,-0.004517895262857922,-0.0020988348325109646
0.005316212648505941,-0.08816275485615607,-0.0142946151411609,-0.01432669942242365,-0.013898194604482711,-0.0048220927228797734,-0.004918987580375108,-0.004518095209122097,-0.0020989327427459324
0.005318212728509141,-0.08816043990784357,-0.014294208238631933,-0.014326295527617232,-0.013897798623509282,-0.00482192567346562,-0.004918830265148521,-0.004517945542755934,-0.002098858562643214
0.005320212808512341,-0.08816371874338644,-0.01429477115269543,-0.014326856274551967,-0.013898346619113948,-0.004822143113982634,-0.004919041092912549,-0.004518144209855101,-0.0020989558779345436
0.005322212888515541,-0.08816138069137357,-0.014294360413995363,-0.014326448558211682,-0.01389794691719172,-0.004821974642591602,-0.004918882406531011,-0.004517993268616353,-0.0020988811048845827
0.005324212968518741,-0.08816463650183737,-0.014294919504942322,-0.014327005496617216,-0.013898491204510031,-0.0048221906659710835,-0.004919091867806254,-0.0045181906651814915,-0.0020989778292465275
0.0053262130485219415,-0.08816227550420201,-0.014294504956318912,-0.014326593984890574,-0.013898087807098303,-0.004822020782333094,-0.004918931819651613,-0.0045180384577932714,-0.002098902467306444
0.005328213128525141,-0.08816550844933319,-0.014295060250673964,-0.014327147141190294,-0.013898628411858172,-0.00482223539840727,-0.004919139923918775,-0.004518234592639364,-0.002098998604838874
0.005330213208528342,-0.08816312466748741,-0.014294641918928208,-0.014326731860776046,-0.013898221344953023,-0.00482206411245663,-0.004918978523570381,-0.004518081128008363,-0.0020989226581512024
0.005332213288531542,-0.08816633491036102,-0.01429519344376825,-0.014327281261943709,-0.013898758293418126,-0.004822277331261707,-0.0049191852805073434,-0.004518276010133639,-0.0020990182130392497
0.005334213368534742,-0.08816392850903872,-0.01429477135625231,-0.014326862240089798,-0.013898347583550213,-0.0048221046531362775,-0.0049190225377413665,-0.0045181212973494185,-0.002098941685831624
0.005336213448537942,-0.08816711621604384,-0.0142953191392041,-0.014327407913646971,-0.013898880902517655,-0.0048223164849115156,-0.004919227957222293,-0.004518314935934579,-0.0020990366623453174
0.005338213528541142,-0.08816468736328652,-0.01429489332381884,-0.014326985178148252,-0.013898466576750031,-0.004822142424951811,-0.004919063882010775,-0.004518158984268787,-0.0020989595589300846
0.005340213608544342,-0.08816785270411188,-0.014295437393056677,-0.01432752715216205,-0.013898996293548004,-0.00482235288013871,-0.004919267974105354,-0.0045183513886761905,-0.002099053961423979
0.005342213688547542,-0.08816540157125202,-0.014295007878249116,-0.014327100731357352,-0.013898578379473494,-0.004822177448886957,-0.004919102576615298,-0.004518194207581691,-0.0020989762861978113
0.005344213768550743,-0.08816854471887181,-0.014295548262492377,-0.014327639034438195,-0.013899104521959055,-0.004822386538128336,-0.0049193053515877855,-0.004518385387354571,-0.0020990701191106295
0.005346213848553942,-0.0881660714805203,-0.014295115077253456,-0.014327208957208466,-0.013898683047698044,-0.004822209746327646,-0.0049191386421804624,-0.004518226986464692,-0.002098991876554155
0.005348213928557143,-0.08816919261117764,-0.01429565180576385,-0.01432774361850706,-0.01389920564425435,-0.004822417480466634,-0.004919340110488753,-0.004518416951326246,-0.002099085144408343
0.005350214008560343,-0.08816669744520678,-0.01429521497962566,-0.014327309914272486,-0.013898780638452362,-0.004822239339059983,-0.004919172099718574,-0.0045182573404539145,-0.002099006339085771
0.005352214088563543,-0.08816979673839989,-0.014295748082205089,-0.014327840963477823,-0.013899299717986516,-0.004822445729139198,-0.004919372272013425,-0.004518446100306554,-0.002099099046487173
0.005354214168566743,-0.08816727982592845,-0.014295307645238361,-0.014327403662195261,-0.013898871209811458,-0.004822266249268512,-0.004919202970627113,-0.004518285289443383,-0.0020990196830458496
0.005356214248569943,-0.08817035746439292,-0.01429583715222576,-0.014327931129531518,-0.013899386801751727,-0.00482247130652894,-0.004919401857751032,-0.004518472854367788,-0.0020991118346832378
0.0053582143285731436,-0.0881678189897707,-0.014295393135037306,-0.014327490261692017,-0.013898954820891549,-0.004822290499534108,-0.004919231276686713,-0.004518310853683296,-0.0020990319178532738
0.005360214408576343,-0.08817087515946491,-0.014295919077306452,-0.01432801417791618,-0.013899466955184805,-0.00482249423541424,-0.00491942888967311,-0.004518497233937507,-0.002099123518497974
0.005362214488579544,-0.08816831531025433,-0.014295471511036117,-0.014327569774541977,-0.013899031531844738,-0.004822312112832062,-0.004919257040059236,-0.0045183340537781,-0.0020990430530918023
0.005364214568582743,-0.08817135020034227,-0.0142959939199926,-0.014328090170941093,-0.013899540238953902,-0.0048225145389668295,-0.004919453390131449,-0.0045185192597967105,-0.0020991341075972635
0.005366214648585944,-0.08816876916730428,-0.01429554283631098,-0.014327642263583202,-0.013899101403853767,-0.004822331112530094,-0.004919280283285907,-0.004518354910684851,-0.0020990530985092216
0.005368214728589144,-0.08817178297013806,-0.014296061743889369,-0.014328159171971328,-0.01389960671475491,-0.004822532240749785,-0.004919475381856084,-0.00451853895307793,-0.002099143611810551
0.005370214808592344,-0.08816918094721303,-0.014295607174994595,-0.01432770779270642,-0.01389916449912651,-0.004822347522386112,-0.0049193010292851586,-0.004518373445711177,-0.002099062064016459
0.0053722148885955445,-0.08817217385831715,-0.014296122613655749,-0.014328221245422114,-0.01389966644530624,-0.004822547364715426,-0.004919494887953371,-0.004518556335263459,-0.002099152041130025
0.005374214968598744,-0.08816955104260746,-0.014295664592270533,-0.014327766426849712,-0.013899220880890184,-0.004822361366546217,-0.004919319301350613,-0.004518389680513416,-0.002099069959686674
0.005376215048601945,-0.08817252326066011,-0.014296176594998733,-0.014328276456752992,-0.013899719494342813,-0.004822559935203092,-0.004919511931903772,-0.004518571428183274,-0.002099159405709657
0.005378215128605144,-0.08816987985241492,-0.014295715154367913,-0.0143278182319927,-0.0138992706133862,-0.004822372669542552,-0.0049193351231491406,-0.004518403637094781,-0.0020990767957544364
0.005380215208608345,-0.08817283157922903,-0.014296223754667487,-0.014328324872461879,-0.013899765926610585,-0.004822569976937078,-0.004919526537559874,-0.004518584254013185,-0.0020991657158643093
0.0053822152886115445,-0.08817016778182363,-0.014295758928554598,-0.014327863275150286,-0.013899313761863798,-0.004822381456290998,-0.004919348518718509,-0.004518415337803218,-0.002099082582614726
0.005384215368614745,-0.08817309922233174,-0.014296264160447441,-0.01432836656007932,-0.01389980580786087,-0.004822577515024365,-0.00491953872914418,-0.004518594835272859,-0.002099170982068855
0.0053862154486179455,-0.08817041524224892,-0.01429579598313165,-0.014327901624366764,-0.013899350392574328,-0.004822387752088969,-0.004919359512465313,-0.00451842480532946,-0.0020990873308219925
0.005388215528621145,-0.08817332660448181,-0.014296297881153787,-0.014328401588161944,-0.013899839204843794,-0.00482258257495227,-0.004919548531246865,-0.0045186031948236055,-0.0020991752149571346
0.005390215608624346,-0.08817062265129554,-0.014295826387427078,-0.014327933348709833,-0.013899380572765577,-0.004822391582613199,-0.004919368129162848,-0.004518432062705021,-0.002099091051089273
0.005392215688627545,-0.08817351414636447,-0.014296324986625534,-0.014328430026286657,-0.013899866185302881,-0.004822585182586271,-0.004919555968823666,-0.004518609355866542,-0.0020991784253210745
0.005394215768630746,-0.08817079043271894,-0.014295850211789411,-0.014327958518263961,-0.013899404370675156,-0.004822392973917305,-0.004919374393948689,-0.0045184371333000265,-0.0020990937542871456
0.0053962158486339454,-0.08817366227479614,-0.014296345547719235,-0.014328451945044084,-0.01389988681796847,-0.004822585364167572,-0.004919561067193529,-0.004518613341940321,-0.002099180624109679
0.005398215928637146,-0.08817091901638668,-0.014295867527581359,-0.014327977204124268,-0.01389942185552462,-0.004822391952429487,-0.004919378332322545,-0.004518440040821124,-0.0020990954514427613
0.0054002160086403465,-0.08817377142268526,-0.01429635963630204,-0.014328467416032038,-0.013899901172551563,-0.004822583146310723,-0.004919563852036246,-0.004518615176918976,-0.002099181822427998
0.005402216088643546,-0.08817100883823904,-0.014295878407173139,-0.014327989478389768,-0.013899433097512893,-0.004822388544950052,-0.004919379970143811,-0.004518440809309257,-0.0020990961537388432
0.005404216168646747,-0.08817384202899498,-0.014296367325245762,-0.01432847651184938,-0.013899909319737613,-0.0048225785560012625,-0.004919564349390306,-0.0045186148850099184,-0.002099182031536176
0.005406216248649946,-0.08817106034025021,-0.014295882923936166,-0.014327995414157154,-0.013899438167810045,-0.00482238277864907,-0.00491937933362934,-0.004518439463137603,-0.002099095872512673
0.005408216328653147,-0.08817387453869983,-0.014296368688419603,-0.014328479306088736,-0.013899911331179633,-0.004822571620593105,-0.00491956258565028,-0.0045186124907514716,-0.002099181262848358
0.005410216408656346,-0.08817107397038652,-0.01429588115223607,-0.014327995085513667,-0.013899437138550701,-0.004822374681063781,-0.0049193764493509025,-0.004518436027009212,-0.0020990946192550176
0.005412216488659547,-0.08817386940274732,-0.014296363800683817,-0.014328475873330344,-0.013899907279492134,-0.004822562367806215,-0.00491955858756454,-0.004518608019010838,-0.0020991795279316945
0.005414216568662747,-0.08817105018256495,-0.01429587316742579,-0.01432798856753061,-0.013899430082827343,-0.0048223642800961355,-0.0049193713442328086,-0.004518430525954769,-0.002099092405609115
0.005416216648665947,-0.0881738270780145,-0.014296352737882611,-0.014328466289134792,-0.013899897238243978,-0.004822550825723892,-0.004919552382232746,-0.004518601494981641,-0.0020991768385052265
0.005418216728669148,-0.08817098943661243,-0.01429585904583887,-0.01432797593625615,-0.013899417074683606,-0.0048223516040101985,-0.004919364045549453,-0.0045184229853303046,-0.002099089243369565
0.005420216808672347,-0.088173748027266,-0.014296335576836797,-0.014328450630036012,-0.013899881281951658,-0.004822537022790227,-0.0049195439971033,-0.00451859294418167,-0.002099173206438821
0.005422216888675548,-0.08817089219822219,-0.014295838864782159,-0.014327957268708412,-0.01389939818910732,-0.004822336681429501,-0.0049193545809226875,-0.004518413430814809,-0.002099085144481239
0.005424216968678747,-0.08817363271911405,-0.014296312395337617,-0.014328428973534707,-0.013899859486072901,-0.0048225209878076675,-0.004919533459970984,-0.0045185823924506225,-0.0020991686437521217
0.005426217048681948,-0.08817075893891142,-0.014295812702528866,-0.0143279326428684,-0.013899373502023882,-0.004822319541334506,-0.004919342978319402,-0.004518401888407951,-0.0020990801210382234
0.0054282171286851475,-0.08817348162796988,-0.014296283272138466,-0.014328401398090372,-0.013899831926998837,-0.004822502749933967,-0.004919520798974123,-0.004518569865947476,-0.0020991631626133466
0.005430217208688348,-0.088170590135977,-0.014295780638311146,-0.014327902137672708,-0.01389934309028879,-0.004822300213059827,-0.004919329266048851,-0.004518388384427566,-0.002099074185282633
0.005432217288691548,-0.08817329523400379,-0.014296248286948207,-0.014328367983114572,-0.013899798682047515,-0.004822482338679866,-0.004919506042592158,-0.004518555391148267,-0.002099156775338222
0.005434217368694748,-0.08817038627245077,-0.014295742752312709,-0.014327865833006055,-0.013899307031680767,-0.004822278726291525,-0.004919313472760002,-0.004518372945507215,-0.0020990673496035163
0.005436217448697949,-0.08817307402309865,-0.014296207520423636,-0.014328328808963505,-0.013899759829456548,-0.004822459783906092,-0.004919489219642973,-0.004518538994843546,-0.00209914949438882
0.005438217528701148,-0.08817014783705523,-0.014295699125661443,-0.014327823809693973,-0.013899265404894457,-0.004822255111064352,-0.004919295627438918,-0.004518355598593807,-0.0020990596265356726
0.005440217608704349,-0.08817281848680482,-0.014296161054161833,-0.014328283956930192,-0.013899715448375687,-0.0048224351158207175,-0.0049194703592801365,-0.004518520704135872,-0.0020991413323723997
0.0054422176887075485,-0.0881698753241571,-0.014295649840421684,-0.014327776149495208,-0.013899218289532866,-0.004822229397758974,-0.004919275759406008,-0.004518336370944929,-0.002099051028758496
0.005444217768710749,-0.08817252912229417,-0.014296108970692587,-0.014328233509237176,-0.013899665618859565,-0.004822408364976293,-0.0049194494909902175,-0.004518500546437286,-0.002099132302040195
0.005446217848713949,-0.0881695692337214,-0.014295594979586775,-0.014327722935094073,-0.013899165766100263,-0.004822201617099096,-0.004919253898313343,-0.004518315290126422,-0.0020990415690948024
0.005448217928717149,-0.08817220643231345,-0.014296051353470722,-0.014328177549028596,-0.013899610421860097,-0.00482237956226697,-0.004919426644590054,-0.004518478549466793,-0.002099122416286283
0.005450218008720349,-0.08816923007126488,-0.01429553462707107,-0.014327664250092714,-0.013899107915994439,-0.004822171800148607,-0.004919230074141788,-0.004518292384009786,-0.0020990312605096055
0.005452218088723549,-0.08817185092513662,-0.014295988286868124,-0.014328116160362513,-0.013899549939218818,-0.004822348738925639,-0.004919401850223869,-0.004518454741247624,-0.0020991116881463033
0.00545421816872675,-0.08816885834780723,-0.014295468867702037,-0.014327600179003103,-0.013899044821498844,-0.004822139978308657,-0.004919204317198251,-0.004518267680769429,-0.0020990201161088864
0.0054562182487299495,-0.08817146311451858,-0.014295919856166042,-0.01432804942820311,-0.013899484253659604,-0.004822315926521021,-0.0049193751383605835,-0.004518429150104858,-0.0020991001307963204
0.00545821832873315,-0.0881684545798251,-0.014295397787212533,-0.014327530807239388,-0.013898976565775387,-0.004822106183314751,-0.004919176658112871,-0.004518241208880232,-0.0020990081491384237
0.00546021840873635,-0.0881710435196444,-0.014295846147546774,-0.014327977438412302,-0.01389941344878012,-0.004822281156954607,-0.004919346539790767,-0.004518401804662444,-0.00209908775755148
0.00546221848873955,-0.08816801928920166,-0.014295321472232432,-0.014327456221109572,-0.013898903232856143,-0.004822070447233707,-0.004919147127836031,-0.004518212997114731,-0.002098995372982484
0.00546421856874275,-0.08817059266508195,-0.014295767248085624,-0.014327900277741992,-0.013899337609044658,-0.004822244462457748,-0.004919316085623858,-0.004518372733840717,-0.0020990745818648183
0.00546621864874595,-0.08816755300317657,-0.014295240010280503,-0.014327376507807346,-0.013898824907635297,-0.004822032802460635,-0.004919115757635448,-0.004518183074540335,-0.0020989818011625506
0.005468218728749151,-0.08817011108073255,-0.01429568324574297,-0.014327818033825854,-0.013899256819775867,-0.004822205875588616,-0.004919283807285227,-0.004518341966853646,-0.0020990606173260113
0.0054702188087523505,-0.08816705625429919,-0.014295153489756317,-0.014327291755404108,-0.013898741675861801,-0.00482199328171594,-0.004919082579093351,-0.004518151470516789,-0.0020989674473361197
0.005472218888755551,-0.08816959930177866,-0.014295594229355288,-0.014327730795170713,-0.013899171167146437,-0.004822165429229032,-0.004919249736513095,-0.004518309533205947,-0.0020990458776600084
0.005474218968758751,-0.08816652958037423,-0.014295061999931575,-0.01432720205284029,-0.013898653624130427,-0.004821951918042154,-0.0049190476241033195,-0.004518118214693223,-0.0020989523252953313
0.005476219048761951,-0.08816905786863652,-0.014295500288627496,-0.014327638651148607,-0.013899080738171466,-0.004822123156581467,-0.004919213905355688,-0.0045182754626904706,-0.0020990303767258163
0.005478219128765151,-0.08816597352441384,-0.0142949656309419,-0.01432710748991709,-0.013898560839874037,-0.004821908744800816,-0.004919010924867331,-0.004518083337005349,-0.0020989364489656707
0.005480219208768351,-0.08816848732690058,-0.014295401514123776,-0.014327541691987846,-0.013898985620699508,-0.004822079091165799,-0.004919176346168009,-0.004518239785385157,-0.002099014128515116
0.005482219288771551,-0.08816538863458465,-0.014294864473778097,-0.01432700815728801,-0.013898463411355307,-0.004821863795669427,-0.004918972513892746,-0.004518046867672745,-0.002098919832404725
0.0054842193687747514,-0.08816788822729553,-0.014295297997259355,-0.014327440008764777,-0.013898885903404944,-0.004822033266816226,-0.004919137091608944,-0.004518202531650386,-0.0020989971471509898
0.005486219448777952,-0.0881647754641544,-0.014294758620277544,-0.014326904146449933,-0.013898361427657822,-0.004821817104638024,-0.0049189324239891,-0.0045180088371958044,-0.002098902489800708
0.005488219528781152,-0.08816726112562116,-0.014295189830291656,-0.01432733369339486,-0.013898781675778935,-0.004821985717677946,-0.004919096174637992,-0.0045181637321259635,-0.002098979446886525
0.005490219608784352,-0.0881641345714421,-0.014294648163115507,-0.014326795549734777,-0.013898254978678307,-0.004821768706006161,-0.004918890688265152,-0.004517969276353008,-0.002098884435471249
0.005492219688787552,-0.08816660658269952,-0.014295077106311354,-0.014327222838623963,-0.013898673028121132,-0.004821936478203956,-0.0049190536285122,-0.004518123417728172,-0.0020989610421034777
0.005494219768790752,-0.08816346651976092,-0.014294533195796015,-0.014326682460300234,-0.013898144155117325,-0.004821718634379504,-0.004918847340125465,-0.0045179282161977915,-0.002098865683861916
0.005496219848793952,-0.08816592516432409,-0.014294959919233952,-0.014327107538019725,-0.013898560051531233,-0.0048218855831518425,-0.004919009486783057,-0.004518081619646996,-0.0020989419473109263
0.005498219928797152,-0.08816277187736785,-0.014294413812643375,-0.014326564972121373,-0.013898029048471166,-0.004821666924666631,-0.004918802413267515,-0.004517885688055783,-0.002098846249544902
0.005500220008800352,-0.08816521744120052,-0.014294838363789988,-0.014326987885962091,-0.013898442837899656,-0.0048218330675802576,-0.004918963783293077,-0.004518038369342881,-0.0020989221771438187
0.0055022200888035526,-0.08816205121740713,-0.014294290108792677,-0.014326443179981111,-0.013897909751022666,-0.004821613612075571,-0.004918755941678223,-0.004517841723521664,-0.0020988261472175956
0.005504220168806753,-0.08816448398889737,-0.014294712535516917,-0.014326863977634857,-0.013898321479899549,-0.00482177896684581,-0.004918916552172807,-0.004517993698543974,-0.0020989017463616294
0.005506220248809953,-0.08816130511785521,-0.01429416218018093,-0.01432631717946147,-0.01389778635583265,-0.004821558732110514,-0.004918707959630795,-0.004517796354456148,-0.002098805391701185
0.005508220328813153,-0.08816372538778629,-0.014294582530749072,-0.014326735909015967,-0.01389819607097718,-0.00482172331659945,-0.004918867827837344,-0.004517947639242852,-0.0020988806698469184
0.005510220408816353,-0.08816053416146652,-0.014294030123537816,-0.014326187066934358,-0.013897658956730775,-0.004821502320568444,-0.004918658501681457,-0.0045177496129830234,-0.002098783997939245
0.005512220488819553,-0.08816294222298947,-0.014294448446608985,-0.014326603776868809,-0.013898066705343342,-0.004821666152783253,-0.004918817644983158,-0.004517900223693662,-0.0020988589626038984
0.005514220568822753,-0.08815973893571595,-0.014293894036376145,-0.014326052939552055,-0.013897527648306603,-0.0048214444135355515,-0.004918607602666063,-0.004517701531485913,-0.0020987619809962675
0.0055162206488259535,-0.08816213508432122,-0.014294310380997724,-0.014326467678732429,-0.013897933477964171,-0.004821607511626793,-0.004918766038584677,-0.004517851484408835,-0.0020988366397569898
0.005518220728829154,-0.08815892003274324,-0.014293754016982962,-0.014325914895238137,-0.013897392525900614,-0.004821385047383976,-0.0049185552976968045,-0.004517652142605318,-0.0020987393560562466
0.005520220808832354,-0.08816130456623159,-0.014294168432585545,-0.014326327712912415,-0.0138977964845519,-0.00482154742964374,-0.004918713043890961,-0.004517801454156041,-0.0020988137165493786
0.005522220888835554,-0.08815807804929528,-0.014293610164409512,-0.014325773032677886,-0.013897253685594654,-0.004821324258768099,-0.00491850162215878,-0.0045176014792353576,-0.0020987161384211955
0.005524220968838754,-0.08816045126775048,-0.014294022700802602,-0.014326183978471487,-0.013897655821555987,-0.004821485943628423,-0.004918658696422341,-0.004517750165955115,-0.0020987902083415564
0.005526221048841954,-0.08815721358666873,-0.014293462578462082,-0.014325627451308788,-0.013897111224203038,-0.004821262084621164,-0.004918446611706596,-0.00451754957452063,-0.0020986923435096752
0.005528221128845154,-0.08815957579242649,-0.014293873285828693,-0.01432603657521938,-0.013897511586153098,-0.004821423090652027,-0.004918603031966815,-0.004517697653074612,-0.0020987661306097606
0.0055302212088483545,-0.08815632725065169,-0.014293311359692022,-0.014325478251310834,-0.013896965239262876,-0.004821198562151595,-0.004918390302260915,-0.004517496461853009,-0.002098667986855289
0.005532221288851554,-0.08815867874827235,-0.014293720288584378,-0.014325885603703969,-0.013897363876238506,-0.004821358908059359,-0.004918546086576841,-0.004517643949028899,-0.002098741498944602
0.005534221368854755,-0.08815541965146471,-0.014293156609386315,-0.01432532553359698,-0.013896815829024928,-0.00482113372883949,-0.004918332730004997,-0.0045174421748684175,-0.0020986430841052187
0.005536221448857955,-0.0881577607477019,-0.014293563810720515,-0.01432573116520078,-0.013897212790415954,-0.004821293433464886,-0.004918487896565599,-0.004517589087574656,-0.0020987163290494275
0.005538221528861155,-0.08815449140370211,-0.014292998429557483,-0.014325169399803162,-0.013896663092443738,-0.004821067622432916,-0.004918273931381152,-0.00451738674744356,-0.0020986176510186384
0.005540221608864355,-0.08815682240747479,-0.014293403954608886,-0.014325573361703732,-0.013897058427988471,-0.004821226704749362,-0.004918428498503647,-0.004517533102707763,-0.00209869063673889
0.005542221688867555,-0.08815354312627179,-0.01429283692293379,-0.014325009952278544,-0.013896507129168198,-0.004821000280944307,-0.004918213943087227,-0.004517330213692611,-0.0020985917034652595
0.0055442217688707555,-0.08815586434863314,-0.014293240823331931,-0.014325412295914884,-0.013896900888948575,-0.004821158760056032,-0.0049183679292152975,-0.004517476028659941,-0.002098664437937376
0.005546221848873955,-0.08815257544233604,-0.01429267219294944,-0.014324847294075667,-0.01389634803953211,-0.004820931742646808,-0.0049181528020730975,-0.004517272607964,-0.0020985652574237643
0.005548221928877156,-0.08815488719644247,-0.01429307452067275,-0.014325248071234468,-0.013896740273968455,-0.004821089637786891,-0.004918306225774971,-0.004517417899895373,-0.0020986377486774312
0.005550222008880355,-0.08815158897924891,-0.01429250434373414,-0.014324681528940092,-0.013896185924543798,-0.0048208620460703944,-0.004918090545536935,-0.004517213964836915,-0.002098538328980208
0.005552222088883556,-0.08815389158033189,-0.014292905151105324,-0.014325080791751117,-0.01389657668439051,-0.0048210193765990976,-0.004918243425503787,-0.004517358751107503,-0.002098610585098275
0.005554222168886756,-0.08815058436849725,-0.01429233348010326,-0.014324512761300643,-0.013896020885876862,-0.004820791229998338,-0.0049180272109217394,-0.004517154319118066,-0.002098510934326525
0.005556222248889956,-0.08815287813382966,-0.014292732819783806,-0.014324910562231185,-0.013896410222216967,-0.004820948015401005,-0.004918179565965665,-0.00451729861721543,-0.002098582963444138
0.0055582223288931564,-0.08814956224563761,-0.014292159707547374,-0.01432434109625898,-0.013895853025859948,-0.0048207193334632685,-0.0049179628359115445,-0.004517093705838231,-0.0020984830897588843
0.005560222408896356,-0.08815184749450443,-0.014292557632532631,-0.014324737488109014,-0.013896240990100273,-0.004820875593348583,-0.0049181146849638325,-0.004517237533360725,-0.002098554900062726
0.005562222488899557,-0.08814852325023423,-0.014291983132222155,-0.014324166639579408,-0.013895682447466796,-0.004820646395743441,-0.004917897458427859,-0.004517032160248825,-0.002098454811676131
0.005564222568902756,-0.0881508003039015,-0.014292379695836127,-0.014324561675476426,-0.013896069091333082,-0.004820802149841436,-0.004918048820537168,-0.004517175534903871,-0.002098526411403643
0.005566222648905957,-0.0881474680257974,-0.014291803860937842,-0.0143239894976786,-0.013895509254306273,-0.004820572456358889,-0.004917831116625883,-0.00451696971781852,-0.0020984261165781872
0.005568222728909156,-0.08814973720747928,-0.014292199116827813,-0.014324383231072118,-0.013895894629837749,-0.00482072772451899,-0.004917982010956227,-0.004517112657420756,-0.0020984975140167015
0.005570222808912357,-0.08814639721971876,-0.014291622001148892,-0.014323809777614972,-0.013895333550611988,-0.004820497555067513,-0.004917763848890779,-0.004516906414229693,-0.0020983970210644164
0.005572222888915557,-0.08814865885454837,-0.014292016003280379,-0.014324202262271794,-0.01389571771015678,-0.004820652357256739,-0.004917914294719853,-0.004517048936699426,-0.0020984682245504265
0.005574222968918757,-0.08814531148321009,-0.014291437660943356,-0.014323627587078398,-0.013895155441232359,-0.004820421731861292,-0.0049176956938339535,-0.004516842285374991,-0.00209836754183202
0.005576223048921958,-0.0881475658982042,-0.014291830463594586,-0.014324018877076823,-0.013895538437441825,-0.004820576088162124,-0.004917845710551084,-0.00451698440873624,-0.00209843855975027
0.005578223128925157,-0.08814421147123677,-0.014291250949032195,-0.014323443034379506,-0.013894975031620082,-0.004820345026962259,-0.004917626690289221,-0.004516777367353748,-0.002098337695674365
0.005580223208928358,-0.08814645899526696,-0.01429164260678912,-0.014323833184104408,-0.01389535691744406,-0.0048204989575708,-0.004917776297393564,-0.004516919109732641,-0.002098408536457131
0.005582223288931557,-0.08814309784245551,-0.01429106197473889,-0.014323256228439106,-0.013894792427821937,-0.004820267480818622,-0.004917556877309026,-0.0045167116964685144,-0.0020983074994793812
0.005584223368934758,-0.0881453388062135,-0.014291452542489425,-0.014323645292576282,-0.013895173256503303,-0.0048204210060425155,-0.004917706094407575,-0.004516853076091386,-0.002098378171605536
0.005586223448937958,-0.08814197125914879,-0.014290870847988399,-0.01432306727877751,-0.0138946077364683,-0.004820189134100775,-0.004917486294160612,-0.004516645309221476,-0.0020982769702278703
0.005588223528941158,-0.08814420599511427,-0.01429126038091714,-0.014323455312308438,-0.013894987561537677,-0.0048203422743572704,-0.004917635140966266,-0.0045167863444131075,-0.0020983474822221077
0.0055902236089443585,-0.08814083238715797,-0.0142906776792963,-0.014322876295503387,-0.013894421064762422,-0.004820110027697224,-0.004917414980322025,-0.00451657824231073,-0.0020982461249918058
0.005592223688947558,-0.08814306122956801,-0.014291066232879367,-0.014323263353699997,-0.013894799940033292,-0.0048202628035112,-0.0049175634766517855,-0.00451671895149263,-0.002098316485423833
0.005594223768950759,-0.08813968189582135,-0.014290482579758226,-0.01432268338930355,-0.013894232520470347,-0.004820030202710745,-0.0049173429754784635,-0.004516510532626897,-0.002098214980932728
0.005596223848953958,-0.08814190518063314,-0.014290870209757235,-0.01432306952772228,-0.013894610500033112,-0.004820182634712562,-0.0049174911412512515,-0.004516650934315311,-0.002098285198416324
0.005598223928957159,-0.08813852045790413,-0.014290285661038583,-0.014322488671431455,-0.013894042211909772,-0.004819949700454148,-0.004917270319518144,-0.004516442217249284,-0.0020981835552999996
0.0056002240089603585,-0.08814073852276612,-0.014290672423495705,-0.014322873945908273,-0.013894419350126959,-0.004820101809377742,-0.004917418174753024,-0.004516582330053551,-0.002098253638492248
0.005602224088963559,-0.08813734874953405,-0.014290087035359512,-0.014322292253696401,-0.013893850247939576,-0.0048198685624462395,-0.004917197052528447,-0.004516373333442311,-0.0020981518654290634
0.0056042241689667595,-0.08813956193375035,-0.014290472986591654,-0.014322676720340953,-0.013894226599440288,-0.004820020369127048,-0.0049173446173425995,-0.004516513176062919,-0.0020982218230294757
0.005606224248969959,-0.08813616745013463,-0.014289886815490174,-0.014322094248452632,-0.013893656737949137,-0.004819786830407854,-0.004917123214791994,-0.004516303918651859,-0.002098119928739845
0.00560822432897316,-0.08813837609463078,-0.014290272012083246,-0.01432247796364278,-0.01389403235762341,-0.004819938355780672,-0.004917270509398631,-0.004516443509878576,-0.002098189769489464
0.005610224408976359,-0.08813497724235585,-0.01428968511473492,-0.014321894768587806,-0.013893461791847169,-0.004819704546257525,-0.004917048846782564,-0.004516234010501433,-0.0020980877627348833
0.00561222448897956,-0.08813718168964722,-0.01429006961353862,-0.014322277788964123,-0.013893836734840953,-0.0048198558113545405,-0.004917195891489055,-0.004516373369211527,-0.0020981574954154754
0.0056142245689827595,-0.08813377881200946,-0.014289482046922774,-0.01432169392751232,-0.013893265520051249,-0.004819621752107535,-0.0049169739891611695,-0.004516163646788604,-0.0020980553849977305
0.00561622464898596,-0.0881359794061645,-0.014289865905044543,-0.014322076309972275,-0.013893639841760508,-0.004819772778056156,-0.0049171208043669356,-0.004516302791944905,-0.002098125018430856
0.00561822472898916,-0.08813257284799789,-0.014289277726395556,-0.014321491839147549,-0.013893068033476483,-0.004819538490259565,-0.004916898682771966,-0.004516092865481121,-0.002098022813191103
0.00562022480899236,-0.08813476993460677,-0.014289661001195256,-0.014321873640840102,-0.013893441789542025,-0.0048196892982804145,-0.004917045288966527,-0.004516231816130176,-0.0020980923562372955
0.005622224888995561,-0.0881313600422476,-0.014289072267996831,-0.014321288617914856,-0.013892869443524658,-0.004819454803200606,-0.004916822968638216,-0.004516021704713206,-0.002097990065055183
0.00562422496899876,-0.08813355396838539,-0.014289455017080756,-0.014321669896234571,-0.013893242689826427,-0.00481960541460535,-0.004916969386399081,-0.00451616047998336,-0.00209805952661302
0.005626225049001961,-0.08813014108964014,-0.014288865787060451,-0.01432108437872415,-0.013892669862073253,-0.004819370733598772,-0.004916746887958228,-0.004515950202781772,-0.0020979571584058628
0.0056282251290051604,-0.08813233220383361,-0.014289248068275754,-0.014321465191305493,-0.013893042654724784,-0.0048195211697879825,-0.004916893137948893,-0.004516088821881284,-0.0020980265474111106
0.005630225209008361,-0.08812891668794089,-0.014288658399398881,-0.014320879236962165,-0.013892469401463999,-0.004819286324298877,-0.004916670482101187,-0.00451587839814254,-0.0020979241111329042
0.005632225289011561,-0.08813110534013434,-0.014289040270827754,-0.014321259641673963,-0.013892841796806867,-0.004819436606760006,-0.0049168165850690965,-0.004516016880357671,-0.002097993436557624
0.005634225369014761,-0.08812768753773345,-0.014288450221291988,-0.014320673308481519,-0.013892268174492017,-0.004819201618318425,-0.0049165937926031675,-0.004515806329406339,-0.002097890941198255
0.005636225449017961,-0.08812987407925163,-0.014288831741245936,-0.0143210533634209,-0.013892640229090248,-0.004819351768623574,-0.004916739769377572,-0.00451594469409942,-0.002097960212049895
0.005638225529021161,-0.08812645434234535,-0.014288241369475065,-0.014320466709588486,-0.013892066294394335,-0.004819116658843115,-0.004916516861162816,-0.004515734035335097,-0.002097857666634157
0.005640225609024362,-0.08812863912586047,-0.014288622596489014,-0.01432084647307536,-0.01389243806502861,-0.004819266698646888,-0.004916662732652778,-0.004515872301942588,-0.0020979268919546754
0.005642225689027561,-0.08812521780778074,-0.014288031961127462,-0.014320259557031931,-0.013891863874838593,-0.0048190314892226265,-0.004916439729637342,-0.00451566155483811,-0.002097824305541435
0.005644225769030762,-0.08812740118727568,-0.014288412953953819,-0.01432063908760282,-0.013892235418500725,-0.004819181440259992,-0.004916585516829557,-0.004515799742868649,-0.0020978934944063505
0.005646225849033962,-0.08812397864264827,-0.014287822113860706,-0.01432005196799129,-0.013891661029911845,-0.0048189461529662934,-0.004916362440038226,-0.004515588926968031,-0.002097790876087605
0.005648225929037162,-0.08812616097338251,-0.014288202931463698,-0.014320431324393867,-0.013892032403799036,-0.004819096037050441,-0.004916508163995034,-0.004515727056000578,-0.0020978600376051703
0.005650226009040362,-0.08812273755809104,-0.014287611945706786,-0.014319844060064991,-0.013891457874108962,-0.004818860693738731,-0.0049162850345271045,-0.004515516190917099,-0.0020977573965051386
0.005652226089043562,-0.08812491919656351,-0.014287992647256283,-0.014320223301251803,-0.01389182913561792,-0.004819010532758808,-0.004916430716384239,-0.00451565428059879,-0.0020978265398153206
0.005654226169046763,-0.0881214952677144,-0.014287401575106292,-0.01431963595125861,-0.01389125452232115,-0.004818775155355453,-0.004916207555411441,-0.0045154433860130835,-0.002097723885089553
0.005656226249049962,-0.08812367657162955,-0.014287782219972185,-0.014320015136381484,-0.013891625729042614,-0.004818924971274493,-0.004916353216376068,-0.004515581456057477,-0.0020977930193632316
0.005658226329053163,-0.08812025248751515,-0.01428719112089653,-0.014319427759973025,-0.013891051089824566,-0.004818689581778554,-0.004916130045140401,-0.004515370551715439,-0.002097690360197652
0.0056602264090563625,-0.08812243381574539,-0.014287571768642534,-0.014319806948376953,-0.013891422299537257,-0.004818839396631132,-0.00491627570648885,-0.004515508621900342,-0.0020977594946355975
0.005662226489059563,-0.08811900993580929,-0.014286980702299683,-0.014319219604992623,-0.013890847692268575,-0.004818604017112209,-0.004916052546300493,-0.004515297727611266,-0.00209765684024563
0.005664226569062763,-0.08812119164835963,-0.014287361412677458,-0.014319598856209826,-0.013891218962933662,-0.004818753853002353,-0.0049161982293762325,-0.004515435817776911,-0.00209772598407766
0.005666226649065963,-0.08811776833315951,-0.014286770438910735,-0.014319011605473235,-0.013890644445664383,-0.004818518505598353,-0.00491597510161137,-0.004515224953411416,-0.002097623343707262
0.005668226729069163,-0.08811995079113126,-0.014287151271853754,-0.014319390979217207,-0.013891015835419296,-0.004818668384697244,-0.004916120827822787,-0.004515363083458331,-0.0020976925061912542
0.005670226809072363,-0.08811652840230298,-0.01428656045068534,-0.0143188038809302,-0.013890441466372963,-0.004818433091612077,-0.004915897753921479,-0.004515152268946422,-0.002097589889112001
0.005672226889075564,-0.088118711967857,-0.014286941466302949,-0.01431918343708953,-0.013890813033525797,-0.004818583036155866,-0.004916043544739704,-0.004515290458833527,-0.0020976590795329796
0.0056742269690787635,-0.08811529086807823,-0.014286350857927992,-0.014318596551226168,-0.013890238871093643,-0.004818347819657371,-0.004915820546203699,-0.004515079714162527,-0.0020975564950431367
0.005676227049081964,-0.08811747590440014,-0.014286732116499468,-0.014318976349858965,-0.013890610674117312,-0.004818497851944953,-0.0049159664231606115,-0.004515217983905123,-0.0020976257227123887
0.005678227129085164,-0.08811405645735307,-0.014286141781279705,-0.014318389736559486,-0.013890036776852282,-0.004818262734362465,-0.004915743521551197,-0.0045150073291177,-0.002097523180135961
0.005680227209088364,-0.08811624332861345,-0.014286523343247861,-0.014318769837886611,-0.013890408874378446,-0.004818412876753165,-0.004915889506236997,-0.004515145698785307,-0.002097592454389988
0.005682227289091564,-0.0881128258989496,-0.014285933341705786,-0.014318183557451371,-0.013889835300989492,-0.004818177880475451,-0.0049156667231728705,-0.004514935153977482,-0.002097489963075805
0.005684227369094764,-0.08811501497027008,-0.014286315267671271,-0.01431856402185113,-0.013890207751802686,-0.0048183281553868355,-0.0049158128372340975,-0.004515073643692037,-0.00209755929327549
0.005686227449097964,-0.08811159992357157,-0.014285725660483866,-0.014317978134734378,-0.013889634561148525,-0.004818093302859688,-0.004915590194389058,-0.0045148632290110445,-0.0020974568625962103
0.0056882275291011645,-0.08811379156098603,-0.014286108011198635,-0.01431835902273567,-0.013890007424180307,-0.004818243732765238,-0.004915736459526322,-0.004515001858944671,-0.0020975262581257982
0.005690227609104365,-0.08811037926372976,-0.014285518859191448,-0.014317773589539786,-0.013889434675263702,-0.00481800904648932,-0.0049155139786272554,-0.004514791594587059,-0.0020974238974770416
0.005692227689107565,-0.0881125738341487,-0.014285901695552768,-0.01431815496181645,-0.013889808009586542,-0.004818159653916256,-0.0049156604165930505,-0.004514930384960139,-0.002097493367743224
0.005694227769110765,-0.08810916465366825,-0.014285313059693387,-0.014317570043285235,-0.013889235761548206,-0.004817925156444689,-0.00491543811941749,-0.00451472029116958,-0.00209739108654251
0.005696227849113965,-0.08811136252484092,-0.01428569644273789,-0.014317951960649961,-0.013889609626369653,-0.004818075963971595,-0.00491558475201403,-0.0045148592622487015,-0.0020974606409734824
0.005698227929117165,-0.08810795682929178,-0.014285108384130135,-0.014317367617663036,-0.01388903793848247,-0.004817841677907871,-0.004915362660388257,-0.0045146493593141435,-0.0020973584486594105
0.005700228009120365,-0.08811015836976759,-0.014285492375027251,-0.014317750141060724,-0.013889412393138945,-0.004817992708162453,-0.004915509509465169,-0.00451478853140993,-0.002097428096703865
0.0057022280891235655,-0.0881067565280859,-0.014284904954904818,-0.014317166434627108,-0.013888841324801574,-0.004817758656157965,-0.004915287645261718,-0.004514578839663313,-0.002097326002735035
0.005704228169126766,-0.08810896210718017,-0.014285289614950724,-0.014317549625129159,-0.013889216428752642,-0.004817909931814736,-0.004915434732713937,-0.004514718233128553,-0.0020973957538612596
0.005706228249129966,-0.08810556448904808,-0.014284702894670825,-0.014316966616380891,-0.01388864603948376,-0.004817676136566548,-0.004915213117849521,-0.004514508772942871,-0.002097293767715377
0.005708228329133166,-0.08810777447680063,-0.014285088285282375,-0.014317350535178684,-0.01388902185230576,-0.004817827680344574,-0.0049153604656149855,-0.004514648408170253,-0.002097363631410265
0.005710228409136366,-0.08810438145260853,-0.014284502326319686,-0.014316768285365053,-0.013888452201737973,-0.004817594164593149,-0.00491513912204825,-0.004514439199957467,-0.0020972617625831576
0.005712228489139566,-0.0881065962197493,-0.014284888509027947,-0.014317152993763972,-0.01388882878311823,-0.004817745999253724,-0.004915286752105751,-0.004514579097377729,-0.0020973317483512503
0.005714228569142766,-0.08810320816055606,-0.014284303372968337,-0.014316571564244781,-0.013888259930991891,-0.004817512785780542,-0.004915065701834979,-0.00451437016158667,-0.0020972300063559265
0.005716228649145966,-0.08810542807846543,-0.014284690409412245,-0.01431695712365773,-0.013888637340722291,-0.004817664934124783,-0.004915213636201789,-0.004514510341666242,-0.002097300123718415
0.005718228729149166,-0.08810204535596368,-0.014284106157946506,-0.014316376575897502,-0.0138880693468797,-0.00481743204575012,-0.004914992901262798,-0.004514301698780584,-0.002097198518084062
0.005720228809152367,-0.08810427079663477,-0.01428449410986692,-0.014316763047838651,-0.013888447644851063,-0.0048175845306167595,-0.004915141161992574,-0.00451444218201977,-0.0020972687765778756
0.005722228889155567,-0.08810089378310965,-0.014283910804784264,-0.014316183443399997,-0.013887880569229856,-0.004817351990197254,-0.004914920764456274,-0.0045142338525558405,-0.0020971673168488913
0.005724228969158767,-0.08810312511911195,-0.014284299734017498,-0.014316570889479005,-0.013888259815425566,-0.004817504834460343,-0.004915069373636753,-0.004514374659486567,-0.0020972377260256936
0.005726229049161967,-0.08809975418740584,-0.014283717437199557,-0.01431599229001644,-0.013887693718053108,-0.004817272664886737,-0.004914849335607078,-0.004514166663991369,-0.0020971364217607386
0.005728229129165167,-0.08810199179184405,-0.014284107405670762,-0.014316380771931259,-0.013888073972542724,-0.004817425891453124,-0.004914998315357755,-0.004514307815175106,-0.0020972069911859253
0.005730229209168367,-0.08809862731531637,-0.014283526179084963,-0.014315803239185038,-0.013887508913529602,-0.004817194115647898,-0.0049147786589692705,-0.0045141001742241066,-0.0020971058519569192
0.005732229289171567,-0.08810087156179579,-0.014283917248802411,-0.014316192818716489,-0.013887890236463318,-0.004817347747455107,-0.004914928031439246,-0.004514241690249857,-0.0020971765912086897
0.0057342293691747676,-0.08809751391428655,-0.014283337154495899,-0.014315616414506106,-0.013887326275997449,-0.004817116388370165,-0.004914708778854979,-0.004514034424444981,-0.0020970756265998518
0.005736229449177967,-0.08809976517687228,-0.014283729387544124,-0.014316007153510996,-0.013887708727599419,-0.004817270448383923,-0.004914858566220635,-0.004514176325927072,-0.002097146545268207
0.005738229529181168,-0.08809641473266226,-0.014283150487637236,-0.014315431939728984,-0.01388714592593973,-0.004817039528998229,-0.004914639739629725,-0.004513969455894529,-0.002097045764875055
0.005740229609184368,-0.08809867338584128,-0.014283543946170731,-0.01431582390013385,-0.013887529566502025,-0.0048171940402100925,-0.004914789964092415,-0.004514111763470508,-0.00209711687256079
0.005742229689187568,-0.08809533051961484,-0.014282966302850727,-0.014315249938739385,-0.013886967983972336,-0.004816963583527299,-0.004914571585707935,-0.004513905309858729,-0.0020970162859891813
0.005744229769190768,-0.08809759693825871,-0.01428336104908784,-0.014315643182534423,-0.013887352873848931,-0.004817118568952441,-0.004914722269491815,-0.004514048044187336,-0.0020970875923029477
0.005746229849193968,-0.08809426202506462,-0.014282784724602492,-0.014315070535546962,-0.013886792570831754,-0.004816888597998571,-0.0049145043615483955,-0.004513842027664803,-0.002096987209168073
0.0057482299291971685,-0.08809653658438946,-0.014283180820818735,-0.014315465124779261,-0.013887178770432159,-0.004817044080673266,-0.0049146555268980196,-0.004513985209423746,-0.00209705872372936
0.005750230009200368,-0.08809320999960196,-0.01428260587746978,-0.014314893854272042,-0.013886619807362386,-0.004816814618494298,-0.0049144381116496,-0.0045137796506768794,-0.0020969585536547517
0.005752230089203569,-0.0880954930751314,-0.014283003385991727,-0.014315289851039555,-0.013887007377145499,-0.004816970621473665,-0.004914589780827761,-0.004513923300560812,-0.0020970302860909154
0.005754230169206768,-0.08809217519441297,-0.014282429886128732,-0.01431472001913351,-0.013886449814504438,-0.004816741691133233,-0.00491437288054534,-0.004513718220291887,-0.002096930338707491
0.005756230249209969,-0.08809446716193793,-0.01428282886932716,-0.014315117485578384,-0.013886838814972217,-0.0048168982374887865,-0.004914525075830639,-0.004513862359010146,-0.0020970022986527273
0.005758230329213169,-0.0880911583611989,-0.01428225687534093,-0.014314549154435457,-0.013886282713281076,-0.004816669862065759,-0.00491430871279993,-0.004513657777935132,-0.002096902583597766
0.005760230409216369,-0.08809345959674036,-0.014282657395625007,-0.014314948152737893,-0.01388667320497256,-0.004816826974883149,-0.0049144614564846315,-0.004513802426209769,-0.002096974780692193
0.0057622304892195695,-0.08809016025210172,-0.014282086969941083,-0.014314381384554724,-0.01388611862478638,-0.004816599177469231,-0.0049142456530037685,-0.00451359836505617,-0.0020968753076083444
0.005764230569222769,-0.08809247113186991,-0.014282489089751283,-0.014314781976926235,-0.013886510668271007,-0.004816756879845682,-0.004914398967391342,-0.004513743543619628,-0.002096947751496911
0.00576623064922597,-0.08808918161962329,-0.014281920294823685,-0.014314216833927824,-0.01388595767017243,-0.004816529683543134,-0.004914183745768653,-0.004513540023124414,-0.0020968485300312265
0.005768230729229169,-0.0880915025199818,-0.014282324076625894,-0.014314619082605205,-0.013886351326044344,-0.004816687998585279,-0.0049143376531716396,-0.004513685752717598,-0.0020969212303628124
0.00577023080923237,-0.08808822321655108,-0.014281756974930582,-0.014314055627038351,-0.013885799970637238,-0.004816461426504449,-0.004914123035723251,-0.004513482793624971,-0.0020968222701657144
0.00577223088923557,-0.08809055451397428,-0.014282162481209134,-0.0143144595942768,-0.013886195299508505,-0.004816620377325728,-0.004914277558460775,-0.0045136290949949155,-0.0020968952365920538
0.00577423096923877,-0.08808728579587682,-0.014281597135237512,-0.014313897888403744,-0.013885645647411692,-0.004816394452582677,-0.004914063567508339,-0.004513426718054259,-0.002096796547316368
0.0057762310492419705,-0.08808962786691475,-0.01428200442848929,-0.014314303636470946,-0.013886042709906449,-0.0048165540623011935,-0.0049142187279040215,-0.004513573611952116,-0.002096869789491119
0.00577823112924517,-0.08808637011072189,-0.014281440900741753,-0.014313743742562885,-0.013885494821747604,-0.004816328808015316,-0.0049140053857724035,-0.0045133718379157806,-0.002096771380791049
0.005780231209248371,-0.08808872333195779,-0.014281850043469152,-0.014314151333731984,-0.013885893678495352,-0.004816489099751187,-0.004914161206151815,-0.004513519345094569,-0.0020968449083687314
0.00578223128925157,-0.08808547691425599,-0.014281288396448655,-0.014313593314062689,-0.013885347614904526,-0.0048162645390428345,-0.0049139485351668115,-0.004513318194715766,-0.00209674678989889
0.005784231369254771,-0.08808784166227024,-0.014281699451153514,-0.01431400281060633,-0.013885748326534305,-0.004816425535916032,-0.004914105037855344,-0.004513466335928337,-0.0020968206125339347
0.00578623144925797,-0.08808460695962196,-0.01428113974735901,-0.014313446727445476,-0.013885204148137669,-0.004816201691904081,-0.004913893060341296,-0.004513265829958922,-0.0020967227939483082
0.005788231529261171,-0.08808698361094974,-0.01428155277653582,-0.01431385819162897,-0.013885606775271361,-0.004816363417031819,-0.004914050267661729,-0.004513414625955665,-0.002096796921294015
0.0057902316092643714,-0.08808376099985543,-0.01428099507845593,-0.014313304107236064,-0.013885064542685108,-0.004816140312831351,-0.004913839005939318,-0.004513214785144111,-0.0020966994122450003
0.005792231689267571,-0.08808614993095104,-0.014281410144585664,-0.014313717601311228,-0.013885469145931442,-0.004816302789325904,-0.004913996940209586,-0.004513364256670948,-0.0020967738539525932
0.005794231769270772,-0.08808293978780732,-0.014280854514691821,-0.01431316557792859,-0.013884928919755077,-0.004816080448045654,-0.004913786416593366,-0.00451316510176001,-0.0020966766640899237
0.005796231849273971,-0.08808534137500186,-0.014281271680235057,-0.014313581164126926,-0.013885335559703007,-0.004816243699011736,-0.004913945100124125,-0.004513315269556091,-0.0020967514298074583
0.005798231929277172,-0.08808214407606564,-0.014280718180975567,-0.014313031263973795,-0.013884797400513578,-0.004816022143751889,-0.0049137353369203595,-0.00451311682128085,-0.0020966545687773077
0.005800232009280371,-0.08808455869553043,-0.014281137508366371,-0.014313449004500366,-0.013885206137726338,-0.004816186192284452,-0.004913894792012814,-0.004513267706076528,-0.0020967296681487658
0.005802232089283572,-0.08808137461687639,-0.014280586202159221,-0.014312901289765824,-0.013884670106071506,-0.004815965446134059,-0.004913685811516985,-0.004513069985162012,-0.0020966331455926305
0.0058042321692867715,-0.0880838026445815,-0.01428100775379827,-0.014313321246792476,-0.01388508100107997,-0.004816130315315722,-0.004913846060460427,-0.004513221607676597,-0.0020967085882568305
0.005806232249289972,-0.08808063216206602,-0.014280458703025313,-0.014312775779629519,-0.013884547157472268,-0.004815910401350428,-0.0049136378849550764,-0.0045130246348358315,-0.002096612413810629
0.005808232329293173,-0.08808307397374258,-0.014280882541273628,-0.01431319801528856,-0.013884960270768871,-0.004816076114249211,-0.0049137989500246376,-0.004513177015775452,-0.002096688209400269
0.005810232409296372,-0.08807991746296172,-0.014280335808273445,-0.01431265485780722,-0.013884428675678994,-0.004815857055528775,-0.004913591601776924,-0.00451298081170715,-0.002096592392693242
0.005812232489299573,-0.08808237343406178,-0.014280761995445784,-0.014313079434184773,-0.013884844067711136,-0.0048160236351955646,-0.004913753505231208,-0.00451313397176258,-0.002096668550833884
0.005814232569302772,-0.08807923127031372,-0.014280217642507646,-0.014312538648445802,-0.013884314781561824,-0.004815805454761447,-0.004913547006490617,-0.004512938557149071,-0.002096573101487647
0.005816232649305973,-0.08808170177597129,-0.014280646240865962,-0.014312965627575447,-0.013884732512725846,-0.0048159729242276995,-0.004913709770569412,-0.004513092516993576,-0.002096649631796697
0.0058182327293091725,-0.08807857433421645,-0.014280104330223005,-0.014312427275583699,-0.013884205595885409,-0.004815755645100711,-0.004913504143565436,-0.004512897912498552,-0.0020965545594242145
0.005820232809312373,-0.08808105974920823,-0.014280535401970022,-0.01431285671944008,-0.01388462572652013,-0.004815924027375966,-0.004913667790487358,-0.004513052692785765,-0.002096631471509938
0.005822232889315573,-0.08807794740402945,-0.014279995995792818,-0.014312320863138033,-0.013884101239296212,-0.004815707672553799,-0.004913463057427129,-0.004512858919052186,-0.0020965367857145086
0.005824232969318773,-0.08808044810273524,-0.014280429603065333,-0.014312752833629974,-0.013884523829676483,-0.004815876990623307,-0.004913627609387281,-0.004513014540413858,-0.0020966140891749987
0.005826233049321974,-0.08807735122829953,-0.014279892763455409,-0.01431221953489137,-0.013884001832309709,-0.004815661583078149,-0.004913423792453318,-0.00451282161806177,-0.0020965197995492673
0.005828233129325173,-0.08807986758466324,-0.014280328968318014,-0.014312654093855712,-0.013884426942640346,-0.004815831859900445,-0.004913589271620997,-0.004512978101105669,-0.002096597503971457
0.005830233209328374,-0.08807678655468144,-0.014279794757301218,-0.01431212341447886,-0.013883907495297993,-0.004815617422576586,-0.004913386392968789,-0.004512786050730033,-0.002096503620096388
0.0058322332893315735,-0.08807931894217139,-0.014280233621739505,-0.01431256062367385,-0.01388433518570714,-0.004815788681081101,-0.004913552821485113,-0.004512943416037769,-0.0020965817350550287
0.005834233369334774,-0.08807625412985953,-0.014279702101259601,-0.014312032625375299,-0.01388381834847678,-0.00481557523689249,-0.0049133509032408445,-0.004512752258206274,-0.0020964882664989103
0.005836233449337974,-0.08807880292142935,-0.014280143687173844,-0.014312472546474076,-0.013884248679009892,-0.004815747499977117,-0.004913518303216472,-0.004512910526331119,-0.002096566801555578
0.005838233529341174,-0.08807575469946895,-0.014279614919085953,-0.014311947290881913,-0.0138837345118931,-0.004815535071804987,-0.004913317367474666,-0.0045127202815820645,-0.002096473757873015
0.005840233609344375,-0.08807832026751838,-0.014280059288284491,-0.014312389985466065,-0.013884167542506374,-0.0048157083623336944,-0.00491348576098744,-0.004512879473046788,-0.0020965527225750924
0.005842233689347574,-0.08807528900801717,-0.01427953333434847,-0.0143118675341136,-0.013883656105412397,-0.004815496973024115,-0.004913285829808647,-0.004512690161886886,-0.0020964601133059784
0.005844233769350775,-0.0880778717243523,-0.014279980548541099,-0.014312313063666478,-0.013884091895966486,-0.004815671313824468,-0.004913455238901231,-0.0045128502971815854,-0.0020965395171856443
0.0058462338493539745,-0.08807485779880521,-0.014279457470415252,-0.014311793477985706,-0.01388358324870595,-0.004815460986186001,-0.004913256334309702,-0.004512661940083808,-0.0020964473518542003
0.005848233929357175,-0.08807745803459961,-0.014279907591206918,-0.014312241903886204,-0.013884021858959752,-0.004815636400046878,-0.004913426780987329,-0.004512823039663796,-0.0020965272044274307
0.005850234009360375,-0.08807446181384901,-0.014279387450441118,-0.0143117252452012,-0.013883516061238202,-0.004815427156848058,-0.004913228924968673,-0.004512635657065196,-0.0020964354925411496
0.005852234089363575,-0.08807707993960436,-0.014279840539325243,-0.01431217662871706,-0.013883957550842443,-0.004815603666517165,-0.004913400431196757,-0.004512797741348764,-0.0020965158033067186
0.005854234169366775,-0.0880741017938008,-0.014279323397354741,-0.014311662958237575,-0.013883454662254109,-0.004815395530484216,-0.004913203645695591,-0.004512611353648326,-0.0020964245543553814
0.005856234249369975,-0.0880767381793073,-0.014279779515706753,-0.01431211736051898,-0.01388389909074505,-0.004815573158665664,-0.004913376233397435,-0.004512774443014609,-0.0020965053327938366
0.005858234329373176,-0.08807377847787147,-0.014279265433845549,-0.014311606739334,-0.013883399170766636,-0.004815366152480016,-0.004913180540315154,-0.004512589070571119,-0.0020964145562485203
0.0058602344093763754,-0.08807643349216916,-0.014279724642916346,-0.014312064221407022,-0.013883846597559714,-0.004815544921831952,-0.004913354231369586,-0.004512753185357983,-0.0020964958118211943
0.005862234489379576,-0.08807349260375082,-0.014279213682350746,-0.014311556710478247,-0.01388334970554397,-0.0048153390681279235,-0.00491315965256195,-0.004512568848487832,-0.0020964055171332477
0.005864234569382776,-0.08807616661508987,-0.014279676043260213,-0.014312017333238466,-0.01388380018992758,-0.004815519001260123,-0.004913334468801059,-0.00451273400898964,-0.002096487259281241
0.005866234649385976,-0.08807324490752948,-0.01427916826504203,-0.014311512993393602,-0.013883306385096841,-0.004815314322622324,-0.00491314102607585,-0.004512550727964629,-0.002096397455881262
0.005868234729389176,-0.08807593828333159,-0.014279633838772626,-0.014311976817599575,-0.013883759986225963,-0.004815495442093828,-0.004913316989282622,-0.004512716954430139,-0.0020964796940244656
0.005870234809392376,-0.08807303612362212,-0.014279129303813186,-0.014311475709526374,-0.013883269327666294,-0.004815291961055059,-0.004913124704397451,-0.004512534749475434,-0.002096390391321361
0.005872234889395576,-0.08807574923044047,-0.014279598151203261,-0.014311942795793097,-0.013883726104556201,-0.00481547428937166,-0.004913301836303482,-0.004512702062105621,-0.0020964731348574084
0.005874234969398776,-0.08807286698468635,-0.01427909692026644,-0.014311444980032327,-0.013883238651210586,-0.00481527202841023,-0.004913110730963332,-0.004512520953397488,-0.0020963843422373294
0.005876235049401977,-0.08807560018816726,-0.014279569102003849,-0.014311915388824877,-0.013883698662730506,-0.004815455588022214,-0.004913289053246427,-0.004512689372343391,-0.0020964676005406314
0.0058782351294051766,-0.08807273822154715,-0.014279071235699946,-0.014311420925764297,-0.013883214473392922,-0.004815254569559734,-0.004913099149101457,-0.004512509380007122,-0.002096379327366006
0.005880235209408377,-0.08807549188639191,-0.01427954681231575,-0.01431189471739143,-0.013883677778260049,-0.004815439382859445,-0.004913278683383507,-0.004512678925367738,-0.0020964631097867663
0.005882235289411577,-0.0880726505631178,-0.014279052371094692,-0.01431140366725899,-0.013883196911568897,-0.004815239629258321,-0.004913090002026602,-0.004512500069475437,-0.0020963753653952663
0.005884235369414777,-0.08807542505304092,-0.014279531402956288,-0.014311880901866431,-0.01388366356834153,-0.004815425718577688,-0.004913270769871024,-0.004512670761295471,-0.0020964596812584205
0.005886235449417977,-0.08807260473632192,-0.014279040447101553,-0.014311393324724192,-0.013883186082773854,-0.004815227252138848,-0.0049130833328356735,-0.00451249306186399,-0.002096372474962028
0.005888235529421177,-0.08807540041401511,-0.014279522994406603,-0.014311874062288538,-0.013883656149845729,-0.0048154146397471264,-0.004913265355745334,-0.004512664920131861,-0.002096457333566311
0.005890235609424377,-0.08807260146601507,-0.0142790355840283,-0.014311390018025876,-0.013883182103710265,-0.004815217482707529,-0.004913079184503121,-0.004512488397120556,-0.0020963706746502443
0.0058922356894275775,-0.08807541869310617,-0.014279521706797953,-0.014311874318347783,-0.013883655639303842,-0.004815406190808792,-0.004913262483917829,-0.004512661441766088,-0.0020964560852671354
0.005894235769430778,-0.08807264147490826,-0.014279037901826866,-0.014311393866675326,-0.013883185090735384,-0.0048152103653391135,-0.004913077599876324,-0.0045124861150748,-0.002096369982988924
0.005896235849433978,-0.08807548061192438,-0.014279527659899692,-0.014311881789373615,-0.013883662152896041,-0.004815400416070018,-0.004913262197170735,-0.004512660365967238,-0.0020964559548617154
0.005898235929437178,-0.08807272548348866,-0.014279047520080296,-0.014311404989816317,-0.01388319515984868,-0.004815205944272187,-0.004913078621670998,-0.004512486255434019,-0.002096370418450131
0.005900236009440378,-0.08807558688981539,-0.014279540973105392,-0.014311896594320903,-0.01388367580643792,-0.00481539735969944,-0.0049132645381521345,-0.00451266173237977,-0.002096456960792872
0.005902236089443578,-0.08807285420994419,-0.014279064557990077,-0.014311423506212393,-0.013883212426679422,-0.004815204263604437,-0.0049130822924666265,-0.004512488857778918,-0.002096371999447029
0.005904236169446778,-0.08807573824378875,-0.014279561765421124,-0.014311918851758487,-0.01388369671536927,-0.004815397065722574,-0.004913269549371702,-0.004512665580519512,-0.0020964591214435967
0.0059062362494499785,-0.08807302837008413,-0.014279089134363022,-0.01431144953423382,-0.013883237006474003,-0.004815205367287833,-0.004913088654701815,-0.004512493961559228,-0.002096374744331848
0.005908236329453179,-0.08807593538843511,-0.014279590155451452,-0.014311948679855135,-0.013883724994740195,-0.004815399578016708,-0.004913277273195892,-0.0045126719497691386,-0.002096462455134893
0.005910236409456379,-0.08807324867726322,-0.014279121367598836,-0.014311483191845211,-0.013883269014083915,-0.004815209299123976,-0.0049130977506698145,-0.004512501606089654,-0.002096378671393972
0.005912236489459579,-0.08807617903585346,-0.014279626261387741,-0.014311986196367836,-0.013883760759200203,-0.004815404940306516,-0.004913287751843561,-0.004512680879374207,-0.0020964669801239863
0.005914236569462779,-0.0880735158423034,-0.014279161375676907,-0.014311524596592339,-0.01388330856395288,-0.004815216102759292,-0.004913109622513839,-0.0045125118305453845,-0.0020963837988578833
0.005916236649465979,-0.08807646989557036,-0.014279670200994472,-0.014312031518628221,-0.013883804122984346,-0.00481541319615909,-0.004913301027381187,-0.004512692408438604,-0.0020964727146021785
0.005918236729469179,-0.08807383057341873,-0.014279209276143899,-0.014311573865589757,-0.013883355770104862,-0.004815225821680432,-0.004913124312222589,-0.004512524673958104,-0.002096390144881283
0.0059202368094723795,-0.08807680867446738,-0.014279722091597249,-0.0143120847635306,-0.013883855199902298,-0.004815424388979413,-0.004913317141718587,-0.004512706575920667,-0.0020964796766930393
0.005922236889475579,-0.08807419357613713,-0.01427926518610095,-0.014311631115508101,-0.013883410746131558,-0.004815238499209493,-0.004913141861625761,-0.004512540175211613,-0.0020963977275530623
0.00592423696947878,-0.08807719607669935,-0.014279782050069351,-0.01431214604751851,-0.013883914103324626,-0.004815438562005477,-0.0049133361366040665,-0.004512723420628599,-0.0020964878844502927
0.00592623704948198,-0.08807460555322338,-0.014279329222190567,-0.014311696462561054,-0.013883473605179858,-0.004815254178499282,-0.004913162312389294,-0.004512558373037611,-0.0020964065648913454
0.00592823712948518,-0.08807763280362345,-0.01427985019281977,-0.014312215486572924,-0.013883980946171694,-0.0048154557583038205,-0.004913358053620218,-0.00451274298121662,-0.0020964973558560054
0.00593023720948838,-0.08807506720460515,-0.01427940150058472,-0.014311770022493309,-0.013883544459940042,-0.004815272902528776,-0.004913185706011127,-0.0045125793060116085,-0.00209641667484158
0.00593223728949158,-0.08807811955371689,-0.014279926635779849,-0.014312293196198844,-0.013884055840900415,-0.004815476020764624,-0.004913382934179098,-0.0045127652961804215,-0.00209650810881848
0.0059342373694947805,-0.08807557922729396,-0.014279482136971436,-0.01431185191056741,-0.013883623422633048,-0.00481529471409831,-0.004913212083816463,-0.004512603012548618,-0.0020964280752745206
0.00593623744949798,-0.08807865702250739,-0.014280011494391348,-0.014312379291413362,-0.01388413889949282,-0.004815499392097256,-0.004913410819517988,-0.004512790403853283,-0.002096520161170452
0.005938237529501181,-0.08807614231531105,-0.014279571246542621,-0.014311942241551565,-0.013883710604998496,-0.004815319655825023,-0.004913241486953389,-0.0045126295308989825,-0.0020964407839843256
0.00594023760950438,-0.0880792459024905,-0.014280104883593155,-0.014312473886732577,-0.013884230233442964,-0.004815525914825406,-0.0049134417506946125,-0.0045128183424016114,-0.0020965335306670167
0.005942237689507581,-0.08807675715961033,-0.01427966894398134,-0.014312041129706857,-0.01388380611828235,-0.004815347770138117,-0.0049132739563883055,-0.00451265889914429,-0.0020964548186865983
0.005944237769510781,-0.08807988688306036,-0.014280206917809464,-0.0143125770961596,-0.01388432995374577,-0.004815555631282709,-0.0049134757685829955,-0.0045128491498210846,-0.002096548234983812
0.005946237849513981,-0.08807742444800443,-0.01427977534344943,-0.01431214868877502,-0.013883910073224886,-0.004815379099274349,-0.00491330953290157,-0.0045126911551930824,-0.0020964701970164696
0.005948237929517181,-0.08808058065042854,-0.014280317710936501,-0.014312689033171526,-0.013884438170883844,-0.0048155885836078305,-0.0049135129138686345,-0.0045128828639321526,-0.0020965642917149673
0.005950238009520381,-0.08807814486508748,-0.014279890558574714,-0.014312265031965699,-0.013884022580048455,-0.004815413685273272,-0.004913348257082864,-0.004512726336776841,-0.002096486936526635
0.005952238089523582,-0.08808132788755324,-0.014280437376330616,-0.014312809810707487,-0.013884554994816197,-0.004815624813740101,-0.004913553227044329,-0.0045129195223762054,-0.0020965817183712684
0.005954238169526781,-0.08807891909216166,-0.014280014702438821,-0.014312390271944255,-0.01388414374844553,-0.0048154515699727835,-0.004913390169326928,-0.004512764481445753,-0.002096505054685472
0.005956238249529982,-0.08808212927406105,-0.01428056602679555,-0.014312939541155908,-0.013884680534965664,-0.004815664363414767,-0.004913596748405573,-0.004512959162611226,-0.0020966005323781807
0.005958238329533182,-0.08807974780716005,-0.014280147887564478,-0.014312524520819141,-0.013884273687566263,-0.004815492795004345,-0.004913435309828877,-0.004512805626564581,-0.002096524568875055
0.005960238409536382,-0.0880829854861748,-0.014280703774570127,-0.01431307833634239,-0.01388481490020709,-0.004815707274158497,-0.0049136435180462,-0.004513001821907796,-0.0020966207510739656
0.005962238489539582,-0.08808063168457583,-0.014280290225903549,-0.014312667890129966,-0.013884412506007221,-0.004815537401788664,-0.004913483718580161,-0.004512849809308711,-0.002096545496389347
0.005964238569542782,-0.08808389719663666,-0.014280850731315832,-0.014313226307517118,-0.013884958198855163,-0.004815753587284729,-0.00491369357585391,-0.0045130475373449195,-0.0020966423917077428
0.0059662386495459825,-0.08808157139538236,-0.014280441828824085,-0.014312820490834542,-0.013884560311798399,-0.004815585431530821,-0.004913535435363685,-0.004512897066659767,-0.002096567854432172
0.005968238729549182,-0.0880848650746356,-0.01428100700810457,-0.014313383565342917,-0.013885110538652769,-0.004815803343889208,-0.0049137469615059175,-0.0045130963458060135,-0.002096665471437622
0.005970238809552383,-0.08808256760696484,-0.01428060280709862,-0.01431298243329739,-0.013884717212392282,-0.004815636925216042,-0.00491359049974983,-0.004512947435401844,-0.0020965916601154246
0.005972238889555582,-0.08808588978573206,-0.01428117271540616,-0.01431355021988254,-0.013885272026758634,-0.004815856584845371,-0.004913803714464548,-0.004513148283974695,-0.002096690007328757
0.005974238969558783,-0.08808362098304119,-0.014280773270891419,-0.014313153827276735,-0.013884883314651075,-0.004815691923604885,-0.004913648951091775,-0.004513000952117188,-0.0020966169304570646
0.005976239049561983,-0.08808697199178511,-0.014281347963076412,-0.014313726380587024,-0.013885442769735823,-0.00481591335079989,-0.004913863873972855,-0.004513203388330902,-0.002096716016351512
0.005978239129565183,-0.08808473218359335,-0.014280953329746693,-0.01431333478191323,-0.013885058724835688,-0.004815750467229004,-0.004913710828521383,-0.004513057653182327,-0.002096643682379375
0.0059802392095683835,-0.08808811235087916,-0.014281532860344785,-0.01431391215628314,-0.013885622873539798,-0.004815973682168153,-0.0049139274790503265,-0.0045132616951466765,-0.002096743515379553
0.005982239289571583,-0.08808590186478911,-0.014281143092576044,-0.014313525405716843,-0.013885243548593185,-0.004815812596386362,-0.004913776170944652,-0.0045131175747638785,-0.0020966719327069326
0.005984239369574784,-0.08808931151724908,-0.014281727515802095,-0.014314107655161433,-0.013885812443506491,-0.004816037619129702,-0.0049139945684884235,-0.004513323240482264,-0.002096772521187931
0.005986239449577983,-0.08808713067891302,-0.014281342667646588,-0.014313725806555534,-0.013885437890945507,-0.004815878351137024,-0.004913845017037484,-0.004513180752814647,-0.0020967016981648383
0.005988239529581184,-0.08809057014120966,-0.014281932037388697,-0.01431431298476415,-0.013886011584340795,-0.004816105201623919,-0.004914065180846436,-0.0045133880601820175,-0.002096803050451324
0.0059902396095843835,-0.08808841927429141,-0.014281552162568831,-0.014313936091642958,-0.013885641856277484,-0.004815947771298515,-0.0049139174052413815,-0.00451324722306956,-0.0020967329953768157
0.005992239689587584,-0.0880918888690809,-0.014282146532382203,-0.01431452825197326,-0.013886220400104761,-0.00481617646934542,-0.004914139354446981,-0.00451345618987044,-0.002096835119742043
0.0059942397695907845,-0.08808976829521999,-0.014281771684284569,-0.014314156367526346,-0.013885855548325422,-0.004816020896441478,-0.004913993373759111,-0.004513317021041705,-0.002096765840863357
0.005996239849593984,-0.08809326834311682,-0.014282371107385623,-0.014314753562998411,-0.013886438994205833,-0.004816251461739735,-0.004914217127371926,-0.004513527664948163,-0.0020968687455282875
0.005998239929597185,-0.0880911783818933,-0.014282001339054962,-0.014314386740074835,-0.013886079070165237,-0.0048160977658852,-0.004914072960550485,-0.004513390182018294,-0.0020968002510398775
0.006000240009600384,-0.08809470920143349,-0.01428260586831535,-0.014314989023365176,-0.013886667469385617,-0.004816330217998807,-0.004914298537457924,-0.004513602520588057,-0.0020969039441722354
0.006002240089603585,-0.08809265017033059,-0.014282241232448648,-0.014314627314467417,-0.01388631252420107,-0.004816178418693211,-0.004914156203328024,-0.004513466741056802,-0.0020968362422148674
0.0060042401696067844,-0.08809621207793633,-0.01428285092038927,-0.014315234737903006,-0.013886905927707863,-0.004816412777056696,-0.004914383622292331,-0.0045136807917311745,-0.002096940731928234
0.006006240249609985,-0.0880941842923062,-0.014282491469329863,-0.014314878195181098,-0.013886556012153602,-0.004816262893668942,-0.004914243139552801,-0.004513546732980955,-0.0020968738305880714
0.006008240329613185,-0.08809777760224995,-0.014283106368114912,-0.014315490810733588,-0.013887154470547397,-0.004816499177585073,-0.004914472419208888,-0.004513762513082944,-0.002096979124940966
0.006010240409616385,-0.08809578137527693,-0.014282752153846471,-0.014315139485979268,-0.013886809635048836,-0.004816351229351322,-0.004914333806430166,-0.004513630192376848,-0.002096913032248662
0.006012240489619586,-0.0880994063996464,-0.014283372315277704,-0.014315757345259026,-0.013887413198578428,-0.0048165894579890465,-0.0049145649652835065,-0.004513847719109156,-0.0020970191392436343
0.006014240569622785,-0.08809744204231257,-0.014283023389418534,-0.014315411289899898,-0.013887073493206482,-0.004816443464010463,-0.004914428240905601,-0.0045137171535890195,-0.0020969538631734168
0.006016240649625986,-0.08810109909097485,-0.014283648864929267,-0.014316034444150215,-0.013887682211763343,-0.004816683656402654,-0.004914661297330164,-0.004513936444032142,-0.0020970607907561454
0.006018240729629185,-0.08809916691202384,-0.014283305278726283,-0.014315693709243784,-0.013887347686228605,-0.004816539635643284,-0.004914526479660472,-0.004513807650716605,-0.0020969963392249106
0.006020240809632386,-0.0881028562925905,-0.014283936119375564,-0.014316322209335021,-0.013887961609341148,-0.004816781810684647,-0.004914761451896613,-0.004514028721826824,-0.0020971040952833006
0.006022240889635586,-0.08810095659849339,-0.014283597923698573,-0.014315986845563147,-0.013887632312988469,-0.0048166397819693185,-0.004914628559107951,-0.004513901717609402,-0.002097040476149739
0.006024240969638786,-0.0881046786162858,-0.014284234180165539,-0.014316620741987012,-0.013888251489816506,-0.0048168839584141875,-0.004914865465260354,-0.00451412458621696,-0.002097149068513022
0.006026241049641987,-0.08810281171120513,-0.014283901425501422,-0.014316290799649863,-0.013887927471619186,-0.004816743940426269,-0.004914734515388793,-0.004513999387864107,-0.002097086289576694
0.006028241129645186,-0.08810656666921958,-0.014284543148079322,-0.01431693014251373,-0.013888551950948222,-0.004816990136886589,-0.0049149733734244385,-0.004514224070671229,-0.0020971957260145454
0.006030241209648387,-0.08810473285497612,-0.014284215884526339,-0.014316605671524233,-0.013888233259502607,-0.0048168521481659655,-0.004914844384367316,-0.004514100694820462,-0.0020971337950150145
0.006032241289651586,-0.08810852105384848,-0.014284863123116952,-0.014317250510545233,-0.013888863089738369,-0.004817100383109014,-0.004915085212113389,-0.004514327208399459,-0.0020972440832366683
0.006034241369654787,-0.08810672062988549,-0.014284541400378966,-0.014316931560423374,-0.013888549773258176,-0.004816964442049916,-0.0049149582016272345,-0.004514205671557415,-0.0020971830078526134
0.0060362414496579865,-0.08811054236785805,-0.014285194204486821,-0.014317581944922853,-0.013889185002421029,-0.004817214733796344,-0.004915201016769114,-0.004514434032348819,-0.0020972941555059757
0.006038241529661187,-0.08810877563120723,-0.014284878071867489,-0.014317268564789832,-0.013888877108731762,-0.0048170808586452535,-0.004915076002467608,-0.004514314350889385,-0.002097233943354286
0.006040241609664387,-0.08811263120409314,-0.014285536490594138,-0.014317924543687586,-0.01388951778445111,-0.004817333225366875,-0.004915320822546809,-0.004514544575199993,-0.002097345958025053
0.006042241689667587,-0.08811089844934149,-0.0142852259969916,-0.014317616782260477,-0.013889215360984877,-0.00481720143422046,-0.004915197821898835,-0.0045144267653624915,-0.0020972866166600263
0.006044241769670788,-0.08811478815049213,-0.014285890079030094,-0.014318278404069214,-0.01388986153049389,-0.004817455893938255,-0.004915444664311015,-0.004514658869363589,-0.002097399505870807
0.006046241849673987,-0.08811308966974622,-0.01428558527293093,-0.014317976309655039,-0.013889564624283493,-0.004817326204741255,-0.004915323694638526,-0.0045145429472507655,-0.0020973410427831893
0.006048241929677188,-0.08811701379001628,-0.014286255066560118,-0.01431864362247477,-0.013890216334413544,-0.004817582775323232,-0.00491557257663151,-0.0045147769469761935,-0.002097454813992681
0.0060502420096803875,-0.0881153498728707,-0.014285955996034059,-0.014318347242965119,-0.0138899249920875,-0.004817455205866426,-0.00491545365510766,-0.004514662928552532,-0.0020973972366088597
0.006052242089683588,-0.08811930870058472,-0.014286631549113058,-0.014319020294477632,-0.013890582289262656,-0.004817713905025594,-0.004915704593779393,-0.004514898839896871,-0.0020975118972109373
0.006054242169686788,-0.08811767963408638,-0.014286338261807181,-0.014318729677342998,-0.013890296557039432,-0.004817588472943722,-0.004915587737426438,-0.004514786740986595,-0.002097455212892068
0.006056242249689988,-0.0881216734550061,-0.0142870196217698,-0.014319408514806235,-0.013890959487271313,-0.004817849318236038,-0.004915840749723041,-0.004515024579703294,-0.0020975707702149456
0.006058242329693188,-0.08812007952362269,-0.014286732164903254,-0.014319123707090653,-0.013890679410954187,-0.004817726041005761,-0.004915725975410457,-0.0045149144159886325,-0.0020975149862561032
0.006060242409696388,-0.08812410862091272,-0.014287419378752445,-0.014319808377333218,-0.01389134801983633,-0.004817989049828075,-0.0049159810781242135,-0.00451515419768821,-0.0020976314475614852
0.006062242489699589,-0.08812255010649807,-0.014287137799110713,-0.014319529425648715,-0.013891073644808004,-0.0048178679447659625,-0.0049158684025666964,-0.004515045984707531,-0.002097576571190808
0.0060642425697027885,-0.08812661476069437,-0.01428783091341326,-0.014320219975064667,-0.013891747977510962,-0.004818133134354069,-0.004916125612334209,-0.004515287724855789,-0.002097693943673062
0.006066242649705989,-0.08812509194245732,-0.01428755525734297,-0.014319946925585749,-0.013891479348728204,-0.004818014218614568,-0.004916015052089686,-0.004515181478001811,-0.002097639982050907
0.006068242729709189,-0.08812919243143222,-0.014288254318223781,-0.014320643400128728,-0.013892159449993724,-0.004818281606041057,-0.004916274385389779,-0.004515425191917909,-0.002097758272836179
0.006070242809712389,-0.08812770558590183,-0.014287984631626895,-0.01432037629858706,-0.013891896611982204,-0.004818164896614477,-0.0049161659568575464,-0.004515320926435873,-0.0020977052330542908
0.006072242889715589,-0.08813184218483404,-0.014288689684763892,-0.014321078743765434,-0.01389258252611852,-0.0048184344987869145,-0.00491642743000948,-0.00451556662929068,-0.0020978244491997216
0.006074242969718789,-0.0881303915858294,-0.014288426013092765,-0.014320817635444457,-0.01389232552296752,-0.004818320012497494,-0.004916321149428234,-0.004515464360276589,-0.0020977723382804084
0.006076243049721989,-0.08813456456716945,-0.014289137103711326,-0.014321526096315521,-0.013893017293843764,-0.004818591846156274,-0.004916584778589698,-0.004515712067090821,-0.0020978924867732646
0.0060782431297251895,-0.08813315048576532,-0.014288879491963065,-0.014321271026045173,-0.013892766169201036,-0.004818479599660134,-0.004916480662035644,-0.004515611809489644,-0.0020978413116685634
0.00608024320972839,-0.08813736011920496,-0.01428959666483068,-0.014321985547210092,-0.013893463840242237,-0.004818753681376628,-0.004916746463200882,-0.004515861535132114,-0.0020979623994254347
0.00608224328973159,-0.08813598282370146,-0.014289345157541943,-0.014321736559361435,-0.013893218637308854,-0.00481864369115986,-0.004916644526585835,-0.0045157633037360605,-0.002097912167016283
0.00608424336973479,-0.08814022937614086,-0.014290068456963071,-0.014322457184959855,-0.013893922251490765,-0.004818920037334406,-0.00491691251558375,-0.004516015062921915,-0.002098034200882267
0.00608624344973799,-0.08813888913203041,-0.014289823098204719,-0.01432221432343986,-0.013893683013015926,-0.004818812319711112,-0.0049168127746532534,-0.004515918872368645,-0.0020979849179777106
0.00608824352974119,-0.08814317286754644,-0.014290552568015388,-0.014322941097144734,-0.013894392612859947,-0.0048190909465710636,-0.004917082967145523,-0.004516172679657611,-0.0020981079047255858
0.00609024360974439,-0.08814186993748323,-0.014290313401387308,-0.014322704405391021,-0.013894159381135935,-0.004818985517681405,-0.004916985437476962,-0.004516078544428515,-0.002098059578061938
0.00609224368974759,-0.08814619111729922,-0.014291049084949957,-0.014323437370403412,-0.01389487500870408,-0.004819266441279265,-0.004917257848956231,-0.004516334414223207,-0.002098183524391376
0.006094243769750791,-0.08814492576106742,-0.014290816153575988,-0.014323206891379215,-0.013894647825561343,-0.00481916331708758,-0.004917162545957003,-0.004516242348641705,-0.0020981361606314665
0.006096243849753991,-0.08814928464352066,-0.014291558093774383,-0.014323946090423157,-0.013895369522451146,-0.004819446553299037,-0.004917437191744984,-0.004516500295185899,-0.0020982610731682286
0.006098243929757191,-0.08814805711800264,-0.014291331440296772,-0.014323721866611924,-0.013895148429253044,-0.00481934574959188,-0.004917344130650628,-0.004516410313415639,-0.002098214678900543
0.006100244009760391,-0.08815245395851387,-0.014292079679530648,-0.014324467341929121,-0.013895876236592608,-0.004819631314113918,-0.004917621025896242,-0.004516670350792514,-0.002098340564195675
0.006102244089763591,-0.08815126451766092,-0.014291859346105402,-0.014324249415329718,-0.013895661274230716,-0.00481953284649824,-0.004917530221768649,-0.004516582466835815,-0.0020982951459336215
0.006104244169766791,-0.08815569956870388,-0.014292613926285645,-0.014325001208674842,-0.013896395232673739,-0.004819820754847282,-0.004917809381446294,-0.0045168446089663495,-0.0020984220104626815
0.006106244249769991,-0.08815454846350423,-0.014292399954577149,-0.01432478962079624,-0.013896186441562786,-0.0048197246387485,-0.004917720849171862,-0.004516758836662393,-0.0020983775746437803
0.006108244329773191,-0.08815902197457436,-0.01429316091712042,-0.014325547773431395,-0.013896926591283732,-0.00482001490625849,-0.004918002288079494,-0.00451702309730359,-0.002098505424806039
0.0061102444097763916,-0.08815790945302417,-0.01429295334829655,-0.014325342565287854,-0.013896724011356706,-0.0048199211569186756,-0.0049179160423673705,-0.004516939450326837,-0.00209846197779114
0.006112244489779592,-0.08816242167060945,-0.014293720734120597,-0.014326107117978123,-0.013897470392045934,-0.004820213798739307,-0.004918199775124849,-0.004517205843070149,-0.002098590819908852
0.006114244569782792,-0.08816134797768115,-0.014293519608847633,-0.014325908330084089,-0.013897274062749265,-0.004820122431215266,-0.004918115830505098,-0.0045171243349286325,-0.0020985483679813867
0.006116244649785992,-0.08816589914523176,-0.014294293458366096,-0.01432667932309205,-0.013898026713608076,-0.004820417462310069,-0.004918401871552277,-0.004517392873198262,-0.002098678208298954
0.006118244729789192,-0.08816486452284475,-0.01429409881680377,-0.014326486995457185,-0.01389783667389682,-0.004820328491471603,-0.0049183202423741254,-0.00451731351723192,-0.002098636757664137
0.006120244809792392,-0.0881694548807433,-0.014294879169921346,-0.01432726446853849,-0.01389859563363291,-0.00482062592661617,-0.0049186086059691955,-0.0045175842142832065,-0.0020987676023474177
0.006122244889795592,-0.08816845956773585,-0.014294691051718099,-0.014327078640663033,-0.013898411921966105,-0.0048205393671442165,-0.004918529306399344,-0.004517507023662357,-0.0020987271591315342
0.0061242449697987925,-0.08817308935326686,-0.014295477947825586,-0.014327862633061104,-0.013899177228788478,-0.004820839220924356,-0.004918820006617006,-0.00451777989258012,-0.002098859014267029
0.006126245049801992,-0.08817213358536462,-0.014295296392113506,-0.014327683343930687,-0.013898999883124185,-0.00482075508730919,-0.004918743050637781,-0.0045177048803037466,-0.0020988195845166374
0.006128245129805193,-0.08817680303268804,-0.014296089870083075,-0.01432847389437222,-0.013899771574738902,-0.0048210573741192,-0.0049190361013676034,-0.004517979934000735,-0.0020989524561107896
0.006130245209808393,-0.08817588704247578,-0.014295914915473086,-0.014328301182453249,-0.013899600632529721,-0.004820975680658649,-0.00491896150277532,-0.004517907112894891,-0.002098914045791998
0.006132245289811593,-0.08818059638259503,-0.014296715013653394,-0.014329098329143251,-0.01390037874613486,-0.00482128041469948,-0.004919256917719945,-0.004518184364110133,-0.00209904793977042
0.006134245369814793,-0.0881797203994885,-0.014296546698230628,-0.014328932232378168,-0.013900214244323233,-0.004821201175497181,-0.004919184690123171,-0.004518113746826454,-0.0020990105547681686
0.006136245449817993,-0.08818446986022357,-0.014297353454442037,-0.014329736012995272,-0.013900998816604403,-0.004821508370774734,-0.004919482482796657,-0.004518393208123722,-0.002099145476974917
0.0061382455298211935,-0.08818363411044042,-0.014297191815761003,-0.014329576568797762,-0.01390084079161808,-0.004821431599738397,-0.004919412639614543,-0.004518324807137716,-0.002099109123092214
0.006140245609824393,-0.08818842391639946,-0.01429800526729095,-0.014330387020489567,-0.013901631858743978,-0.0048217412700617265,-0.004919712823340704,-0.0045186064909039465,-0.0020992450792890727
0.006142245689827594,-0.08818762862293057,-0.014297850342370853,-0.014330234265739884,-0.01390148034649137,-0.004821666980901348,-0.004919645377801268,-0.004518540318513576,-0.002099209762246288
0.006144245769830794,-0.08819245899548098,-0.014298670525969132,-0.014331051425118216,-0.013902277944109,-0.0048219791398809945,-0.004919947965711942,-0.00451882423695731,-0.0020993467581120312
0.006146245849833994,-0.08819170437806305,-0.014298522351289207,-0.014330905396158618,-0.013902132979974703,-0.004821907346107201,-0.004919882930850448,-0.00451876030528133,-0.002099312483546166
0.006148245929837194,-0.0881965755353046,-0.014299349303163423,-0.014331729299295062,-0.01390293714320524,-0.004822222007153458,-0.0049201879358839245,-0.004519046470431211,-0.0020994505246758693
0.006150246009840394,-0.08819586181039289,-0.014299207914658425,-0.014331590031925277,-0.013902798762045664,-0.004822152722075796,-0.0049201253245412645,-0.0045189847914077486,-0.0020994172981398766
0.0061522460898435945,-0.08820077396712815,-0.014300041670469249,-0.014332420714346365,-0.013903609525479584,-0.004822469898396995,-0.004920432759440567,-0.0045192732151109515,-0.002099556390044167
0.006154246169846794,-0.08820010134786786,-0.014299907103524762,-0.014332288243818825,-0.013903477761618389,-0.004822403135122197,-0.004920372584261553,-0.004519213800495912,-0.002099524217006211
0.006156246249849995,-0.08820505471557767,-0.014300747698381574,-0.014333125740501846,-0.013904295159311427,-0.004822722839723075,-0.004920682461572893,-0.004519504494416712,-0.0020996643651106095
0.006158246329853194,-0.08820442341177795,-0.014300619987829636,-0.014333000101517493,-0.013904170046535318,-0.00482265861115348,-0.004920624735004727,-0.004519447355782325,-0.0020996332509533974
0.006160246409856395,-0.08820941819859333,-0.014301467456286115,-0.014333844446885931,-0.013904994112004108,-0.004822980856833563,-0.004920937067075943,-0.004519740331400586,-0.00209977446059764
0.006162246489859595,-0.08820882841669946,-0.014301346636400786,-0.01433372567358957,-0.013904875683558455,-0.004822919175665437,-0.004920881801366597,-0.004519685480133956,-0.0020997444106177266
0.006164246569862795,-0.08821386482737341,-0.014302201012450116,-0.014334576901508458,-0.013905706449775877,-0.004823243975017271,-0.004921196600345394,-0.004519980748743579,-0.002099886687055009
0.0061662466498659954,-0.08821331677044073,-0.014302087116942853,-0.014334465027484422,-0.01390559473836025,-0.00482318485373911,-0.004921143807542038,-0.0045199281960451275,-0.0020998577064620977
0.006168246729869195,-0.08821839500632474,-0.014302948434013795,-0.01433532317125637,-0.013906432237751721,-0.004823512219146829,-0.004921461085374637,-0.0045202257687527655,-0.0021000010548584817
0.006170246809872396,-0.08821788887399272,-0.014302841496029419,-0.014335218229524292,-0.013906327275516049,-0.004823455670037875,-0.004921410777322116,-0.00452017552563492,-0.0020999731487748047
0.006172246889875595,-0.08822300913300694,-0.014303709786981582,-0.014336083321884673,-0.013907171539954803,-0.004823785613675387,-0.004921730545751542,-0.004520475413358333,-0.0021001175742084784
0.006174246969878796,-0.0882225451214724,-0.014303609839093552,-0.014335985344894924,-0.013907073358494757,-0.004823731648803924,-0.004921682734090719,-0.004520427490643962,-0.002100090747668047
0.006176247049881995,-0.08822770759808386,-0.014304485136213465,-0.014336857418008225,-0.01390792441929802,-0.004824064182633509,-0.004922005004655398,-0.004520729704110803,-0.0021002362551287243
0.006178247129885196,-0.08822728590007599,-0.014304392210420102,-0.014336766437637954,-0.0139078330496513,-0.004824012813855399,-0.004921959700821805,-0.004520684112431885,-0.002100210513076756
0.006180247209888396,-0.08823249078527004,-0.01430527454541661,-0.014337645523092886,-0.01390869093757601,-0.0048243479496260415,-0.004922284484853947,-0.004520988662178122,-0.0021003571074649785
0.006182247289891596,-0.08823211159002439,-0.014305188673136527,-0.014337561570641727,-0.0139086064102179,-0.004824299188583038,-0.004922241700076162,-0.004520945411974342,-0.002100332454757199
0.006184247369894797,-0.08823735907128079,-0.014306078077136955,-0.01433844769944762,-0.013909471155456783,-0.004824636937828954,-0.004922569008700332,-0.004521252308342998,-0.002100480140883709
0.006186247449897996,-0.08823702256451435,-0.01430599928920486,-0.014338370805633277,-0.013909393500296283,-0.004824590795947235,-0.00492252875399849,-0.00452121140986027,-0.002100456582285698
0.006188247529901197,-0.08824231282578199,-0.014306895792750646,-0.01433926400821568,-0.013910265132473723,-0.0048249311699862605,-0.004922858598130109,-0.004521520662999953,-0.002100605364870795
0.006190247609904396,-0.08824201918966983,-0.014306824119413744,-0.014339194203170466,-0.01391019437884968,-0.004824887658475013,-0.004922820884314565,-0.0045214821262892805,-0.0021005829050574276
0.006192247689907597,-0.0882473524113418,-0.014307727752456338,-0.014340094509367,-0.013911072927017785,-0.004825230668407134,-0.004923153274658429,-0.004521793746152868,-0.002100732788730338
0.0061942477699107965,-0.08824710182448958,-0.01430766322336948,-0.01434003182263299,-0.013911009103694567,-0.0048251897982568015,-0.004923118112328099,-0.004521757581068713,-0.002100711432285033
0.006196247849913997,-0.08825247818338006,-0.014308574015266544,-0.014340939261689539,-0.013911894596329303,-0.004825535454962698,-0.004923453059376991,-0.00452207157741203,-0.0021008624215832954
0.0061982479299171975,-0.08825227082080293,-0.014308516659488965,-0.01434088372221533,-0.013911837731493452,-0.00482549723694378,-0.004923420458918129,-0.00452203779361122,-0.002100842172997528
0.006200248009920397,-0.08825769049012153,-0.014309434639000092,-0.014341798322781882,-0.013912730196490681,-0.004825845551083288,-0.004923757972951355,-0.004522354175991684,-0.0021009942723663523
0.006202248089923598,-0.08825752652321844,-0.014309384484990953,-0.014341749958918085,-0.013912680317746522,-0.004825809995744641,-0.004923727944535971,-0.004522322782931918,-0.002100975136038947
0.006204248169926797,-0.08826298967254732,-0.014310309680273959,-0.014342671749045018,-0.013913579782418318,-0.004826160977755384,-0.0049240680356179576,-0.004522641560707289,-0.0021011283498306383
0.006206248249929998,-0.08826286926907846,-0.014310266755888715,-0.01434263058854063,-0.013913536916784645,-0.00482612809542297,-0.0049240405892025715,-0.004522612567645998,-0.0021011103300672264
0.0062082483299331975,-0.08826837606434984,-0.014311199194495722,-0.014343559595674718,-0.013914443407855437,-0.004826481755518846,-0.004924383267181537,-0.004522933749973005,-0.002101264662540576
0.006210248409936398,-0.08826829938841266,-0.014311163526982114,-0.014343525665673287,-0.013914407581761417,-0.004826451556294156,-0.004924358412505657,-0.00452290716596595,-0.0021012477635529493
0.0062122484899395985,-0.08827384999188317,-0.01431210323585547,-0.014344461916653773,-0.013915321125364245,-0.004826807904463929,-0.004924703687012123,-0.004523230761799076,-0.002101403218872623
0.006214248569942798,-0.08827381720388992,-0.014312074851849776,-0.014344435243689502,-0.013915292364645952,-0.004826780398222711,-0.0049246814335970135,-0.0045232065956991715,-0.002101387444778196
0.006216248649945999,-0.08827941177412107,-0.014313021857318767,-0.0143453787647446,-0.013916212986318906,-0.004827139444228673,-0.004925029314042591,-0.004523532613789408,-0.0021015440270141803
0.006218248729949198,-0.08827942303077582,-0.014313000782842106,-0.014345359374738709,-0.013916191316215555,-0.004827114640619439,-0.0049250096711898695,-0.004523510874245408,-0.0021015293818353793
0.006220248809952399,-0.08828506172261016,-0.01431395511061883,-0.014346310191481791,-0.01391711904089823,-0.004827476393996055,-0.004925360166765876,-0.00452383932313903,-0.0021016870949624126
0.0062222488899555985,-0.08828511717688692,-0.014313941371073405,-0.014346298109738797,-0.013917104486048708,-0.004827454302438764,-0.0049253431435562055,-0.004523820018594379,-0.0021016735826261106
0.006224248969958799,-0.0882908001414248,-0.014314903046249253,-0.014347256247164635,-0.013918039338078348,-0.004827818772491183,-0.004925696263232338,-0.004524150906631669,-0.0021018324305230787
0.006226249049961999,-0.08829089994254596,-0.014314896666414717,-0.014347251498368711,-0.013918031922517612,-0.004827799402175961,-0.004925681868524136,-0.004524134045323229,-0.002101820054860052
0.006228249129965199,-0.08829662732712552,-0.014315865713456758,-0.01434821698084999,-0.013918973925625959,-0.0048281665979788314,-0.0049260376210471905,-0.004524467380637328,-0.0021019800413094604
0.0062302492099684,-0.08829677162053945,-0.014315866717486709,-0.01434821958906145,-0.013918973672781533,-0.004828149957864488,-0.004926025863475349,-0.004524452970594222,-0.0021019688060538093
0.006232249289971599,-0.08830254356871432,-0.01431684316023413,-0.014349192440345252,-0.0139199228500912,-0.004828519888260598,-0.004926384257368004,-0.004524788761109969,-0.002102129934741241
0.0062342493699748,-0.08830273249607443,-0.014316851571652446,-0.014349202428996963,-0.013919929782779868,-0.004828505987073485,-0.0049263751453426045,-0.004524776810152396,-0.002102119843529866
0.0062362494499779994,-0.08830854914759234,-0.014317835433312956,-0.014350182672201053,-0.013920886156800804,-0.0048288786606723606,-0.004926736188902044,-0.004525115063585069,-0.002102282118043388
0.0062382495299812,-0.08830878284673628,-0.01431785127501045,-0.014350200064095075,-0.013920900297225104,-0.004828867506905007,-0.004926729730607167,-0.004525105579323174,-0.00210227317441544
0.0062402496099844,-0.08831464433751944,-0.014318842578157043,-0.014351187721704827,-0.013921863889851654,-0.004829242932081836,-0.00492709343190402,-0.004525446303177468,-0.0021024365982451523
0.0062422496899876,-0.0883149229424482,-0.014318865872387948,-0.014351212539008798,-0.01392188525959662,-0.004829234533991672,-0.0049270896352964656,-0.0045254392930101795,-0.002102428805641511
0.0062442497699908,-0.08832082940457198,-0.01431986463895539,-0.014352207632873554,-0.013922856092103794,-0.00482961271888591,-0.004927456002173467,-0.004525782494579007,-0.0021025933821789615
0.006246249849994,-0.08832115304543049,-0.014319895407334145,-0.01435223989711774,-0.013922884712133857,-0.004829607084494138,-0.004927454874981635,-0.004525777965692977,-0.0021025867439417377
0.006248249929997201,-0.08832710460710314,-0.014320901658615513,-0.014353242448447469,-0.013923862805174363,-0.004829988037008283,-0.004927823915052464,-0.004526123652056363,-0.0021027524764794213
0.0062502500100004,-0.08832747341015865,-0.014320939922113215,-0.014353282180520937,-0.013923898695829733,-0.004829985174098472,-0.004927825464775061,-0.004526121611424753,-0.0021027469958513735
0.006252250090003601,-0.08833347019570252,-0.014321953678756912,-0.014354292209883268,-0.013924884069430817,-0.004830368901896963,-0.004928197185423233,-0.004526469789448809,-0.002102913887582256
0.0062542501700068006,-0.08833388428332667,-0.014321999457698254,-0.014354339430031058,-0.013924927250424733,-0.004830368818014004,-0.004928201419328202,-0.004526470243830333,-0.002102909567706386
0.006256250250010001,-0.08833992641315797,-0.014323020739704559,-0.014355356957347715,-0.013925919923984849,-0.004830755328521887,-0.004928575827705824,-0.004526820920166124,-0.002103077621723357
0.006258250330013201,-0.08834038590380641,-0.014323074053764599,-0.014355411685167515,-0.013925970414400286,-0.004830758030970732,-0.004928582752829176,-0.004526823876103922,-0.002103074465642347
0.006260250410016401,-0.08834647349441628,-0.014324102880482546,-0.01435643672971132,-0.013926970406686204,-0.004831147331372602,-0.0049289598558558845,-0.004527177057186422,-0.0021032436849377613
0.006262250490019601,-0.08834697850261136,-0.014324163748683586,-0.014356498984150446,-0.013927028224972994,-0.0048311528272171845,-0.004928969479000616,-0.004527182521007088,-0.0021032416955935407
0.006264250570022801,-0.08835311166654718,-0.014325200138807904,-0.014357531564542204,-0.01392803555411665,-0.004831544924455962,-0.004929349283362429,-0.00452753821305416,-0.0021034120830587433
0.006266250650026002,-0.08835366230285743,-0.014325268579516437,-0.014357601363894284,-0.013928100718088242,-0.004831553220517968,-0.004929361611097344,-0.004527546190866633,-0.0021034112632919467
0.0062682507300292015,-0.08835984114870434,-0.014326312551084441,-0.014358641498099815,-0.013929115401583942,-0.004831948121293811,-0.004929744123245588,-0.004527904399878041,-0.002103582821716784
0.006270250810032402,-0.08836043751972725,-0.01432638858200786,-0.01435871886000202,-0.013929187928414664,-0.004831959224151592,-0.004929759161904266,-0.004527914897572633,-0.00210358317426635
0.006272250890035602,-0.08836666215209138,-0.014327440152396696,-0.014359766565329193,-0.013930209983116143,-0.004832356934920869,-0.004930144388054574,-0.004528275629329064,-0.0021037559063387394
0.006274250970038802,-0.08836730436043584,-0.014327523790580806,-0.014359851506759199,-0.013930289889338315,-0.004832370850908412,-0.004930162143734339,-0.004528288652576518,-0.0021037574338414284
0.006276251050042002,-0.08837357487992416,-0.014328582976504004,-0.014360906799854745,-0.013931319331455678,-0.0048327713778824055,-0.00493055008986544,-0.004528651912638517,-0.002103931342146852
0.006278251130045202,-0.08837426302419263,-0.014328674238329791,-0.014360999337127887,-0.013931406632956753,-0.004832788113088169,-0.004930570568426286,-0.004528667466888994,-0.0021039340471367906
0.006280251210048403,-0.08838057952739777,-0.01432974105583494,-0.014362062233974904,-0.013932443478053997,-0.004833191462232239,-0.004930961240279141,-0.004529033260596092,-0.0021041091341579008
0.0062822512900516025,-0.08838131370216844,-0.014329839957015757,-0.014362162382741206,-0.013932538190073783,-0.004833211022498165,-0.0049309844473427195,-0.004529051351078265,-0.0021041130190661513
0.006284251370054803,-0.08838767628165178,-0.014330914421481484,-0.014363232898656165,-0.013933582453065956,-0.004833617199530598,-0.0049313778504194525,-0.004529419683548047,-0.0021042892871823314
0.006286251450058003,-0.08838845657746293,-0.014331020977060375,-0.01436334067389771,-0.013933684590193883,-0.0048336395904510585,-0.004931403791368108,-0.004529440315268141,-0.0021042943543364582
0.006288251530061203,-0.0883948653217359,-0.014332103103193423,-0.014364418823527684,-0.013934736285344342,-0.004834048600842071,-0.004931799930931016,-0.004529811191395285,-0.002104471805823367
0.006290251610064403,-0.08839569182506982,-0.014332217327540394,-0.014364534239555972,-0.013934845861517083,-0.0048340738277628855,-0.00493182861090677,-0.004529834369136233,-0.002104478057447034
0.006292251690067603,-0.08840214681857965,-0.014333307129373168,-0.014365620036875998,-0.013935905002434903,-0.004834485676733613,-0.004932227491977389,-0.004530207793591636,-0.0021046566944762086
0.006294251770070803,-0.08840301961184487,-0.01433342903618236,-0.014365743107329028,-0.013936022030933418,-0.004834513744751022,-0.004932258915881016,-0.004530233521912105,-0.0021046641326887437
0.0062962518500740035,-0.08840952093495784,-0.014334526527070242,-0.014366836565639514,-0.013937088630570861,-0.004834928437272586,-0.004932660543239149,-0.004530609499142037,-0.0021048439573271996
0.006298251930077204,-0.08841044009647447,-0.014334656129357456,-0.014366967303479423,-0.013937213124018114,-0.004834959351232326,-0.004932694715729266,-0.004530637782375652,-0.0021048525841431964
0.006300252010080404,-0.0884169878254614,-0.014335761321976158,-0.014368068435403582,-0.01393828719466826,-0.004835376892024848,-0.0049330990939120845,-0.0045310163166008685,-0.002105033598353021
0.006302252090083604,-0.08841795342944615,-0.01433589863207641,-0.014368206852914006,-0.013938419165026663,-0.0048354106565211994,-0.0049331360194042,-0.00453104715885532,-0.0021050434156819676
0.006304252170086804,-0.0884245476364656,-0.014337011538419478,-0.014369315670395262,-0.013939500718320699,-0.0048358310500529,-0.004933543152705333,-0.004531428254070228,-0.0021052256213199352
0.006306252250090004,-0.08842555975301605,-0.01433715656798427,-0.014369461779178869,-0.01393964017688971,-0.004835867669427772,-0.004933582835370985,-0.004531461659226444,-0.0021052366309658004
0.006308252330093204,-0.08843220050610091,-0.014338277199360676,-0.014370578293478525,-0.013940729223794752,-0.004836290919914013,-0.004933992727839648,-0.004531845319198302,-0.0021054200297829875
0.0063102524100964045,-0.08843325920118128,-0.01433842995935582,-0.014370732104454647,-0.01394087618120858,-0.0048363303982560365,-0.004934035171605548,-0.00453188129090969,-0.002105432233443868
0.006312252490099604,-0.08843994656422415,-0.014339558326387539,-0.014371856326149445,-0.01394197273202534,-0.004836756509658523,-0.004934447827045719,-0.004532267519177844,-0.002105616827085295
0.006314252570102805,-0.08844105189965126,-0.014339718827090633,-0.014372017849551645,-0.013942127198250559,-0.00483679885080222,-0.004934493035592873,-0.004532306060869438,-0.0021056302263530446
0.006316252650106005,-0.08844778593238926,-0.014340854939710332,-0.014373149788531445,-0.013943231262610978,-0.004837227826828036,-0.004934908457562424,-0.00453269486074447,-0.0021058160163573173
0.006318252730109205,-0.0884489379658182,-0.014341023190708445,-0.014373319033905287,-0.013943393246944418,-0.0048372730343528994,-0.004934956434325329,-0.0045327359756122355,-0.0021058306127171755
0.006320252810112405,-0.08845571872382134,-0.014342167058157202,-0.014374458699370932,-0.01394450483380962,-0.004837704878453797,-0.00493537462613525,-0.00453312735017529,-0.0021060176005161264
0.006322252890115605,-0.0884569175087326,-0.0143423430683449,-0.014374635675571809,-0.013944674344876095,-0.004837752955683543,-0.004935425374301127,-0.004533171041185356,-0.002106033395346421
0.006324252970118805,-0.08846374504338836,-0.014343494699169927,-0.01437578307603258,-0.013945793462534085,-0.0048381876710549745,-0.00493584633901464,-0.004533564993287343,-0.0021062215822647435
0.006326253050122005,-0.08846499062907455,-0.014343678476746767,-0.014375967791223458,-0.013945970508284358,-0.004838238621056704,-0.004935899861522678,-0.004533611263175286,-0.0021062385768365207
0.006328253130125206,-0.08847186498757638,-0.014344837878799496,-0.014377122934495388,-0.01394709716434805,-0.004838676210637175,-0.004936323601954615,-0.004534007795436229,-0.002106427964091492
0.006330253210128405,-0.08847315741912855,-0.014345029431268048,-0.01437731539614464,-0.013947281752056659,-0.004838730036220542,-0.004936379901495065,-0.004534056646706329,-0.0021064461595681635
0.006332253290131606,-0.08848007864446361,-0.014346196611701816,-0.01437847828934818,-0.013948415953461905,-0.004839170502690779,-0.004936806420211079,-0.004534455761514663,-0.002106636748269315
0.006334253370134806,-0.08848141796276052,-0.014346395945865646,-0.014378678504227747,-0.013948608089725367,-0.004839227206407328,-0.004936865499224698,-0.004534507196439273,-0.002106656145706382
0.006336253450138006,-0.08848838609369526,-0.01434757091113372,-0.01437984915378569,-0.013949749842728775,-0.004839670552189473,-0.004937294798540452,-0.004534908895951109,-0.002106847936855119
0.006338253530141206,-0.08848977233539042,-0.014347778033095459,-0.014380057127968976,-0.013949949533463575,-0.004839730136331899,-0.004937356659217757,-0.0045349629165700265,-0.0021068685371998935
0.006340253610144406,-0.08849678740646173,-0.014348960788949153,-0.014381235539604697,-0.013951098843640836,-0.004840176363588883,-0.004937788741198316,-0.004535367202708593,-0.002107061531689277
0.0063422536901476066,-0.08849822060397132,-0.014349175704108336,-0.014381451278464599,-0.013951306094081411,-0.00484023883019019,-0.004937853385478779,-0.00453542381082829,-0.0021070833357804894
0.006344253770150806,-0.0885052826454736,-0.014350366255595147,-0.014382637457200184,-0.013952462966325485,-0.00484068794082505,-0.004938288251937964,-0.004535830685283273,-0.00210727753439492
0.006346253850154007,-0.08850676282696644,-0.01435058896864658,-0.014382860965407312,-0.01395267778102264,-0.0048407532916580134,-0.004938355681509489,-0.00453588988247644,-0.0021073005429625194
0.006348253930157207,-0.08851387186493989,-0.014351787320108184,-0.014384054915561453,-0.013953842219541704,-0.004841205287313067,-0.0049387933340090985,-0.004536299346703318,-0.002107495946377412
0.006350254010160407,-0.08851539905432633,-0.014352017835040129,-0.014384286197082348,-0.01395406460236075,-0.004841273523889506,-0.004938863550307321,-0.004536361134308161,-0.0021075201600422606
0.006352254090163607,-0.08852255511054848,-0.014353223990110898,-0.014385487922269019,-0.013955236610676838,-0.004841728405945903,-0.004939303990156671,-0.004536773189527741,-0.0021077167688238426
0.006354254170166807,-0.08852412932746914,-0.01435346231020316,-0.01438572698036437,-0.013955466564795968,-0.004841799529516018,-0.004939376994364323,-0.004536837568647441,-0.0021077421880974266
0.0063562542501700075,-0.08853133241944168,-0.014354676271808052,-0.014386936483490683,-0.013956646145743051,-0.004842257299092921,-0.004939820222619442,-0.004537252215845164,-0.002107940002702408
0.006358254330173207,-0.08853295367925879,-0.014354922399630685,-0.014387183320713808,-0.013956883673651731,-0.0048423313106447765,-0.004939896015665805,-0.0045373191873473405,-0.0021079666279866295
0.006360254410176408,-0.08854020382020077,-0.014356144169984025,-0.014388400603978658,-0.01395807082937426,-0.004842791968598897,-0.004940342033129041,-0.004537736427272815,-0.0021081656487619916
0.006362254490179607,-0.08854187213398623,-0.014356398107395113,-0.01438865522217357,-0.013958315932871439,-0.0048428688688576405,-0.0049404206156892965,-0.00453780599178893,-0.0021081934803488436
0.006364254570182808,-0.08854916933282224,-0.014357627687998831,-0.014389880287066049,-0.0139595106648228,-0.0048433324157825825,-0.004940869422908587,-0.004538225824955419,-0.0021083937075315933
0.006366254650186008,-0.08855088470735135,-0.014357889436143603,-0.014390142687366454,-0.013959763345015908,-0.004843412205210131,-0.004940950795403384,-0.004538297982880335,-0.0021084227456030216
0.006368254730189208,-0.0885582289687037,-0.014359126827785661,-0.01439137553466422,-0.013960965653956886,-0.004843878641435818,-0.0049414023926718734,-0.004538720409564188,-0.0021086241793199347
0.0063702548101924085,-0.0885599914064439,-0.01435939638709466,-0.01439164571749158,-0.013961225911259893,-0.004843961320230072,-0.004941486555266651,-0.004538795161055693,-0.0021086544239475266
0.006372254890195608,-0.08856738273062285,-0.014360641589847727,-0.014392886347259399,-0.013962435797257344,-0.004844430645822321,-0.004941940942622056,-0.004539220181295909,-0.0021088570642149498
0.006374254970198809,-0.08856919222972649,-0.014360918960035421,-0.014393164312321665,-0.013962703631389682,-0.004844516213916788,-0.004942027895226719,-0.004539297526274161,-0.002108888515359743
0.006376255050202008,-0.0885766306127234,-0.014362171973255466,-0.01439441272391043,-0.013963921093815291,-0.00484498842867667,-0.004942485072450859,-0.004539725139871952,-0.0021090923620833693
0.006378255130205209,-0.08857848716701855,-0.014362457153318943,-0.014394698470200777,-0.013964196503800505,-0.004845076885739929,-0.004942574814719095,-0.004539805078019064,-0.0021091250195956726
0.0063802552102084084,-0.08858597260049746,-0.01436371797564393,-0.014395954662245755,-0.013965421541329287,-0.004845551989203387,-0.004943034781337525,-0.004540235284537419,-0.0021093300725703507
0.006382255290211609,-0.08858787619948039,-0.014364010963861614,-0.014396248188041113,-0.013965704525493616,-0.004845643334638597,-0.004943127312666523,-0.00454031781529708,-0.0021093639361894805
0.0063842553702148095,-0.0885954086707693,-0.014365279593210137,-0.014397512158460675,-0.013966937136102904,-0.004846121326075872,-0.004943590067947897,-0.004540750614060246,-0.0021095701950989924
0.006386255450218009,-0.08859735929959867,-0.014365580387140581,-0.01439781346132085,-0.013967227692074284,-0.004846215559020316,-0.0049436853874777675,-0.004540835736637284,-0.002109605264453146
0.00638825553022121,-0.08860493879168384,-0.014366856820710866,-0.01439908520731572,-0.013968467873042456,-0.004846696437435683,-0.004944150930433634,-0.004541271126730542,-0.0021098127288700593
0.006390255610224409,-0.088606936431172,-0.014367165417191642,-0.014399394284081907,-0.013968765997749497,-0.00484679355676037,-0.004944249037047132,-0.004541358840090512,-0.0021098490034761382
0.00639225569022761,-0.08861456292269031,-0.014368449651460277,-0.014400673802133755,-0.01397001374565492,-0.0048472773208915135,-0.004944717366431356,-0.004541796820359679,-0.002110057672861611
0.006394255770230809,-0.08861660754929743,-0.014368766046606788,-0.014400990648927633,-0.01397031943532557,-0.004847377325200807,-0.004944818258753438,-0.0045418871232285754,-0.0021100951521249916
0.00639625585023401,-0.08862428101453089,-0.014370058077327715,-0.014402277934797886,-0.013971574746045608,-0.004847863973518583,-0.004945289373061878,-0.004542327692279679,-0.0021103050258286108
0.0063982559302372104,-0.08862637260035872,-0.01437038226653227,-0.014402602547020655,-0.013971887996206363,-0.0048479668611497466,-0.00494539304945926,-0.0045424205831435405,-0.0021103437090430562
0.00640025601024041,-0.088634093009228,-0.01437168208873593,-0.014403897595749877,-0.01397315086491643,-0.004848456391857792,-0.004945866946929517,-0.004542863739342553,-0.0021105547863027167
0.006402256090243611,-0.08863623152201455,-0.014372014066666682,-0.014404229968081182,-0.01397347167039135,-0.0048485621608807,-0.004945973405510498,-0.004542959216447139,-0.002110594672650188
0.00640425617024681,-0.08864399884007294,-0.014373321674658872,-0.014405532773987815,-0.013974742091563944,-0.004849054571915021,-0.004946450084121403,-0.00454340495791958,-0.002110806952591882
0.006406256250250011,-0.08864618424318606,-0.014373661435259082,-0.014405872900384845,-0.013975070446473751,-0.004849163220131782,-0.004946559322735391,-0.004543503019270126,-0.0021108480411424196
0.00640825633025321,-0.08865399843161556,-0.014374976822620162,-0.014407183457064598,-0.013976348413877706,-0.004849658509160534,-0.004947038780206875,-0.004543951343900852,-0.0021110615227801816
0.006410256410256411,-0.08865623068404911,-0.01437532435910719,-0.014407531330761272,-0.01397668431163916,-0.004849770034105202,-0.004947150796444133,-0.004544051987261746,-0.002111103812491747
0.0064122564902596105,-0.0886640916996541,-0.014376647518691464,-0.014408849631086339,-0.013977969818338777,-0.00485026819852833,-0.0049476330302368225,-0.004544502892694644,-0.0021113184947274925
0.006414256570262811,-0.08866637075602347,-0.014377002823556272,-0.014409205244592773,-0.013978313251663738,-0.004850382597466708,-0.004947747821428331,-0.004544606115589216,-0.0021113619844459167
0.0064162566502660116,-0.08867427855122763,-0.014378333747490969,-0.014410531280710785,-0.013979606290018168,-0.00485088363441567,-0.0049482328287433226,-0.004545059599226961,-0.0021115778660693077
0.006418256730269211,-0.08867660436176404,-0.014378696812497082,-0.014410894625812255,-0.013979957250912901,-0.004851000904344879,-0.004948350391960308,-0.004545165398937228,-0.0021116225545281045
0.006420256810272412,-0.0886845588846068,-0.014380035492182077,-0.014412228389146131,-0.013981257812575646,-0.004851504810682515,-0.004948838169739004,-0.004545621457941144,-0.002111839634216516
0.006422256890275611,-0.08868693139515535,-0.014380406308365335,-0.014412599456902804,-0.013981616292340513,-0.00485162494833097,-0.004948958501792913,-0.004545729831507634,-0.0021118855200368655
0.006424256970278812,-0.08869493258928578,-0.014381752734472137,-0.014413940938149673,-0.01398292436825845,-0.0048521317206511065,-0.004949449046716689,-0.0045461884627973756,-0.0021121037963552224
0.0064262570502820115,-0.08869735174130082,-0.014382131292139807,-0.014414319718895717,-0.013983290357486996,-0.00485225472247811,-0.004949572144158851,-0.004546299407018866,-0.002112150878045798
0.006428257130285212,-0.08870539954597802,-0.014383485454611402,-0.014415668908026773,-0.013984605937900357,-0.004852764357105547,-0.004950065452649009,-0.004546760607272338,-0.0021123703494465456
0.006430257210288412,-0.08870786527652103,-0.01438387174334195,-0.014416055391370135,-0.013984979426479114,-0.004852890219301262,-0.0049501913117705534,-0.004546874118705801,-0.0021124186254035207
0.006432257290291612,-0.0887159596266086,-0.014385233631392137,-0.01441741227762993,-0.01398630250092062,-0.00485340271229147,-0.004950687379988017,-0.004547337884358971,-0.002112639290226525
0.006434257370294813,-0.08871847186834506,-0.0143856276400346,-0.014417806452451802,-0.01398668347802861,-0.004853531430776687,-0.00495081599681969,-0.00454745395931935,-0.002112688758733465
0.006436257450298012,-0.08872661269430934,-0.014386997242147582,-0.01441917102435796,-0.013988014035323322,-0.004854046777915728,-0.004951314820664931,-0.004547920286566107,-0.0021129106152059573
0.006438257530301213,-0.08872917137550695,-0.014387398958821311,-0.014419572878812318,-0.013988402489431612,-0.004854178348341731,-0.004951446190976935,-0.004548038921126231,-0.002112961274433759
0.0064402576103044125,-0.08873735860341667,-0.01438877626275157,-0.014420945124155324,-0.01398974051769665,-0.004854696545146128,-0.0049519477660899085,-0.004548507805918324,-0.002113184320670301
0.006442257690307613,-0.08873996364794323,-0.014389185674846003,-0.014421354645668863,-0.013990136436568204,-0.004854830962894634,-0.004952081885391844,-0.004548628995908786,-0.00211323616867716
0.006444257770310813,-0.08874819719946607,-0.014390570667617847,-0.014422734551511556,-0.013991481923212392,-0.004855352004611279,-0.004952586207151813,-0.004549100433955694,-0.0021134604026796025
0.006446257850314013,-0.08875084852678865,-0.014390987761792122,-0.014423151726783353,-0.013991885293901737,-0.004855489264794313,-0.004952723070692596,-0.004549224174964836,-0.002113513437410989
0.006448257930317213,-0.08875912831919033,-0.014392380429699515,-0.014424539279460904,-0.013993238225625364,-0.004856013146400353,-0.004953230134218084,-0.004549698161733699,-0.0021137388570684015
0.006450258010320413,-0.08876182584437439,-0.014392805191882498,-0.01442496409446222,-0.013993649034478691,-0.004856153243860216,-0.004953369736985881,-0.0045498244491075125,-0.002113793076357035
0.006452258090323614,-0.08877015179051904,-0.014394205520489083,-0.014426359279582019,-0.013995009397273534,-0.0048566799600630655,-0.004953879537134661,-0.004550300979823142,-0.0021140196794457483
0.0064542581703268135,-0.08877289542422677,-0.014394637935879107,-0.014426791719556268,-0.01399542762992822,-0.004856822889372283,-0.004954021873856841,-0.004550429808665213,-0.0021140750810115386
0.006456258250330014,-0.08878126743257539,-0.014396045910017958,-0.014428194521997761,-0.01399679540907745,-0.004857352434609587,-0.004954534405225869,-0.004550908878310019,-0.002114302865195096
0.006458258330333214,-0.08878405708106701,-0.01439648596308291,-0.014428634571460534,-0.01399722105046236,-0.004857498190070908,-0.004954679470368995,-0.0045510402434816,-0.002114359446645218
0.006460258410336414,-0.08879247505567878,-0.014397901566856742,-0.014430044975375351,-0.013998596230540486,-0.004858030558510522,-0.004955194727294486,-0.004551521846795635,-0.002114588409474386
0.006462258490339614,-0.08879531062081196,-0.014398349241334062,-0.014430492618114308,-0.013999029264875874,-0.004858179134156935,-0.004955342515064367,-0.004551655742915582,-0.002114646168303211
0.006464258570342814,-0.0888037744613435,-0.014399772458115143,-0.014431910606926288,-0.01400041182974892,-0.004858714319696993,-0.004955860491621746,-0.004552139874396543,-0.0021148763072159973
0.006466258650346015,-0.08880665584057407,-0.014400227737011963,-0.014432365826001405,-0.01400085224054649,-0.004858865709291754,-0.0049560109959634405,-0.004552276295841385,-0.0021149352408051584
0.006468258730349214,-0.08881516544228045,-0.014401658549442269,-0.014433791382406674,-0.014002242173372028,-0.004859403705560652,-0.004956531685967399,-0.00455276294974466,-0.002115166553126823
0.006470258810352415,-0.08881809252866406,-0.014402121415035595,-0.014434254160150428,-0.014002689943435315,-0.004859557902597376,-0.004956684900565309,-0.00455290189064869,-0.002115226658745233
0.006472258890355615,-0.08882664778240143,-0.01440355980502718,-0.014435687266117768,-0.014004087226662751,-0.004860098702953953,-0.004957208297569949,-0.004553391060987455,-0.0021154591416883343
0.006474258970358815,-0.0888296204645942,-0.01440403023886414,-0.014436157584135247,-0.014004542338087143,-0.004860255700656691,-0.004957364215847879,-0.0045535325152427425,-0.0021155204164922093
0.006476259050362015,-0.08883822125682027,-0.01440547618759929,-0.01443759822090631,-0.014005946953457998,-0.0048607992981902675,-0.004957890313146772,-0.00455402419578804,-0.002115754067156643
0.006478259130365215,-0.08884123941908167,-0.014405954170497347,-0.014438076060075706,-0.014006409387631204,-0.004860959089513634,-0.004958048928268069,-0.004554168157044597,-0.002115816508189567
0.006480259210368415,-0.08884988563185708,-0.01440740765842889,-0.014439524208165175,-0.014007821316179298,-0.004861505477044111,-0.004958577718894325,-0.004554662341325404,-0.002116051323562608
0.006482259290371615,-0.08885294915405112,-0.014407893170476364,-0.01444000954863801,-0.014008291053781496,-0.0048616680546733635,-0.004958739023761958,-0.004554808802991266,-0.0021161149277555674
0.006484259370374816,-0.08886164066504404,-0.014409354177328202,-0.014441465187834335,-0.014009710275833639,-0.004862217224751447,-0.004959270500488489,-0.004555305484294718,-0.002116350904711959
0.0064862594503780156,-0.08886474942264277,-0.014409847197884738,-0.01444195800903598,-0.014010187296838169,-0.004862382581102756,-0.004959434487745301,-0.004555454439536146,-0.0021164156688834534
0.006488259530381216,-0.08887348610513063,-0.014411315702652243,-0.014443421118401698,-0.014011613792014361,-0.004862934526010113,-0.004959968643084918,-0.004555953610907657,-0.0021166528041854592
0.006490259610384416,-0.08887663996921741,-0.01441181621034912,-0.014443921399031903,-0.014012098075688095,-0.004863102653230677,-0.004960135305113719,-0.004556105052649237,-0.002116718725041539
0.006492259690387616,-0.08888542169208917,-0.01441329219129966,-0.014445391956904025,-0.014013531822902098,-0.004863657364980055,-0.004960672131319291,-0.004556606706892629,-0.002116957015339013
0.006494259770390816,-0.0888886205293609,-0.014413800164040556,-0.01444589967493744,-0.01401402334780601,-0.0048638282549483235,-0.004960841460243139,-0.004556760627817517,-0.002117024089473396
0.006496259850394016,-0.08889744715712318,-0.014415283598714366,-0.014447377658928432,-0.014015464325266161,-0.0048643857252839385,-0.004961380949307934,-0.004557264757495337,-0.00211726353130394
0.006498259930397216,-0.08890069082989602,-0.014415799013675987,-0.014447892791615362,-0.014015963069255958,-0.004864559369609875,-0.004961552936990316,-0.004557421150045492,-0.0021173317551981064
0.0065002600104004165,-0.0889095622226756,-0.014417289878886465,-0.014449378178613555,-0.014017411254465628,-0.004865119590007547,-0.0049620950806481415,-0.004557927747479149,-0.0021175723449871077
0.006502260090403617,-0.0889128505888876,-0.014417812712519166,-0.014449900702480447,-0.014017917194692385,-0.00486529598003286,-0.004962269718693232,-0.004558086603855478,-0.0021176417150103846
0.006504260170406817,-0.08892176660243553,-0.014419310984353829,-0.01445139346865075,-0.014019372564450659,-0.004865858941700273,-0.004962814508418715,-0.004558595661125509,-0.002117883449071167
0.006506260250410017,-0.08892509951565261,-0.014419841212382543,-0.014451923359501292,-0.014019885677361829,-0.004866038068498759,-0.004962991788171718,-0.004558756973288249,-0.0021179539614808985
0.006508260330413217,-0.08893406000135069,-0.01442134686620387,-0.014453423480286266,-0.01402134820776451,-0.004866603762375862,-0.004963539215180649,-0.004559268482234602,-0.0021181968360148417
0.006510260410416417,-0.08893743731077129,-0.014421884463628847,-0.014453960713201989,-0.014021868469104415,-0.004866785616753668,-0.004963719127727992,-0.0045594322419035115,-0.0021182684869564834
0.006512260490419617,-0.0889464421156362,-0.014423397474075113,-0.014455468163322443,-0.01402333813554469,-0.004867354033512907,-0.004964269182977593,-0.004559946194125847,-0.0021185124980531507
0.0065142605704228175,-0.08894986366609686,-0.014423942415172846,-0.014456012712663762,-0.014023865520355637,-0.004867538606008894,-0.004964451719147365,-0.0045601123927805414,-0.002118585283560409
0.006516260650426017,-0.08895891263278571,-0.014425462756159002,-0.014457527466119816,-0.014025342297525088,-0.004868109736055588,-0.004965004393336643,-0.004560628779638511,-0.002118830427197702
0.006518260730429218,-0.08896237826476722,-0.014426015014483352,-0.01445807930552701,-0.014025876780148326,-0.004868297016941694,-0.0049651895436989175,-0.004560797408518845,-0.00211890434319274
0.006520260810432418,-0.08897147123158569,-0.014427542659202326,-0.014459601335599336,-0.014027360642038023,-0.004868870850414521,-0.004965744827269062,-0.004561316221132509,-0.002119150615237081
0.006522260890435618,-0.08897498078121849,-0.014428102207585286,-0.01446016043799342,-0.014027902196114493,-0.004869060829696115,-0.004965932582136178,-0.004561487271238763,-0.0021192256575305866
0.006524260970438818,-0.08898411758212484,-0.014429637128508655,-0.014461689717243877,-0.014029393116015795,-0.004869637356467299,-0.004966490465270874,-0.004562008500488873,-0.0021194730537370254
0.006526261050442018,-0.08898767088119701,-0.014430203939061772,-0.01446225605482799,-0.014029941714487635,-0.004869830023883658,-0.004966680814697984,-0.004562181962582322,-0.002119549218028476
0.0065282611304452185,-0.08899685134581041,-0.014431746107941231,-0.014463792555101159,-0.014031439664993555,-0.00487040923355959,-0.004967241287323902,-0.00456270559911071,-0.0021197977340409275
0.006530261210448418,-0.08900044822177457,-0.014432320152056744,-0.014464366099361612,-0.014031995280104967,-0.004870604578584308,-0.004967434221109303,-0.00456288146371391,-0.0021198750159187236
0.006532261290451619,-0.0890096721753823,-0.01443386953992514,-0.014465909791785754,-0.014033500233111165,-0.004871186460505873,-0.004967997272896461,-0.004563407497923916,-0.0021201246472701257
0.006534261370454819,-0.08901331245136238,-0.014434450788276943,-0.01446649051349318,-0.014034062836409624,-0.004871384472347278,-0.004968192780582054,-0.004563585755321115,-0.002120203042211787
0.006536261450458019,-0.08902257971492793,-0.014436007365449857,-0.014468041368481788,-0.014035574763115887,-0.004871969015590425,-0.004968758400944381,-0.004564114177378058,-0.0021204537843243147
0.006538261530461219,-0.08902626320972762,-0.014436595787995131,-0.014468629237692628,-0.01403614432545359,-0.004872169683192124,-0.004968956471816144,-0.004564294817615659,-0.0021205332876966998
0.006540261610464419,-0.08903557359989747,-0.01443815952407183,-0.014470187224945462,-0.014037663196364849,-0.004872756876568273,-0.00496952464991184,-0.004564825617447188,-0.002120785135881951
0.0065422616904676194,-0.0890393001280092,-0.01443875509005242,-0.014470782211003301,-0.014038239687899932,-0.004872960188609665,-0.004969725273000356,-0.00456500863033425,-0.002120865742941469
0.006544261770470819,-0.08904865345712279,-0.014440325953917445,-0.014472347299508036,-0.014039765472827846,-0.0048735500206662655,-0.004970295997732466,-0.004565541797630854,-0.0021211186924007105
0.00654626185047402,-0.08905242282873602,-0.014440928631861229,-0.014472949371045044,-0.014040348863025921,-0.004873755965563083,-0.0049704991618134365,-0.0045657271727394914,-0.002121200398293541
0.006548261930477219,-0.0890618189048345,-0.014442506591686,-0.014474521529078665,-0.014041881531090273,-0.004874348424584233,-0.0049710724218303875,-0.0045662626969550585,-0.002121454444117917
0.00655026201048042,-0.08906563092584363,-0.014443116349408262,-0.014475130654017012,-0.014042471788725697,-0.004874556990488996,-0.004971278115425088,-0.004566450423620995,-0.002121537243880245
0.00655226209048362,-0.08907506955267919,-0.014444701372652628,-0.014476709849147418,-0.014044011308355954,-0.0048751520644959075,-0.004971853899121261,-0.004566988293973252,-0.002121792381051036
0.00655426217048682,-0.08907892402469546,-0.014445318177257919,-0.014477325994701012,-0.014044608401513545,-0.004875363239298655,-0.00497206211049721,-0.0045671783612963235,-0.00212187626960928
0.00655626225049002,-0.08908840500173974,-0.014446910230671475,-0.014478912193788501,-0.014046154740450262,-0.004875960916050304,-0.0049726404060134125,-0.004567718566767371,-0.0021221324929981285
0.00655826233049322,-0.08909230172210005,-0.014447534048555083,-0.014479535326464572,-0.014046758636526853,-0.004876174687379138,-0.00497285112318496,-0.004567910963612126,-0.0021222174651692443
0.006560262410496421,-0.08910182484455657,-0.014449133098179199,-0.014481128495663657,-0.014048311761823504,-0.004876774954372888,-0.004973431918409146,-0.004568453492949025,-0.0021224747695384404
0.00656226249049962,-0.08910576360633286,-0.014449763895029001,-0.014481758581264473,-0.014048922427529618,-0.004876991309594596,-0.004973645129138025,-0.004568648207945242,-0.0021225608200301257
0.006564262570502821,-0.08911532866514627,-0.014451369906198438,-0.014483358686025564,-0.014050482305554187,-0.004877594154066815,-0.004974228411705869,-0.004569193049660625,-0.0021228192000328707
0.00656626265050602,-0.089119309257158,-0.014452007646996513,-0.01448399568965015,-0.014051099706915681,-0.004877813080287557,-0.004974444103501848,-0.00456939007120389,-0.0021229063234438727
0.006568262730509221,-0.08912891603902506,-0.014453620584341291,-0.014485602694721452,-0.014052666303352451,-0.00487841848921439,-0.0049750298607974175,-0.004569937213576524,-0.0021231657736245583
0.006570262810512421,-0.08913293824584971,-0.014454265233365937,-0.014486246580767545,-0.01405329040571252,-0.004878639973280365,-0.004975248020919014,-0.004570136529828911,-0.0021232539644449777
0.006572262890515621,-0.08914258653323076,-0.014455885060813045,-0.014487860450196743,-0.01405486368556387,-0.004879247933378245,-0.004975836240075394,-0.004570685960904294,-0.002123514479239452
0.0065742629705188215,-0.08914665013521456,-0.01445653658164062,-0.01448851118236257,-0.014055494453584602,-0.004879471961876398,-0.004976056855530462,-0.004570887559794944,-0.0021236037318509943
0.006576263050522021,-0.08915633970634586,-0.014458163262416243,-0.014490131879499055,-0.01405707438117305,-0.00488008245960296,-0.004976647523430541,-0.004571439267386053,-0.002123865305586914
0.006578263130525222,-0.0891604444796173,-0.014458821617923175,-0.014490789420785487,-0.014057711778837679,-0.004880309018861724,-0.004976870580977083,-0.0045716431366118705,-0.002123955614263236
0.006580263210528421,-0.08917017510852222,-0.014460455114554505,-0.014492416908282083,-0.01405929831780762,-0.004880922040416403,-0.004977463684254168,-0.004572197108299697,-0.0021242182411603267
0.006582263290531622,-0.08917432082500318,-0.014461120266919295,-0.014493081220994535,-0.014059942308422307,-0.0048811511165064835,-0.004977689170401021,-0.004572403235326,-0.002124309600067325
0.0065842633705348215,-0.08918409228150505,-0.014462760541236604,-0.014494715460809654,-0.01406153542174202,-0.004881766647831361,-0.004978284695439606,-0.004572959458460341,-0.002124573274237736
0.006586263450538022,-0.08918827870892423,-0.014463432451941987,-0.014495386506560227,-0.014062185967937952,-0.004881998226566415,-0.004978512596447192,-0.004573167830521563,-0.0021246656774338863
0.0065882635305412225,-0.08919809075865986,-0.014465079465081025,-0.014497027459960206,-0.014063785617902027,-0.004882616253347,-0.0049791105293837835,-0.004573726292221701,-0.0021249303928825122
0.006590263610544422,-0.08920231766056538,-0.01446575809491606,-0.01449770519966989,-0.01406444268163749,-0.004882850320284557,-0.00497934083126488,-0.004573936896322148,-0.002125023834319207
0.006592263690547623,-0.08921217006499799,-0.014467411807319993,-0.014499352827230954,-0.01406604882986868,-0.004883470827950615,-0.004979941157988771,-0.004574497583477606,-0.002125289584944027
0.006594263770550822,-0.08921643720077123,-0.014468097116382545,-0.014500037221131773,-0.014066712372431346,-0.004883707368392859,-0.004980173846509326,-0.004574710406392186,-0.002125384058465924
0.006596263850554023,-0.08922632971720414,-0.014469757487804238,-0.014501691482742416,-0.014068324979882717,-0.004884330342119178,-0.004980776552663341,-0.004575273305663395,-0.0021256508380583417
0.0065982639305572225,-0.08923063684207364,-0.014470449435502984,-0.014502382490379839,-0.014068994961891823,-0.004884569341113775,-0.004981011613343318,-0.004575488333938345,-0.002125746337403707
0.006600264010560423,-0.0892405692236643,-0.014472116425007585,-0.014504043345243144,-0.014070613988849283,-0.004885194765821129,-0.004981616684324726,-0.0045760534317575655,-0.0021260141396489437
0.0066022640905636235,-0.0892449160887197,-0.0144728149700645,-0.01450474092547839,-0.014071290370257795,-0.004885436208162112,-0.004981854102438866,-0.004576270651711264,-0.0021261106584500103
0.006604264170566823,-0.08925488808449449,-0.014474488536031685,-0.014506408332114381,-0.014072915776342261,-0.0048860640685181,-0.004982461523400205,-0.0045768379342832856,-0.002126379476927453
0.006606264250570024,-0.08925927443670262,-0.014475193636484675,-0.014507112443126986,-0.014073598516439629,-0.004886307938746842,-0.004982701283979034,-0.004577057332007139,-0.0021264770087108496
0.006608264330573223,-0.08926928579157102,-0.014476873736610977,-0.014508786359375093,-0.014075230260609358,-0.004886938219166769,-0.004983311039828977,-0.004577626785310073,-0.002126746836894424
0.006610264410576424,-0.08927371137378913,-0.01447758534981608,-0.014509496958665165,-0.014075919318023497,-0.004887184501572823,-0.00498355312765961,-0.004577848346669196,-0.0021268453750815037
0.0066122644905796234,-0.08928376182856006,-0.014479271941117646,-0.014511177341686832,-0.014077557358576754,-0.004887817186220687,-0.004984165203063895,-0.004578419956455409,-0.002127116206340089
0.006614264570582824,-0.08928822637955208,-0.014479990023751799,-0.014511894386077728,-0.014078252691276752,-0.004888065864842719,-0.004984409602690913,-0.004578643667089577,-0.0021272157442473382
0.006616264650586024,-0.08929831567094924,-0.01448168306256704,-0.014513581192359005,-0.014079896985854223,-0.004888700937632178,-0.004985023982073299,-0.004579217418886524,-0.002127487571845165
0.006618264730589224,-0.08930281892540211,-0.014482407570630637,-0.01451430463800002,-0.014080598551152962,-0.004888951996259048,-0.00498527067779983,-0.004579443264211067,-0.0021275881026846448
0.006620264810592425,-0.08931294678607958,-0.014484107012622675,-0.014515997823354136,-0.014082249056740314,-0.004889589440854371,-0.004985887345342977,-0.004580019143322128,-0.002127860919781685
0.006622264890595624,-0.0893174884746187,-0.014484837901442229,-0.0145167276257231,-0.014082956811296921,-0.004889842863026023,-0.0049861363212315105,-0.004580247108528746,-0.00212796243666141
0.006624264970598825,-0.08932765463317721,-0.014486543701601625,-0.014518427145293047,-0.01408461348422734,-0.004890482662843043,-0.004986755260877986,-0.00458082510003413,-0.002128236236313797
0.006626265050602024,-0.08933223448238393,-0.014487280925832662,-0.014519163259199174,-0.014085327384050021,-0.004890738431851554,-0.004987006500751444,-0.004581055170091847,-0.0021283387322381655
0.006628265130605225,-0.08934243866338884,-0.014488993038480459,-0.014520869067460924,-0.01408699018000729,-0.004891380570058862,-0.004987627696204749,-0.004581635258849638,-0.0021286135073986835
0.006630265210608425,-0.08934705639581661,-0.014489736552110156,-0.014521611447047389,-0.014087710180455851,-0.004891638668949498,-0.004987881183647454,-0.004581867418505733,-0.002128716975268916
0.006632265290611625,-0.08935729831981475,-0.01449145493090058,-0.014523323497812386,-0.014089379054476795,-0.004892283128469341,-0.00498850461837304,-0.0045824495891527185,-0.002128992718787371
0.006634265370614825,-0.08936195365400665,-0.014492204687250822,-0.014524072096559471,-0.014090105110265688,-0.004892543540041611,-0.00498876033673176,-0.004582683822933699,-0.002129097151401981
0.006636265450618025,-0.08937223303754235,-0.014493929285174095,-0.014525790342977506,-0.014091780016742952,-0.004893190303551023,-0.004989385993957994,-0.004583268059886315,-0.002129373856025676
0.006638265530621226,-0.08937692568804972,-0.014494685236904283,-0.014526545113705455,-0.014092512081943988,-0.004893453010359775,-0.004989643926343019,-0.00458350435209888,-0.0021294792460808815
0.006640265610624425,-0.08938724224368474,-0.01449641600628971,-0.0145282695082678,-0.014094192974629206,-0.004894102060291666,-0.004990271789062312,-0.004584090639554288,-0.002129756904455068
0.006642265690627626,-0.08939197192108427,-0.014497178105399824,-0.014529030403139687,-0.014094931002674489,-0.004894367044648165,-0.004990531918348466,-0.004584328974286313,-0.002129863244545283
0.0066442657706308255,-0.08940232535741577,-0.01449891499791898,-0.01453076089768222,-0.014096617834681153,-0.00489501836319251,-0.004991161969318398,-0.004584917296223432,-0.002130141849213679
0.006646265850634026,-0.08940709176832862,-0.014499683195752776,-0.014531527868207274,-0.014097361778366128,-0.004895285607165655,-0.004991424278146203,-0.004585157657345032,-0.0021302491318320018
0.006648265930637226,-0.08941748179000684,-0.0145014261624223,-0.014533264413913255,-0.0140990545021724,-0.004895939176270523,-0.004992056499890535,-0.004585747997525434,-0.0021305286752371986
0.006650266010640426,-0.08942228463711763,-0.014502200409670252,-0.014534037410949713,-0.014099804313658825,-0.004896208661687896,-0.004992320970667288,-0.004585990368689951,-0.002130636892775853
0.006652266090643627,-0.08943271094486514,-0.014503949400855138,-0.014535779958353121,-0.014101502881110754,-0.004896864463060691,-0.004992955345477108,-0.0045865827106589836,-0.0021309173672598315
0.006654266170646826,-0.08943754992694097,-0.014504729647557751,-0.014536558932111606,-0.014102258511929887,-0.004897136171509844,-0.0049932219603780826,-0.004586827075304108,-0.0021310265120107106
0.006656266250650027,-0.08944801221757387,-0.014506484612974817,-0.014538307431100411,-0.014103962874244612,-0.004897794186618491,-0.0049938584703130545,-0.004587421402392028,-0.0021313079098153657
0.0066582663306532265,-0.08945288702948342,-0.014507270808525785,-0.014539092331147047,-0.01410472427530021,-0.004898068099448045,-0.004994127211282538,-0.004587667743740801,-0.002131417973970479
0.006660266410656427,-0.08946338499592947,-0.014509031697246615,-0.014540846730966478,-0.0141064343830691,-0.004898728309522245,-0.0049947658381719814,-0.00458826403906378,-0.002131700287238114
0.006662266490659627,-0.08946829532866403,-0.014509823790396306,-0.014541637506226262,-0.014107201504640836,-0.004899004407843194,-0.004995036686924599,-0.004588512340125779,-0.0021318112628901584
0.006664266570662827,-0.08947882865998333,-0.0145115905508508,-0.014543397755482062,-0.01410891730783264,-0.00489966679387557,-0.004995677412368728,-0.004589110586587046,-0.0021320944836639767
0.006666266650666027,-0.08948377420067702,-0.014512388489709517,-0.01454419435424233,-0.01410969009957929,-0.004899945058562514,-0.004995950350390594,-0.004589360830159449,-0.002132206362806827
0.006668266730669227,-0.08949434258208172,-0.014514161069689188,-0.014545960400904038,-0.014111411547543539,-0.004900609601309883,-0.004996593155761677,-0.004589961010450397,-0.002132490483031474
0.006670266810672428,-0.08949932301403199,-0.014514964801730645,-0.014546762770817737,-0.014112189958506315,-0.004900890013002291,-0.004996868164311605,-0.004590213179119148,-0.002132603257560713
0.0066722668906756275,-0.08950992612690935,-0.014516743148392233,-0.01454853456222253,-0.014113916999976751,-0.004901556692987066,-0.004997513030755302,-0.004590815275720559,-0.0021328882690828453
0.006674266970678828,-0.08951494112959689,-0.014517552620456944,-0.014549342650311667,-0.014114700978582605,-0.004901839232090495,-0.004997790090866044,-0.004591069351861495,-0.0021330019307962836
0.006676267050682028,-0.08952557865152892,-0.014519336680325887,-0.014551120133167608,-0.014116433561680504,-0.004902508029601869,-0.004998436999302623,-0.00459167334704466,-0.002133287825365078
0.006678267130685228,-0.08953062790064185,-0.014520151838624979,-0.014551933885827088,-0.014117223055745901,-0.004902792676289444,-0.004998716091782208,-0.004591929312824771,-0.002133402365963373
0.006680267210688428,-0.08954129950542697,-0.014521941557598915,-0.014553717006216623,-0.014118961127983548,-0.004903463571384713,-0.004999365022907772,-0.00459253518865261,-0.0021336891352310653
0.006682267290691628,-0.08954638267288041,-0.014522762347717542,-0.01455453636921751,-0.014119756084717612,-0.004903750305598326,-0.004999646128340762,-0.00459279302603117,-0.002133804546318214
0.006684267370694828,-0.0895570880305558,-0.014524557671070037,-0.014556325072601333,-0.014121499593001944,-0.004904423278104311,-0.0050002970626285975,-0.004593400764359589,-0.002134092181840708
0.0066862674506980285,-0.08956220478451513,-0.014525384037971222,-0.014557149991094863,-0.014122299959010244,-0.004904712079556057,-0.005000580161377401,-0.004593660455089408,-0.002134208454924661
0.006688267530701229,-0.08957294356138026,-0.014527184910355638,-0.014558944222315616,-0.014124048849646473,-0.004905387109070475,-0.005001233079079396,-0.004594270037568483,-0.0021344969481620754
0.006690267610704429,-0.08957809356628325,-0.014528016798383845,-0.014559774640836637,-0.014124854570934643,-0.004905677957243955,-0.005001518151285588,-0.004594531563197134,-0.002134614074655271
0.006692267690707629,-0.0895888654249203,-0.01452982316383674,-0.014561574344122417,-0.014126608789629678,-0.0049063550231367,-0.005002173032433383,-0.004595142971272279,-0.0021349034169725286
0.006694267770710829,-0.0895940483415002,-0.01453066051672178,-0.01456241020659331,-0.014127419811607042,-0.004906647897288517,-0.005002460058019118,-0.004595406313143378,-0.002135021388192512
0.006696267850714029,-0.08960485294079859,-0.014532472318667064,-0.014564215325561633,-0.0141291793034734,-0.004907326978703175,-0.005003116882425619,-0.00459601952805668,-0.002135311570859924
0.006698267930717229,-0.0896100684261076,-0.014533315079527934,-0.014565056575296189,-0.014129995570956715,-0.004907621857864316,-0.00500340584109493,-0.0045962846673111716,-0.002135430378029932
0.006700268010720429,-0.0896209054212879,-0.01453513226078078,-0.01456686705295807,-0.014131760280516437,-0.004908302933719631,-0.005004064588355705,-0.004596899670102725,-0.0021357213922238156
0.006702268090723629,-0.08962615312872005,-0.014535980372129593,-0.014567713632665293,-0.014132581737733723,-0.00490859979669688,-0.0050043554595959605,-0.0045971665876801526,-0.0021358410264733854
0.00670426817072683,-0.0896370221713566,-0.014537802874900063,-0.014569529411428845,-0.014134351608921904,-0.004909282845688086,-0.0050050161090905414,-0.004597783359189284,-0.002136132863276653
0.00670626825073003,-0.08964230175067328,-0.014538656278646098,-0.014570381263217132,-0.014135178199516433,-0.004909581671065572,-0.005005308872173881,-0.004598052035829135,-0.002136253315642246
0.00670826833073323,-0.08965320248871915,-0.01454048404454351,-0.01457220228489172,-0.014136953175685227,-0.004910266671665999,-0.005005971403067298,-0.004598670556695806,-0.002136545966045031
0.00671026841073643,-0.08965851358607109,-0.014541342681996954,-0.014573059350272454,-0.014137784842719096,-0.0049105674378065655,-0.00500626603705197,-0.004598940972938808,-0.0021366672274706184
0.00671226849073963,-0.08966944566388242,-0.014543175652033696,-0.014574885556072845,-0.014139564866641778,-0.004911254368269092,-0.005006930428296164,-0.004599561223604931,-0.002136960682370927
0.00671426857074283,-0.08967478792183635,-0.014544039463910195,-0.014575747775964947,-0.01414040155260024,-0.0049115570533159675,-0.0050072269120281085,-0.0045998333597944705,-0.0021370827437086617
0.00671626865074603,-0.08968575098019663,-0.014545877578505942,-0.014577579106515129,-0.014142186566474963,-0.004912245891674453,-0.005007893142363367,-0.004600455320505231,-0.002137376993912948
0.0067182687307492306,-0.08969112403776004,-0.014546746504930454,-0.014578446421249015,-0.014143028213270343,-0.0049125504735526735,-0.005008191454477676,-0.004600729156788736,-0.0021374998459238034
0.006720268810752431,-0.08970211771390621,-0.014548589703916433,-0.014580282816586713,-0.014144818158724483,-0.004913241197623673,-0.005008859502434178,-0.004601352807594063,-0.0021377948821476853
0.006722268890755631,-0.08970752120655154,-0.014549463684427305,-0.014581155165908275,-0.014145664707700059,-0.004913547654041609,-0.0050091596213564715,-0.004601628323924288,-0.002137918515502067
0.006724268970758831,-0.08971854513419901,-0.01455131190705042,-0.014582996565488946,-0.014147459525794095,-0.004914240241425831,-0.005009829465255795,-0.004602253644680244,-0.0021382143283709466
0.006726269050762031,-0.08972397869389057,-0.014552190880603987,-0.014583873888564145,-0.01414831091772848,-0.004914548549876867,-0.005010131369203935,-0.0046025308208168065,-0.002138338733649388
0.006728269130765231,-0.08973503250325876,-0.014554044065531034,-0.014585720231265201,-0.014150110548960216,-0.004915242977960738,-0.005010802987160547,-0.004603157791186919,-0.002138635313699102
0.006730269210768431,-0.08974049575847852,-0.01455492797050591,-0.014586602466684275,-0.0141509667240716,-0.004915553115724825,-0.005011106654146058,-0.004603436606697724,-0.00213876048139293
0.0067322692907716315,-0.08975157907631783,-0.01455678605582811,-0.01458845369080963,-0.01415277110838039,-0.004916249361682151,-0.005011780024068907,-0.004604065206154535,-0.002139057819070438
0.006734269370774831,-0.089757071652091,-0.01455767483002921,-0.014589340776591169,-0.014153632006330446,-0.0049165613058273615,-0.0050120854318985286,-0.004604345640417116,-0.002139183739582417
0.006736269450778032,-0.08976818410170881,-0.014559537753266507,-0.014591196819875519,-0.014155441083101572,-0.00491725934662093,-0.005012760531492597,-0.004604975848243606,-0.002139481825246483
0.006738269530781232,-0.08977370561963167,-0.014560431333929843,-0.014592088693471292,-0.014156306643000086,-0.004917573074005169,-0.005013067657769947,-0.0046052578804467266,-0.0021396084888915374
0.006740269610784432,-0.08978484682091953,-0.014562299032035396,-0.014593949493084513,-0.014158120351068882,-0.0049182728863884015,-0.005013744464537846,-0.004605889675737775,-0.0021399073128134053
0.006742269690787632,-0.08979039689918542,-0.014563197355832367,-0.014594846091383682,-0.014158990511477875,-0.004918588373661015,-0.00501405328666493,-0.004606173284882832,-0.002140034709819285
0.006744269770790832,-0.08980156646864623,-0.014565069765197058,-0.014596711583935426,-0.01416080878913432,-0.00491928993417967,-0.005014731777908539,-0.00460680664654677,-0.0021403342621833968
0.0067462698507940325,-0.0898071447220739,-0.014565972768239118,-0.014597612843269202,-0.014161683488072707,-0.004919607157783165,-0.00501504227308748,-0.004607091811449332,-0.002140462382691388
0.006748269930797232,-0.08981834227284859,-0.014567849824695996,-0.01459948296481325,-0.014163506273065578,-0.004920310442776886,-0.005015722425909494,-0.004607726718209343,-0.0021407626535960454
0.006750270010800433,-0.0898239483129096,-0.014568757442539215,-0.014600388820959412,-0.014164385448013449,-0.004920629378948614,-0.005016034571144078,-0.004608013417500722,-0.002140891487661695
0.006752270090803632,-0.08983517345480661,-0.014570639081368405,-0.01460226350699859,-0.014166212677555124,-0.004921334364552813,-0.0050167163624497595,-0.004608649847896509,-0.002141192467119835
0.006754270170806833,-0.08984080688965258,-0.014571551249017973,-0.014603173895186021,-0.014167096265458187,-0.00492165498932665,-0.005017030134547103,-0.004608938060025168,-0.002141322004713632
0.006756270250810033,-0.08985205922917469,-0.014573437404951114,-0.014605053080676637,-0.014168927876229,-0.004922361651474143,-0.005017713541045915,-0.00460957599241445,-0.0021416236826535037
0.006758270330813233,-0.08985771966366647,-0.014574354056866223,-0.014605967935590169,-0.014169815813503238,-0.00492268394068224,-0.005018028916618197,-0.004609865695647686,-0.002141753913661616
0.0067602704108164335,-0.08986899880403974,-0.014576244664091189,-0.01460785155494674,-0.014171651741656096,-0.004923392255104986,-0.005018713914825439,-0.004610505108207738,-0.002142056279927523
0.006762270490819633,-0.08987468583977613,-0.014577165734189707,-0.014608770810731824,-0.014172543964192449,-0.004923716184379551,-0.005019030870291555,-0.004610796280633222,-0.002142187194152568
0.006764270570822834,-0.08988599138097904,-0.014579060726355605,-0.014610658797831997,-0.01417438414535749,-0.0049244261266104625,-0.005019717436530181,-0.00461143715136251,-0.0021424902385056097
0.006766270650826033,-0.08989170461632534,-0.014579986148018968,-0.014611582388099557,-0.01417528058852647,-0.00492475167138554,-0.005020035948117498,-0.004611729770889883,-0.002142621825667363
0.006768270730829234,-0.08990303615511712,-0.014581885458240658,-0.014613474676288561,-0.014177124957815588,-0.004925463216760188,-0.005020724058519668,-0.004612372077609593,-0.002142925537786153
0.006770270810832433,-0.08990877518523425,-0.014582815164318566,-0.014614402534119726,-0.014178025556471902,-0.00492579035227339,-0.005021044102265701,-0.004612666121972061,-0.0021430577875223063
0.006772270890835634,-0.0899201323151856,-0.014584718725181871,-0.01461629905621576,-0.014179874048483847,-0.004926503475931914,-0.005021733732774737,-0.004613309842327848,-0.0021433621570037904
0.0067742709708388344,-0.08992589673206063,-0.01458565264799737,-0.01461723111416678,-0.014180778736971324,-0.0049268321772263195,-0.005022055284528975,-0.004613605289083855,-0.002143495058870693
0.006776271050842034,-0.0899372790435819,-0.0145875603915638,-0.014619131802465558,-0.014182631285796131,-0.004927546854115172,-0.00502274641090097,-0.004614250400547338,-0.002143800075230847
0.006778271130845235,-0.0899430684360568,-0.01458849846291813,-0.014620067992572816,-0.01418353999795234,-0.004927877096041083,-0.005023069446326565,-0.004614547227082135,-0.0021439336187042985
0.006780271210848434,-0.08995447551642936,-0.01459041032072986,-0.014621972778852613,-0.014185396537176376,-0.004928593300914882,-0.005023762044132183,-0.004615193706952643,-0.002144239271378931
0.006782271290851635,-0.08996028947023219,-0.014591352471907485,-0.01462291303263758,-0.014186309206337587,-0.0049289250581317145,-0.00502408653870779,-0.004615491890480037,-0.0021443734458549343
0.006784271370854834,-0.08997172090363835,-0.014593268374992646,-0.014624821848164334,-0.0141881696690484,-0.004929642765555167,-0.005024780583334177,-0.004616139715886274,-0.0021446797242004605
0.006786271450858035,-0.08997755900141313,-0.014594214536766457,-0.014625766096638673,-0.014189086228054657,-0.00492997601253332,-0.005025106512355806,-0.004616439233450275,-0.0021448145189960385
0.006788271530861235,-0.08998901436896659,-0.014596134415643834,-0.014627678872170997,-0.01419095054684587,-0.004930695196882986,-0.005025801979008245,-0.004617088381351946,-0.0021451214122902478
0.006790271610864435,-0.0899948761903045,-0.014597084518280014,-0.014628627045841499,-0.014191870928045592,-0.0049310299079057115,-0.005026129317590974,-0.004617389209828435,-0.0021452568166441836
0.006792271690867636,-0.09000635507008178,-0.014599008302964607,-0.014630543711635777,-0.01419373903502194,-0.004931750543372029,-0.005026826181294828,-0.004618039657018051,-0.0021455643140870693
0.006794271770870835,-0.0900122401915522,-0.014599962276227969,-0.014631495740509752,-0.01419466317027731,-0.00493208669253736,-0.005027154904374755,-0.004618341773116511,-0.002145700317160734
0.006796271850874036,-0.09002374215862304,-0.014601889896235789,-0.014633416226325373,-0.014196534997059545,-0.004932808753126434,-0.00502785313997727,-0.004618993496221001,-0.0021460084078752544
0.006798271930877235,-0.0900296501538051,-0.014602847669395062,-0.014634372039915619,-0.014197462817751414,-0.004933146314349116,-0.005028183222313299,-0.004619296876486307,-0.0021461449987534094
0.006800272010880436,-0.09004117478026567,-0.014604779053748636,-0.01463629627502018,-0.014199338295481539,-0.004933869773884758,-0.005028882804485542,-0.004619949851968854,-0.0021464536717863284
0.0068022720908836355,-0.09004710521977917,-0.01460574055558148,-0.014637255802350318,-0.01420026973251436,-0.004934208720898131,-0.005029214220661293,-0.004620254472782895,-0.0021465908394779276
0.006804272170886836,-0.09005865207478199,-0.014607675632815066,-0.014639183715524839,-0.014202148791860795,-0.004934933553023768,-0.0050299151238999435,-0.004620908676944608,-0.0021469000838006055
0.0068062722508900365,-0.09006460452632095,-0.014608640791613565,-0.014640146885134686,-0.014203083775668071,-0.0049352738593818075,-0.005030247848325673,-0.004621214514528182,-0.002147037817239631
0.006808272330893236,-0.09007617317610829,-0.01461057948977843,-0.014642078404678951,-0.014204966346830565,-0.004936000037562416,-0.005030950046954961,-0.004621869923509915,-0.0021473476217488564
0.006810272410896437,-0.09008214720447193,-0.0146115482333545,-0.014643045144629727,-0.014205904807379838,-0.00493634167664167,-0.0050312840538694155,-0.00462217695392441,-0.002147485909795137
0.006812272490899636,-0.09009373721240824,-0.014613490480024353,-0.014644980198367736,-0.014207790820095052,-0.004937069174165835,-0.005031987522043114,-0.004622833543708544,-0.0021477962633139765
0.006814272570902837,-0.09009973237953427,-0.014614462735714947,-0.014645950436247553,-0.01420873268689328,-0.004937412119167418,-0.0050323227855155325,-0.004623141742857789,-0.002147935094754017
0.0068162726509060365,-0.09011134330613824,-0.01461640845799141,-0.014647888951532831,-0.014210622070439764,-0.004938140909149307,-0.005033027497218794,-0.0046237994892700295,-0.0021482459860326297
0.006818272730909237,-0.09011735917113438,-0.014617384152664016,-0.01464886261446188,-0.014211567272538375,-0.004938485133100889,-0.005033363991150732,-0.004624108832902016,-0.002148385349580435
0.006820272810912437,-0.09012899057411287,-0.014619333277182072,-0.014650804518183014,-0.014213459955742011,-0.004939215188482254,-0.005034069920202122,-0.004624767711613206,-0.0021486967672969346
0.006822272890915637,-0.09013502669329251,-0.014620312337240466,-0.014651781532819536,-0.014214408421742684,-0.004939560664240173,-0.005034407618329595,-0.004625078175322061,-0.002148836651594929
0.006824272970918838,-0.09014667812757285,-0.014622264790173867,-0.0146537267514055,-0.014216304332982016,-0.004940291957792409,-0.005035114738383002,-0.004625738161850005,-0.002149148584356208
0.006826273050922037,-0.09015273405448597,-0.0146232471415633,-0.01465470704395082,-0.014217255991041565,-0.004940638658043637,-0.005035453614278296,-0.004626049721077686,-0.0021492889779760015
0.006828273130925238,-0.09016440507224971,-0.0146252028486303,-0.014656655503376737,-0.01421915505825315,-0.004941371162369799,-0.005036161898824934,-0.004626710790788999,-0.0021496014143186255
0.0068302732109284375,-0.09017048035771837,-0.01462618841684332,-0.014657638999581078,-0.014220109836089208,-0.004941719059634034,-0.0050365019258987054,-0.004627023420827236,-0.0021497423057619306
0.006832273290931638,-0.09018217050843581,-0.014628147303312168,-0.014659590625373732,-0.014222011986773218,-0.004942452747170985,-0.005037211348269159,-0.004627685548939216,-0.002150055234152985
0.006834273370934838,-0.09018826470058665,-0.014629136013394217,-0.01466057725054173,-0.01422296981166972,-0.004942801813802735,-0.005037552499772399,-0.004627999224931346,-0.002150196611852477
0.006836273450938038,-0.0901999735310504,-0.014631098004088927,-0.014662531967785199,-0.014224874972895249,-0.0049435366568231906,-0.0050382630331386085,-0.004628662386513848,-0.00215051002069045
0.006838273530941239,-0.09020608617535054,-0.01463208978064398,-0.01466352164678179,-0.014225835771707936,-0.004943886865013883,-0.005038605282164704,-0.004628977083456729,-0.0021506518730106507
0.006840273610944438,-0.09021781322970975,-0.014634054799949876,-0.01466547938012302,-0.014227743870118532,-0.004944622835628463,-0.005039316899541964,-0.004629641253434019,-0.0021509657506262915
0.006842273690947639,-0.09022394386899973,-0.014635049567146187,-0.014666472037378874,-0.014228707569280371,-0.004944974157408531,-0.005039660219028707,-0.004629956946179889,-0.0021511080658644308
0.0068442737709508384,-0.09023568868879525,-0.014637017539015825,-0.014668432711033637,-0.014230618531099826,-0.004945711227568005,-0.005040372893277818,-0.004630622099332661,-0.002151422400521672
0.006846273850954039,-0.09024183686332446,-0.014638015220591655,-0.01466942827055095,-0.014231585056626622,-0.004946063634809032,-0.005040717256009471,-0.004630938762591044,-0.002151565166908587
0.006848273930957239,-0.09025359898752329,-0.014639986068550527,-0.014671391808309444,-0.014233498807664434,-0.004946801776306341,-0.0050414309598387115,-0.004631604873558218,-0.002151879946805415
0.006850274010960439,-0.09025976423498479,-0.01464098658781995,-0.014672390193667801,-0.01423446808516068,-0.004947155240723173,-0.005041776338448097,-0.004631922481897906,-0.0021520231525064583
0.006852274090963639,-0.09027154320001496,-0.014642960234972276,-0.014674356518900502,-0.01423638455081759,-0.004947894425195632,-0.005042491044415324,-0.004632589525178583,-0.0021523383657758095
0.006854274170966839,-0.09027772505558199,-0.014643963514831215,-0.014675357653262762,-0.014237356505481998,-0.004948248918348641,-0.005042837411385935,-0.004632908053029576,-0.002152481998891757
0.00685627425097004,-0.09028952039536943,-0.014645939883865946,-0.014677326688926311,-0.014239275610755985,-0.004948989117280146,-0.005043553091900764,-0.004633576002985096,-0.0021527976336024506
0.006858274330973239,-0.09029571839172855,-0.014646945846797781,-0.014678330495044396,-0.014240250167387105,-0.004949344610577251,-0.0050439004195688,-0.004633895424640475,-0.002152941682170375
0.00686027441097644,-0.09030752963773113,-0.014648924859994349,-0.014680302163687459,-0.014242171836878861,-0.004950085795300388,-0.005044617046894611,-0.004634564255496231,-0.0021532577263280017
0.0068622744909796396,-0.09031374330511967,-0.014649933428076007,-0.01468130856390813,-0.014243148919880934,-0.004950442259999341,-0.005044965307451126,-0.004634884545114196,-0.0021534021783222216
0.00686427457098284,-0.09032556998636339,-0.014651915007310393,-0.014683282787677275,-0.014245073077799816,-0.004951184401697617,-0.005045682853707204,-0.004635554230961692,-0.0021537186198700557
0.00686627465098604,-0.09033179885260603,-0.014652926102218456,-0.014684291703948514,-0.014246052611188718,-0.00495154180890827,-0.005046032019200298,-0.004635875362567583,-0.002153863463203068
0.00686827473098924,-0.09034364049572159,-0.014654910168969075,-0.01468626840459427,-0.01424797918135836,-0.004952284878618305,-0.005046750456364029,-0.004636545877366409,-0.0021541802900230268
0.00687027481099244,-0.09034988408626489,-0.01465592371198552,-0.01468727975847077,-0.01424896108876721,-0.00495264319930469,-0.005047100498700945,-0.004636867824854586,-0.0021543255125463937
0.00687227489099564,-0.09036174021552443,-0.014657910187339501,-0.01468925885735369,-0.01425088999463167,-0.0049533871679185194,-0.005047819798609943,-0.00463753914243444,-0.002154642712459953
0.006874274970998841,-0.09036799805347433,-0.014658926099357917,-0.014690272570003271,-0.014251874199316774,-0.004953746372901169,-0.005048170689559189,-0.004637861879570399,-0.002154788301965281
0.0068762750510020405,-0.09037986819082709,-0.014660914904016931,-0.014692253988099884,-0.014253805363946274,-0.004954491211168427,-0.005048890823913493,-0.004638533973633076,-0.0021551058627343996
0.006878275131005241,-0.09038613979698572,-0.014661933105548624,-0.014693269980309346,-0.01425479178879312,-0.004954851271126627,-0.005049242535107104,-0.004638857474055426,-0.0021552518069542508
0.006880275211008441,-0.09039802346209573,-0.014663924159835117,-0.014695253638218296,-0.014256725134889845,-0.004955596949656789,-0.0050499634754712615,-0.004639530318176828,-0.002155569716282327
0.006882275291011641,-0.0904043083549981,-0.01466494457101518,-0.01469627183039962,-0.014257713702418986,-0.0049559578351307905,-0.005050315978406944,-0.004639854555399325,-0.002155716002891176
0.006884275371014841,-0.0904162050652807,-0.014666937794878442,-0.014698257648347764,-0.014259649152323308,-0.0049567043243954915,-0.005051037696212321,-0.004640528123031561,-0.0021560342484240086
0.006886275451018041,-0.09042250276123197,-0.014667960335471998,-0.014699277960544248,-0.014260639784696313,-0.004957066005788866,-0.005051390962255649,-0.004640853070445153,-0.002156180865039193
0.006888275531021241,-0.09043441203189181,-0.01466995564849451,-0.01470126585839298,-0.014262577260392671,-0.004957813276124166,-0.005052113428802625,-0.00464152733491857,-0.0021564994343659188
0.0068902756110244415,-0.09044072204500476,-0.014670980237902868,-0.014702288210285462,-0.0142635698794183,-0.004958175723706035,-0.005052467429189276,-0.00464185296579348,-0.0021566463685486186
0.006892275691027642,-0.09045264338907255,-0.014672977559306381,-0.014704278107536573,-0.014265509302541191,-0.004958923745314714,-0.005053190615649402,-0.004642527900318703,-0.002156965249202673
0.006894275771030842,-0.09045896523130553,-0.014674004116573295,-0.014705302418449665,-0.01426650382968134,-0.004959286929222098,-0.005053545321487386,-0.004642854187806495,-0.002157112488458845
0.006896275851034042,-0.09047089815967652,-0.014676003365225176,-0.014707294234252098,-0.014268445121521499,-0.004960035672175994,-0.005054269198905694,-0.004643529765476553,-0.0021574316679189563
0.006898275931037242,-0.09047723134087118,-0.014677031809043263,-0.014708320423160373,-0.014269441477897306,-0.004960399562416118,-0.005054624581177616,-0.004643856682612214,-0.0021575791997003276
0.006900276011040442,-0.09048917536234216,-0.014679032903462709,-0.014710314076315938,-0.014271384559407794,-0.004961148996658384,-0.005055349120474797,-0.004644532876404553,-0.0021578986653914517
0.006902276091043642,-0.09049551939026129,-0.014680063152179524,-0.014711342061850343,-0.014272382665805768,-0.004961513563111,-0.005055705150040074,-0.004644860396108593,-0.002158046477096475
0.0069042761710468425,-0.09050747401157054,-0.014682066010544155,-0.014713337470820554,-0.014274327457608177,-0.004962263658458572,-0.005056430322014831,-0.004645537178887285,-0.0021583662163908155
0.006906276251050043,-0.09051382839193593,-0.014683097982168597,-0.014714367171274475,-0.014275327234486369,-0.004962628870878302,-0.005056786969611954,-0.004645865273967816,-0.002158514295365657
0.006908276331053243,-0.09052579311779983,-0.014685102522320501,-0.014716364254186539,-0.014277273656876827,-0.004963379597024133,-0.0050575127449431975,-0.004646542618485612,-0.002158834295583613
0.006910276411056443,-0.09053215735433245,-0.014686136134529472,-0.014717395587522615,-0.01427827502437112,-0.004963745425042849,-0.005057869981192075,-0.00464687126164051,-0.002158982629123161
0.006912276491059643,-0.09054413168748543,-0.014688142273981748,-0.014719394262175972,-0.014280222997326685,-0.004964496751558334,-0.005058596330441265,-0.004647549140540948,-0.002159302877534342
0.006914276571062843,-0.09055050528194293,-0.014689177444126416,-0.014720427146032217,-0.014281225875256922,-0.0049648631646875595,-0.0050589541258454825,-0.004647878304360008,-0.002159451452883177
0.006916276651066043,-0.09056248872317524,-0.014691185100069698,-0.01472242732990495,-0.014283175318441805,-0.004965615061024896,-0.005059681019458896,-0.004648556690179607,-0.0021597719367073805
0.0069182767310692435,-0.0905688711753907,-0.014692221745181743,-0.014723461681601135,-0.014284179626318082,-0.004965982028658129,-0.00506003934440801,-0.004648886347146605,-0.0021599207410607705
0.006920276811072443,-0.09058086322358824,-0.014694230834490615,-0.014725463291856427,-0.014286130459089842,-0.0049667344641527,-0.005060766752719052,-0.0046495652123169475,-0.0021602414474689757
0.006922276891075644,-0.09058725403150991,-0.014695268871289023,-0.014726499028400616,-0.014287136116118792,-0.004967101955567811,-0.005061125577490901,-0.004649895334811847,-0.0021603904679738874
0.006924276971078844,-0.09059925418369341,-0.014697279310528501,-0.014728501981893242,-0.01428908825753478,-0.004967854899440636,-0.00506185347072248,-0.004650574651661829,-0.0021607113840893086
0.006926277051082044,-0.09060565284342412,-0.01469831865542602,-0.014729539019988492,-0.014290095182626004,-0.00496822288380236,-0.005062212765485579,-0.004650905211962949,-0.002160860607845418
0.006928277131085244,-0.09061766059478786,-0.014700330360858094,-0.014731543233271204,-0.014292048551449554,-0.0049689763051624335,-0.0050629411137523474,-0.00465158495272086,-0.0021611817207444484
0.006930277211088444,-0.09062406660062408,-0.014701370929967698,-0.014732581489321859,-0.01429305666322184,-0.0049693447515246954,-0.0050633008485681495,-0.00465191592300703,-0.0021613311348051387
0.006932277291091644,-0.09063608144457708,-0.014703383817558051,-0.014734586878652214,-0.014295011177928864,-0.004970098619371513,-0.005064029621878967,-0.004652596059802803,-0.0021616524315184143
0.006934277371094844,-0.09064249428904854,-0.014704425526699535,-0.01473562626877046,-0.01429602039471663,-0.004970467496679891,-0.0050643897667042425,-0.004652927412155555,-0.0021618020228918082
0.006936277451098045,-0.09065451571725196,-0.01470643951212391,-0.014737632750117108,-0.014297975973501745,-0.004971221779905791,-0.005065118934964434,-0.004653607917022882,-0.002162123490405194
0.006938277531101244,-0.09066093489116295,-0.014707482276830726,-0.014738673190129871,-0.014298986213361611,-0.004971591057000036,-0.005065479459653697,-0.004653939623428695,-0.0021622732460551833
0.006940277611104445,-0.09067296239357255,-0.014709497275481709,-0.014740680679179392,-0.014300942774144896,-0.004972345724392685,-0.005066208992667475,-0.004654620468307335,-0.00216259487131083
0.006942277691107645,-0.0906793873860396,-0.014710541011007309,-0.014741722084634522,-0.014301953954861847,-0.0049727153700090355,-0.005066569866975236,-0.00465495250065973,-0.0021627447781580695
0.006944277771110845,-0.09069142045094446,-0.014712556938001034,-0.014743730496797943,-0.01430391141529501,-0.004973470390253937,-0.005067299734448064,-0.0046556336573976035,-0.002163066548055419
0.006946277851114045,-0.09069785074943902,-0.01471360155932583,-0.0147447727829713,-0.014304923454389195,-0.004973840373027723,-0.00506766092803134,-0.0046559659874995,-0.0021632165929783924
0.006948277931117245,-0.090709888863502,-0.014715618329508504,-0.01474678203339078,-0.014306881731862238,-0.004974595714710602,-0.005068391099572316,-0.0046566474278549866,-0.002163538494375213
0.0069502780111204455,-0.09071632395388947,-0.014716663751346318,-0.014747825115292568,-0.01430789454659518,-0.0049749660031786205,-0.005068752581992925,-0.0046569800274208085,-0.002163688664211248
0.006952278091123645,-0.09072836660218846,-0.01471868127930114,-0.014749835118848184,-0.014309853558242868,-0.004975721634787967,-0.005069483027117209,-0.004657661723064966,-0.002164010683924676
0.006954278171126846,-0.09073480596876932,-0.014719727416106153,-0.014750878911229932,-0.01431086706562425,-0.004976092197391022,-0.005069844767844237,-0.004657994563722946,-0.002164160965470993
0.006956278251130045,-0.09074685263483742,-0.014721745616159982,-0.014752889582546325,-0.014312826728332796,-0.0049768480873205925,-0.0050705754559754665,-0.004658676486241755,-0.002164483090278603
0.006958278331133246,-0.09075329576038742,-0.014722792382133379,-0.014753933999907508,-0.014313840845126878,-0.0049772188924059905,-0.005070937424387653,-0.004659009539536152,-0.002164633470293348
0.006960278411136446,-0.09076534592625417,-0.014724811168363522,-0.014755945253360717,-0.014315801075540351,-0.004977975008957288,-0.005071668324860317,-0.004659691660432754,-0.0021649556869341624
0.006962278491139646,-0.09077179229206601,-0.014725858477460423,-0.01475699020995549,-0.014316815718272577,-0.004978346024781333,-0.005072030490248514,-0.004660024897826135,-0.002165106152137485
0.0069642785711428465,-0.09078384543829782,-0.014727877763701361,-0.014759001959679548,-0.014318776432799517,-0.004979102336166082,-0.0050727615723103955,-0.004660707188523046,-0.0021654284473130135
0.006966278651146046,-0.09079029452422237,-0.014728925529637445,-0.0147600473695237,-0.014319791517763287,-0.004979473530896616,-0.005073123903879979,-0.00466104058139852,-0.002165578984388096
0.006968278731149247,-0.09080235012996372,-0.014730945229487768,-0.014762059529417648,-0.014321752632583281,-0.004980230005239353,-0.005073855136694618,-0.004661723013239969,-0.0021659013447634322
0.006970278811152446,-0.09080880141445057,-0.014731993365746297,-0.014763105306295241,-0.014322768075846355,-0.004980601346958235,-0.005074217603567924,-0.004662056532903466,-0.002166051940357543
0.006972278891155647,-0.09082085895746687,-0.014734013392575664,-0.014765117790029978,-0.01432472950691711,-0.004981357952298835,-0.005074948956217095,-0.0046627390771576925,-0.002166374352562421
0.006974278971158847,-0.09082731191760596,-0.014735061812414215,-0.014766163847500296,-0.01432574522432841,-0.0049817294090045315,-0.00507531152743587,-0.004663072694840249,-0.0021665249932879883
0.006976279051162047,-0.09083937087432296,-0.014737082079369962,-0.014768176568525257,-0.01432770688739189,-0.0049824861133007,-0.005076042968921959,-0.004663755322701686,-0.0021668474439178044
0.0069782791311652475,-0.09084582498588652,-0.014738130695827462,-0.014769222819929694,-0.014328722794588147,-0.004982857652910816,-0.005076405613449867,-0.004664089009561732,-0.0021669981163534844
0.006980279211168447,-0.09085788483143295,-0.014740151115841729,-0.01477123569147986,-0.014330684605177491,-0.00498361442404065,-0.005077137112698383,-0.0046647716921533605,-0.0021673205919703975
0.006982279291171648,-0.0908643395689171,-0.014741199841745255,-0.014772282049948723,-0.01433170061759007,-0.004983986014394459,-0.005077499799423434,-0.004665105419279023,-0.0021674712826621257
0.006984279371174847,-0.09087639977716684,-0.014743220327541919,-0.014774294985051556,-0.014333662491036462,-0.004984742820159103,-0.005078231325285516,-0.00466578812765467,-0.0021677937697961247
0.006986279451178048,-0.0908828546138337,-0.014744269075513773,-0.014775341363511163,-0.01433467852389793,-0.004985114429020161,-0.005078594023022572,-0.0046661218660660605,-0.0021679444652582106
0.0069882795311812474,-0.09089491465744694,-0.01474628953961526,-0.014777354274993458,-0.014336640375337169,-0.004985871237146224,-0.005079325544277422,-0.004666804571212733,-0.002168266950408195
0.006990279611184448,-0.09090136906536557,-0.014747338222079787,-0.014778400586172824,-0.014337656343688198,-0.004986242832204899,-0.005079688221770635,-0.004667138291864273,-0.002168417637124367
0.0069922796911876485,-0.09091342841583137,-0.014749358576814193,-0.014780413386667728,-0.014339618088067477,-0.004986999610347139,-0.005080419707128023,-0.004667820964704405,-0.002168740106759187
0.006994279771190848,-0.09091988186592138,-0.01475040710600501,-0.01478145954310585,-0.014340633906763645,-0.004987371159223231,-0.005080782333053419,-0.004668154638487173,-0.0021688907711837216
0.006996279851194049,-0.0909319399935999,-0.014752427263512903,-0.014783472145059718,-0.014342595458848383,-0.004988127874967083,-0.005081513751156188,-0.004668837249880983,-0.0021692132117432958
0.006998279931197248,-0.0909383919556725,-0.014753475551479591,-0.014784518059112257,-0.014343611042566724,-0.00498849934521235,-0.005081876294124088,-0.004669170847624955,-0.002169363840302035
0.007000280011200449,-0.09095044832983716,-0.014755495423721385,-0.014786530374791888,-0.014345572316947455,-0.004989255966076584,-0.0050826076135506585,-0.004669853368372816,-0.002169686238198439
0.007002280091203648,-0.09095689827263789,-0.014756543382336621,-0.014787575958638294,-0.01434658758019353,-0.004989627325177389,-0.005082970042108204,-0.004670186860849269,-0.0021698368172899207
0.007004280171206849,-0.09096895236151777,-0.014758562881099424,-0.01478958790013775,-0.014348548491292685,-0.00499038381861667,-0.005083701231375133,-0.004670869261694012,-0.002170159158908448
0.007006280251210049,-0.09097539975277012,-0.014759610422066359,-0.014790633065788462,-0.014349563348407481,-0.004990755033996614,-0.0050840635140088665,-0.004671202619617901,-0.002170309674905004
0.007008280331213249,-0.090987451023593,-0.01476162945897091,-0.014792644545036194,-0.01435152381048617,-0.004991511367404081,-0.005084794541573289,-0.004671884871247131,-0.0021706319466052735
0.00701028041121645,-0.0909938953300398,-0.01476267649382985,-0.014793689204339476,-0.014352538175652765,-0.004991882406426564,-0.005085156646711612,-0.004672218065279354,-0.0021707823858540904
0.007012280491219649,-0.09100594324907348,-0.014764694980337707,-0.014795700133105286,-0.014354498102817704,-0.004992638547136484,-0.005085887480973807,-0.004672900138327817,-0.0021711045739711207
0.00701428057122285,-0.09101238393651949,-0.014765741420473353,-0.014796744197754326,-0.014355511890068187,-0.004993009377107317,-0.0050862493769895335,-0.004673233139077594,-0.0021712549227953454
0.007016280651226049,-0.09102442796911708,-0.014767759267894113,-0.014798754487656555,-0.014357471196278572,-0.004993765292397715,-0.005086979986295477,-0.004673915004129573,-0.002171577013640687
0.00701828073122925,-0.09103086450247294,-0.014768805024542671,-0.014799797869196617,-0.01435848431950101,-0.00499413588056777,-0.005087341641508381,-0.004674247782156815,-0.002171727258340523
0.0070202808112324495,-0.09104290411311348,-0.014770822144040983,-0.014801807431709281,-0.01436044291857559,-0.004994891537663071,-0.005088071994152301,-0.004674929409748491,-0.00217204923820333
0.00702228089123565,-0.09104933595643801,-0.014771867128297304,-0.014802850041544824,-0.014361455291520971,-0.004995261851230936,-0.005088433376831654,-0.004675261935566166,-0.0021721993650571634
0.00702428097123885,-0.09106137060877119,-0.014773883430900123,-0.014804858788004619,-0.014363413097144789,-0.004996017217304549,-0.005089163441058552,-0.00467594329618793,-0.0021725212202053134
0.00702628105124205,-0.09106779722531494,-0.014774927553724873,-0.014805900537406387,-0.014364424633433915,-0.004996387223419132,-0.005089524519425687,-0.004676275540264477,-0.002172671215470777
0.007028281131245251,-0.09107982638220237,-0.014776942950328347,-0.014807908379019866,-0.014366381559165184,-0.004997142265596126,-0.005090254263433852,-0.004676956604363315,-0.0021729929321519484
0.00703028121124845,-0.09108624723444966,-0.014777986122555072,-0.014808949179131949,-0.014367392172295539,-0.004997511931359286,-0.005090615005664707,-0.004677288537124907,-0.00217314278206705
0.007032281291251651,-0.09109827035800992,-0.014780000523931913,-0.014810956026982538,-0.01436934813157275,-0.0049982666167190095,-0.00509134439760833,-0.004677969275106825,-0.0021734643465098485
0.0070342813712548505,-0.09110468490772393,-0.014781042656274394,-0.01481199578882969,-0.01437035773492562,-0.004998635909188293,-0.005091704771836024,-0.004678300866939884,-0.002173614037294088
0.007036281451258051,-0.09111670145937469,-0.01478305597308111,-0.014814001553885145,-0.01437231264107454,-0.004999390204767048,-0.00509243377982778,-0.00467898124917226,-0.00217393543570916
0.007038281531261251,-0.09112310916763992,-0.01478409697614046,-0.014815040188379855,-0.014373321147921954,-0.0049997590909582595,-0.005092793754145192,-0.004679312470425766,-0.002174084953564621
0.007040281611264451,-0.09113511860814252,-0.014786109118924529,-0.014817044781499247,-0.01437527491416255,-0.005000512963752022,-0.005093522346258777,-0.0046799924672397755,-0.002174406172145775
0.007042281691267652,-0.0911415189354072,-0.01478714890319626,-0.0148180821994489,-0.014376282237674143,-0.005000881410641892,-0.005093881888721059,-0.004680323288227653,-0.0021745555032582366
0.007044281771270851,-0.09115352072491004,-0.014789159782403359,-0.01482008553138992,-0.014378234777127723,-0.005001634827608927,-0.005094610032993838,-0.004681002869920658,-0.00217487652818355
0.007046281851274052,-0.09115991313103163,-0.014790198258284953,-0.014821121643504123,-0.014379240830377922,-0.005002002802137831,-0.005094969111621087,-0.0046813332609242295,-0.0021750256587236326
0.0070482819312772515,-0.09117190672911182,-0.014792207784265992,-0.01482312362493002,-0.014381192056073801,-0.005002755730201288,-0.005095696776056507,-0.004682012397762101,-0.002175346476156526
0.007050282011280452,-0.09117829067339947,-0.014793244862063805,-0.014824158341827688,-0.014382196752048793,-0.005003123199275893,-0.005096055358836296,-0.004682342329032443,-0.0021754953922807794
0.007052282091283652,-0.09119027553910838,-0.01479525294508243,-0.014826158883314771,-0.014384146576931626,-0.005003875605326556,-0.005096782511406649,-0.004683020991252044,-0.0021758159883711902
0.007054282171286852,-0.09119665048036726,-0.014796288535019153,-0.014827192115531412,-0.01438514982853635,-0.005004242535822501,-0.0050971405662965956,-0.004683350433012429,-0.0021759646762232244
0.007056282251290052,-0.09120862607227458,-0.014798295085258938,-0.014829191127576248,-0.014387098165473143,-0.005004994386721523,-0.005097867174945541,-0.004684028590824022,-0.0021762850371087193
0.007058282331293252,-0.09121499146884893,-0.01479932909748078,-0.014830222785571227,-0.0143880998855384,-0.005005360745486062,-0.005098224669875976,-0.004684357513272288,-0.002176433482820319
0.007060282411296453,-0.09122695724508503,-0.014801334025052409,-0.014832220178597803,-0.014390046647325539,-0.005006112008067574,-0.005098950702521125,-0.0046850351368619295,-0.0021767535946272047
0.0070622824912996525,-0.09123331255490295,-0.014802366369636482,-0.01483325017276159,-0.01439104674861501,-0.005006477761922371,-0.005099307605397636,-0.004685363510172936,-0.0021769017843194763
0.007064282571302853,-0.09124526797320397,-0.014804369584585125,-0.014835245857128561,-0.014392991847985193,-0.0050072284029961485,-0.0051000330299331865,-0.004686040569704853,-0.0021772216331639124
0.007066282651306053,-0.09125161265382041,-0.014805400171546435,-0.01483627409778986,-0.01439399024320251,-0.0050075935187398396,-0.005100389308639201,-0.004686368364032871,-0.002177369552948369
0.007068282731309253,-0.09126355717157114,-0.01480740158385899,-0.01483826798379784,-0.014395933592832059,-0.005008343505094041,-0.005101114092938465,-0.0046870448296519596,-0.0021776891249375052
0.007070282811312453,-0.09126989068021243,-0.01480843032315813,-0.014839294381231063,-0.01439693019462786,-0.005008707949505003,-0.0051014697153379035,-0.004687372015133072,-0.0021778367609172275
0.007072282891315653,-0.09128182375449186,-0.014810429842770584,-0.01484128637913008,-0.014398871707143648,-0.005009457247908917,-0.005102193827256056,-0.004688047856967282,-0.0021781560421503614
0.007074282971318853,-0.09128814554810007,-0.01481145664432087,-0.014842310843562585,-0.014399866428122876,-0.005009820987747978,-0.005102548761195936,-0.004688374403721911,-0.002178303380421125
0.007076283051322053,-0.09130006663572417,-0.014813454181125613,-0.014844300863559111,-0.014401806016109435,-0.005010569564954615,-0.005103272168572509,-0.004689049591884662,-0.002178622356990781
0.007078283131325254,-0.091306376171,-0.014814478954800222,-0.014845323305178222,-0.01440279876883804,-0.005010932566967658,-0.0051036263818855,-0.004689375470019841,-0.0021787693836421446
0.007080283211328454,-0.09131828472856635,-0.014816474418653278,-0.014847311257442536,-0.014404736344844746,-0.005011680389716543,-0.00510434905254699,-0.004690049974612441,-0.002179088041635238
0.007082283291331654,-0.09132458146201548,-0.014817497074292887,-0.014848331586403436,-0.014405727041857205,-0.005012042620637357,-0.005104702513054146,-0.004690375154224392,-0.0021792347427517424
0.007084283371334854,-0.09133647694594733,-0.014819490375021305,-0.014850317381077017,-0.01440766251840532,-0.005012789655657188,-0.0051054244148167165,-0.00469104894533856,-0.0021795530682506927
0.007086283451338054,-0.09134276033392165,-0.014820510822441221,-0.014851335507509358,-0.01440865107221142,-0.0050131510822100656,-0.005105777090329932,-0.0046913733965150105,-0.002179699429912925
0.007088283531341254,-0.0913546422005117,-0.014822501869850324,-0.014853319054712082,-0.01441058436180107,-0.005013897296221354,-0.005106498191001953,-0.004692046444235133,-0.002180017408996782
0.007090283611344454,-0.0913609116992561,-0.014823520018847921,-0.014854334888727718,-0.01441157068489323,-0.005014257885123814,-0.005106850049326713,-0.004692370137057817,-0.0021801634172825468
0.007092283691347655,-0.09137277940471178,-0.014825508722728857,-0.014856316098565296,-0.014413501700010914,-0.005015003244841763,-0.0051075703167114276,-0.004693042411463554,-0.0021804810360281472
0.0070942837713508546,-0.09137903447040752,-0.014826524483090787,-0.014857329550265589,-0.014414485704871277,-0.00501536296280733,-0.005107921325649398,-0.004693365316010682,-0.0021806266770136203
0.007096283851354055,-0.09139088747089538,-0.01482851075322787,-0.014859308332836902,-0.014416414357996694,-0.005016107434944512,-0.005108640727547561,-0.004694036787179395,-0.0021809439214967503
0.007098283931357255,-0.09139712755970415,-0.014829524034737616,-0.01486031931231996,-0.014417395957104336,-0.005016466248685351,-0.00510899085489922,-0.004694358873527996,-0.00218108918125755
0.007100284011360455,-0.0914089653113923,-0.014831507780915347,-0.014862295577724165,-0.014419322160717457,-0.005017209799954227,-0.005109709359111657,-0.004695029511537034,-0.002181406037553994
0.007102284091363655,-0.09141518987950109,-0.014832518493360484,-0.01486330399509223,-0.014420301266555273,-0.005017567676183918,-0.005110058572678869,-0.004695350749765458,-0.00218155090216637
0.007104284171366855,-0.09142701183860616,-0.014834499625371195,-0.014865277653436336,-0.014422224933143815,-0.005018310273299826,-0.0051107761470091575,-0.004696020524694783,-0.0021818673563531047
0.007106284251370055,-0.09143322034227074,-0.014835507678550719,-0.014866283418802969,-0.014423201458205888,-0.005018667178736048,-0.005111124414597849,-0.004696340884885173,-0.0021820118118950817
0.0071082843313732555,-0.09144502596509954,-0.014837486106201832,-0.014868254380208935,-0.014425122500272088,-0.005019408788419687,-0.005111841026854914,-0.004697009766819648,-0.0021823278500513964
0.007110284411376456,-0.0914512178606901,-0.014838491409933523,-0.014869257403706577,-0.014426096357070733,-0.005019764689786921,-0.005112188316277701,-0.004697329219060282,-0.002182471882603851
0.007112284491379656,-0.09146300660368624,-0.014840467043055095,-0.014871225578319104,-0.014428014687138727,-0.005020505278767281,-0.005112903934278498,-0.00469799717809225,-0.002182787490812537
0.007114284571382856,-0.0914691813477314,-0.014841469507182922,-0.014872225770106258,-0.01442898578821173,-0.005020860142799616,-0.005113250213357313,-0.004698315692480072,-0.002182931086460383
0.007116284651386056,-0.09148095266751902,-0.014843442255634744,-0.014874191068099537,-0.014430901318834658,-0.005021599677816491,-0.005113964804929383,-0.004698982698711712,-0.0021832462508087794
0.007118284731389256,-0.091487109716749,-0.014844441790036335,-0.014875188338368135,-0.01443186957675229,-0.005021953471260259,-0.005114310041498114,-0.004699300245354803,-0.0021833893956421054
0.007120284811392456,-0.0914988630701774,-0.014846411563715606,-0.01487715066995379,-0.014433782220519567,-0.005022691919067194,-0.005115023574482316,-0.004699966268900652,-0.002183704102223326
0.0071222848913956565,-0.09150500188157026,-0.014847408078309364,-0.014878144928936576,-0.014434747547891862,-0.005023044608683682,-0.005115367736389359,-0.004700282817920528,-0.002183846782338507
0.007124284971398856,-0.09151673672575726,-0.01484937478715778,-0.014880104204370512,-0.014436657217436,-0.005023781936050521,-0.0051160801786424405,-0.004700947828909839,-0.002184161017252514
0.007126285051402057,-0.09152285675658314,-0.01485036819191061,-0.014881095362348556,-0.01443761952691995,-0.00502413348861882,-0.005116423233753478,-0.004701263350444121,-0.002184303218753403
0.007128285131405257,-0.09153457254896069,-0.014852331745921812,-0.014883051491938488,-0.01443952613492393,-0.005024869662334454,-0.00511713455315065,-0.004701927319023315,-0.0021846169681081612
0.007130285211408457,-0.0915406732568245,-0.01485332195085611,-0.01488403945924816,-0.014440485339230444,-0.005025220044654026,-0.005117476469351178,-0.004702241783227956,-0.0021847586771071522
0.007132285291411657,-0.09155236945518265,-0.014855282260083171,-0.014885992353361055,-0.014442388798434878,-0.005025955031529168,-0.005118186633788839,-0.004702904679563169,-0.0021850719270197876
0.007134285371414857,-0.09155845029807053,-0.014856269175284507,-0.014886977040401678,-0.01444334481033607,-0.005026304210422657,-0.005118527378986816,-0.00470321805661503,-0.002185213129639012
0.0071362854514180575,-0.09157012636060258,-0.014858226149847359,-0.014888926609471095,-0.014445245033546472,-0.005027037977292581,-0.005119236356385196,-0.004703879850894497,-0.002185525866236949
0.007138285531421257,-0.09157618679692536,-0.014859209685471633,-0.01488990792671218,-0.014446197765882764,-0.005027385919608509,-0.005119575898513713,-0.004704192110993749,-0.0021856665486093894
0.007140285611424458,-0.09158784218227091,-0.014861163235564162,-0.014891854081245433,-0.014448094665976354,-0.005028118433335712,-0.0051202836568193895,-0.004704852773430211,-0.002185978758031459
0.007142285691427657,-0.09159388167090902,-0.014862143301845173,-0.014892831939234083,-0.014449044031663716,-0.005028465105951216,-0.005120621963839276,-0.00470516388680281,-0.0021861189063020993
0.007144285771430858,-0.09160551583819981,-0.014864093337742827,-0.014894774589819767,-0.014450937521596935,-0.00502919633342814,-0.0051213284710279385,-0.004705823387636027,-0.00218643057469971
0.007146285851434058,-0.09161153383854723,-0.014865069844999612,-0.014895748899187928,-0.014451883433633982,-0.005029541703251717,-0.00512166551093037,-0.004706133324536147,-0.0021865701750266677
0.007148285931437258,-0.09162314624745098,-0.014867016277066642,-0.014897687956503267,-0.014453773426449358,-0.005030271611403516,-0.005122370735009389,-0.004706791634035301,-0.0021868812885649327
0.0071502860114404584,-0.09162914221945978,-0.014867989135710618,-0.014898658627975148,-0.01445471579792445,-0.005030615645377649,-0.005122706475818558,-0.004707100364747744,-0.0021870203271205863
0.007152286091443658,-0.09164073233022428,-0.014869931874407601,-0.014900594002793172,-0.014456602206757967,-0.0050313442011649,-0.005123410384829607,-0.004707757453213893,-0.002187330871979449
0.007154286171446859,-0.09164670573444919,-0.014870900994950136,-0.01490156094719255,-0.014457540950856414,-0.005031686866268883,-0.005123744794605313,-0.004708064948056591,-0.0021874693349515886
0.007156286251450058,-0.0916582730079472,-0.014872839950841198,-0.01490349255038962,-0.014459423688944538,-0.00503241403669025,-0.005124447356627009,-0.004708720785825124,-0.002187779297326969
0.007158286331453259,-0.09166422330558957,-0.014873805243900909,-0.01490445567864714,-0.014460358718955653,-0.005032755299942828,-0.005124780403467319,-0.004709027015151513,-0.002187917170919926
0.007160286411456459,-0.0916757672033623,-0.014875740327661013,-0.014906383421210076,-0.014462237699642387,-0.005033481052037838,-0.005125481586617823,-0.0047096815725945675,-0.00218822653702485
0.007162286491459659,-0.09168169385631543,-0.014876701703971219,-0.014907342644370662,-0.014463168928966775,-0.005033820880499981,-0.005125813238661711,-0.004709986506796091,-0.002188363807460639
0.007164286571462859,-0.09169321384061825,-0.014878632826393713,-0.014909266437404282,-0.01446504406571098,-0.005034545181351708,-0.005126513011101396,-0.004710639754325007,-0.002188672563526384
0.007166286651466059,-0.09169911631151038,-0.014879590196809659,-0.014910221666634456,-0.014465971407867555,-0.0050348835421292985,-0.005126843236531322,-0.0047109433638335505,-0.002188809217045833
0.00716828673146926,-0.09171061184535634,-0.01488151726881355,-0.014912141421368782,-0.014467842614250008,-0.005035606358867109,-0.005127541566465393,-0.004711595271901321,-0.0021891173493230652
0.007170286811472459,-0.09171648959759576,-0.014882470544319808,-0.014913092567963903,-0.01446876598288315,-0.005035943219113662,-0.005127870333509936,-0.004711897527191579,-0.002189253372186953
0.00717228689147566,-0.09172796014479923,-0.014884393476957098,-0.014915008195761458,-0.0144706331726136,-0.0050366645189158735,-0.005128567189191035,-0.00471254806629527,-0.0021895608669468382
0.007174286971478859,-0.09173381264261836,-0.01488534256867482,-0.014915955171153057,-0.014471552481500222,-0.005036999845835203,-0.005128894466127498,-0.004712848937887246,-0.0021896962454370076
0.00717628705148206,-0.09174525766784057,-0.014887261273137789,-0.014917866583516303,-0.014473415568424632,-0.005037719595931867,-0.005129589815858331,-0.004713498078570429,-0.0021900030889723727
0.00717828713148526,-0.09175108437633962,-0.014888206092332209,-0.014918809299279445,-0.01447433073148133,-0.005038053356780844,-0.005129915571015425,-0.004713797537031864,-0.002190137809392892
0.00718028721148846,-0.09176250334513103,-0.014890120479960668,-0.014920716407857769,-0.014476189629588706,-0.005038771524456313,-0.005130609383151292,-0.004714445249886996,-0.0021904439880193107
0.0071822872914916605,-0.09176830373032278,-0.014891060938048267,-0.014921654775718288,-0.014477100560878947,-0.005039103686547561,-0.0051309335849116875,-0.0047147432658357705,-0.002190578036697581
0.00718428737149486,-0.09177969610916917,-0.014892970920337112,-0.014923557492315722,-0.014478955184308768,-0.005039820239143333,-0.005131625827863232,-0.004715389521506734,-0.0021908835367545607
0.007186287451498061,-0.09178546963802293,-0.01489390692889297,-0.014924491424157485,-0.014479861798049803,-0.005040150769847901,-0.005131948444666176,-0.004715686065613296,-0.0021910169000424573
0.00718828753150126,-0.09179683489438803,-0.014895812417499339,-0.014926389660739656,-0.014481712061098944,-0.005040865674765278,-0.005132639086901915,-0.004716330834797739,-0.002191321707894523
0.007190287611504461,-0.09180258103487302,-0.014896743888264383,-0.014927319068611914,-0.01448261427166896,-0.005041194541515338,-0.0051329600872458405,-0.004716625877787522,-0.0021914543721695064
0.0071922876915076605,-0.09181391863724357,-0.014898644795015037,-0.014929212737313525,-0.014484460088798863,-0.005041907766218096,-0.005133649097294807,-0.004717269131239321,-0.0021917584742073603
0.007194287771510861,-0.09181963685837366,-0.014899571639903473,-0.014930137533438107,-0.014485357810744172,-0.005042234936509676,-0.005133968449739945,-0.004717562643895187,-0.002191890425873627
0.0071962878515140615,-0.0918309462763013,-0.014901467876801858,-0.01493202654657,-0.014487199096587694,-0.005042946448526725,-0.005134655796194221,-0.004718204352426792,-0.002192193808515225
0.007198287931517261,-0.09183663604817906,-0.014902390007908438,-0.014932946643348722,-0.014488092244629713,-0.005043271889922374,-0.00513497346936521,-0.004718496305591485,-0.0021923250340048247
0.007200288011520462,-0.09184791675232687,-0.0149042814871422,-0.014934830913405263,-0.01448992891399845,-0.005043981656850521,-0.005135659120882605,-0.004719136440076424,-0.0021926276836965503
0.007202288091523661,-0.09185357754618617,-0.014905198816749326,-0.014935746223426917,-0.014490817403040647,-0.005044305336981953,-0.00513597508347106,-0.0047194268046548546,-0.0021927581694704762
0.007204288171526862,-0.09186482900837116,-0.01490708545069754,-0.014937625663093245,-0.01449264937093188,-0.005045013326488554,-0.005136659008777664,-0.004720065336030129,-0.0021930600726882566
0.0072062882515300615,-0.0918704602966218,-0.014907997891282667,-0.014938536099141038,-0.014493533116066987,-0.0050453352130593754,-0.005136973229544772,-0.004720354082991901,-0.0021931898052376044
0.007208288331533262,-0.09188168198985756,-0.014909879592522943,-0.014940410621300162,-0.014495360297670627,-0.005046041392884962,-0.0051376553974375305,-0.0047209909822602935,-0.0021934909484879832
0.007210288411536462,-0.09188728324612909,-0.014910787056765759,-0.014941316096358815,-0.014496239214187549,-0.005046361453673349,-0.0051379678452166495,-0.0047212780826420666,-0.002193619914335057
0.007212288491539662,-0.09189847464467109,-0.01491266373808162,-0.014943185614099,-0.014498061524893214,-0.00504706579163436,-0.005138648224565954,-0.0047219133208746605,-0.002193920284156357
0.007214288571542863,-0.0919040453438563,-0.014913566138871306,-0.014944086041362053,-0.014498935528284171,-0.0050473839944957105,-0.00513895886826522,-0.004722198745782541,-0.002194048469855786
0.007216288651546062,-0.09191520592324538,-0.014915437713259502,-0.014945950467983938,-0.014500752883688368,-0.005048086458487176,-0.005139637428017559,-0.0047228322941211,-0.002194348052819228
0.007218288731549263,-0.09192074554154278,-0.014916334963701901,-0.014946845760860814,-0.014501621889655694,-0.005048402771356756,-0.005139946236622378,-0.004723116014733028,-0.0021944754449590652
0.0072202888115524624,-0.09193187477864728,-0.014918201344379335,-0.014948705009884588,-0.014503434205568527,-0.00504910332935489,-0.00514062294580279,-0.004723747844392314,-0.0021947742276698418
0.007222288891555663,-0.09193738279360592,-0.01491909335780428,-0.014949595082007949,-0.014504298130031897,-0.005049417720250527,-0.0051409298883784964,-0.004724029831960501,-0.0021949008128727115
0.007224288971558863,-0.09194848016666614,-0.01492095445821534,-0.014951449067180373,-0.0145061053224842,-0.005050116340315426,-0.005141604716093214,-0.0047246599142307215,-0.002195198781971118
0.007226289051562063,-0.09195395605722824,-0.014921841148183712,-0.014952333832413123,-0.014506964081587422,-0.005050428777340147,-0.005141909761787573,-0.004724940140083986,-0.002195324546895282
0.007228289131565264,-0.09196502104589888,-0.014923696882007514,-0.014954182467714993,-0.01450876606683768,-0.0050511254276184095,-0.005142582677226578,-0.004725568446333161,-0.0021956216890578395
0.007230289211568463,-0.09197046429244332,-0.014924578162318453,-0.01495506184015749,-0.014509619576955674,-0.0050514358789630915,-0.005142885795272412,-0.004725846881879302,-0.0021957466203983375
0.007232289291571664,-0.0919814963778378,-0.014926428443475968,-0.014956905039810542,-0.014511416271497097,-0.005052130527690529,-0.005143556767711963,-0.004726473383555652,-0.002196042922338881
0.007234289371574863,-0.09198690646222264,-0.014927304228174038,-0.01495777893380772,-0.014512264449242956,-0.005052438961636542,-0.005143857927429645,-0.004726750000283877,-0.0021961670068286173
0.007236289451578064,-0.09199790512695527,-0.014929148970835287,-0.014959616612281857,-0.014514055769810222,-0.005053131577140748,-0.0051445269262348865,-0.004727374668918165,-0.002196462455299407
0.0072382895315812636,-0.09200328153256199,-0.01493001917421763,-0.014960484942430349,-0.014514898532042011,-0.005053437962062586,-0.005144826097034931,-0.004727649438401429,-0.002196585679710268
0.007240289611584464,-0.0920142462607909,-0.014931858292808565,-0.014962317014450688,-0.014516684395618262,-0.005054128512765589,-0.0051454930916623514,-0.004728272245609353,-0.0021968802615030727
0.007242289691587664,-0.09201958847256562,-0.014932722829431937,-0.0149631796956059,-0.014517521659445951,-0.005054432817133492,-0.005145790243047901,-0.004728545139506685,-0.0021970026126470056
0.007244289771590864,-0.09203051875003657,-0.014934556238641927,-0.014965006076159878,-0.014519301983269766,-0.005055121271554424,-0.005146455203047968,-0.004729166056991234,-0.0021972963145942322
0.007246289851594065,-0.09203582625453396,-0.014935415023329878,-0.014965863023442973,-0.014520133666062151,-0.005055423463936993,-0.005146750304617377,-0.004729437047050125,-0.0021974177793243513
0.007248289931597264,-0.09204672156862162,-0.014937242638118488,-0.01496768362778744,-0.014521908367634234,-0.005056109790694611,-0.005147413199636977,-0.004730056046603897,-0.002197710588300094
0.007250290011600465,-0.09205199385404778,-0.014938095585968456,-0.014968534756592624,-0.014522734387025813,-0.005056409839761477,-0.00514770622108635,-0.004730325104662677,-0.0021978311535117826
0.0072522900916036645,-0.09206285369379938,-0.014939917321572663,-0.014970349500260759,-0.014524503384116053,-0.005057094007576842,-0.005148367020871358,-0.004730942158170263,-0.0021981230564329635
0.007254290171606865,-0.09206809025005394,-0.014940764347962971,-0.014971194726262186,-0.014525323658013838,-0.0050573918821012,-0.005148657931997029,-0.004731209256160401,-0.0021982427090649465
0.007256290251610065,-0.0920789141062316,-0.014942580119904224,-0.01497300352507073,-0.014527086868668052,-0.0050580738598003305,-0.005149316606394851,-0.00473182433560074,-0.0021985336928923792
0.007258290331613265,-0.09208411442494957,-0.014943421140501156,-0.014973842764229325,-0.014527901315258312,-0.005058369528661546,-0.005149605377095873,-0.004732089445549159,-0.00219865241992781
0.007260290411616465,-0.09209490179007279,-0.01494523086459233,-0.014975645534285488,-0.014529658657805151,-0.005059049285177894,-0.005150261896057948,-0.004732702522997817,-0.0021989424716672926
0.007262290491619665,-0.09210006536466794,-0.014946065795357111,-0.014976478702856353,-0.014530467195560413,-0.00505934271736416,-0.0051505484963386755,-0.004732965617029298,-0.0021990602601348564
0.007264290571622866,-0.09211081573305531,-0.01494786938770958,-0.014978275360564649,-0.014532218588617944,-0.005060020221741254,-0.005151202829922898,-0.00473357666466082,-0.0021993493668382227
0.0072662906516260655,-0.09211594205876177,-0.014948698144905398,-0.01497910237510376,-0.014533021136303701,-0.005060311386352134,-0.005151487229895449,-0.004733837715000281,-0.0021994662038132117
0.007268290731629266,-0.09212665492657345,-0.014950495521935971,-0.014980892837173234,-0.01453476649878644,-0.005060986607746166,-0.005152139348268734,-0.004734446705090488,-0.002199754352579451
0.007270290811632466,-0.09213174350048814,-0.014951318022135025,-0.014981713614544291,-0.01453556297546783,-0.005061275473995145,-0.0051524215181554785,-0.004734705684065272,-0.0021998702251848196
0.007272290891635666,-0.09214241836576775,-0.01495310910057296,-0.0149834977979953,-0.014537302226593291,-0.0050619483816775526,-0.005153071391596253,-0.00473531258899363,-0.002200157403161137
0.007274290971638866,-0.0921474686868913,-0.014953925260663284,-0.014984312255376966,-0.014538092551641974,-0.005062234918894613,-0.005153351301732267,-0.004735569469035853,-0.0022002722985685996
0.007276291051642066,-0.09215810504960784,-0.014955709957557134,-0.014986090077548093,-0.014539825610937586,-0.005062905482254603,-0.00515399890063291,-0.004736174261287709,-0.0022005584929514744
0.007278291131645266,-0.09216311661888797,-0.01495651969474966,-0.014986898132440696,-0.014540609704038416,-0.005063189659888851,-0.005154276521468521,-0.0047364290149365385,-0.002200672398382562
0.0072802912116484665,-0.09217371398097747,-0.014958297927474327,-0.014988669510995745,-0.014542336491348107,-0.0050638578484359965,-0.005154921816337882,-0.004737031667105443,-0.0022009575964188474
0.007282291291651667,-0.09217868630134937,-0.014959101159309676,-0.014989471081228197,-0.014543114272505786,-0.005064139636058109,-0.005155197118441047,-0.004737284267009427,-0.00220107049914598
0.007284291371654867,-0.09218924416675629,-0.014960872845573228,-0.014991235934162886,-0.014544834707996678,-0.0050648054194248554,-0.005155840079906855,-0.00473788475179944,-0.002201354688133927
0.007286291451658067,-0.0921941767431838,-0.01496166948992851,-0.014992030937899492,-0.014545606097542402,-0.005065084786729654,-0.005156113033965668,-0.004738135170718676,-0.002201466575481452
0.007288291531661267,-0.09220469461790282,-0.014963434547779058,-0.014993789183548498,-0.01454732010171154,-0.005065748134673883,-0.005156753632776993,-0.004738733460946617,-0.002201749742771792
0.007290291611664467,-0.09220958695742103,-0.014964224522875009,-0.014994577539295902,-0.014548085020309784,-0.005066025051482917,-0.0051570242096021296,-0.004738981671755175,-0.0022018606021170953
0.007292291691667667,-0.09222006434953736,-0.014965982870707445,-0.014996329096339443,-0.014549792513990653,-0.00506668593389043,-0.005157662416631823,-0.004739577740352854,-0.0022021427351140953
0.0072942917716708675,-0.09222491596129252,-0.01496676609511495,-0.014997110722953306,-0.014550550882645709,-0.005066960370154413,-0.005157930587158958,-0.004739823716040946,-0.002202252553888592
0.007296291851674068,-0.09223535238102382,-0.014968517651677926,-0.014998855510424148,-0.014552251787014988,-0.005067618757041495,-0.005158566373406123,-0.0047404175360575285,-0.002202533640051104
0.007298291931677268,-0.09224016277631565,-0.014969294044325102,-0.014999630327116025,-0.014553003527077517,-0.005067890682842912,-0.005158832108698388,-0.004740661249733782,-0.0022026424057413345
0.007300292011680468,-0.09225055773605303,-0.014971038728727765,-0.015001368264406208,-0.014554697763661598,-0.005068546544358812,-0.005159465445290772,-0.00474125279433797,-0.0022029224325838433
0.007302292091683668,-0.09225532642837356,-0.014971808208906397,-0.015002136190750142,-0.014555442796835235,-0.005068815929914303,-0.0051597287165410935,-0.004741494219231678,-0.0022030301327324838
0.007304292171686868,-0.09226567944272145,-0.014973545940625037,-0.015003867197617511,-0.014557130287516701,-0.005069469236343729,-0.00516035957473749,-0.004742083461713919,-0.0022033090878261353
0.007306292251690068,-0.09227040594779805,-0.014974308427997709,-0.015004628153557008,-0.014557868535864696,-0.005069736052006693,-0.005160620353271132,-0.0047423225711773044,-0.0022034157100330877
0.007308292331693268,-0.09228071653361565,-0.014976039126882668,-0.015006352150132223,-0.014559549202888978,-0.005070386773772321,-0.0051612487044637965,-0.004742909484952117,-0.002203693581006757
0.007310292411696468,-0.09228540036944945,-0.014976794541489067,-0.015007106055986645,-0.01456028058884055,-0.005070650990035287,-0.005161506961740623,-0.004743146252462506,-0.002203799112930124
0.007312292491699669,-0.09229566804589048,-0.014978518127771305,-0.015008822962779587,-0.014561954354822321,-0.00507129909770019,-0.005162132777457673,-0.004743730811070623,-0.002204075887471427
0.007314292571702869,-0.09230030873279779,-0.01497926639003534,-0.015009569739251117,-0.014562678801179276,-0.005071560685197427,-0.005162388485074646,-0.004743965210232738,-0.0022041803168285985
0.007316292651706069,-0.09231053302135121,-0.014980982784333102,-0.015011279477157713,-0.014564345589109018,-0.005072206149467558,-0.005163011736982408,-0.004744547387343357,-0.0022044559826849323
0.007318292731709269,-0.09231513008200344,-0.014981723815069181,-0.015012019045337678,-0.01456506301905209,-0.005072465078977356,-0.00516326486667586,-0.004744779391891448,-0.002204559297253574
0.007320292811712469,-0.09232531050653307,-0.014983432938394759,-0.015013721535646469,-0.014566722752302452,-0.0050731078707040335,-0.005163885526581303,-0.004745359161304421,-0.0022048338422331394
0.007322292891715669,-0.09232986346599668,-0.014984166658814572,-0.015014453817022171,-0.014567433089397811,-0.005073364113151298,-0.005164136050229361,-0.004745588745104484,-0.0022049360298522286
0.007324292971718869,-0.092339999552781,-0.014985868432580846,-0.0150161489814209,-0.01456908569173006,-0.005074004203333597,-0.005164754090082393,-0.004746166080752552,-0.00220520944182505
0.0073262930517220696,-0.0923445079385565,-0.014986594764300004,-0.015016873897882073,-0.014569788859935654,-0.005074257729792188,-0.005165001979707343,-0.0047463932178045485,-0.002205310490395899
0.007328293131725269,-0.09235459921632905,-0.014988289110326913,-0.015018561658464148,-0.014571434255506097,-0.005074895089579388,-0.005165617371603194,-0.004746968093755445,-0.002205582757294835
0.00733029321172847,-0.09235906255839202,-0.014989007975371433,-0.015019279132309587,-0.014572130179178085,-0.0050751458712746,-0.005165862599373792,-0.004747192758195449,-0.0022056826547821105
0.00733229329173167,-0.09236910855837936,-0.014990694815892689,-0.015020959411580695,-0.014573768292544266,-0.005075780471968591,-0.005166475315555317,-0.004747765148654125,-0.00220595376460387
0.00733429337173487,-0.09237352638921868,-0.014991406136705646,-0.015021669365524742,-0.014574456896443372,-0.005076028480279568,-0.005166717853789157,-0.004747987314756525,-0.0022060524990365872
0.00733629345173807,-0.09238352664518173,-0.014993085394375218,-0.015023342086409397,-0.014576087652570662,-0.0050766602933373225,-0.0051673278666492265,-0.004748557194067311,-0.002206322439842737
0.00733829353174127,-0.09238789849983897,-0.014993789093823023,-0.01502404444358826,-0.014576768861868311,-0.005076905499799388,-0.0051675676878149834,-0.004748776836246929,-0.0022064199993152636
0.0073402936117444705,-0.09239785254811035,-0.014995460691721502,-0.015025709529436175,-0.014578392186135901,-0.005077534496835245,-0.005168174969898739,-0.004749344178895672,-0.002206688759233231
0.00734229369174767,-0.09240217796421865,-0.014996156693100577,-0.015026404213414593,-0.014579065926420635,-0.005077776873142357,-0.0051684120466185726,-0.004749561271709903,-0.002206785131906282
0.007344293771750871,-0.09241208534374162,-0.014997820554741718,-0.015028061588007072,-0.01458068174462795,-0.005078403025930437,-0.005169016570625732,-0.004750126052326084,-0.002207052699130324
0.007346293851754071,-0.09241636386156539,-0.014998508781784842,-0.01502874852278464,-0.014581347941911727,-0.005078642543937555,-0.005169250875677545,-0.004750340570477081,-0.002207147873231987
0.007348293931757271,-0.09242622411393381,-0.01500016483112197,-0.015030398110341051,-0.014582956180284642,-0.005079265824414217,-0.005169852614464711,-0.004750902763835988,-0.0022074142360242223
0.007350294011760471,-0.09243045527640524,-0.015000845208004543,-0.015031077220358405,-0.014583614761008798,-0.005079502456139592,-0.0051700841207843575,-0.0047511146821726845,-0.002207508199850876
0.007352294091763671,-0.0924402679459009,-0.015002493369436971,-0.0150327189455425,-0.014585215346205823,-0.005080122836405657,-0.0051706830473673,-0.004751674263197534,-0.0022077733465422503
0.0073542941717668715,-0.09244445129866051,-0.015003165820783664,-0.01503339015568806,-0.014585866237247438,-0.005080356554033287,-0.005170911728051008,-0.004751883556717859,-0.002207866088459622
0.007356294251770071,-0.09245421593229212,-0.015004806019162946,-0.015035023943614313,-0.014587459096365852,-0.005080974006356476,-0.005171507815606918,-0.004752440500481843,-0.002208130007450875
0.007358294331773272,-0.09245835102372535,-0.015005470470053796,-0.015035687179230199,-0.014588102225043895,-0.005081204782238375,-0.005171733643913401,-0.004752647144334786,-0.002208221515894968
0.007360294411776471,-0.09246806717126502,-0.015007102630690019,-0.015037312955470042,-0.014589687285625787,-0.0050818192790555855,-0.005172326865783121,-0.00475320142606319,-0.0022084841956576196
0.007362294491779672,-0.09247215355254138,-0.01500775900666679,-0.015037968142358518,-0.01459032257970709,-0.005082047085714102,-0.0051725498151359035,-0.004753405395550862,-0.0022085744591357117
0.007364294571782872,-0.09248182076656397,-0.01500938305533493,-0.01503958583294657,-0.014591899769745552,-0.005082658599633714,-0.005173140144826186,-0.004753956990623138,-0.0022088358882130146
0.007366294651786072,-0.09248585799167353,-0.015010031282407446,-0.015040232897376334,-0.014592527157451034,-0.005082883409763898,-0.005173360188815844,-0.004754158261202898,-0.002208924895304607
0.0073682947317892725,-0.09249547582759382,-0.015011647145353487,-0.015041842428816699,-0.014594096405396124,-0.005083491913568111,-0.005173947600001561,-0.004754707145154716,-0.0022091850623125343
0.007370294811792472,-0.09249946345338493,-0.01501228715000553,-0.01504248129752875,-0.014594715815406549,-0.005083713700039888,-0.005174164712387843,-0.004754905692441133,-0.0022092728016702957
0.007372294891795673,-0.09250903146949499,-0.015013894753952935,-0.015044082596801213,-0.014596277050171432,-0.005084319166687018,-0.005174749178914265,-0.004755451840966548,-0.0022095316952984844
0.007374294971798872,-0.09251296905571199,-0.015014526463148815,-0.01504471319701547,-0.014596888411633667,-0.005084537902547599,-0.005174963333628413,-0.004755647640733546,-0.0022096181556492487
0.007376295051802073,-0.09252248681321754,-0.015016125735304286,-0.015046306191581442,-0.014598441562600453,-0.00508514030517431,-0.00517554482951328,-0.0047561910296868865,-0.0022098757646619436
0.007378295131805272,-0.09252637392253779,-0.01501674907649488,-0.015046928451002582,-0.014599044805133424,-0.005085355963650413,-0.005175756000660168,-0.004756384057869764,-0.00220996093480762
0.007380295211808473,-0.09253584098559582,-0.015018339944554664,-0.015048513068811343,-0.0146005898021591,-0.005085955275573973,-0.005176334500095994,-0.0047569246632677325,-0.0022102172480446248
0.0073822952918116734,-0.09253967718366546,-0.015018954845683226,-0.015049126915634743,-0.014601184855859367,-0.005086167830074005,-0.005176542661956266,-0.004757114895965106,-0.002210301116863132
0.007384295371814873,-0.0925490931194212,-0.015020537237839386,-0.015050703085129616,-0.014602721629281846,-0.005086764024794598,-0.005177118139312444,-0.004757652693988834,-0.0022105561232407564
0.007386295451818074,-0.0925528779748925,-0.01502114362734796,-0.015051308448047767,-0.01460330842472995,-0.005086973448910997,-0.005177323266344781,-0.00475784010746479,-0.0022106386796870094
0.007388295531821273,-0.09256224235351457,-0.015022717472293971,-0.015052876098171759,-0.014604836905373671,-0.005087566500113854,-0.005177895696169728,-0.004758375074461725,-0.0022108923681989643
0.007390295611824474,-0.09256597543808215,-0.015023315279129234,-0.015053472906379975,-0.014605415373639612,-0.005087772767625234,-0.005178097763012865,-0.0047585596451476565,-0.0022109736013057376
0.007392295691827673,-0.09257528783280007,-0.015024880506066395,-0.01505503196658214,-0.01460693549282158,-0.005088362649182916,-0.005178667120036218,-0.004759091757633713,-0.002211225961024115
0.007394295771830874,-0.09257896872123669,-0.015025469659685665,-0.01505562014978456,-0.014607505565470824,-0.005088565734056347,-0.005178866101511191,-0.0047592734621304264,-0.002211305859903023
0.0073962958518340735,-0.09258822870837542,-0.015027026198328866,-0.01505717055002573,-0.014609017255006343,-0.005089152420030913,-0.005179432360645892,-0.004759802696791796,-0.0022115568799791715
0.007398295931837274,-0.09259185697856766,-0.015027606628705972,-0.015057750038441304,-0.014609578864105369,-0.005089352296424003,-0.005179628231758075,-0.004759981511871426,-0.0022116354338215325
0.0074002960118404746,-0.09260106413758461,-0.015029154409289553,-0.015059291709199984,-0.01461108205631371,-0.005089935761069209,-0.005180191368102502,-0.004760507845566631,-0.002211885103486987
0.007402296091843674,-0.09260463937056879,-0.015029726046920914,-0.015059862433568326,-0.014611635134435913,-0.005090132403332383,-0.005180384104043751,-0.004760683748174593,-0.0022119623015647767
0.007404296171846875,-0.09261379328408802,-0.015031265000204682,-0.015061395305846641,-0.014613129762146048,-0.005090712621095868,-0.005180944092883772,-0.004761207157936461,-0.002212210610132178
0.007406296251850074,-0.09261731506408535,-0.01503182777611496,-0.015061957197433811,-0.014613674242377469,-0.005090906003774487,-0.005181133669034539,-0.0047613801251934285,-0.002212286441798912
0.007408296331853275,-0.09262641531793302,-0.015033357833389823,-0.01506348120276315,-0.014615160238933611,-0.005091482949299841,-0.005181690485845621,-0.004761900588230897,-0.0022125333786628593
0.0074102964118564745,-0.09262988323238396,-0.01503391167913777,-0.01506403419336744,-0.014615696054878264,-0.005091673047136317,-0.005181876877776949,-0.0047620705974346506,-0.0022126078333544828
0.007412296491859675,-0.09263892941562425,-0.01503543277223185,-0.015065549263814496,-0.014617173354145805,-0.005092246695265335,-0.005182430498226276,-0.0047625880911348764,-0.0022128533879925004
0.0074142965718628755,-0.09264234305522409,-0.015035977619916152,-0.015066093285772266,-0.01461770043993157,-0.00509243348320133,-0.0051826136817019275,-0.004762755119762315,-0.0022129264552282965
0.007416296651866075,-0.09265133476019191,-0.01503748968120011,-0.015067599353944423,-0.014619168976302221,-0.005093003808976023,-0.005183164081650336,-0.00476326962169239,-0.002213170617201637
0.007418296731869276,-0.09265469371892492,-0.015038025463465016,-0.015068134340135613,-0.014619687266586225,-0.005093187262154473,-0.005183344032628805,-0.00476343364740135,-0.002213242286585096
0.007420296811872475,-0.09266363054126195,-0.015039528425858106,-0.015069631339186892,-0.014621146974983927,-0.005093754240819265,-0.005183891188132919,-0.00476394513531032,-0.0022134850455396995
0.007422296891875676,-0.0926669344164354,-0.01504005507589917,-0.01507015722304092,-0.014621656404958099,-0.005093934334586541,-0.005184067882769433,-0.004764106135941496,-0.0022135553067593903
0.0074242969718788755,-0.09267581595512318,-0.015041548872874667,-0.015071645086677483,-0.01462310722084425,-0.005094497941590285,-0.005184611770083648,-0.004764614587762185,-0.0022137966524267017
0.007426297051882076,-0.0926790643474013,-0.015042066324444294,-0.015072161802178618,-0.014623607726240816,-0.00509467465149825,-0.005184785184732228,-0.004764772541340981,-0.002213865495257156
0.007428297131885276,-0.09268789020479547,-0.015043550890035185,-0.015073640464664322,-0.014625049585619767,-0.005095234862496324,-0.005185325780310687,-0.004765277935191835,-0.002214105417454998
0.007430297211888476,-0.09269108271823326,-0.015044059077448347,-0.015074147946357466,-0.014625541102716624,-0.005095408164304403,-0.0051854958915261064,-0.004765432819930234,-0.0022141728317575677
0.007432297291891677,-0.09269985250009681,-0.01504553434625288,-0.015075617342519464,-0.01462697394214111,-0.005095964955160767,-0.005186033172024711,-0.004765935134117228,-0.0022144113203910252
0.007434297371894876,-0.09270298874217335,-0.015046033204392463,-0.015076115525515433,-0.014627456407767166,-0.0050961348248379406,-0.005186199956564482,-0.004766086928415588,-0.002214477296114726
0.007436297451898077,-0.09271170205770976,-0.015047499111579684,-0.015077575590749697,-0.01462888016434367,-0.00509668817162716,-0.005186733898842835,-0.004766586141433981,-0.0022147143411769678
0.0074382975319012765,-0.09271478163936167,-0.015047988575902211,-0.015078064410730962,-0.01462935351588429,-0.005096854585354104,-0.005186897333669193,-0.004766734823882943,-0.0022147788683593494
0.007440297611904477,-0.09272343810124815,-0.015049445057217328,-0.01507951508100774,-0.014630768127278261,-0.00509740446436337,-0.0051874279147925955,-0.004767230914419118,-0.0022150144599324888
0.007442297691907677,-0.09272646063690185,-0.01504992506375823,-0.015079994474233542,-0.014631232302680437,-0.0050975673985343434,-0.005187587977074384,-0.0047673764638013075,-0.002215077528700446
0.007444297771910877,-0.09273505986132213,-0.015051372055528216,-0.015081435686102573,-0.014632637707121672,-0.005098113786265487,-0.005188115174315731,-0.004767869410734599,-0.002215311656956382
0.007446297851914077,-0.09273802496892654,-0.01505184254090723,-0.015081905589414624,-0.014633092644899244,-0.0050982732174903855,-0.0051882718414303745,-0.0047680118060265,-0.0022153732575270093
0.007448297931917277,-0.0927465665756024,-0.015053279980046016,-0.015083337280010722,-0.014634488781186982,-0.005098816090661862,-0.005188795632272083,-0.004768501588430947,-0.0022156059127282374
0.007450298011920478,-0.09274947387666078,-0.01505374088147269,-0.015083797630838303,-0.01463493442042589,-0.00509897199576817,-0.00518894888180748,-0.004768640808804597,-0.0022156660354096464
0.007452298091923677,-0.09275795748888609,-0.015055168705486632,-0.015085219737886615,-0.014636321227934115,-0.005099511331317032,-0.005189469243943421,-0.0047691274059507485,-0.002215897207910102
0.007454298171926878,-0.09276080660848868,-0.01505561996076529,-0.015085670474251842,-0.014636757508297486,-0.005099663687351769,-0.0051896190536998175,-0.00476926343077554,-0.0022159558431022307
0.007456298251930078,-0.09276923185315793,-0.015057038107758233,-0.01508708293607284,-0.014638134926979766,-0.0051001994624355245,-0.005190135965037096,-0.004769746822132087,-0.0022161855233480674
0.007458298331933278,-0.09277202242001356,-0.015057479655293717,-0.015087523996596167,-0.014638561788713091,-0.005100348246667279,-0.005190282313029013,-0.004769879630976566,-0.0022162426615435203
0.007460298411936478,-0.09278038892765715,-0.015058888063972544,-0.015088926752111398,-0.014639929759108088,-0.005100880438665988,-0.005190795751690015,-0.004770359796212257,-0.0022164708400739734
0.007462298491939678,-0.092783120574124,-0.01505931984277496,-0.015089358076016454,-0.014640347143044203,-0.005101025628586694,-0.0051909386161480475,-0.004770489368845745,-0.002216526471858788
0.007464298571942878,-0.092791427978936,-0.015060718452454451,-0.015090751064753072,-0.014641705606280173,-0.005101554215104688,-0.005191448560472074,-0.004770966287830939,-0.0022167531393069134
0.007466298651946078,-0.09279410034105284,-0.015061140402144523,-0.015091172591871963,-0.014642113453844266,-0.005101695788431617,-0.005191587919844773,-0.00477109260422529,-0.002216807255361373
0.007468298731949279,-0.0928023482809246,-0.01506252915275269,-0.015092555753968331,-0.014643462351644487,-0.005102220747299581,-0.005192094348390032,-0.0047715662570337585,-0.0022170324024548844
0.0074702988119524786,-0.09280496099844222,-0.015062941213566942,-0.015092967424746804,-0.01464386060485905,-0.005102358681977214,-0.005192230181345709,-0.004771689297365055,-0.0022170849935543194
0.007472298891955679,-0.09281314911499075,-0.015064320045649894,-0.015094340700957177,-0.014645199879546428,-0.005102879991253876,-0.005192733072891037,-0.004772159664275606,-0.002217308611116336
0.007474298971958879,-0.09281570183140062,-0.015064722158445452,-0.015094742456459415,-0.01464558848103603,-0.005103014265455714,-0.0051928653583195,-0.004772279408925792,-0.002217359668131854
0.007476299051962079,-0.09282382977000082,-0.01506609101317271,-0.015096105788159295,-0.014646918075538255,-0.005103531903429851,-0.005193364691866222,-0.004772746470423999,-0.0022175817470817083
0.007478299131965279,-0.09282632213256792,-0.015066483119432547,-0.015096497570073183,-0.01464729696853468,-0.005103662495560358,-0.0051934934088807005,-0.0047728628999826415,-0.002217631260981037
0.007480299211968479,-0.09283438954238073,-0.01506784193860172,-0.015097850899263942,-0.014648616826388664,-0.0051041764407525345,-0.005193989163654322,-0.004773326636762402,-0.002217851792335011
0.00748229929197168,-0.0928368212021706,-0.01506822398043941,-0.015098232649905723,-0.014648985954735443,-0.005104303329448862,-0.005194114291593112,-0.004773439732028209,-0.002217899754183203
0.0074842993719748795,-0.09284482773617386,-0.015069572706481276,-0.015099575919219704,-0.014650296020092442,-0.005104813560613273,-0.005194606447045153,-0.004773900124993438,-0.0022181187290553
0.00748629945197808,-0.09284719834808412,-0.015069944626646046,-0.015099947581539059,-0.014650655328249723,-0.005104936724747139,-0.005194727965473405,-0.004774009866975957,-0.0022181651300155142
0.00748829953198128,-0.092855143663102,-0.015071283202629472,-0.015101280734244462,-0.014651955545879981,-0.005105443220873452,-0.005195216501283121,-0.004774466897242223,-0.0022183825396182317
0.00749029961198448,-0.09285745288588965,-0.01507164494451089,-0.015101642251829155,-0.014652304978929113,-0.0051055626395528735,-0.005195334389994568,-0.004774573267163409,-0.002218427370952468
0.00749229969198768,-0.09286533664262095,-0.015072973314147425,-0.015102965231834629,-0.01465359529422639,-0.005106065379867937,-0.005195819286070593,-0.004775026916059479,-0.0022186432065975114
0.00749429977199088,-0.09286758413893302,-0.015073324821780323,-0.015103316548915441,-0.014653934797874728,-0.005106181032439028,-0.005195933525089275,-0.004775129895355289,-0.0022186864596673577
0.00749629985199408,-0.09287540600197963,-0.01507464292942914,-0.015104629300774995,-0.014655215156860999,-0.005106679996408656,-0.005196414761571414,-0.004775580144424728,-0.002218900712766378
0.0074982999319972805,-0.09287759143838095,-0.01507498414749823,-0.015104970362230349,-0.014655544677446347,-0.00510679186245738,-0.0051965253311533136,-0.004775679714746725,-0.0022189423790337412
0.007500300012000481,-0.09288535107627721,-0.015076291938170816,-0.015106272831147976,-0.014656815026776454,-0.005107287029788103,-0.0051970028884142,-0.004776126545749445,-0.00221915504109908
0.007502300092003681,-0.09288747412327884,-0.015076622812015494,-0.015106603582508683,-0.014657134511271746,-0.0051073950891419966,-0.005197109769049004,-0.004776222688966331,-0.0022191951121269095
0.007504300172006881,-0.09289517120851887,-0.015077920231380236,-0.015107895714343053,-0.014658394798237783,-0.0051078864397827595,-0.005197583627695743,-0.004776666083880173,-0.002219406174772303
0.007506300252010081,-0.09289723154060478,-0.015078240706998994,-0.015108216101796674,-0.01465870419425538,-0.005107990672512603,-0.0051976868001083676,-0.004776758782079262,-0.0022194446422252913
0.007508300332013281,-0.09290486574967032,-0.015079527701385815,-0.01510949784306563,-0.014659954366791166,-0.005108478186656469,-0.005198156940984144,-0.004777198723101458,-0.002219654097166569
0.007510300412016481,-0.09290686304532672,-0.015079837725441081,-0.015109807813461372,-0.014660253622587497,-0.00510857857307802,-0.0051982563861364935,-0.004777287958590296,-0.002219690952811878
0.0075123004920196815,-0.09291443405871473,-0.015081114241845925,-0.015111079111346458,-0.014661493629273017,-0.005109062231163851,-0.0051987227903222905,-0.0047777244281390395,-0.002219898791867688
0.007514300572022881,-0.09291636800045591,-0.015081413761668397,-0.01511137861219943,-0.0146617826937528,-0.0051091587518394795,-0.005198818489414762,-0.004777810183446828,-0.0022199340275756265
0.007516300652026082,-0.0929238755027051,-0.01508267974775776,-0.015112639414550431,-0.014663012483818598,-0.005109638534553586,-0.005199281138230834,-0.004778243164162712,-0.002220140242668117
0.007518300732029282,-0.0929257457771016,-0.015082968711350937,-0.015112928394046217,-0.014663291306539206,-0.005109731170293965,-0.005199373072704008,-0.004778325422041824,-0.0022201738504128376
0.007520300812032482,-0.09293318945681975,-0.01508422411546642,-0.015114178649385628,-0.014664510829870666,-0.005110207058571753,-0.005199831947711606,-0.004778754896789357,-0.0022203784335683456
0.007522300892035682,-0.09293499575452294,-0.015084502471510892,-0.015114457056384568,-0.014664779361046463,-0.00511029579043741,-0.005199920099247707,-0.004778833640216775,-0.0022204104054285214
0.007524300972038882,-0.09294237530441322,-0.015085747242673324,-0.015115696713911699,-0.014665988568187923,-0.005110767765464966,-0.0052003751822505065,-0.0047792595920857885,-0.002220613348778231
0.0075263010520420824,-0.09294411732018332,-0.015086014940531274,-0.015115964497953297,-0.01466624675869437,-0.005110852574767955,-0.005200459532775072,-0.004779334804264534,-0.002220643676937732
0.007528301132045282,-0.09295143243706945,-0.015087249028445167,-0.015117193507548862,-0.014667445600853497,-0.005111320617983684,-0.005200910805820795,-0.004779757216571633,-0.00222084497271836
0.007530301212048483,-0.09295310986980074,-0.015087506018164536,-0.015117450618855941,-0.014667693402231381,-0.005111401486289122,-0.005200991337504094,-0.00477982888093225,-0.0022208736494669055
0.007532301292051683,-0.09296036025465315,-0.015088729373222339,-0.01511866893108607,-0.0146688818312831,-0.005111865579385259,-0.005201438782885967,-0.004780247737222209,-0.0022210732900213334
0.007534301372054883,-0.09296197280739932,-0.015088975605541174,-0.015118915320569231,-0.014669119195742621,-0.005111942488512944,-0.0052015154781446206,-0.0047803158374241025,-0.0022211003077551596
0.007536301452058083,-0.09296915816536114,-0.0150901881788275,-0.015120122886689812,-0.01467029716423341,-0.005112402613437164,-0.005201959078402954,-0.004780731121471309,-0.002221298285533124
0.007538301532061283,-0.09297070554536044,-0.015090423605177958,-0.015120358505951333,-0.014670524044658281,-0.0051124755454630315,-0.00520203191990131,-0.004780795641404138,-0.0022213236367556086
0.007540301612064483,-0.09297782558577151,-0.015091625348473626,-0.015121555277912107,-0.014671691505810044,-0.0051129316844199645,-0.005202471657824919,-0.004781207337213907,-0.0022215199443143007
0.007542301692067683,-0.09297930750447159,-0.015091849920986283,-0.015121780079250162,-0.014671907855761368,-0.005113000621677686,-0.005202540628476618,-0.00478126826099901,-0.002221543621636614
0.007544301772070884,-0.09298636194089363,-0.0150930407867725,-0.015122966009698743,-0.01467306476347537,-0.005113452757130401,-0.005202976487104289,-0.004781676352808962,-0.002221738251641331
0.007546301852074083,-0.09298777811397627,-0.015093254458280192,-0.015123179946111403,-0.01467327053719564,-0.005113517682212828,-0.005203041570073655,-0.004781733664800599,-0.002221760247783049
0.007548301932077284,-0.09299476666421695,-0.015094434399742618,-0.015124354988397384,-0.01467441684605662,-0.0051139657968843535,-0.005203473532695608,-0.004782138137082032,-0.002221953193007812
0.007550302012080484,-0.0929961168116216,-0.01509463712378462,-0.01512455801358659,-0.01467461199847361,-0.005114026692645028,-0.005203534711399074,-0.004782191821868797,-0.002221973500797547
0.007552302092083684,-0.09300303919775829,-0.015095806094817137,-0.015125722121765358,-0.014675747663753359,-0.005114470769519778,-0.005203962761558362,-0.004782592659327949,-0.0022221647541257137
0.007554302172086884,-0.09300432304370645,-0.01509599782564308,-0.015125914190140984,-0.01467593215048392,-0.00511452761907437,-0.005204020019665921,-0.004782642701734048,-0.002222183366501708
0.007556302252090084,-0.09301117899211007,-0.015097155780851846,-0.015127067318977656,-0.01467705712814521,-0.005114967641399593,-0.005204444141159787,-0.004783039889313367,-0.0022223729209265536
0.0075583023320932845,-0.09301239626512804,-0.0150973364734255,-0.015127248385661237,-0.014677230905499085,-0.005115020428127327,-0.005204497462596352,-0.004783086274399922,-0.0022223898309373007
0.007560302412096484,-0.09301918550648627,-0.015098483368132872,-0.015128390490634653,-0.014678345152199469,-0.005115456379414579,-0.005204917639477664,-0.0047834797972794675,-0.0022225776795626578
0.007562302492099685,-0.09302033593942849,-0.015098652978135955,-0.015128560511463081,-0.014678508177182817,-0.005115505086959651,-0.005204967008424384,-0.004783522510345716,-0.002222592880367458
0.007564302572102884,-0.09302705820876843,-0.015099788768384081,-0.015129691548769367,-0.014679611650278207,-0.005115936950986157,-0.005205383225002999,-0.0047839123539443005,-0.0022227790164082704
0.007566302652106085,-0.09302814153884009,-0.015099947252220157,-0.015129850480298955,-0.014679763880597493,-0.00511598156325911,-0.005205428625898682,-0.004783951380528926,-0.0022227925012778408
0.007568302732109285,-0.09303479657555046,-0.015101071894774842,-0.015130970406855328,-0.014680856538145697,-0.005116409324069082,-0.0052058408667426705,-0.004784337530505379,-0.002222976918060729
0.007570302812112485,-0.09303581254432979,-0.015101219209572875,-0.01513111820636513,-0.014680997932211134,-0.005116449825248226,-0.005205882284285063,-0.004784372856387685,-0.002222988680377752
0.0075723028921156855,-0.09304240009218358,-0.015102332661927181,-0.01513222697981357,-0.014682079732975604,-0.005116873467154318,-0.005206290534222114,-0.004784755298642084,-0.0022231713713416067
0.007574302972118885,-0.09304334844564373,-0.015102468765545288,-0.015132363605309309,-0.014682210249904699,-0.005116909841686954,-0.0052063279533691624,-0.0047847869098432295,-0.002223181404601317
0.007576303052122086,-0.09304986825281979,-0.015103570985923263,-0.01513346118402013,-0.014683281153357925,-0.0051173293492715625,-0.0052067321974878875,-0.004785165630518112,-0.002223362363297849
0.007578303132125285,-0.09305074874134982,-0.015103695836952038,-0.015133586594237521,-0.014683400752978894,-0.005117361581875411,-0.00520676560345908,-0.004785193513302239,-0.002223370661108542
0.007580303212128486,-0.09305720056045372,-0.015104786784312006,-0.015134672937312802,-0.01468446071930582,-0.005117776939991908,-0.005207165827110152,-0.004785568498783727,-0.0022235498812028087
0.0075823032921316855,-0.09305801293888155,-0.015104900342078544,-0.015134787091721294,-0.014684569362161176,-0.0051178050156564115,-0.005207195205387748,-0.0047855926396592405,-0.002223556437286446
0.007584303372134886,-0.09306439652696685,-0.015105979976116742,-0.01513586215899852,-0.014685618352262524,-0.005118216209430522,-0.005207591394185261,-0.004785963876578215,-0.0022237339125573867
0.0075863034521380865,-0.09306514055457754,-0.015106082200687465,-0.015135965017804504,-0.014685715999612192,-0.005118240113418004,-0.005207616730515503,-0.004785984262298814,-0.0022237387207500667
0.007588303532141286,-0.093071455673167,-0.015107150481841592,-0.015137028769859846,-0.014686753975108036,-0.005118647128249038,-0.005208008870338182,-0.004786351737532095,-0.002223914445091092
0.007590303612144487,-0.09307213111372523,-0.015107241334026187,-0.015137120294010247,-0.014686840588932916,-0.005118666846096097,-0.005208030150732547,-0.004786368355097975,-0.002223917499343622
0.007592303692147686,-0.09307837752883029,-0.015108298223478556,-0.01513817269216202,-0.014687867512165574,-0.005119069667658182,-0.005208418227724879,-0.004786732055769359,-0.002224091466763049
0.007594303772150887,-0.09307898415059904,-0.01510837766483275,-0.015138252843347206,-0.014687943055170374,-0.005119085185176774,-0.005208435438461176,-0.004786744892428212,-0.0022240927611414003
0.0075963038521540864,-0.09308516163273964,-0.015109423124513646,-0.015139293849659077,-0.014688958889207878,-0.005119483799420049,-0.005208819439034638,-0.004787104805909622,-0.0022242649657630183
0.007598303932157287,-0.09308569920850122,-0.015109491117343039,-0.01513936259031675,-0.014689023324824715,-0.005119495102698849,-0.00520883256665833,-0.00478711384915787,-0.002224264494448906
0.0076003040121604875,-0.09309180753272583,-0.01511052510993397,-0.015140392167600901,-0.01469002803346389,-0.005119889495850753,-0.005209212477492548,-0.004787469963070415,-0.0022244349305124414
0.007602304092163687,-0.09309227583979901,-0.015110581617296798,-0.0151404494609186,-0.014690081325854969,-0.005119896571256149,-0.005209221508817686,-0.004787475200654108,-0.0022244326878037494
0.007604304172166888,-0.09309831478570324,-0.01511160410623362,-0.015141467572739008,-0.014691074873624461,-0.005120286729822458,-0.005209597316861551,-0.004787827502869135,-0.0022246013496653822
0.007606304252170087,-0.09309871360596517,-0.015111649091944148,-0.015141513382657823,-0.014691116987685498,-0.005120289563999907,-0.005209602238972087,-0.004787828922785124,-0.0022245973299766806
0.007608304332173288,-0.09310468295771042,-0.015112660041420199,-0.01514251999333321,-0.014692099339848701,-0.005120675474765948,-0.0052099739314448315,-0.004788177401425203,-0.0022247642121094933
0.007610304412176487,-0.09310501207761232,-0.01511269347005161,-0.015142554284550396,-0.014692130241211675,-0.005120674054640984,-0.005209974731695591,-0.004788174991922072,-0.0022247584099725154
0.007612304492179688,-0.0931109116239447,-0.015113692845020763,-0.015143549359157436,-0.014693101363769844,-0.005121055704672748,-0.005210342296087925,-0.004788519635362085,-0.0022249235069669916
0.007614304572182888,-0.093111170834532,-0.01511371468190845,-0.015143572097129784,-0.014693121018806063,-0.005121050017452138,-0.005210338962105778,-0.004788513384941243,-0.002224915917031094
0.007616304652186088,-0.09311700036879955,-0.01511470244808803,-0.015144555601505894,-0.014694080878501083,-0.005121427394097396,-0.005210702386180907,-0.004788854181809274,-0.0022250792235955583
0.007618304732189289,-0.09311718946572765,-0.015114712659332051,-0.01514456675245223,-0.014694089254323786,-0.005121417427270166,-0.005210694905865696,-0.0047888440792258034,-0.0022250698406281483
0.007620304812192488,-0.09312294878589882,-0.015115688783205848,-0.015145538653198603,-0.014695037818641135,-0.005121790518159546,-0.005211054177660407,-0.0047891810184042104,-0.0022252313515892285
0.007622304892195689,-0.09312306756945192,-0.01511568733567424,-0.015145538184103049,-0.014695034883108526,-0.005121776259498111,-0.00521104253918606,-0.004789167052667894,-0.0022252201704762386
0.007624304972198888,-0.09312875647813182,-0.01511665178449532,-0.015146498448587434,-0.014695972120279887,-0.005122145052546124,-0.0052113976470117285,-0.004789500123294193,-0.0022253798807793023
0.007626305052202089,-0.09312880475323984,-0.015116638645826774,-0.015146486327202028,-0.014695957841997747,-0.005122126490107323,-0.005211381838827257,-0.0047894822836704746,-0.0022253668965256245
0.0076283051322052885,-0.09313442305768684,-0.015117591387620113,-0.015147434923561435,-0.014696883721003738,-0.0051224909735133484,-0.005211732771270769,-0.004789811475138245,-0.002225524801235191
0.007630305212208489,-0.09313440063394197,-0.01511756652622673,-0.015147411118408947,-0.01469685806932826,-0.005122468095639466,-0.005211712782101262,-0.00478978975114911,-0.002225510008965099
0.007632305292211689,-0.09313994814608481,-0.015118507529792111,-0.015148348015552442,-0.014697772559901102,-0.005122828257888843,-0.005212059528026061,-0.004790115053108905,-0.002225666103265273
0.007634305372214889,-0.0931398548377567,-0.015118470914862037,-0.015148312495928972,-0.014697735504941245,-0.005122801053208513,-0.005212035346873578,-0.004790089434533755,-0.0022256494982228247
0.00763630545221809,-0.09314533137421048,-0.015119400149776675,-0.015149237663540326,-0.014698638577567332,-0.005123156883073499,-0.005212377895420611,-0.0047904108368940455,-0.0022258037774177124
0.007638305532221289,-0.09314516700026258,-0.015119351751276716,-0.015149190399517858,-0.014698590090187489,-0.005123125340502756,-0.005212349511565156,-0.004790381313770563,-0.002225785354967147
0.00764030561222449,-0.09315057238234396,-0.015120269187897736,-0.015150103808058094,-0.014699481716109897,-0.005123476827043433,-0.005212687852153766,-0.0047906988066985295,-0.002225937814481251
0.0076423056922276895,-0.09315033676644952,-0.015120208976576035,-0.015150044770487234,-0.014699421767932356,-0.005123440935786649,-0.005212655255154205,-0.004790665369323575,-0.002225917570107412
0.00764430577223089,-0.09315567082019104,-0.015121114586043012,-0.015150946391197016,-0.014700301919153155,-0.005123788068351852,-0.005212989377482985,-0.0047909789432458855,-0.0022260682054859927
0.00764630585223409,-0.09315536379074724,-0.01512104253343134,-0.015150875551709292,-0.014700230482560573,-0.00512374781790262,-0.00521295255717795,-0.0047909415821762655,-0.0022260461347946873
0.00764830593223729,-0.09316062634691435,-0.015121936287668981,-0.015151765356611635,-0.014701099131843502,-0.005124090586130917,-0.005213282451225734,-0.004791251227780087,-0.002226194941704194
0.00765030601224049,-0.09316024773705756,-0.015121852366085374,-0.015151682687622051,-0.01470101617998116,-0.005124045966272995,-0.005213241397734444,-0.004791209933833413,-0.0022261710404225888
0.00765230609224369,-0.09316543863116081,-0.0151227342378055,-0.015152560649524445,-0.014701873300853614,-0.005124384360093508,-0.005213567053761056,-0.004791515642066974,-0.0022263180146509746
0.007654306172246891,-0.09316498827877957,-0.015122638420356348,-0.015152466124233602,-0.014701778807631675,-0.005124335360901574,-0.005213521757484158,-0.004791470406322351,-0.0022262922786279167
0.0076563062522500905,-0.09317010735108973,-0.015123508383060596,-0.015153332216730453,-0.014702624374387166,-0.005124669370534828,-0.005213843166031289,-0.004791772168395851,-0.0022264374160850323
0.007658306332253291,-0.09316958509884014,-0.0151234006436432,-0.015153225809127096,-0.014702518314483012,-0.005124615982375481,-0.005213793617651729,-0.00479172298219475,-0.0022264098412914553
0.007660306412256491,-0.09317463219440167,-0.01512425867162508,-0.015154080006601983,-0.014703352302183345,-0.005124945598334307,-0.005214110769543745,-0.00479202078958111,-0.0022265531380093956
0.007662306492259691,-0.09317403788971942,-0.01512413898492964,-0.015153961691464964,-0.014703234651043603,-0.00512488781186674,-0.0052140569600274515,-0.004791967644527998,-0.0022265237205386103
0.007664306572262891,-0.09317901285836326,-0.015124985053276706,-0.015154803969092778,-0.01470405703552082,-0.005125213024956996,-0.005214369846372155,-0.004792261488963479,-0.0022266651726720234
0.007666306652266091,-0.0931783463534773,-0.015124853394788581,-0.015154673721993365,-0.014703927769363495,-0.0051251508311338945,-0.005214311766968936,-0.004792204376926615,-0.0022266339087400953
0.007668306732269292,-0.09318324904983337,-0.015125687479384541,-0.015155504055742198,-0.014704738527222106,-0.00512547163245524,-0.005214620379158281,-0.0047924942504116,-0.002226773512566521
0.0076703068122724915,-0.09318251020177895,-0.015125543825386497,-0.015155361853046266,-0.014704597623038735,-0.005125405022523546,-0.0052145580214025275,-0.0047924331635237115,-0.0022267403985125798
0.007672306892275692,-0.09318734048528979,-0.015126365902913415,-0.01515618021967995,-0.014705396731657642,-0.0051257214034703,-0.005214862351113432,-0.004792719058323388,-0.0022268781504327867
0.007674306972278892,-0.09318652915591873,-0.015126210230487247,-0.015156026038549552,-0.014705244167214988,-0.005125650368971853,-0.005214795706824748,-0.00479265398898227,-0.0022268431827193094
0.007676307052282092,-0.09319128689084989,-0.015127020278427345,-0.015156832415629184,-0.014706031604749408,-0.0051259623212336555,-0.00521509574601976,-0.0047929358976272745,-0.0022269790792575853
0.007678307132285292,-0.09319040294684486,-0.0151268525654562,-0.015156666234024976,-0.014705867358591574,-0.005125886854006037,-0.005215024807303803,-0.004792866838496542,-0.002226942254470718
0.007680307212288492,-0.09319508800229703,-0.015127650562093914,-0.015157460599910993,-0.014706643103974897,-0.005126194369568532,-0.005215320548231771,-0.004793144753783557,-0.002227076292275157
0.007682307292291692,-0.09319413131518062,-0.015127470787263939,-0.015157282396593775,-0.014706467155425057,-0.005126114461745679,-0.005215245307480773,-0.004793071697793165,-0.0022270376071250194
0.007684307372294892,-0.09319874356510162,-0.015128256711687584,-0.015158064730447863,-0.014707231188370569,-0.005126417532891243,-0.005215536742677537,-0.004793345612785595,-0.0022271697829678114
0.007686307452298093,-0.09319771401124828,-0.015128064854489812,-0.015157874484980505,-0.014707043517532646,-0.005126333176904129,-0.005215457192571058,-0.0047932685531325145,-0.0022271292342887516
0.007688307532301293,-0.09320225333444297,-0.01512883868659368,-0.015158644766767372,-0.014707795818535556,-0.005126631796212574,-0.0052157443148601055,-0.0047935384611610754,-0.002227259545066482
0.007690307612304493,-0.09320115079509013,-0.015128634727325873,-0.015158442459516688,-0.014707596406296142,-0.005126542984789904,-0.0052156604483656645,-0.004793457391309841,-0.002227217129817367
